{
  "duration_s": 29.302000000000003,
  "cycles": 436,
  "pct_dummy_selection": 0.22935779816513763,
  "min_h": -0.0007172329351305962,
  "min_h_corr": -0.0007172329351305962,
  "pct_cbf_active": 100.0,
  "pct_escape": 0.0,
  "pct_cap_active": 0.0,
  "pct_recovery": 0.0,
  "pct_repair": 51.724137931034484,
  "worst_final_constraint": -2.173963002860546e-05,
  "mean_total_ms": 13.026552716526416,
  "p99_total_ms": 38.711785697936925,
  "sampled_margin_mean": 0.0036502090645109267,
  "sampled_margin_std": 0.0036742337173893947,
  "sampled_margin_p95": 0.01129014533944428,
  "sampled_margin_max": 0.016876183450222015,
  "reflex_L_configured": 5.0,
  "reflex_L_emp_median": 0.7475307583808899,
  "reflex_L_emp_p95": 15.033744812011719,
  "reflex_L_emp_p99": 24.943994522094727,
  "reflex_L_emp_max": 118.27300262451172,
  "reflex_L_exceed_pct": 18.713932399010716,
  "reflex_alpha_min": 0.0,
  "reflex_alpha_braking_pct": 63.004846526655896,
  "reflex_mean_compute_ms": 0.7948619915017238,
  "reflex_p99_compute_ms": 7.525979373604048,
  "reflex_median_period_ms": 1.413213089108467,
  "reflex_achieved_rate_hz": 707.6073719575122,
  "rms_meas_vs_cmd_radps": 0.05911155578755182,
  "accel_rms_in_before": 4.833465433900228,
  "accel_rms_in_after": 1.746961804175436,
  "accel_rms_in_reduction": 2.766783694038244,
  "accel_rms_out_before": 1.629744362937326,
  "accel_rms_out_after": 0.686803863021466,
  "accel_rms_out_reduction": 2.372940006143193,
  "hdot_execution_ratio": 0.33349522001439746,
  "mean_alignment_active": 0.6186427614972766,
  "mean_active_constraints": 9.0,
  "monitor_only": false,
  "contact_time_s": null
}