{
  "duration_s": 33.412,
  "cycles": 368,
  "pct_dummy_selection": 0.2717391304347826,
  "min_h": 0.0001801084727048874,
  "min_h_corr": 0.0001801084727048874,
  "pct_cbf_active": 100.0,
  "pct_escape": 0.0,
  "pct_cap_active": 0.0,
  "pct_recovery": 0.0,
  "pct_repair": 52.86103542234333,
  "worst_final_constraint": -0.002014256315305829,
  "mean_total_ms": 14.893778948680215,
  "p99_total_ms": 46.04006492614737,
  "sampled_margin_mean": 0.003505323642462313,
  "sampled_margin_std": 0.003710876059375369,
  "sampled_margin_p95": 0.010844958154484627,
  "sampled_margin_max": 0.012772840447723866,
  "reflex_L_configured": 10.0,
  "reflex_L_emp_median": 0.9679416418075562,
  "reflex_L_emp_p95": 23.669111251831055,
  "reflex_L_emp_p99": 102.2632827758789,
  "reflex_L_emp_max": 102.2632827758789,
  "reflex_L_exceed_pct": 9.090909090909092,
  "reflex_alpha_min": 0.0,
  "reflex_alpha_braking_pct": 86.36094674556213,
  "reflex_mean_compute_ms": 0.01093138781245378,
  "reflex_p99_compute_ms": 0.031617399999999844,
  "reflex_median_period_ms": 1.0,
  "reflex_achieved_rate_hz": 1000.0,
  "rms_meas_vs_cmd_radps": 0.05867917865129121,
  "accel_rms_in_before": 4.311572645348669,
  "accel_rms_in_after": 1.3411820809692963,
  "accel_rms_in_reduction": 3.2147556297744586,
  "accel_rms_out_before": 1.3526028433434976,
  "accel_rms_out_after": 0.5162971558214347,
  "accel_rms_out_reduction": 2.6198146321210913,
  "min_h_real": -0.0017700315500213514,
  "median_abs_gap_h_real_soft": 0.0028057637212952867,
  "p95_abs_gap_h_real_soft": 0.005211163227997018,
  "max_abs_gap_h_real_soft": 0.006004925958711764,
  "min_h_real_link": "panda_rightfinger",
  "hdot_execution_ratio": 0.27529807995325667,
  "mean_alignment_active": 0.613171642688065,
  "mean_active_constraints": 9.0,
  "monitor_only": false,
  "contact_time_s": null
}