{
  "duration_s": 35.15599999999999,
  "cycles": 595,
  "pct_dummy_selection": 0.16806722689075632,
  "min_h": -0.019253823906183243,
  "min_h_corr": 0.0037720270920544863,
  "pct_cbf_active": 22.895622895622896,
  "pct_escape": 0.0,
  "pct_cap_active": 0.0,
  "pct_recovery": 0.0,
  "pct_repair": 33.5016835016835,
  "worst_final_constraint": -0.09371975809335709,
  "mean_total_ms": 7.121068959476567,
  "p99_total_ms": 27.40395553588838,
  "accel_rms_in_before": 4.555549477182576,
  "accel_rms_in_after": 1.4882277525709924,
  "accel_rms_in_reduction": 3.061056662404409,
  "accel_rms_out_before": 1.5121382873814013,
  "accel_rms_out_after": 0.12374081268282111,
  "accel_rms_out_reduction": 12.220206531675146,
  "hdot_execution_ratio": 0.004696601937020734,
  "mean_alignment_active": 0.9419692800462037,
  "mean_active_constraints": 1.0,
  "monitor_only": false,
  "contact_time_s": null
}