{
  "duration_s": 260.422,
  "cycles": 3883,
  "pct_dummy_selection": 0.0,
  "min_h": -0.0010697152465581894,
  "min_h_corr": 0.02195613645017147,
  "pct_cbf_active": 20.29358743239763,
  "pct_escape": 0.0,
  "pct_cap_active": 0.0,
  "pct_recovery": 0.0,
  "pct_repair": 17.048673705897503,
  "worst_final_constraint": -7.578637450933456e-08,
  "mean_total_ms": 6.1984820191221015,
  "p99_total_ms": 19.353646926879872,
  "accel_rms_in_before": 6.203793830692443,
  "accel_rms_in_after": 2.879443780851324,
  "accel_rms_in_reduction": 2.1545111843990425,
  "accel_rms_out_before": 2.878492994744327,
  "accel_rms_out_after": 1.686542216166799,
  "accel_rms_out_reduction": 1.7067423318264832,
  "hdot_execution_ratio": -0.31438341771898576,
  "mean_alignment_active": 0.9936205601782968,
  "mean_active_constraints": 1.0,
  "monitor_only": false,
  "contact_time_s": null
}