t,h,h_corr,lam,cap_active,recovery_used,grad_degenerate,constr_pre,repair_applied,constr_final,grad_h_norm,escape_active,ema_applied,velocity_filter_active,vel_source,velocity_age,dt,selected_count,min_obs_dist,cbf_ms,q_cmd_ms,total_ms,cmd_hdot,real_hdot,real_constr,h_rate,alignment,q_lead,dq_real_norm,active_constraints,solver_mode,monitor_only,contact_stop,h_hard,softmin_gap,h_food,sampled_margin,dq_ff_0,dq_ff_1,dq_ff_2,dq_ff_3,dq_ff_4,dq_ff_5,dq_ff_6,dq_fb_0,dq_fb_1,dq_fb_2,dq_fb_3,dq_fb_4,dq_fb_5,dq_fb_6,dq_base_0,dq_base_1,dq_base_2,dq_base_3,dq_base_4,dq_base_5,dq_base_6,dq_escape_0,dq_escape_1,dq_escape_2,dq_escape_3,dq_escape_4,dq_escape_5,dq_escape_6,dq_cbf_delta_0,dq_cbf_delta_1,dq_cbf_delta_2,dq_cbf_delta_3,dq_cbf_delta_4,dq_cbf_delta_5,dq_cbf_delta_6,dq_pre_filter_0,dq_pre_filter_1,dq_pre_filter_2,dq_pre_filter_3,dq_pre_filter_4,dq_pre_filter_5,dq_pre_filter_6,dq_post_filter_0,dq_post_filter_1,dq_post_filter_2,dq_post_filter_3,dq_post_filter_4,dq_post_filter_5,dq_post_filter_6,dq_final_0,dq_final_1,dq_final_2,dq_final_3,dq_final_4,dq_final_5,dq_final_6
0.0,nan,nan,nan,nan,nan,nan,nan,nan,nan,nan,0.0,0.0,0.0,0.0,-0.0010000000474974513,0.0560000017285347,0.0,nan,3.6428403854370117,0.011974014341831207,15.121036529541016,nan,nan,nan,nan,nan,3.194495729985647e-05,6.133398710517213e-05,0.0,1.0,0.0,0.0,nan,nan,nan,2.370916263316758e-06,0.0,0.0,0.0,0.0,0.0,0.0,0.0,-0.005315036978572607,-0.00011473894119262695,0.004490140825510025,0.0002574920654296875,-0.0006681085797026753,-0.00023305416107177734,0.0006347894668579102,-0.005315036978572607,-0.00011473894119262695,0.004490140825510025,0.0002574920654296875,-0.0006681085797026753,-0.00023305416107177734,0.0006347894668579102,0.0,0.0,0.0,0.0,0.0,0.0,0.0,0.004831851460039616,0.00010430812108097598,-0.004081945866346359,-0.00023408369452226907,0.0006073713884688914,0.00021186741651035845,-0.0005770812858827412,-0.0004831855185329914,-1.0430820111650974e-05,0.00040819495916366577,2.340837090741843e-05,-6.073719123378396e-05,-2.118674456141889e-05,5.7708180975168943e-05,-0.0004831855185329914,-1.0430820111650974e-05,0.00040819495916366577,2.340837090741843e-05,-6.073719123378396e-05,-2.118674456141889e-05,5.7708180975168943e-05,-0.0004831855185329914,-1.0430820111650974e-05,0.00040819495916366577,2.340837090741843e-05,-6.073719123378396e-05,-2.118674456141889e-05,5.7708180975168943e-05
0.09799999999999898,0.02857372537255287,0.02857372537255287,nan,nan,nan,nan,0.17425645887851715,0.0,0.17514736950397491,0.15772634744644165,0.0,0.0,0.0,0.0,0.0,0.013000000268220901,64.0,0.19762615859508514,3.1503429412841797,0.016458332538604736,19.424217224121094,0.0006724725244566798,0.00023659672297071666,0.17471149563789368,nan,-0.9878655672073364,0.0010884266812354326,0.004505833610892296,9.0,1.0,0.0,0.0,0.028573717921972275,-7.450580596923828e-09,nan,0.00016772882372606546,0.0,0.0,0.0,0.0,0.0,0.0,0.0,0.0,0.0,0.0,0.0,0.0,0.0,0.0,-0.0032090418972074986,-6.932590622454882e-05,0.002709817374125123,0.00015547549992334098,-0.00040328106842935085,-0.00014066616131458431,0.0003831746580544859,0.05929536372423172,3.5071723232249497e-06,-0.06408469378948212,2.7455713279778138e-05,0.01298181526362896,-2.0411936930031516e-05,-0.00854176189750433,0.017561623826622963,3.825416570180096e-05,-0.018602389842271805,-7.007853855611756e-05,0.0036961014848202467,6.576286250492558e-05,-0.002490321407094598,0.014352582395076752,-3.107174052274786e-05,-0.015892572700977325,8.539696136722341e-05,0.003292820416390896,-7.490329880965874e-05,-0.0021071466617286205,0.014352582395076752,-3.107174052274786e-05,-0.015892572700977325,8.539696136722341e-05,0.003292820416390896,-7.490329880965874e-05,-0.0021071466617286205,0.014352582395076752,-3.107174052274786e-05,-0.015892572700977325,8.539696136722341e-05,0.003292820416390896,-7.490329880965874e-05,-0.0021071466617286205
0.2220000000000013,0.028657235205173492,0.028657235205173492,nan,nan,nan,nan,0.1748926192522049,0.0,0.17660923302173615,0.157375767827034,0.0,0.0,0.0,0.0,0.007000000216066837,0.023000000044703484,64.0,0.19764180481433868,1.772395372390747,0.014796853065490723,14.437565803527832,0.001611695857718587,0.0007449507247656584,0.1757424920797348,0.0017406824044883251,-0.9889796376228333,0.002533838152885437,0.02644231915473938,9.0,1.0,0.0,0.0,0.0286572203040123,-1.4901161193847656e-08,nan,0.00017578249389771372,0.0,0.0,0.0,0.0,0.0,0.0,0.0,0.0,0.0,0.0,0.0,0.0,0.0,0.0,-0.0015445888275280595,-3.3368225558660924e-05,0.001304300269111991,7.483408990083262e-05,-0.00019410887034609914,-6.770600157324225e-05,0.00018443117733113468,0.059180133044719696,8.154153874784242e-06,-0.06396019458770752,-1.70471757883206e-05,0.012957335449755192,3.261327492509736e-07,-0.008525914512574673,0.03520604595541954,9.823743312153965e-07,-0.038104936480522156,1.8244558305013925e-05,0.0077300588600337505,-1.6354548279196024e-05,-0.00507749430835247,0.033661458641290665,-3.238585122744553e-05,-0.03680063784122467,9.307864820584655e-05,0.007535949815064669,-8.406054985243827e-05,-0.004893063101917505,0.033661458641290665,-3.238585122744553e-05,-0.03680063784122467,9.307864820584655e-05,0.007535949815064669,-8.406054985243827e-05,-0.004893063101917505,0.033661458641290665,-3.238585122744553e-05,-0.03680063784122467,9.307864820584655e-05,0.007535949815064669,-8.406054985243827e-05,-0.004893063101917505
0.3129999999999953,0.02877332642674446,0.02877332642674446,nan,nan,nan,nan,0.1756885051727295,0.0,0.1779908835887909,0.1569971889257431,0.0,0.0,0.0,0.0,0.0010000000474974513,0.02199999988079071,64.0,0.19761578738689423,0.4160897731781006,0.008596107363700867,12.25123119354248,0.002261816058307886,0.0010843805503100157,0.17681345343589783,0.002952800365164876,-0.9894449710845947,0.003517275210469961,0.03587809577584267,9.0,1.0,0.0,0.0,0.028773318976163864,-7.450580596923828e-09,nan,0.00017929218302015215,0.0,0.0,0.0,0.0,0.0,0.0,0.0,0.0,0.0,0.0,0.0,0.0,0.0,0.0,-0.0005985547904856503,-1.2930763659824152e-05,0.0005054388311691582,2.8999498681514524e-05,-7.522053783759475e-05,-2.6237243218929507e-05,7.147026917664334e-05,0.058927323669195175,6.469751679105684e-05,-0.06368675827980042,3.491854658932425e-05,0.01290060393512249,-2.3491817046306096e-05,-0.008487583138048649,0.04747569188475609,2.3410517314914614e-05,-0.051468342542648315,5.609065556200221e-05,0.010456379503011703,-4.3232292227912694e-05,-0.00685535604134202,0.04687713831663132,1.0479754564585164e-05,-0.0509629026055336,8.509015606250614e-05,0.010381159372627735,-6.94695336278528e-05,-0.006783885881304741,0.04687713831663132,1.0479754564585164e-05,-0.0509629026055336,8.509015606250614e-05,0.010381159372627735,-6.94695336278528e-05,-0.006783885881304741,0.04687713831663132,1.0479754564585164e-05,-0.0509629026055336,8.509015606250614e-05,0.010381159372627735,-6.94695336278528e-05,-0.006783885881304741
0.402000000000001,0.02902001515030861,0.02902001515030861,nan,nan,nan,nan,0.1772727072238922,0.0,0.17978665232658386,0.15621237456798553,0.0,0.0,0.0,0.0,0.004000000189989805,0.014000000432133675,64.0,0.19761258363723755,3.0442848205566406,0.015353783965110779,20.599273681640625,0.0024939056020230055,0.002150110201910138,0.1794428527355194,0.006305319257080555,-0.9896245002746582,0.0038788747042417526,0.06722793728113174,9.0,1.0,0.0,0.0,0.029020007699728012,-7.450580596923828e-09,nan,0.00017703903722576797,0.0,0.0,0.0,0.0,0.0,0.0,0.0,0.0,0.0,0.0,0.0,0.0,0.0,0.0,-0.0002971664653159678,-6.41977931081783e-06,0.0002509368641767651,1.4397477571037598e-05,-3.734499114216305e-05,-1.302609143749578e-05,3.548308086465113e-05,0.058295492082834244,0.00011681942851282656,-0.06300409883260727,4.1452298319200054e-05,0.012762123718857765,-3.502174877212383e-05,-0.008394508622586727,0.05205841362476349,5.144444003235549e-05,-0.05640099197626114,5.955856613582e-05,0.01145138218998909,-4.725798135041259e-05,-0.007513734977692366,0.05176124721765518,4.5024658902548254e-05,-0.056150056421756744,7.39560418878682e-05,0.011414037086069584,-6.028407369740307e-05,-0.007478252053260803,0.05176124721765518,4.5024658902548254e-05,-0.056150056421756744,7.39560418878682e-05,0.011414037086069584,-6.028407369740307e-05,-0.007478252053260803,0.05176124721765518,4.5024658902548254e-05,-0.056150056421756744,7.39560418878682e-05,0.011414037086069584,-6.028407369740307e-05,-0.007478252053260803
0.49199999999999733,0.029206931591033936,0.029206931591033936,nan,nan,nan,nan,0.1784694343805313,0.0,0.181085467338562,0.15562188625335693,0.0,0.0,0.0,0.0,0.003000000026077032,0.014999999664723873,64.0,0.19763308763504028,0.44328534603118896,0.007926486432552338,19.47274398803711,0.0026057555805891752,0.0020774761214852333,0.18055719137191772,0.0,-0.9897373914718628,0.004056524485349655,0.064195916056633,9.0,1.0,0.0,0.0,0.02920691668987274,-1.4901161193847656e-08,nan,0.00017306070367339998,0.0,0.0,0.0,0.0,0.0,0.0,0.0,0.0,0.0,0.0,0.0,0.0,0.0,0.0,-0.00015297855134122074,-3.3048434033844387e-06,0.0001291799999307841,7.411689693981316e-06,-1.9224860807298683e-05,-6.705712621624116e-06,1.8266364349983633e-05,0.057512715458869934,0.00016812098328955472,-0.06215862184762955,1.75661152752582e-05,0.012592040933668613,-3.024590841960162e-05,-0.00828804075717926,0.054325614124536514,9.005297033581883e-05,-0.058817822486162186,5.1356266340008005e-05,0.011934623122215271,-4.711461588158272e-05,-0.007837090641260147,0.054172635078430176,8.674812852405012e-05,-0.05868864431977272,5.876795694348402e-05,0.011915397830307484,-5.3820327593712136e-05,-0.007818824611604214,0.054172635078430176,8.674812852405012e-05,-0.05868864431977272,5.876795694348402e-05,0.011915397830307484,-5.3820327593712136e-05,-0.007818824611604214,0.054172635078430176,8.674812852405012e-05,-0.05868864431977272,5.876795694348402e-05,0.011915397830307484,-5.3820327593712136e-05,-0.007818824611604214
0.6539999999999964,0.029593810439109802,0.029593810439109802,nan,nan,nan,nan,0.18092763423919678,0.0,0.183573916554451,0.15439468622207642,0.0,0.0,0.0,0.0,0.0020000000949949026,0.029999999329447746,64.0,0.19764359295368195,3.7067151069641113,0.01374073326587677,27.29178810119629,0.002640939550474286,0.002342072781175375,0.18327505886554718,0.003224735613912344,-0.9898123145103455,0.004138604272156954,0.07298880070447922,9.0,1.0,0.0,0.0,0.029593806713819504,-3.725290298461914e-09,nan,0.0001684771996224299,0.0,0.0,0.0,0.0,0.0,0.0,0.0,0.0,0.0,0.0,0.0,0.0,0.0,0.0,-8.033026824705303e-05,-1.7353997918689856e-06,6.78334545227699e-05,3.891937467415119e-06,-1.0095128345710691e-05,-3.5212235616199905e-06,9.591813977749553e-06,0.0566839873790741,0.0002004151901928708,-0.061263151466846466,3.6699701013276353e-05,0.012411405332386494,-3.5242610465502366e-05,-0.008168397471308708,0.05537562817335129,0.00012404544395394623,-0.05992233008146286,4.251330756233074e-05,0.012152853421866894,-4.303465175325982e-05,-0.007986245676875114,0.055295299738645554,0.00012231004075147212,-0.05985449627041817,4.640524639398791e-05,0.012142757885158062,-4.655587690649554e-05,-0.00797665398567915,0.055295299738645554,0.00012231004075147212,-0.05985449627041817,4.640524639398791e-05,0.012142757885158062,-4.655587690649554e-05,-0.00797665398567915,0.055295299738645554,0.00012231004075147212,-0.05985449627041817,4.640524639398791e-05,0.012142757885158062,-4.655587690649554e-05,-0.00797665398567915
0.8140000000000001,0.030078675597906113,0.030078675597906113,nan,nan,nan,nan,0.1840086281299591,0.0,0.1866292804479599,0.15285025537014008,0.0,0.0,0.0,0.0,0.004999999888241291,0.039000000804662704,64.0,0.19765040278434753,6.180347919464111,0.016546808183193207,24.041101455688477,0.0026206583715975285,0.002779454691335559,0.18678808212280273,0.0024863923899829388,1.0,0.0041481610387563705,0.08828931301832199,9.0,1.0,0.0,0.0,0.03007866069674492,-1.4901161193847656e-08,nan,0.0001618480746401474,0.0,0.0,0.0,0.0,0.0,0.0,0.0,0.0,0.0,0.0,0.0,0.0,0.0,0.0,0.0,0.0,0.0,0.0,0.0,0.0,0.0,0.055298108607530594,0.0003065186319872737,-0.05976741015911102,3.613606531871483e-05,0.01211257092654705,-7.12746477802284e-05,-0.00797240249812603,0.055438000708818436,0.00017371945432387292,-0.05998002737760544,4.371355316834524e-05,0.012163915671408176,-5.198671715334058e-05,-0.0079951211810112,0.055438000708818436,0.00017371945432387292,-0.05998002737760544,4.371355316834524e-05,0.012163915671408176,-5.198671715334058e-05,-0.0079951211810112,0.055438000708818436,0.00017371945432387292,-0.05998002737760544,4.371355316834524e-05,0.012163915671408176,-5.198671715334058e-05,-0.0079951211810112,0.055438000708818436,0.00017371945432387292,-0.05998002737760544,4.371355316834524e-05,0.012163915671408176,-5.198671715334058e-05,-0.0079951211810112
0.8699999999999974,0.030369680374860764,0.030369680374860764,nan,nan,nan,nan,0.1858523041009903,0.0,0.1884436309337616,0.15192019939422607,0.0,0.0,0.0,0.0,0.0010000000474974513,0.007000000216066837,64.0,0.1976567506790161,0.7436349987983704,0.014794059097766876,20.931846618652344,0.002591321710497141,0.0028571980074048042,0.18870949745178223,0.01385488547384739,1.0,0.0041246237233281136,0.09116847068071365,9.0,1.0,0.0,0.0,0.03036966547369957,-1.4901161193847656e-08,nan,0.00016019064059946686,0.0,0.0,0.0,0.0,0.0,0.0,0.0,0.0,0.0,0.0,0.0,0.0,0.0,0.0,0.0,0.0,0.0,0.0,0.0,0.0,0.0,0.05448025465011597,0.0004207914462313056,-0.05888603627681732,7.309595093829557e-05,0.011939228512346745,-8.394465839955956e-05,-0.00785378273576498,0.05513487756252289,0.00026175292441621423,-0.05962930619716644,5.183198663871735e-05,0.012091278098523617,-6.323272828012705e-05,-0.007950968109071255,0.05513487756252289,0.00026175292441621423,-0.05962930619716644,5.183198663871735e-05,0.012091278098523617,-6.323272828012705e-05,-0.007950968109071255,0.05513487756252289,0.00026175292441621423,-0.05962930619716644,5.183198663871735e-05,0.012091278098523617,-6.323272828012705e-05,-0.007950968109071255,0.05513487756252289,0.00026175292441621423,-0.05962930619716644,5.183198663871735e-05,0.012091278098523617,-6.323272828012705e-05,-0.007950968109071255
0.9329999999999998,0.030466251075267792,0.030466251075267792,nan,nan,nan,nan,0.1864652782678604,0.0,0.18903757631778717,0.15161150693893433,0.0,0.0,0.0,0.0,0.0,0.00800000037997961,64.0,0.1976640522480011,0.9123263955116272,0.015233643352985382,11.999921798706055,0.002572291763499379,0.002877449616789818,0.18934272229671478,0.0,1.0,0.004100905731320381,0.09194809198379517,9.0,1.0,0.0,0.0,0.030466239899396896,-1.1175870895385742e-08,nan,0.0001585061108926311,0.0,0.0,0.0,0.0,0.0,0.0,0.0,0.0,0.0,0.0,0.0,0.0,0.0,0.0,0.0,0.0,0.0,0.0,0.0,0.0,0.0,0.053919922560453415,0.0004345467023085803,-0.05828118324279785,5.209529263083823e-05,0.01181816030293703,-9.10642629605718e-05,-0.007776688318699598,0.054823096841573715,0.0003113553684670478,-0.059281397610902786,5.2102892368566245e-05,0.012020501308143139,-7.130151789169759e-05,-0.00790692213922739,0.054823096841573715,0.0003113553684670478,-0.059281397610902786,5.2102892368566245e-05,0.012020501308143139,-7.130151789169759e-05,-0.00790692213922739,0.054823096841573715,0.0003113553684670478,-0.059281397610902786,5.2102892368566245e-05,0.012020501308143139,-7.130151789169759e-05,-0.00790692213922739,0.054823096841573715,0.0003113553684670478,-0.059281397610902786,5.2102892368566245e-05,0.012020501308143139,-7.130151789169759e-05,-0.00790692213922739
1.036999999999999,0.03085414692759514,0.03085414692759514,nan,nan,nan,nan,0.18892334401607513,0.0,0.19144859910011292,0.1503773182630539,0.0,0.0,0.0,0.0,0.0010000000474974513,0.008999999612569809,64.0,0.19767427444458008,0.8020429015159607,0.014640390872955322,18.811466217041016,0.0025252625346183777,0.002853913465514779,0.19177725911140442,0.010569476522505283,1.0,0.0040609873831272125,0.09177601337432861,9.0,1.0,0.0,0.0,0.030854132026433945,-1.4901161193847656e-08,nan,0.0001556456263642758,0.0,0.0,0.0,0.0,0.0,0.0,0.0,0.0,0.0,0.0,0.0,0.0,0.0,0.0,0.0,0.0,0.0,0.0,0.0,0.0,0.0,0.05308498442173004,0.0005014149355702102,-0.057381387799978256,6.063765977160074e-05,0.011641290038824081,-9.583975042914972e-05,-0.00765893142670393,0.05429307371377945,0.0003681508533190936,-0.058700453490018845,5.797021003672853e-05,0.01190387737005949,-8.034190977923572e-05,-0.007830891758203506,0.05429307371377945,0.0003681508533190936,-0.058700453490018845,5.797021003672853e-05,0.01190387737005949,-8.034190977923572e-05,-0.007830891758203506,0.05429307371377945,0.0003681508533190936,-0.058700453490018845,5.797021003672853e-05,0.01190387737005949,-8.034190977923572e-05,-0.007830891758203506,0.05429307371377945,0.0003681508533190936,-0.058700453490018845,5.797021003672853e-05,0.01190387737005949,-8.034190977923572e-05,-0.007830891758203506
1.1029999999999944,0.03094865009188652,0.03094865009188652,nan,nan,nan,nan,0.18952666223049164,0.0,0.1920146346092224,0.15002469718456268,0.0,0.0,0.0,0.0,0.0020000000949949026,0.013000000268220901,64.0,0.19768072664737701,0.9663962125778198,0.01608673483133316,16.699758529663086,0.0024879705160856247,0.002343862084671855,0.1918705254793167,0.0,1.0,0.00400820467621088,0.07552547007799149,9.0,1.0,0.0,0.0,0.030948638916015625,-1.1175870895385742e-08,nan,0.00015178565809037536,0.0,0.0,0.0,0.0,0.0,0.0,0.0,0.0,0.0,0.0,0.0,0.0,0.0,0.0,0.0,0.0,0.0,0.0,0.0,0.0,0.0,0.052544549107551575,0.0005163100431673229,-0.05679810419678688,3.797408862737939e-05,0.01152536179870367,-9.96902963379398e-05,-0.007584020961076021,0.053589340299367905,0.00043084053322672844,-0.057934362441301346,5.230584065429866e-05,0.011751340702176094,-8.906845323508605e-05,-0.007731447461992502,0.053589340299367905,0.00043084053322672844,-0.057934362441301346,5.230584065429866e-05,0.011751340702176094,-8.906845323508605e-05,-0.007731447461992502,0.053589340299367905,0.00043084053322672844,-0.057934362441301346,5.230584065429866e-05,0.011751340702176094,-8.906845323508605e-05,-0.007731447461992502,0.053589340299367905,0.00043084053322672844,-0.057934362441301346,5.230584065429866e-05,0.011751340702176094,-8.906845323508605e-05,-0.007731447461992502
1.2789999999999964,0.03133055940270424,0.03133055940270424,nan,nan,nan,nan,0.1919473260641098,0.0,0.19437885284423828,0.14880773425102234,0.0,0.0,0.0,0.0,-0.004000000189989805,0.02199999988079071,64.0,0.19769452512264252,1.61572265625,0.012038275599479675,28.173725128173828,0.002431523287668824,0.0020548610482364893,0.1940021812915802,0.0,1.0,0.003951799124479294,0.0667608380317688,9.0,1.0,0.0,0.0,0.031330548226833344,-1.1175870895385742e-08,nan,0.00014847915736027062,0.0,0.0,0.0,0.0,0.0,0.0,0.0,0.0,0.0,0.0,0.0,0.0,0.0,0.0,0.0,0.0,0.0,0.0,0.0,0.0,0.0,0.0514608696103096,0.0006240875809453428,-0.05563201755285263,9.736516221892089e-05,0.011298926547169685,-0.00012878573033958673,-0.007434904109686613,0.052835240960121155,0.0004945950349792838,-0.057117290794849396,5.8380337577546015e-05,0.011589976958930492,-0.00010013722931034863,-0.00762576051056385,0.052835240960121155,0.0004945950349792838,-0.057117290794849396,5.8380337577546015e-05,0.011589976958930492,-0.00010013722931034863,-0.00762576051056385,0.052835240960121155,0.0004945950349792838,-0.057117290794849396,5.8380337577546015e-05,0.011589976958930492,-0.00010013722931034863,-0.00762576051056385,0.052835240960121155,0.0004945950349792838,-0.057117290794849396,5.8380337577546015e-05,0.011589976958930492,-0.00010013722931034863,-0.00762576051056385
1.399000000000001,0.0316949225962162,0.0316949225962162,nan,nan,nan,nan,0.194260373711586,0.0,0.19662287831306458,0.14763076603412628,0.0,0.0,0.0,0.0,0.004000000189989805,0.014999999664723873,64.0,0.19770602881908417,1.4691296815872192,0.018483959138393402,18.344528198242188,0.002362499013543129,0.002190972911193967,0.1964513510465622,0.0,1.0,0.0038730306550860405,0.07186093926429749,9.0,1.0,0.0,0.0,0.031694911420345306,-1.1175870895385742e-08,nan,0.0001421286433469504,0.0,0.0,0.0,0.0,0.0,0.0,0.0,0.0,0.0,0.0,0.0,0.0,0.0,0.0,0.0,0.0,0.0,0.0,0.0,0.0,0.0,0.05040241405367851,0.0006677206256426871,-0.0544901043176651,9.307582513429224e-05,0.011073329485952854,-0.0001297596754739061,-0.007286460604518652,0.051779940724372864,0.0005775644676759839,-0.055977627635002136,7.447920506820083e-05,0.011366414837539196,-0.00011483061098260805,-0.007478922605514526,0.051779940724372864,0.0005775644676759839,-0.055977627635002136,7.447920506820083e-05,0.011366414837539196,-0.00011483061098260805,-0.007478922605514526,0.051779940724372864,0.0005775644676759839,-0.055977627635002136,7.447920506820083e-05,0.011366414837539196,-0.00011483061098260805,-0.007478922605514526,0.051779940724372864,0.0005775644676759839,-0.055977627635002136,7.447920506820083e-05,0.011366414837539196,-0.00011483061098260805,-0.007478922605514526
1.5319999999999965,0.032048992812633514,0.032048992812633514,nan,nan,nan,nan,0.19650574028491974,0.0,0.19881552457809448,0.14650388062000275,0.0,0.0,0.0,0.0,0.003000000026077032,0.03400000184774399,64.0,0.19771701097488403,1.0447036027908325,0.011072494089603424,24.842615127563477,0.0023097777739167213,0.0026035418268293142,0.19910928606987,0.002577024046331644,1.0,0.0038191580679267645,0.08617830276489258,9.0,1.0,0.0,0.0,0.03204898536205292,-7.450580596923828e-09,nan,0.0001378681481583044,0.0,0.0,0.0,0.0,0.0,0.0,0.0,0.0,0.0,0.0,0.0,0.0,0.0,0.0,0.0,0.0,0.0,0.0,0.0,0.0,0.0,0.049639418721199036,0.0007297249976545572,-0.05366990342736244,0.00010076315811602399,0.01091579906642437,-0.00015218142652884126,-0.007184792775660753,0.051057908684015274,0.0006211729487404227,-0.05519852042198181,7.185272261267528e-05,0.011213446967303753,-0.00012139628961449489,-0.007379117421805859,0.051057908684015274,0.0006211729487404227,-0.05519852042198181,7.185272261267528e-05,0.011213446967303753,-0.00012139628961449489,-0.007379117421805859,0.051057908684015274,0.0006211729487404227,-0.05519852042198181,7.185272261267528e-05,0.011213446967303753,-0.00012139628961449489,-0.007379117421805859,0.051057908684015274,0.0006211729487404227,-0.05519852042198181,7.185272261267528e-05,0.011213446967303753,-0.00012139628961449489,-0.007379117421805859
1.6389999999999958,0.032395754009485245,0.032395754009485245,nan,nan,nan,nan,0.19870401918888092,0.0,0.20096181333065033,0.14540059864521027,0.0,0.0,0.0,0.0,0.003000000026077032,0.013000000268220901,64.0,0.197729229927063,1.1968649625778198,0.016830861568450928,10.526086807250977,0.002257801126688719,0.0025576213374733925,0.20126163959503174,0.006629870273172855,1.0,0.0037651557940989733,0.08530718833208084,9.0,1.0,0.0,0.0,0.03239574283361435,-1.1175870895385742e-08,nan,0.00013442392810247838,0.0,0.0,0.0,0.0,0.0,0.0,0.0,0.0,0.0,0.0,0.0,0.0,0.0,0.0,0.0,0.0,0.0,0.0,0.0,0.0,0.0,0.04863765835762024,0.0007788508664816618,-0.052590511739254,0.00011447536962805316,0.01070533599704504,-0.00015801048721186817,-0.0070448643527925014,0.05033373832702637,0.0006645482499152422,-0.05441776290535927,7.742614252492785e-05,0.011060810647904873,-0.00012757012154906988,-0.007278867531567812,0.05033373832702637,0.0006645482499152422,-0.05441776290535927,7.742614252492785e-05,0.011060810647904873,-0.00012757012154906988,-0.007278867531567812,0.05033373832702637,0.0006645482499152422,-0.05441776290535927,7.742614252492785e-05,0.011060810647904873,-0.00012757012154906988,-0.007278867531567812,0.05033373832702637,0.0006645482499152422,-0.05441776290535927,7.742614252492785e-05,0.011060810647904873,-0.00012757012154906988,-0.007278867531567812
1.759999999999998,0.03263910114765167,0.03263910114765167,nan,nan,nan,nan,0.2002505362033844,0.0,0.2024529129266739,0.1445898711681366,0.0,0.0,0.0,0.0,0.0,0.04699999839067459,64.0,0.197738379240036,3.0935211181640625,0.017033889889717102,13.4592924118042,0.002202380448579788,0.002069320762529969,0.20231986045837402,0.0016610039165243506,1.0,0.003694908693432808,0.06947650760412216,9.0,1.0,0.0,0.0,0.032639097422361374,-3.725290298461914e-09,nan,0.0001290945365326479,0.0,0.0,0.0,0.0,0.0,0.0,0.0,0.0,0.0,0.0,0.0,0.0,0.0,0.0,0.0,0.0,0.0,0.0,0.0,0.0,0.0,0.047918111085891724,0.0008362417574971914,-0.05181771516799927,0.00011147069017169997,0.010558302514255047,-0.00016479281475767493,-0.00694984570145607,0.04939062520861626,0.0007287178304977715,-0.05340218171477318,8.6718107922934e-05,0.010864063166081905,-0.00013970857253298163,-0.007149908691644669,0.04939062520861626,0.0007287178304977715,-0.05340218171477318,8.6718107922934e-05,0.010864063166081905,-0.00013970857253298163,-0.007149908691644669,0.04939062520861626,0.0007287178304977715,-0.05340218171477318,8.6718107922934e-05,0.010864063166081905,-0.00013970857253298163,-0.007149908691644669,0.04939062520861626,0.0007287178304977715,-0.05340218171477318,8.6718107922934e-05,0.010864063166081905,-0.00013970857253298163,-0.007149908691644669
1.847999999999999,0.032870370894670486,0.032870370894670486,nan,nan,nan,nan,0.2017284333705902,0.0,0.2038840800523758,0.14342404901981354,0.0,0.0,0.0,0.0,0.007000000216066837,0.03200000151991844,64.0,0.19774878025054932,2.5522336959838867,0.017387792468070984,11.55953598022461,0.0021556473802775145,0.002451851963996887,0.2041802853345871,0.0023928002920001745,1.0,0.003647035686299205,0.08298014849424362,9.0,1.0,0.0,0.0,0.03287036344408989,-7.450580596923828e-09,nan,0.0001257859548786655,0.0,0.0,0.0,0.0,0.0,0.0,0.0,0.0,0.0,0.0,0.0,0.0,0.0,0.0,0.0,0.0,0.0,0.0,0.0,0.0,0.0,0.0472651906311512,0.0008841783856041729,-0.05111537501215935,0.00011744481889763847,0.010424663312733173,-0.00016740240971557796,-0.006857168395072222,0.048747822642326355,0.0007705611060373485,-0.05271030589938164,9.369947656523436e-05,0.010730408132076263,-0.0001493652380304411,-0.0070610009133815765,0.048747822642326355,0.0007705611060373485,-0.05271030589938164,9.369947656523436e-05,0.010730408132076263,-0.0001493652380304411,-0.0070610009133815765,0.048747822642326355,0.0007705611060373485,-0.05271030589938164,9.369947656523436e-05,0.010730408132076263,-0.0001493652380304411,-0.0070610009133815765,0.048747822642326355,0.0007705611060373485,-0.05271030589938164,9.369947656523436e-05,0.010730408132076263,-0.0001493652380304411,-0.0070610009133815765
1.958999999999996,0.033096909523010254,0.033096909523010254,nan,nan,nan,nan,0.20316916704177856,0.0,0.20527993142604828,0.14255313575267792,0.0,0.0,0.0,0.0,0.0,0.017999999225139618,64.0,0.1977585405111313,0.8893171548843384,0.2416744828224182,21.600303649902344,0.002110767178237438,0.0023993300274014473,0.20556849241256714,0.00416963454335928,1.0,0.003593779867514968,0.08175898343324661,9.0,1.0,0.0,0.0,0.03309689089655876,-1.862645149230957e-08,nan,0.00012268952559679747,0.0,0.0,0.0,0.0,0.0,0.0,0.0,0.0,0.0,0.0,0.0,0.0,0.0,0.0,0.0,0.0,0.0,0.0,0.0,0.0,0.0,0.046614423394203186,0.0009140640613622963,-0.05041578412055969,0.00010663671127986163,0.010290195234119892,-0.00017011637100949883,-0.006773045752197504,0.04803211987018585,0.0008196128765121102,-0.05194050446152687,0.00010114355245605111,0.010582668706774712,-0.00015853029617574066,-0.006964019499719143,0.04803211987018585,0.0008196128765121102,-0.05194050446152687,0.00010114355245605111,0.010582668706774712,-0.00015853029617574066,-0.006964019499719143,0.04803211987018585,0.0008196128765121102,-0.05194050446152687,0.00010114355245605111,0.010582668706774712,-0.00015853029617574066,-0.006964019499719143,0.04803211987018585,0.0008196128765121102,-0.05194050446152687,0.00010114355245605111,0.010582668706774712,-0.00015853029617574066,-0.006964019499719143
2.0959999999999965,0.033392924815416336,0.033392924815416336,nan,nan,nan,nan,0.20504972338676453,0.0,0.20710793137550354,0.14148899912834167,0.0,0.0,0.0,0.0,-0.0010000000474974513,0.020999999716877937,64.0,0.19777028262615204,0.4892507493495941,0.009153038263320923,18.685138702392578,0.002058212412521243,0.0020608773920685053,0.20711059868335724,0.0035033696331083775,1.0,0.0035330094397068024,0.07081697881221771,9.0,1.0,0.0,0.0,0.03339291736483574,-7.450580596923828e-09,nan,0.00011883788829436526,0.0,0.0,0.0,0.0,0.0,0.0,0.0,0.0,0.0,0.0,0.0,0.0,0.0,0.0,0.0,0.0,0.0,0.0,0.0,0.0,0.0,0.045767877250909805,0.0009785884758457541,-0.04950674623250961,0.00012999637692701072,0.010118802078068256,-0.00018131847900804132,-0.00666031101718545,0.04721510037779808,0.0008752045105211437,-0.051062095910310745,0.00011069254105677828,0.010414853692054749,-0.0001669037010287866,-0.006854187231510878,0.04721510037779808,0.0008752045105211437,-0.051062095910310745,0.00011069254105677828,0.010414853692054749,-0.0001669037010287866,-0.006854187231510878,0.04721510037779808,0.0008752045105211437,-0.051062095910310745,0.00011069254105677828,0.010414853692054749,-0.0001669037010287866,-0.006854187231510878,0.04721510037779808,0.0008752045105211437,-0.051062095910310745,0.00011069254105677828,0.010414853692054749,-0.0001669037010287866,-0.006854187231510878
2.25,0.03368239849805832,0.03368239849805832,nan,nan,nan,nan,0.2068900465965271,0.0,0.20889516174793243,0.1404465138912201,0.0,0.0,0.0,0.0,-0.004000000189989805,0.04100000113248825,64.0,0.19777972996234894,6.909347057342529,0.032071955502033234,18.009809494018555,0.002005111426115036,0.002230607671663165,0.20912066102027893,0.003503499086946249,1.0,0.003469886025413871,0.07721008360385895,9.0,1.0,0.0,0.0,0.03368239849805832,0.0,nan,0.00011378202907508239,0.0,0.0,0.0,0.0,0.0,0.0,0.0,0.0,0.0,0.0,0.0,0.0,0.0,0.0,0.0,0.0,0.0,0.0,0.0,0.0,0.0,0.04512360319495201,0.0009764048736542463,-0.04881113022565842,0.00011163678573211655,0.009980914182960987,-0.00018479693972039968,-0.0065690637566149235,0.04636695608496666,0.0009217663900926709,-0.05014968663454056,0.00011083573190262541,0.010239921510219574,-0.00017443401156924665,-0.00673909205943346,0.04636695608496666,0.0009217663900926709,-0.05014968663454056,0.00011083573190262541,0.010239921510219574,-0.00017443401156924665,-0.00673909205943346,0.04636695608496666,0.0009217663900926709,-0.05014968663454056,0.00011083573190262541,0.010239921510219574,-0.00017443401156924665,-0.00673909205943346,0.04636695608496666,0.0009217663900926709,-0.05014968663454056,0.00011083573190262541,0.010239921510219574,-0.00017443401156924665,-0.00673909205943346
2.2929999999999993,0.033894576132297516,0.033894576132297516,nan,nan,nan,nan,0.20824529230594635,0.0,0.21020643413066864,0.13942193984985352,0.0,0.0,0.0,0.0,0.00800000037997961,0.003000000026077032,64.0,0.1977933943271637,0.46548154950141907,0.010699965059757233,28.064476013183594,0.0019611443858593702,0.0022224707063287497,0.21046775579452515,0.02345939539372921,1.0,0.0034218456130474806,0.07760263234376907,9.0,1.0,0.0,0.0,0.03389456123113632,-1.4901161193847656e-08,nan,0.00011026595166185871,0.0,0.0,0.0,0.0,0.0,0.0,0.0,0.0,0.0,0.0,0.0,0.0,0.0,0.0,0.0,0.0,0.0,0.0,0.0,0.0,0.0,0.044319912791252136,0.0010571982711553574,-0.04795105755329132,0.0001413672580383718,0.009823834523558617,-0.00019864576461259276,-0.006463525351136923,0.04572150483727455,0.0009532899130135775,-0.04945535957813263,0.0001142268956755288,0.010106388479471207,-0.0001796222641132772,-0.006650883704423904,0.04572150483727455,0.0009532899130135775,-0.04945535957813263,0.0001142268956755288,0.010106388479471207,-0.0001796222641132772,-0.006650883704423904,0.04572150483727455,0.0009532899130135775,-0.04945535957813263,0.0001142268956755288,0.010106388479471207,-0.0001796222641132772,-0.006650883704423904,0.04572150483727455,0.0009532899130135775,-0.04945535957813263,0.0001142268956755288,0.010106388479471207,-0.0001796222641132772,-0.006650883704423904
2.381999999999998,0.033964477479457855,0.033964477479457855,nan,nan,nan,nan,0.20869074761867523,0.0,0.21062074601650238,0.13916394114494324,0.0,0.0,0.0,0.0,0.0020000000949949026,0.026000000536441803,64.0,0.19779539108276367,10.138781547546387,0.023556873202323914,16.63404083251953,0.0019300025887787342,0.0018500197911635041,0.210540771484375,0.0026885131374001503,1.0,0.0033730296418070793,0.06465189903974533,9.0,1.0,0.0,0.0,0.03396447002887726,-7.450580596923828e-09,nan,0.00010813987319124863,0.0,0.0,0.0,0.0,0.0,0.0,0.0,0.0,0.0,0.0,0.0,0.0,0.0,0.0,0.0,0.0,0.0,0.0,0.0,0.0,0.0,0.04409449175000191,0.0010496143950149417,-0.0477069690823555,0.00011744554649339989,0.009775311686098576,-0.0001941523514688015,-0.006432964466512203,0.04506489261984825,0.0009921635501086712,-0.048749763518571854,0.0001155258432845585,0.009972775354981422,-0.00018548616208136082,-0.00656293798238039,0.04506489261984825,0.0009921635501086712,-0.048749763518571854,0.0001155258432845585,0.009972775354981422,-0.00018548616208136082,-0.00656293798238039,0.04506489261984825,0.0009921635501086712,-0.048749763518571854,0.0001155258432845585,0.009972775354981422,-0.00018548616208136082,-0.00656293798238039,0.04506489261984825,0.0009921635501086712,-0.048749763518571854,0.0001155258432845585,0.009972775354981422,-0.00018548616208136082,-0.00656293798238039
2.497,0.03423767536878586,0.03423767536878586,nan,nan,nan,nan,0.2104296237230301,0.0,0.212316632270813,0.13804998993873596,0.0,0.0,0.0,0.0,-0.004000000189989805,0.012000000104308128,64.0,0.19780707359313965,1.5375511646270752,0.018715858459472656,20.452484130859375,0.001887014601379633,0.002146756509318948,0.21257637441158295,0.005642573349177837,1.0,0.0033258874900639057,0.0757598876953125,9.0,1.0,0.0,0.0,0.034237656742334366,-1.862645149230957e-08,nan,0.00010459983604960144,0.0,0.0,0.0,0.0,0.0,0.0,0.0,0.0,0.0,0.0,0.0,0.0,0.0,0.0,0.0,0.0,0.0,0.0,0.0,0.0,0.0,0.043318163603544235,0.0010814731940627098,-0.046872418373823166,0.0001102279857150279,0.009617026895284653,-0.00020141791901551187,-0.006327406503260136,0.04443108290433884,0.001022781478241086,-0.04806816577911377,0.00011871717288158834,0.009842821396887302,-0.00019362286548130214,-0.0064772507175803185,0.04443108290433884,0.001022781478241086,-0.04806816577911377,0.00011871717288158834,0.009842821396887302,-0.00019362286548130214,-0.0064772507175803185,0.04443108290433884,0.001022781478241086,-0.04806816577911377,0.00011871717288158834,0.009842821396887302,-0.00019362286548130214,-0.0064772507175803185,0.04443108290433884,0.001022781478241086,-0.04806816577911377,0.00011871717288158834,0.009842821396887302,-0.00019362286548130214,-0.0064772507175803185
2.5749999999999957,0.034373972564935684,0.034373972564935684,nan,nan,nan,nan,0.21129687130451202,0.0,0.21314963698387146,0.13754452764987946,0.0,0.0,0.0,0.0,0.0,0.017999999225139618,64.0,0.19781242311000824,4.895608901977539,0.020237639546394348,17.093830108642578,0.0018527604406699538,0.001776214106939733,0.21307308971881866,0.0,1.0,0.00327770016156137,0.06289786100387573,9.0,1.0,0.0,0.0,0.03437397629022598,3.725290298461914e-09,nan,0.00010184729035245255,0.0,0.0,0.0,0.0,0.0,0.0,0.0,0.0,0.0,0.0,0.0,0.0,0.0,0.0,0.0,0.0,0.0,0.0,0.0,0.0,0.0,0.042741142213344574,0.0011251142714172602,-0.04625355452299118,0.00013823820336256176,0.009502843953669071,-0.00021870083583053201,-0.00625196285545826,0.043782591819763184,0.0010612027253955603,-0.04737178236246109,0.00012378350947983563,0.009712142869830132,-0.00020151886565145105,-0.006390061695128679,0.043782591819763184,0.0010612027253955603,-0.04737178236246109,0.00012378350947983563,0.009712142869830132,-0.00020151886565145105,-0.006390061695128679,0.043782591819763184,0.0010612027253955603,-0.04737178236246109,0.00012378350947983563,0.009712142869830132,-0.00020151886565145105,-0.006390061695128679,0.043782591819763184,0.0010612027253955603,-0.04737178236246109,0.00012378350947983563,0.009712142869830132,-0.00020151886565145105,-0.006390061695128679
2.6529999999999987,0.03457208722829819,0.03457208722829819,nan,nan,nan,nan,0.21255652606487274,0.0,0.21437422931194305,0.13680781424045563,0.0,0.0,0.0,0.0,0.0010000000474974513,0.012000000104308128,64.0,0.19781838357448578,0.6854822635650635,0.013841316103935242,33.858123779296875,0.0018176974263042212,0.0020748847164213657,0.21463140845298767,0.005503806285560131,1.0,0.003234812058508396,0.07380121201276779,9.0,1.0,0.0,0.0,0.03457207605242729,-1.1175870895385742e-08,nan,9.882712765829638e-05,0.0,0.0,0.0,0.0,0.0,0.0,0.0,0.0,0.0,0.0,0.0,0.0,0.0,0.0,0.0,0.0,0.0,0.0,0.0,0.0,0.0,0.04234876483678818,0.0011231641983613372,-0.045831501483917236,0.00010869549441849813,0.009420786052942276,-0.0002087791363010183,-0.00619867630302906,0.04320555180311203,0.0010877804597839713,-0.04675184562802315,0.0001217778044519946,0.009594895876944065,-0.00020607248006854206,-0.006312948185950518,0.04320555180311203,0.0010877804597839713,-0.04675184562802315,0.0001217778044519946,0.009594895876944065,-0.00020607248006854206,-0.006312948185950518,0.04320555180311203,0.0010877804597839713,-0.04675184562802315,0.0001217778044519946,0.009594895876944065,-0.00020607248006854206,-0.006312948185950518,0.04320555180311203,0.0010877804597839713,-0.04675184562802315,0.0001217778044519946,0.009594895876944065,-0.00020607248006854206,-0.006312948185950518
2.728999999999999,0.03470153734087944,0.03470153734087944,nan,nan,nan,nan,0.2134021818637848,0.0,0.21517886221408844,0.13544128835201263,0.0,0.0,0.0,0.0,0.0010000000474974513,0.017000000923871994,64.0,0.1978263109922409,0.7403045892715454,0.014200806617736816,16.481847763061523,0.0017766819801181555,0.0020394069142639637,0.21544158458709717,0.003790372982621193,1.0,0.003193614073097706,0.07332808524370193,9.0,1.0,0.0,0.0,0.034701526165008545,-1.1175870895385742e-08,nan,9.638837218517438e-05,0.0,0.0,0.0,0.0,0.0,0.0,0.0,0.0,0.0,0.0,0.0,0.0,0.0,0.0,0.0,0.0,0.0,0.0,0.0,0.0,0.0,0.04197193309664726,0.0011413289466872811,-0.045426953583955765,0.0001140610984293744,0.009344682097434998,-0.0002160933509003371,-0.006149996537715197,0.04265110567212105,0.0011141350260004401,-0.04615635424852371,0.00012355610670056194,0.009482643567025661,-0.0002133316156687215,-0.006239739246666431,0.04265110567212105,0.0011141350260004401,-0.04615635424852371,0.00012355610670056194,0.009482643567025661,-0.0002133316156687215,-0.006239739246666431,0.04265110567212105,0.0011141350260004401,-0.04615635424852371,0.00012355610670056194,0.009482643567025661,-0.0002133316156687215,-0.006239739246666431,0.04265110567212105,0.0011141350260004401,-0.04615635424852371,0.00012355610670056194,0.009482643567025661,-0.0002133316156687215,-0.006239739246666431
2.8049999999999997,0.03482915088534355,0.03482915088534355,nan,nan,nan,nan,0.2142144739627838,0.0,0.21596741676330566,0.13492624461650848,0.0,0.0,0.0,0.0,0.004000000189989805,0.013000000268220901,64.0,0.19783324003219604,0.7181195616722107,0.010279007256031036,10.199974060058594,0.0017529390752315521,0.0016462597995996475,0.2158607393503189,0.0,1.0,0.0031637675128877163,0.05945693701505661,9.0,1.0,0.0,0.0,0.034829139709472656,-1.1175870895385742e-08,nan,9.456036059418693e-05,0.0,0.0,0.0,0.0,0.0,0.0,0.0,0.0,0.0,0.0,0.0,0.0,0.0,0.0,0.0,0.0,0.0,0.0,0.0,0.0,0.0,0.04143104329705238,0.0011591522488743067,-0.04484414681792259,0.00012337230145931244,0.009232955984771252,-0.00022055456065572798,-0.006074446253478527,0.0422494001686573,0.001134103978984058,-0.04572482407093048,0.0001299718423979357,0.009401215240359306,-0.0002178120194002986,-0.0061864182353019714,0.0422494001686573,0.001134103978984058,-0.04572482407093048,0.0001299718423979357,0.009401215240359306,-0.0002178120194002986,-0.0061864182353019714,0.0422494001686573,0.001134103978984058,-0.04572482407093048,0.0001299718423979357,0.009401215240359306,-0.0002178120194002986,-0.0061864182353019714,0.0422494001686573,0.001134103978984058,-0.04572482407093048,0.0001299718423979357,0.009401215240359306,-0.0002178120194002986,-0.0061864182353019714
2.8669999999999973,0.03495539724826813,0.03495539724826813,nan,nan,nan,nan,0.21501779556274414,0.0,0.21675047278404236,0.13441599905490875,0.0,0.0,0.0,0.0,0.0010000000474974513,0.010999999940395355,64.0,0.19783535599708557,0.5560023784637451,0.009723007678985596,12.842964172363281,0.0017326839733868837,0.0017438654322177172,0.21676166355609894,0.005714595317840576,1.0,0.003140269313007593,0.0632450133562088,9.0,1.0,0.0,0.0,0.034955382347106934,-1.4901161193847656e-08,nan,9.302677062805742e-05,0.0,0.0,0.0,0.0,0.0,0.0,0.0,0.0,0.0,0.0,0.0,0.0,0.0,0.0,0.0,0.0,0.0,0.0,0.0,0.0,0.0,0.0412481427192688,0.0011775374878197908,-0.04465141519904137,0.00013108941493555903,0.009199687279760838,-0.00023380784841720015,-0.006051369942724705,0.04193277657032013,0.001149068120867014,-0.045385461300611496,0.00013114554167259485,0.00933770276606083,-0.0002225427597295493,-0.006144097074866295,0.04193277657032013,0.001149068120867014,-0.045385461300611496,0.00013114554167259485,0.00933770276606083,-0.0002225427597295493,-0.006144097074866295,0.04193277657032013,0.001149068120867014,-0.045385461300611496,0.00013114554167259485,0.00933770276606083,-0.0002225427597295493,-0.006144097074866295,0.04193277657032013,0.001149068120867014,-0.045385461300611496,0.00013114554167259485,0.00933770276606083,-0.0002225427597295493,-0.006144097074866295
2.905000000000001,0.03501800820231438,0.03501800820231438,nan,nan,nan,nan,0.21543674170970917,0.0,0.2171412855386734,0.1333782970905304,0.0,0.0,0.0,0.0,0.003000000026077032,0.006000000052154064,64.0,0.19783949851989746,0.4846043884754181,0.008814968168735504,11.730406761169434,0.0017045504646375775,0.0014839869691058993,0.21692073345184326,0.0,1.0,0.003114243969321251,0.05425414815545082,9.0,1.0,0.0,0.0,0.03501799330115318,-1.4901161193847656e-08,nan,9.134592255577445e-05,0.0,0.0,0.0,0.0,0.0,0.0,0.0,0.0,0.0,0.0,0.0,0.0,0.0,0.0,0.0,0.0,0.0,0.0,0.0,0.0,0.0,0.04089196398854256,0.0012177231255918741,-0.0442693829536438,0.00015574901772197336,0.009132281877100468,-0.0002360171201871708,-0.006009443663060665,0.041582103818655014,0.0011691069230437279,-0.04500925913453102,0.00013773936370853335,0.009267827495932579,-0.0002278062456753105,-0.006097092758864164,0.041582103818655014,0.0011691069230437279,-0.04500925913453102,0.00013773936370853335,0.009267827495932579,-0.0002278062456753105,-0.006097092758864164,0.041582103818655014,0.0011691069230437279,-0.04500925913453102,0.00013773936370853335,0.009267827495932579,-0.0002278062456753105,-0.006097092758864164,0.041582103818655014,0.0011691069230437279,-0.04500925913453102,0.00013773936370853335,0.009267827495932579,-0.0002278062456753105,-0.006097092758864164
3.024000000000001,0.03520357608795166,0.03520357608795166,nan,nan,nan,nan,0.21661759912967682,0.0,0.21829605102539062,0.1325819343328476,0.0,0.0,0.0,0.0,-0.003000000026077032,0.019999999552965164,64.0,0.1978437453508377,0.8116485476493835,0.016071833670139313,11.264254570007324,0.001678447239100933,0.0015407087048515677,0.2181583046913147,0.0030817463994026184,1.0,0.0030871410854160786,0.05663982033729553,9.0,1.0,0.0,0.0,0.035203564912080765,-1.1175870895385742e-08,nan,9.018940181704238e-05,0.0,0.0,0.0,0.0,0.0,0.0,0.0,0.0,0.0,0.0,0.0,0.0,0.0,0.0,0.0,0.0,0.0,0.0,0.0,0.0,0.0,0.04052026942372322,0.0012025943724438548,-0.04386705160140991,0.00013444457727018744,0.009050294756889343,-0.000232635997235775,-0.005956074222922325,0.04121734946966171,0.0011846243869513273,-0.04461729899048805,0.00013841490726917982,0.009194111451506615,-0.00023017895000521094,-0.0060493797063827515,0.04121734946966171,0.0011846243869513273,-0.04461729899048805,0.00013841490726917982,0.009194111451506615,-0.00023017895000521094,-0.0060493797063827515,0.04121734946966171,0.0011846243869513273,-0.04461729899048805,0.00013841490726917982,0.009194111451506615,-0.00023017895000521094,-0.0060493797063827515,0.04121734946966171,0.0011846243869513273,-0.04461729899048805,0.00013841490726917982,0.009194111451506615,-0.00023017895000521094,-0.0060493797063827515
3.1340000000000003,0.03538624197244644,0.03538624197244644,nan,nan,nan,nan,0.2177806794643402,0.0,0.21943360567092896,0.13179662823677063,0.0,0.0,0.0,0.0,0.0010000000474974513,0.041999999433755875,64.0,0.19784937798976898,3.8158371448516846,0.02347305417060852,15.656976699829102,0.0016529231797903776,0.0015393500216305256,0.21932002902030945,0.0014390264404937625,1.0,0.003060566494241357,0.05704214423894882,9.0,1.0,0.0,0.0,0.03538622707128525,-1.4901161193847656e-08,nan,8.84199544088915e-05,0.0,0.0,0.0,0.0,0.0,0.0,0.0,0.0,0.0,0.0,0.0,0.0,0.0,0.0,0.0,0.0,0.0,0.0,0.0,0.0,0.0,0.039996176958084106,0.0012384193250909448,-0.04330691322684288,0.0001369322562823072,0.008950061164796352,-0.00023793717264197767,-0.005891197361052036,0.04085969552397728,0.0011980889830738306,-0.044233281165361404,0.00013633654452860355,0.009122048504650593,-0.00023220261209644377,-0.006002339534461498,0.04085969552397728,0.0011980889830738306,-0.044233281165361404,0.00013633654452860355,0.009122048504650593,-0.00023220261209644377,-0.006002339534461498,0.04085969552397728,0.0011980889830738306,-0.044233281165361404,0.00013633654452860355,0.009122048504650593,-0.00023220261209644377,-0.006002339534461498,0.04085969552397728,0.0011980889830738306,-0.044233281165361404,0.00013633654452860355,0.009122048504650593,-0.00023220261209644377,-0.006002339534461498
3.2239999999999966,0.03556688874959946,0.03556688874959946,nan,nan,nan,nan,0.21893207728862762,0.0,0.22054767608642578,0.131016805768013,0.0,0.0,0.0,0.0,0.0020000000949949026,0.009999999776482582,64.0,0.19785690307617188,2.9806430339813232,0.02103671431541443,10.300211906433105,0.0016155971679836512,0.0015260216314345598,0.22045810520648956,0.0,1.0,0.003010289743542671,0.056872520595788956,9.0,1.0,0.0,0.0,0.035566866397857666,-2.2351741790771484e-08,nan,8.555273234378546e-05,0.0,0.0,0.0,0.0,0.0,0.0,0.0,0.0,0.0,0.0,0.0,0.0,0.0,0.0,0.0,0.0,0.0,0.0,0.0,0.0,0.0,0.03930135816335678,0.0012572517152875662,-0.042559459805488586,0.0001397287123836577,0.008807248435914516,-0.00024100436712615192,-0.005795126315206289,0.040182411670684814,0.001228540437296033,-0.043506428599357605,0.00013794384722132236,0.008986733853816986,-0.00023661585873924196,-0.005913352593779564,0.040182411670684814,0.001228540437296033,-0.043506428599357605,0.00013794384722132236,0.008986733853816986,-0.00023661585873924196,-0.005913352593779564,0.040182411670684814,0.001228540437296033,-0.043506428599357605,0.00013794384722132236,0.008986733853816986,-0.00023661585873924196,-0.005913352593779564,0.040182411670684814,0.001228540437296033,-0.043506428599357605,0.00013794384722132236,0.008986733853816986,-0.00023661585873924196,-0.005913352593779564
3.2789999999999964,0.03574422374367714,0.03574422374367714,nan,nan,nan,nan,0.22007007896900177,0.0,0.22165192663669586,0.12990814447402954,0.0,0.0,0.0,0.0,0.0010000000474974513,0.01899999938905239,64.0,0.1978646218776703,0.7094079852104187,0.01399219036102295,25.720861434936523,0.0015818538377061486,0.001793579664081335,0.22186365723609924,0.003083560150116682,1.0,0.002972674323245883,0.06744633615016937,9.0,1.0,0.0,0.0,0.03574419766664505,-2.60770320892334e-08,nan,8.360734500456601e-05,0.0,0.0,0.0,0.0,0.0,0.0,0.0,0.0,0.0,0.0,0.0,0.0,0.0,0.0,0.0,0.0,0.0,0.0,0.0,0.0,0.0,0.038989387452602386,0.001284484751522541,-0.04222622886300087,0.00013881408085580915,0.008749880827963352,-0.00024059260613285005,-0.005755892023444176,0.03967633470892906,0.0012444645399227738,-0.04296249896287918,0.0001315104600507766,0.008884243667125702,-0.00023504909768234938,-0.005845712963491678,0.03967633470892906,0.0012444645399227738,-0.04296249896287918,0.0001315104600507766,0.008884243667125702,-0.00023504909768234938,-0.005845712963491678,0.03967633470892906,0.0012444645399227738,-0.04296249896287918,0.0001315104600507766,0.008884243667125702,-0.00023504909768234938,-0.005845712963491678,0.03967633470892906,0.0012444645399227738,-0.04296249896287918,0.0001315104600507766,0.008884243667125702,-0.00023504909768234938,-0.005845712963491678
3.4179999999999993,0.035919513553380966,0.035919513553380966,nan,nan,nan,nan,0.221187025308609,0.0,0.2227448970079422,0.1291123330593109,0.0,0.0,0.0,0.0,0.0010000000474974513,0.03700000047683716,64.0,0.19787271320819855,0.902025043964386,0.010517425835132599,13.310494422912598,0.0015578727470710874,0.001474879332818091,0.22266189754009247,0.0016004652716219425,1.0,0.0029491991735994816,0.05597877502441406,9.0,1.0,0.0,0.0,0.03591950982809067,-3.725290298461914e-09,nan,8.212747343350202e-05,0.0,0.0,0.0,0.0,0.0,0.0,0.0,0.0,0.0,0.0,0.0,0.0,0.0,0.0,0.0,0.0,0.0,0.0,0.0,0.0,0.0,0.03846978023648262,0.001265128143131733,-0.04166415333747864,0.00011607509077293798,0.008634692057967186,-0.00023237810819409788,-0.005680454429239035,0.039360567927360535,0.0012536200229078531,-0.042623236775398254,0.00012627562682610005,0.00882030464708805,-0.00023456155031453818,-0.005803287029266357,0.039360567927360535,0.0012536200229078531,-0.042623236775398254,0.00012627562682610005,0.00882030464708805,-0.00023456155031453818,-0.005803287029266357,0.039360567927360535,0.0012536200229078531,-0.042623236775398254,0.00012627562682610005,0.00882030464708805,-0.00023456155031453818,-0.005803287029266357,0.039360567927360535,0.0012536200229078531,-0.042623236775398254,0.00012627562682610005,0.00882030464708805,-0.00023456155031453818,-0.005803287029266357
3.5259999999999962,0.03609038516879082,0.03609038516879082,nan,nan,nan,nan,0.21983638405799866,0.0,0.22232834994792938,0.12833786010742188,0.0,0.0,0.0,0.0,-0.003000000026077032,0.012000000104308128,64.0,0.19787342846393585,5.309763431549072,0.014713965356349945,16.112442016601562,0.0009600867051631212,0.0014357204781845212,0.222803995013237,0.0,0.8219510912895203,0.005090481601655483,0.055063314735889435,9.0,1.0,0.0,0.0,0.03609037026762962,-1.4901161193847656e-08,nan,0.0009881975129246712,-0.011398953385651112,-0.009199955500662327,-0.004785914905369282,-0.20056378841400146,0.013616474345326424,0.21944330632686615,-0.03458203375339508,-0.0050531839951872826,-0.0040783630684018135,-0.0021216077730059624,-0.08891042321920395,0.006036216393113136,0.09727975726127625,-0.01533030066639185,-0.008956413716077805,-0.0071827261708676815,-0.0038075591437518597,-0.15469419956207275,0.010331588797271252,0.1692962944507599,-0.026493554934859276,0.037808775901794434,0.0013225360307842493,-0.04096009582281113,0.00014284008648246527,0.008512462489306927,-0.00025496500893495977,-0.005602645687758923,0.044368743896484375,0.005845327395945787,-0.0395219549536705,0.09884137660264969,0.002048826776444912,-0.10825071483850479,0.011237692087888718,0.03541233018040657,-0.001337398774921894,-0.04332951456308365,-0.055852822959423065,0.012380415573716164,0.061045579612255096,-0.015255862846970558,0.03541233018040657,-0.001337398774921894,-0.04332951456308365,-0.055852822959423065,0.012380415573716164,0.061045579612255096,-0.015255862846970558,0.03541233018040657,-0.001337398774921894,-0.04332951456308365,-0.055852822959423065,0.012380415573716164,0.061045579612255096,-0.015255862846970558
3.6499999999999986,0.036198362708091736,0.036198362708091736,nan,nan,nan,nan,0.21675390005111694,0.0,0.21956264972686768,0.12743887305259705,0.0,0.0,0.0,0.0,0.0010000000474974513,0.017999999225139618,64.0,0.1972263902425766,10.045366287231445,0.01985207200050354,40.76405715942383,0.00017372562433592975,0.0010220507392659783,0.22041097283363342,0.0,0.9599413871765137,0.01026058942079544,0.07375561445951462,9.0,1.0,0.0,0.0,0.03619834780693054,-1.4901161193847656e-08,nan,0.0036648798268288374,-0.008067505434155464,-0.017158595845103264,-0.007503542583435774,-0.20449015498161316,-0.014386803843080997,0.21511578559875488,-0.03586346656084061,-0.00740415183827281,-0.01574772410094738,-0.0068865614011883736,-0.18767587840557098,-0.013203843496739864,0.19742782413959503,-0.03291458263993263,-0.01264176331460476,-0.01757681369781494,-0.008190672844648361,-0.26444292068481445,-0.0017699918244034052,0.2833649814128876,-0.04592718929052353,0.03748319298028946,0.0013280324637889862,-0.040585197508335114,0.00014813638699706644,0.008427971042692661,-0.00026282831095159054,-0.005543675739318132,0.0438387393951416,0.011383588425815105,-0.036897774785757065,0.13197924196720123,0.014310115948319435,-0.14000850915908813,0.017421849071979523,0.03119697794318199,-0.006193225271999836,-0.045088447630405426,-0.13246367871761322,0.012540124356746674,0.14335647225379944,-0.028505340218544006,0.03119697794318199,-0.006193225271999836,-0.045088447630405426,-0.13246367871761322,0.012540124356746674,0.14335647225379944,-0.028505340218544006,0.03119697794318199,-0.006193225271999836,-0.045088447630405426,-0.13246367871761322,0.012540124356746674,0.14335647225379944,-0.028505340218544006
3.7959999999999994,0.0362352654337883,0.0362352654337883,nan,nan,nan,nan,0.21629604697227478,0.0,0.2183375209569931,0.12632271647453308,0.0,0.0,0.0,0.0,0.0,0.029999999329447746,64.0,0.19354580342769623,10.79871654510498,0.023487955331802368,20.958627700805664,-0.00017872019088827074,0.0002277747553307563,0.21874402463436127,-4.2095784010598436e-05,0.9777663350105286,0.013928507454693317,0.21270717680454254,9.0,1.0,0.0,0.0,0.036235254257917404,-1.1175870895385742e-08,nan,0.0047961026430130005,-0.03459174931049347,0.01904921419918537,-0.0009353104396723211,-0.18715108931064606,0.03796353563666344,0.16121692955493927,-0.16118933260440826,-0.03328258916735649,0.01832827739417553,-0.0008999126148410141,-0.18006816506385803,0.036526765674352646,0.1551155000925064,-0.15508896112442017,-0.017548032104969025,0.006917991675436497,-0.008895564824342728,-0.30845901370048523,0.008834232576191425,0.32028037309646606,-0.052689410746097565,0.03760198503732681,0.0013619385426864028,-0.04061652347445488,0.00013578297512140125,0.00844566896557808,-0.000261703651631251,-0.005564613733440638,0.04632133990526199,-0.012756546027958393,-0.03771516680717468,0.12366151809692383,0.0023634377866983414,-0.12260468304157257,0.017825160175561905,0.02877330780029297,-0.005838554352521896,-0.04661073163151741,-0.1847974956035614,0.011197670362889767,0.1976756900548935,-0.03486425057053566,0.02877330780029297,-0.005838554352521896,-0.04661073163151741,-0.1847974956035614,0.011197670362889767,0.1976756900548935,-0.03486425057053566,0.02877330780029297,-0.005838554352521896,-0.04661073163151741,-0.1847974956035614,0.011197670362889767,0.1976756900548935,-0.03486425057053566
3.8559999999999945,0.03622584417462349,0.03622584417462349,nan,nan,nan,nan,0.21813537180423737,0.0,0.21982711553573608,0.12602786719799042,0.0,0.0,0.0,0.0,0.0020000000949949026,0.020999999716877937,64.0,0.1890627145767212,4.028083801269531,0.018104910850524902,14.36594009399414,-0.0002825808187481016,2.5051995180547237e-05,0.22013475000858307,0.0,0.9849408864974976,0.016598187386989594,0.21618357300758362,9.0,1.0,0.0,0.0,0.036225825548172,-1.862645149230957e-08,nan,0.0031511245761066675,-0.011519307270646095,-0.008157670497894287,-0.010154269635677338,-0.20251673460006714,-0.01493917964398861,0.2165435403585434,-0.03962746262550354,-0.0021582809276878834,-0.0015284378314390779,-0.0019025247311219573,-0.037943948060274124,-0.002799035282805562,0.040572039783000946,-0.007424682378768921,-0.015559482388198376,0.006452048197388649,-0.008400717750191689,-0.27688726782798767,0.004264163784682751,0.2865421175956726,-0.04937679320573807,0.038114845752716064,0.0014406794216483831,-0.04102560132741928,0.0001510428119217977,0.008623930625617504,-0.00027290586149320006,-0.005699515342712402,0.0417010523378849,-0.006338870152831078,-0.039146825671195984,0.05328613519668579,0.00872110202908516,-0.051496148109436035,0.006439119577407837,0.026141569018363953,0.00011317804455757141,-0.04754754155874252,-0.22360113263130188,0.01298526581376791,0.23504596948623657,-0.04293767362833023,0.026141569018363953,0.00011317804455757141,-0.04754754155874252,-0.22360113263130188,0.01298526581376791,0.23504596948623657,-0.04293767362833023,0.026141569018363953,0.00011317804455757141,-0.04754754155874252,-0.22360113263130188,0.01298526581376791,0.23504596948623657,-0.04293767362833023
3.960000000000001,0.03620433062314987,0.03620433062314987,nan,nan,nan,nan,0.21754883229732513,0.0,0.21934528648853302,0.1257101595401764,0.0,0.0,0.0,0.0,0.007000000216066837,0.013000000268220901,64.0,0.1874116212129593,1.1404733657836914,0.016660429537296295,27.613035202026367,-0.00042631092946976423,-0.00016486324602738023,0.21960672736167908,-0.0009402059367857873,0.9867429137229919,0.01770104467868805,0.3107554018497467,9.0,1.0,0.0,0.0,0.036204323172569275,-7.450580596923828e-09,nan,0.0033627115190029144,-0.011519307270646095,-0.008157670497894287,-0.010154269635677338,-0.20251673460006714,-0.01493917964398861,0.2165435403585434,-0.03962746262550354,-0.0010703966254368424,-0.0007580267847515643,-0.000943554739933461,-0.01881825365126133,-0.001388177857734263,0.020121650770306587,-0.0036822615657001734,-0.014437351375818253,-0.001045136246830225,-0.009934094734489918,-0.25557348132133484,-0.005881445482373238,0.268271803855896,-0.0474858283996582,0.03828100860118866,0.0014489985769614577,-0.04115912318229675,0.00013494420272763819,0.00867882277816534,-0.0002697575546335429,-0.005741537548601627,0.0394926518201828,0.0021447231993079185,-0.038867413997650146,0.016491487622261047,0.015886079519987106,-0.017638564109802246,0.00013403594493865967,0.0250552985817194,0.0010995869524776936,-0.04880150780081749,-0.2390819936990738,0.010004633106291294,0.25063323974609375,-0.04735179245471954,0.0250552985817194,0.0010995869524776936,-0.04880150780081749,-0.2390819936990738,0.010004633106291294,0.25063323974609375,-0.04735179245471954,0.0250552985817194,0.0010995869524776936,-0.04880150780081749,-0.2390819936990738,0.010004633106291294,0.25063323974609375,-0.04735179245471954
4.050999999999995,0.03616046905517578,0.03616046905517578,nan,nan,nan,nan,0.21868515014648438,0.0,0.2200159728527069,0.12537553906440735,0.0,0.0,0.0,0.0,0.003000000026077032,0.032999999821186066,64.0,0.1798458993434906,1.974128246307373,0.015633180737495422,18.641979217529297,1.7841783119365573e-05,-0.0002087665197905153,0.21978937089443207,-0.00022137255291454494,0.9821429252624512,0.017369220033288002,0.3131271302700043,9.0,1.0,0.0,0.0,0.03616045415401459,-1.4901161193847656e-08,nan,0.002870408119633794,-0.034066520631313324,0.016843540593981743,-8.857501961756498e-05,-0.18263165652751923,0.042567986994981766,0.1725853979587555,-0.1536349207162857,-0.0,0.0,-0.0,-0.0,0.0,0.0,-0.0,-0.018099501729011536,0.02339710108935833,-0.005384990479797125,-0.2200591117143631,0.016780707985162735,0.22590090334415436,-0.05865897983312607,0.03912663087248802,0.001523147220723331,-0.041864607483148575,0.00013695070811081678,0.008987831883132458,-0.0002924885193351656,-0.005973168648779392,0.04289541393518448,-0.011503535322844982,-0.04327201470732689,-0.014653846621513367,-0.0028186924755573273,0.019430845975875854,0.013067115098237991,0.024795914068818092,0.011893565766513348,-0.04865700379014015,-0.23471295833587646,0.013962015509605408,0.2453317493200302,-0.04559186473488808,0.024795914068818092,0.011893565766513348,-0.04865700379014015,-0.23471295833587646,0.013962015509605408,0.2453317493200302,-0.04559186473488808,0.024795914068818092,0.011893565766513348,-0.04865700379014015,-0.23471295833587646,0.013962015509605408,0.2453317493200302,-0.04559186473488808
4.094000000000001,0.03615713119506836,0.03615713119506836,nan,nan,nan,nan,0.2182416021823883,0.0,0.22011496126651764,0.12557919323444366,0.0,0.0,0.0,0.0,0.0020000000949949026,0.00800000037997961,64.0,0.17587879300117493,1.5336741209030151,0.07579941302537918,14.16962718963623,-2.4767068680375814e-05,-0.00015652080764994025,0.21998320519924164,0.0,0.9716299772262573,0.016851026564836502,0.3149731159210205,9.0,1.0,0.0,0.0,0.03615712374448776,-7.450580596923828e-09,nan,0.0027028569020330906,-0.034066520631313324,0.016843540593981743,-8.857501961756498e-05,-0.18263165652751923,0.042567986994981766,0.1725853979587555,-0.1536349207162857,-0.0007916231406852603,0.0003914029512088746,-2.0582681372616207e-06,-0.004243916366249323,0.0009891765657812357,0.004010465461760759,-0.0035701021552085876,-0.024146847426891327,0.02098012901842594,-0.0034030864480882883,-0.20643837749958038,0.026521075516939163,0.2063131034374237,-0.09452663362026215,0.039531197398900986,0.0015868894988670945,-0.0421995185315609,0.0001453945878893137,0.009184754453599453,-0.0002907623420469463,-0.006117664277553558,0.04654085263609886,-0.005492815747857094,-0.044466305524110794,-0.020535245537757874,-0.006638236343860626,0.028409630060195923,0.03500942885875702,0.022394005209207535,0.015487313270568848,-0.04786939173936844,-0.22697362303733826,0.019882839173078537,0.23472273349761963,-0.05951720476150513,0.022394005209207535,0.015487313270568848,-0.04786939173936844,-0.22697362303733826,0.019882839173078537,0.23472273349761963,-0.05951720476150513,0.022394005209207535,0.015487313270568848,-0.04786939173936844,-0.22697362303733826,0.019882839173078537,0.23472273349761963,-0.05951720476150513
4.170999999999999,0.036162976175546646,0.036162976175546646,nan,nan,nan,nan,0.21871374547481537,0.0,0.2201371192932129,0.1255880743265152,0.0,0.0,0.0,0.0,0.0010000000474974513,0.013000000268220901,64.0,0.17213945090770721,1.6808528900146484,0.01764390617609024,14.681364059448242,-0.00020580156706273556,-6.109185051172972e-07,0.22034230828285217,0.0,0.9831817746162415,0.01633072830736637,0.31700050830841064,9.0,1.0,0.0,0.0,0.03616296872496605,-7.450580596923828e-09,nan,0.002535982755944133,0.0079859159886837,0.050002116709947586,-0.0008761509670875967,-0.1911935806274414,-0.0007801894098520279,0.2193564772605896,0.052558451890945435,0.000814187980722636,0.005097865127027035,-8.932621130952612e-05,-0.019492756575345993,-7.954263855936006e-05,0.022364046424627304,0.005358491092920303,-0.020995385944843292,0.02828245423734188,-0.009535811841487885,-0.20579174160957336,0.00899001769721508,0.21635307371616364,-0.05937478318810463,0.03992564603686333,0.001622402691282332,-0.0425279438495636,0.00015569438983220607,0.00939546525478363,-0.0003258718934375793,-0.006275738123804331,0.04048336297273636,-0.008271032944321632,-0.039884768426418304,-0.012150436639785767,0.011962853372097015,0.008866816759109497,-0.009851474314928055,0.019487978890538216,0.02001142129302025,-0.04942058026790619,-0.21794217824935913,0.020952871069312096,0.22521989047527313,-0.06922625750303268,0.019487978890538216,0.02001142129302025,-0.04942058026790619,-0.21794217824935913,0.020952871069312096,0.22521989047527313,-0.06922625750303268,0.019487978890538216,0.02001142129302025,-0.04942058026790619,-0.21794217824935913,0.020952871069312096,0.22521989047527313,-0.06922625750303268
4.263999999999996,0.03616984188556671,0.03616984188556671,nan,nan,nan,nan,0.21959471702575684,0.0,0.22086362540721893,0.12581458687782288,0.0,0.0,0.0,0.0,0.009999999776482582,0.012000000104308128,64.0,0.1686452329158783,1.5610466003417969,0.016801990568637848,10.619067192077637,0.00033815146889537573,8.25782772153616e-05,0.22060805559158325,-0.00010865430522244424,0.9811668395996094,0.01585048995912075,0.36883509159088135,9.0,1.0,0.0,0.0,0.036169830709695816,-1.1175870895385742e-08,nan,0.0023906708229333162,-0.0328754186630249,0.015444663353264332,0.0025561219081282616,-0.1672331839799881,0.04992089793086052,0.19321909546852112,-0.14450424909591675,-0.0,0.0,0.0,-0.0,0.0,0.0,-0.0,-0.01815493404865265,0.029586447402834892,-0.004172108136117458,-0.1928420513868332,0.018760275095701218,0.21186527609825134,-0.05963509529829025,0.040373217314481735,0.0016868442762643099,-0.04291961342096329,0.00015118964074645191,0.009641704149544239,-0.0003251052985433489,-0.006452751345932484,0.03991076350212097,-0.0035083573311567307,-0.04493550583720207,-0.016775205731391907,0.0024107936769723892,0.00919504463672638,-0.0009808428585529327,0.021755827590823174,0.02607809007167816,-0.049107614904642105,-0.2096172571182251,0.021171068772673607,0.22106032073497772,-0.060615938156843185,0.021755827590823174,0.02607809007167816,-0.049107614904642105,-0.2096172571182251,0.021171068772673607,0.22106032073497772,-0.060615938156843185,0.021755827590823174,0.02607809007167816,-0.049107614904642105,-0.2096172571182251,0.021171068772673607,0.22106032073497772,-0.060615938156843185
4.367999999999995,0.03524700179696083,0.03524700179696083,nan,nan,nan,nan,0.16758014261722565,0.0,0.16592943668365479,0.8150957822799683,0.0,0.0,0.0,0.0,0.0010000000474974513,0.017000000923871994,64.0,0.16370192170143127,1.5652049779891968,0.013337470591068268,18.481306076049805,-0.024706251919269562,-0.030237261205911636,0.1603984236717224,-0.04751738905906677,0.9810977578163147,0.015205802395939827,0.3572160303592682,9.0,1.0,0.0,0.0,0.03524699807167053,-3.725290298461914e-09,nan,0.009280678816139698,-0.0328754186630249,0.015444663353264332,0.0025561219081282616,-0.1672331839799881,0.04992089793086052,0.19321909546852112,-0.14450424909591675,-0.0,0.0,0.0,-0.0,0.0,0.0,-0.0,-0.026362774893641472,0.021701276302337646,-0.00042058370308950543,-0.17856305837631226,0.036134809255599976,0.2014685571193695,-0.10695641487836838,3.5107867006445304e-05,1.283192523260368e-05,1.9097256881650537e-05,2.4239221602329053e-05,-4.069082024216186e-06,-1.1142937182739843e-05,5.671460894518532e-05,0.0326412171125412,0.003535894677042961,-0.03278288245201111,-0.017710506916046143,-0.008216049522161484,0.011309564113616943,0.028660796582698822,0.006278442218899727,0.025237170979380608,-0.03320346772670746,-0.1962735652923584,0.027918759733438492,0.21277812123298645,-0.07829561829566956,0.006278442218899727,0.025237170979380608,-0.03320346772670746,-0.1962735652923584,0.027918759733438492,0.21277812123298645,-0.07829561829566956,0.006278442218899727,0.025237170979380608,-0.03320346772670746,-0.1962735652923584,0.027918759733438492,0.21277812123298645,-0.07829561829566956
4.495999999999995,0.03239627555012703,0.03239627555012703,nan,nan,nan,nan,0.14972424507141113,0.0,0.1501466929912567,0.8060951828956604,0.0,0.0,0.0,0.0,0.004999999888241291,0.009999999776482582,64.0,0.156815305352211,1.2074215412139893,0.01119263470172882,11.566868782043457,-0.023358993232250214,-0.022529859095811844,0.15097582340240479,0.0,0.9951550364494324,0.014904179610311985,0.28230568766593933,9.0,1.0,0.0,0.0,0.03239627182483673,-3.725290298461914e-09,nan,0.008818677626550198,-0.035100121051073074,0.045853760093450546,-0.021478470414876938,-0.18880684673786163,0.005558633711189032,0.21511022746562958,-0.0652131661772728,-0.0,0.0,-0.0,-0.0,0.0,0.0,-0.0,-0.02276630513370037,0.02975539118051529,-0.0043049706146121025,-0.17905838787555695,0.02522956021130085,0.2079513967037201,-0.07604358345270157,-9.49090754147619e-05,1.0018603461503517e-05,0.00017245693015865982,2.770003629848361e-05,-4.080533472006209e-05,-1.0205329999735113e-05,9.692431922303513e-05,0.02004600502550602,-0.0037131793797016144,-0.018914010375738144,-0.011270269751548767,0.0035876035690307617,0.002728477120399475,-0.002613164484500885,-0.002720300108194351,0.026042211800813675,-0.02321898192167282,-0.1903286576271057,0.02881716378033161,0.21067987382411957,-0.07865674793720245,-0.002720300108194351,0.026042211800813675,-0.02321898192167282,-0.1903286576271057,0.02881716378033161,0.21067987382411957,-0.07865674793720245,-0.002720300108194351,0.026042211800813675,-0.02321898192167282,-0.1903286576271057,0.02881716378033161,0.21067987382411957,-0.07865674793720245
4.631,0.030499089509248734,0.030499089509248734,nan,nan,nan,nan,0.15095531940460205,0.0,0.14414164423942566,0.7994868755340576,0.0,0.0,0.0,0.0,0.008999999612569809,0.02500000037252903,64.0,0.15451033413410187,6.995376110076904,0.017549842596054077,14.213047981262207,-0.017891649156808853,-0.019800610840320587,0.14223268628120422,-0.02392500638961792,0.9828668832778931,0.014631194993853569,0.26215383410453796,9.0,1.0,0.0,0.0,0.030499085783958435,-3.725290298461914e-09,nan,0.008598853833973408,0.011767123825848103,0.060790739953517914,0.0006406394531950355,-0.17865294218063354,-0.0052836742252111435,0.2263316959142685,0.05472460016608238,0.00018129056843463331,0.0009365744772367179,9.870032045000698e-06,-0.0027524225879460573,-8.140310092130676e-05,0.0034869867376983166,0.0008431163150817156,-0.0011050973553210497,0.05061871558427811,-0.0012318652588874102,-0.18377554416656494,0.006232221145182848,0.2255997359752655,0.006263865623623133,4.850125333177857e-05,1.739395156619139e-05,2.6405426979181357e-05,2.974630297103431e-05,-5.941057224845281e-06,-1.1812858247139957e-05,7.873616414144635e-05,-0.003540584584698081,-0.013745784759521484,-0.010352376848459244,-0.0027762651443481445,0.012728251516819,-0.00855119526386261,-0.04918895661830902,-0.004645681940019131,0.03687293082475662,-0.01158424187451601,-0.18655180931091309,0.01896047219634056,0.2170485407114029,-0.042925089597702026,-0.004645681940019131,0.03687293082475662,-0.01158424187451601,-0.18655180931091309,0.01896047219634056,0.2170485407114029,-0.042925089597702026,-0.004645681940019131,0.03687293082475662,-0.01158424187451601,-0.18655180931091309,0.01896047219634056,0.2170485407114029,-0.042925089597702026
4.722000000000001,0.02850436046719551,0.02850436046719551,nan,nan,nan,nan,0.13547386229038239,0.0,0.13451798260211945,0.7925809025764465,0.0,0.0,0.0,0.0,0.00800000037997961,0.027000000700354576,64.0,0.15148837864398956,2.017082691192627,0.019243918359279633,25.85403060913086,-0.015487117692828178,-0.018583742901682854,0.13142135739326477,-0.021520450711250305,0.993413507938385,0.014446595683693886,0.2678380012512207,9.0,1.0,0.0,0.0,0.028504356741905212,-3.725290298461914e-09,nan,0.0083326306194067,-0.03485851734876633,0.027680616825819016,0.007285118103027344,-0.15215499699115753,0.05549642816185951,0.19570299983024597,-0.15308474004268646,-0.0,0.0,0.0,-0.0,0.0,0.0,-0.0,-0.01784631982445717,0.039241742342710495,0.002992438618093729,-0.16809219121932983,0.030666574835777283,0.210771381855011,-0.07277080416679382,4.6456636482616886e-05,1.8500108126318082e-05,3.75942763639614e-05,3.078646113863215e-05,-9.008608685689978e-06,-1.1180398360011168e-05,8.957109821494669e-05,0.009398548863828182,-8.050352334976196e-05,-0.00875319354236126,-0.012289419770240784,-0.009428754448890686,0.0052369385957717896,0.02591576799750328,-0.008447770960628986,0.03916123881936073,-0.005760754458606243,-0.18038161098957062,0.021237820386886597,0.21600832045078278,-0.04685503616929054,-0.008447770960628986,0.03916123881936073,-0.005760754458606243,-0.18038161098957062,0.021237820386886597,0.21600832045078278,-0.04685503616929054,-0.008447770960628986,0.03916123881936073,-0.005760754458606243,-0.18038161098957062,0.021237820386886597,0.21600832045078278,-0.04685503616929054
4.811,0.02719917520880699,0.02719917520880699,nan,nan,nan,nan,0.1251564919948578,0.0,0.1275273561477661,0.7859455347061157,0.0,0.0,0.0,0.0,0.0020000000949949026,0.024000000208616257,64.0,0.14929498732089996,0.7299966812133789,0.010034069418907166,16.341745376586914,-0.014771943911910057,-0.017830470576882362,0.12446882575750351,-0.01789691671729088,0.9960193634033203,0.014241937547922134,0.32331615686416626,9.0,1.0,0.0,0.0,0.027199167758226395,-7.450580596923828e-09,nan,0.00804690457880497,-0.0379745215177536,0.059387702494859695,-0.014062408357858658,-0.1749761402606964,0.02864569053053856,0.21734580397605896,-0.07846567034721375,-0.0,0.0,-0.0,-0.0,0.0,0.0,-0.0,-0.022215792909264565,0.05679410323500633,-0.00040122494101524353,-0.1631941944360733,0.05052283778786659,0.21204257011413574,-0.04180878400802612,5.937024252489209e-05,1.9643415726022795e-05,3.097898297710344e-05,3.062819814658724e-05,-7.661181371076964e-06,-1.0204767932009418e-05,9.537675941828638e-05,0.009174774400889874,-0.01162482425570488,-0.0023292568512260914,-0.009966954588890076,-0.017590876668691635,0.0020420849323272705,-0.00305277481675148,-0.013041018508374691,0.04516927897930145,-0.002730481792241335,-0.17316114902496338,0.03293196111917496,0.214084655046463,-0.0448615588247776,-0.013041018508374691,0.04516927897930145,-0.002730481792241335,-0.17316114902496338,0.03293196111917496,0.214084655046463,-0.0448615588247776,-0.013041018508374691,0.04516927897930145,-0.002730481792241335,-0.17316114902496338,0.03293196111917496,0.214084655046463,-0.0448615588247776
4.911000000000001,0.02648845687508583,0.02648845687508583,nan,nan,nan,nan,0.1255577802658081,0.0,0.12299571186304092,0.7821346521377563,0.0,0.0,0.0,0.0,0.004999999888241291,0.00800000037997961,64.0,0.1480182558298111,1.3039913177490234,0.01583527773618698,14.352548599243164,-0.014852621592581272,-0.015455974265933037,0.12239235639572144,0.0,0.9925402402877808,0.014235923066735268,0.3222929835319519,9.0,1.0,0.0,0.0,0.026488453149795532,-3.725290298461914e-09,nan,0.008151162415742874,0.01476422231644392,0.09761209785938263,0.004389796406030655,-0.15437090396881104,0.005456217098981142,0.22805377840995789,0.06607536971569061,0.001045810990035534,0.006914269179105759,0.0003109474782831967,-0.010934730060398579,0.00038648644112981856,0.01615399308502674,0.004680391866713762,-0.01217959076166153,0.07101831585168839,3.660653601400554e-05,-0.1644962877035141,0.035528238862752914,0.221645325422287,-0.011352433823049068,-0.00013650521577801555,1.0049226148112211e-05,0.00024167532683350146,2.948823748738505e-05,-6.476636190200225e-05,-7.2883399298007134e-06,0.00013994058826938272,-0.002232581377029419,-0.019551526755094528,-0.0021192305721342564,-0.005978912115097046,-3.699213266372681e-05,-0.0063228607177734375,-0.027631383389234543,-0.014412172138690948,0.05146678909659386,-0.0020826240070164204,-0.17047519981861115,0.03549124673008919,0.21532246470451355,-0.038983818143606186,-0.014412172138690948,0.05146678909659386,-0.0020826240070164204,-0.17047519981861115,0.03549124673008919,0.21532246470451355,-0.038983818143606186,-0.014412172138690948,0.05146678909659386,-0.0020826240070164204,-0.17047519981861115,0.03549124673008919,0.21532246470451355,-0.038983818143606186
5.094999999999999,0.0233059823513031,0.0233059823513031,nan,nan,nan,nan,0.10578562319278717,0.0,0.10378935188055038,0.7720528841018677,0.0,0.0,0.0,0.0,0.004000000189989805,0.0430000014603138,64.0,0.1459955871105194,22.286481857299805,0.016169622540473938,23.407812118530273,-0.014609313569962978,-0.017508096992969513,0.10089056938886642,-0.026831965893507004,0.9962225556373596,0.014198806136846542,0.3221628963947296,9.0,1.0,0.0,0.0,0.023305978626012802,-3.725290298461914e-09,nan,0.007962411269545555,-0.023478524759411812,0.11019928008317947,0.015095365233719349,-0.11605263501405716,0.13971160352230072,0.2066986858844757,0.036947447806596756,-0.0,0.0,0.0,-0.0,0.0,0.0,0.0,-0.019742563366889954,0.06853098422288895,0.005291745997965336,-0.15304630994796753,0.052062809467315674,0.2145715057849884,-0.04579398036003113,6.864974420750514e-05,2.0094026695005596e-05,3.659239155240357e-05,3.035756162717007e-05,-1.0480704077053815e-05,-8.83889151737094e-06,0.00011225087655475363,0.004224475473165512,-0.012345299124717712,-0.005550839006900787,-0.013326898217201233,-0.014188066124916077,0.0010478794574737549,0.005325213074684143,-0.015518087893724442,0.056185685098171234,-0.0002590930089354515,-0.16637320816516876,0.0378747433423996,0.21561938524246216,-0.040468767285346985,-0.015518087893724442,0.056185685098171234,-0.0002590930089354515,-0.16637320816516876,0.0378747433423996,0.21561938524246216,-0.040468767285346985,-0.015518087893724442,0.056185685098171234,-0.0002590930089354515,-0.16637320816516876,0.0378747433423996,0.21561938524246216,-0.040468767285346985
5.216999999999999,0.021842189133167267,0.021842189133167267,nan,nan,nan,nan,0.0862189456820488,0.0,0.09186403453350067,0.767017126083374,0.0,0.0,0.0,0.0,0.0010000000474974513,0.019999999552965164,64.0,0.14297787845134735,4.526702880859375,0.02281367778778076,12.179664611816406,-0.01720774546265602,-0.014666067436337471,0.09440571069717407,0.0,0.9951246380805969,0.014242924749851227,0.26355087757110596,9.0,1.0,0.0,0.0,0.02184218168258667,-7.450580596923828e-09,nan,0.008266478776931763,-0.047281235456466675,0.07516888529062271,-0.004982801154255867,-0.15300819277763367,0.05813635140657425,0.21131975948810577,-0.10315962135791779,-0.0,0.0,-0.0,-0.0,0.0,0.0,-0.0,-0.033917658030986786,0.07479072362184525,0.0007565752603113651,-0.15163592994213104,0.06074736639857292,0.21366728842258453,-0.06983356177806854,7.829319656593725e-05,2.1902094886172563e-05,3.8893227610969916e-05,3.3279222407145426e-05,-1.1962448297708761e-05,-9.613947440811899e-06,0.0001254414237337187,0.011607978492975235,-0.009605295956134796,0.00040762522257864475,-0.0073356032371521,-0.01133895292878151,0.0013705044984817505,0.020429879426956177,-0.02230967953801155,0.06518542766571045,0.0011642004828900099,-0.15897153317928314,0.04940841346979141,0.21503779292106628,-0.049403682351112366,-0.02230967953801155,0.06518542766571045,0.0011642004828900099,-0.15897153317928314,0.04940841346979141,0.21503779292106628,-0.049403682351112366,-0.02230967953801155,0.06518542766571045,0.0011642004828900099,-0.15897153317928314,0.04940841346979141,0.21503779292106628,-0.049403682351112366
5.311999999999998,0.01942271739244461,0.01942271739244461,nan,nan,nan,nan,0.0773077979683876,0.0,0.0764385312795639,0.7598134279251099,0.0,0.0,0.0,0.0,0.006000000052154064,0.017999999225139618,64.0,0.14065319299697876,0.43286290764808655,0.011521391570568085,12.776275634765625,-0.017853993922472,-0.01385284774005413,0.08043967187404633,0.0,0.9905892014503479,0.014228235930204391,0.2274724245071411,9.0,1.0,0.0,0.0,0.01942271739244461,0.0,nan,0.00810412410646677,-0.03680453822016716,0.06089368835091591,0.020240874961018562,-0.12356632947921753,0.05316319316625595,0.20238155126571655,-0.1596071422100067,-0.0,0.0,0.0,-0.0,0.0,0.0,-0.0,-0.03192571550607681,0.07272635400295258,0.009407749399542809,-0.13834573328495026,0.054933641105890274,0.20997998118400574,-0.09835460782051086,8.462657569907606e-05,2.3754497306072153e-05,4.38193601439707e-05,3.6004148569190875e-05,-1.4066873518459033e-05,-9.921403034240939e-06,0.0001382887567160651,0.006131071597337723,-0.0031860321760177612,-0.0058966404758393764,-0.013682469725608826,-0.003095760941505432,0.0037744641304016113,0.035336390137672424,-0.02579464390873909,0.06954032182693481,0.003511108923703432,-0.15202820301055908,0.05183788016438484,0.21375444531440735,-0.06301821768283844,-0.02579464390873909,0.06954032182693481,0.003511108923703432,-0.15202820301055908,0.05183788016438484,0.21375444531440735,-0.06301821768283844,-0.02579464390873909,0.06954032182693481,0.003511108923703432,-0.15202820301055908,0.05183788016438484,0.21375444531440735,-0.06301821768283844
5.449999999999996,0.01783442497253418,0.01783442497253418,nan,nan,nan,nan,0.0743655264377594,0.0,0.06932209432125092,0.7542133331298828,0.0,0.0,0.0,0.0,-0.0010000000474974513,0.023000000044703484,64.0,0.1395050585269928,8.686589241027832,0.02830103039741516,11.958436965942383,-0.015395049005746841,-0.017763953655958176,0.06695318222045898,-0.021704351529479027,0.9861227869987488,0.01407828088849783,0.28638187050819397,9.0,1.0,0.0,0.0,0.01783442497253418,0.0,nan,0.007892684079706669,-0.03230811655521393,0.1265687495470047,0.027290116995573044,-0.08658232539892197,0.15948012471199036,0.1978650987148285,0.010524994693696499,-0.0,0.0,0.0,-0.0,0.0,0.0,0.0,-0.03290979564189911,0.09417153894901276,0.019004492089152336,-0.11334501206874847,0.10012800991535187,0.20343495905399323,-0.0612439289689064,-0.0001997108047362417,8.235254426836036e-06,0.00034211284946650267,3.5450473660603166e-05,-0.00011404846009099856,-5.398220309871249e-06,0.00021232965809758753,0.0032722502946853638,-0.017085090279579163,-0.00873528327792883,-0.022934511303901672,-0.033011168241500854,0.005878955125808716,-0.012677900493144989,-0.029637545347213745,0.0770864486694336,0.010269208811223507,-0.13627952337265015,0.06711684167385101,0.20931391417980194,-0.07392182946205139,-0.029637545347213745,0.0770864486694336,0.010269208811223507,-0.13627952337265015,0.06711684167385101,0.20931391417980194,-0.07392182946205139,-0.029637545347213745,0.0770864486694336,0.010269208811223507,-0.13627952337265015,0.06711684167385101,0.20931391417980194,-0.07392182946205139
5.534999999999997,0.016017597168684006,0.016017597168684006,nan,nan,nan,nan,0.05278491601347923,0.0,0.05644834041595459,0.7482454776763916,0.0,0.0,0.0,0.0,0.00800000037997961,0.017999999225139618,64.0,0.13709823787212372,1.4630128145217896,0.016786158084869385,18.38459014892578,-0.016792157664895058,-0.01518402062356472,0.05805647373199463,0.0,0.99785315990448,0.014137485064566135,0.25006115436553955,9.0,1.0,0.0,0.0,0.016017593443393707,-3.725290298461914e-09,nan,0.008163348771631718,-0.051534153521060944,0.08369100093841553,0.005459376610815525,-0.13363339006900787,0.07085218280553818,0.20801584422588348,-0.11900307983160019,-0.0,0.0,0.0,-0.0,0.0,0.0,-0.0,-0.042348578572273254,0.08886002749204636,0.01213985774666071,-0.12362713366746902,0.08529108762741089,0.2057565599679947,-0.09051614999771118,9.323901031166315e-05,2.3708704247837886e-05,5.1322804210940376e-05,3.694102633744478e-05,-1.9245577277615666e-05,-9.575200238032266e-06,0.00015829826588742435,0.008255340158939362,-0.005997098982334137,-0.00024530384689569473,-0.005918197333812714,-0.008524976670742035,0.0017291903495788574,0.01272650808095932,-0.03409323841333389,0.08286292850971222,0.011894553899765015,-0.12954533100128174,0.07676611095666885,0.20748575031757355,-0.07778964191675186,-0.03409323841333389,0.08286292850971222,0.011894553899765015,-0.12954533100128174,0.07676611095666885,0.20748575031757355,-0.07778964191675186,-0.03409323841333389,0.08286292850971222,0.011894553899765015,-0.12954533100128174,0.07676611095666885,0.20748575031757355,-0.07778964191675186
5.631,0.014439799822866917,0.014439799822866917,nan,nan,nan,nan,0.05562564358115196,0.0,0.050263240933418274,0.7420303821563721,0.0,0.0,0.0,0.0,0.004000000189989805,0.01899999938905239,64.0,0.13591992855072021,0.4969872534275055,0.008553266525268555,10.556103706359863,-0.01373433880507946,-0.018661392852663994,0.04533618688583374,-0.028909331187605858,0.9953249096870422,0.013939625583589077,0.3121883273124695,9.0,1.0,0.0,0.0,0.014439799822866917,0.0,nan,0.00770040275529027,-0.04047469422221184,0.07922087609767914,0.028760841116309166,-0.10567381232976913,0.054332274943590164,0.19888949394226074,-0.16608035564422607,-0.0,0.0,0.0,-0.0,0.0,0.0,-0.0,-0.021158438175916672,0.11524590104818344,0.0162409208714962,-0.10806531459093094,0.05949058383703232,0.21123428642749786,-0.04918622970581055,0.00010681745334295556,2.3464865080313757e-05,4.2622388718882576e-05,3.60743906639982e-05,-1.712380071694497e-05,-9.113552550843451e-06,0.00016202089318539947,-0.0070748236030340195,-0.01646365225315094,-0.0032682837918400764,-0.012292303144931793,0.011148549616336823,-0.0016498267650604248,-0.010816153138875961,-0.02823326177895069,0.0987822487950325,0.012972637079656124,-0.12035761773586273,0.07063913345336914,0.20958445966243744,-0.06000238284468651,-0.02823326177895069,0.0987822487950325,0.012972637079656124,-0.12035761773586273,0.07063913345336914,0.20958445966243744,-0.06000238284468651,-0.02823326177895069,0.0987822487950325,0.012972637079656124,-0.12035761773586273,0.07063913345336914,0.20958445966243744,-0.06000238284468651
5.6939999999999955,0.013244458474218845,0.013244458474218845,nan,nan,nan,nan,0.04686660319566727,0.0,0.044081442058086395,0.7378159761428833,0.0,0.0,0.0,0.0,0.0,0.012000000104308128,64.0,0.1337602585554123,1.3074642419815063,0.013835728168487549,18.82439613342285,-0.012564258649945259,-0.015699677169322968,0.04094602167606354,0.0,0.9932246804237366,0.013896157033741474,0.2563908100128174,9.0,1.0,0.0,0.0,0.013244451023638248,-7.450580596923828e-09,nan,0.007686762139201164,-0.04047469422221184,0.07922087609767914,0.028760841116309166,-0.10567381232976913,0.054332274943590164,0.19888949394226074,-0.16608035564422607,-0.0,0.0,0.0,-0.0,0.0,0.0,-0.0,-0.029058348387479782,0.10051248222589493,0.02136128395795822,-0.10708723962306976,0.05738094821572304,0.20618554949760437,-0.09699327498674393,-0.0003124698414467275,-2.880845840991242e-06,0.0004787094658240676,3.2780590117909014e-05,-0.0001877578324638307,8.367010764231964e-07,0.0002883605775423348,0.0013293679803609848,0.00041753798723220825,-0.005921689793467522,-0.008756287395954132,0.008842449635267258,0.002747252583503723,0.029244564473628998,-0.027728980407118797,0.10093002021312714,0.0154395941644907,-0.1158435270190239,0.0662233978509903,0.2089328020811081,-0.06774871051311493,-0.027728980407118797,0.10093002021312714,0.0154395941644907,-0.1158435270190239,0.0662233978509903,0.2089328020811081,-0.06774871051311493,-0.027728980407118797,0.10093002021312714,0.0154395941644907,-0.1158435270190239,0.0662233978509903,0.2089328020811081,-0.06774871051311493
5.775999999999996,0.012384121306240559,0.012384121306240559,nan,nan,nan,nan,0.043871574103832245,0.0,0.04045157879590988,0.7342147827148438,0.0,0.0,0.0,0.0,0.006000000052154064,0.009999999776482582,64.0,0.13260102272033691,0.7801232933998108,0.00974070280790329,34.35127258300781,-0.010996870696544647,-0.01498979888856411,0.03645864874124527,0.0,0.990440845489502,0.013869018293917179,0.25845637917518616,9.0,1.0,0.0,0.0,0.012384121306240559,0.0,nan,0.007596942130476236,-0.04038767144083977,0.12883739173412323,0.03804188594222069,-0.06451629102230072,0.17159779369831085,0.19157953560352325,-0.0034216733183711767,-0.0,0.0,0.0,-0.0,0.0,0.0,-0.0,-0.03550444543361664,0.10882048308849335,0.02937786839902401,-0.08936536312103271,0.10385646671056747,0.19903802871704102,-0.06935187429189682,-0.0003189031849615276,-4.789745617017616e-06,0.0004883462097495794,3.1988631235435605e-05,-0.0001996404171222821,2.030078348980169e-06,0.0003009892825502902,0.004687987267971039,-0.007203206419944763,-0.008321112021803856,-0.01733095943927765,-0.029941044747829437,0.006184697151184082,-0.009750746190547943,-0.0308164581656456,0.10161727666854858,0.021056756377220154,-0.10669632256031036,0.07391542196273804,0.2052227258682251,-0.07910262048244476,-0.0308164581656456,0.10161727666854858,0.021056756377220154,-0.10669632256031036,0.07391542196273804,0.2052227258682251,-0.07910262048244476,-0.0308164581656456,0.10161727666854858,0.021056756377220154,-0.10669632256031036,0.07391542196273804,0.2052227258682251,-0.07910262048244476
5.866999999999997,0.011084134690463543,0.011084134690463543,nan,nan,nan,nan,0.04680361598730087,0.0,0.04089537635445595,0.729477047920227,0.0,0.0,0.0,0.0,0.006000000052154064,0.01899999938905239,64.0,0.1317477524280548,0.4908582270145416,0.009935349225997925,9.095671653747559,-0.005039145238697529,-0.014534507878124714,0.03140001371502876,-0.02497228793799877,0.8522284030914307,0.010698555037379265,0.3082272708415985,9.0,1.0,0.0,0.0,0.011084132827818394,-1.862645149230957e-09,nan,0.005104395095258951,-0.06257549673318863,0.10765743255615234,0.015803692862391472,-0.10677680373191833,0.08514310419559479,0.19574999809265137,-0.13143718242645264,-0.0,0.0,0.0,-0.0,0.0,0.0,-0.0,0.017800811678171158,0.08983733505010605,-0.002446259604766965,-0.06139981001615524,-0.02623068355023861,0.11532244086265564,0.05436865985393524,0.0001144594862125814,2.112679067067802e-05,5.164347749087028e-05,3.528447632561438e-05,-2.4661874704179354e-05,-8.629449439467862e-06,0.00018434939556755126,-0.026133613660931587,0.006741873919963837,0.014184999279677868,-0.02427735924720764,0.058202534914016724,0.05073323845863342,-0.072034552693367,-0.00833280198276043,0.09657920897006989,0.011738739907741547,-0.08567716926336288,0.031971849501132965,0.16605567932128906,-0.017665892839431763,-0.00833280198276043,0.09657920897006989,0.011738739907741547,-0.08567716926336288,0.031971849501132965,0.16605567932128906,-0.017665892839431763,-0.00833280198276043,0.09657920897006989,0.011738739907741547,-0.08567716926336288,0.031971849501132965,0.16605567932128906,-0.017665892839431763
6.018999999999998,0.010486460290849209,0.010486460290849209,nan,nan,nan,nan,0.03565660119056702,0.0,0.03698132187128067,0.7272329926490784,0.0,0.0,0.0,0.0,0.0010000000474974513,0.04399999976158142,64.0,0.13077421486377716,4.233162879943848,0.0142659991979599,19.345500946044922,-0.006276915781199932,-0.0039624786004424095,0.03929575905203819,0.002315437188372016,0.9984201788902283,0.010195414535701275,0.11414304375648499,9.0,1.0,0.0,0.0,0.01048645656555891,-3.725290298461914e-09,nan,0.004101309459656477,-0.04537947475910187,0.0901474729180336,0.04051428288221359,-0.08657747507095337,0.061615925282239914,0.1992148458957672,-0.16490601003170013,-0.0,0.0,0.0,-0.0,0.0,0.0,-0.0,-0.010185985825955868,0.1024286150932312,0.009182047098875046,-0.07674455642700195,0.017986098304390907,0.15627186000347137,-0.01837194338440895,0.00012441941362340003,2.1741981981904246e-05,4.741524753626436e-05,3.6980112781748176e-05,-2.2382224415196106e-05,-9.943983968696557e-06,0.00018868078768718988,0.003008101135492325,-0.00514877587556839,-0.00029158126562833786,-0.0045180246233940125,0.004664542153477669,0.001031145453453064,0.00725591741502285,-0.007177884690463543,0.09727983921766281,0.008890465833246708,-0.08126258105039597,0.022650640457868576,0.15730300545692444,-0.0111160259693861,-0.007177884690463543,0.09727983921766281,0.008890465833246708,-0.08126258105039597,0.022650640457868576,0.15730300545692444,-0.0111160259693861,-0.007177884690463543,0.09727983921766281,0.008890465833246708,-0.08126258105039597,0.022650640457868576,0.15730300545692444,-0.0111160259693861
6.159999999999997,0.010434954427182674,0.010434954427182674,nan,nan,nan,nan,0.03777143359184265,0.0,0.03545519337058067,0.727014422416687,0.0,0.0,0.0,0.0,0.0020000000949949026,0.04600000008940697,64.0,0.13092085719108582,1.1116303205490112,0.012993812561035156,24.54067611694336,-0.006962995510548353,-0.003390548750758171,0.03902763873338699,-0.0025020588655024767,0.9945207238197327,0.010576371103525162,0.1720513105392456,9.0,1.0,0.0,0.0,0.010434950701892376,-3.725290298461914e-09,nan,0.00462490925565362,0.0885516032576561,0.13363361358642578,-0.03473299741744995,-0.007528379093855619,-0.1573639065027237,0.07516810297966003,0.18062105774879456,0.02212386764585972,0.03338722512125969,-0.00867774523794651,-0.0018809016328305006,-0.03931603580713272,0.018780114129185677,0.04512663930654526,-0.010765129700303078,0.10471721738576889,0.015809688717126846,-0.07317669689655304,0.011500459164381027,0.16643977165222168,-0.049573034048080444,0.0001279368734685704,2.1831676349393092e-05,4.281731162336655e-05,3.70576890418306e-05,-2.3968690584297292e-05,-1.0206294064118993e-05,0.00018922731396742165,-0.0018835486844182014,-0.006401479244232178,-0.002474382519721985,-0.00691600888967514,0.013640688732266426,-0.0036076903343200684,0.015233829617500305,-0.01264867838472128,0.09831573814153671,0.013335306197404861,-0.08009270578622818,0.025141147896647453,0.1628320813179016,-0.03433920443058014,-0.01264867838472128,0.09831573814153671,0.013335306197404861,-0.08009270578622818,0.025141147896647453,0.1628320813179016,-0.03433920443058014,-0.01264867838472128,0.09831573814153671,0.013335306197404861,-0.08009270578622818,0.025141147896647453,0.1628320813179016,-0.03433920443058014
6.247,0.009478391148149967,0.009478391148149967,nan,nan,nan,nan,0.023368988186120987,0.0,0.026265088468790054,0.7225490212440491,0.0,0.0,0.0,0.0,0.0020000000949949026,0.019999999552965164,64.0,0.1299181431531906,2.368872880935669,0.008799135684967041,14.254749298095703,-0.008371326141059399,-0.006921382155269384,0.027715032920241356,-0.022100936621427536,0.9908692240715027,0.011324320919811726,0.18485628068447113,9.0,1.0,0.0,0.0,0.00947838556021452,-5.587935447692871e-09,nan,0.006539802998304367,-0.053435567766427994,0.1291743814945221,0.03497297689318657,-0.0827731266617775,0.08510080724954605,0.20251792669296265,-0.11886319518089294,-0.0,0.0,0.0,-0.0,0.0,0.0,-0.0,-0.03362147510051727,0.11781765520572662,0.026074472814798355,-0.07831700891256332,0.050924357026815414,0.18576498329639435,-0.08668819814920425,0.00012724912085104734,2.1608433598885313e-05,4.693945811595768e-05,3.821287100436166e-05,-2.6625350074027665e-05,-1.1385681318643037e-05,0.00019475810404401273,0.014063868671655655,-0.012054204940795898,-0.008013781160116196,-0.0002941712737083435,-0.01872985064983368,-0.01467294991016388,0.0327247753739357,-0.019557606428861618,0.10576345026493073,0.01806069165468216,-0.07861118018627167,0.032194506376981735,0.17109203338623047,-0.053963422775268555,-0.019557606428861618,0.10576345026493073,0.01806069165468216,-0.07861118018627167,0.032194506376981735,0.17109203338623047,-0.053963422775268555,-0.019557606428861618,0.10576345026493073,0.01806069165468216,-0.07861118018627167,0.032194506376981735,0.17109203338623047,-0.053963422775268555
6.2989999999999995,0.008531195111572742,0.008531195111572742,nan,nan,nan,nan,0.03135552257299423,0.0,0.022745801135897636,0.7193416357040405,0.0,0.0,0.0,0.0,0.0,0.014000000432133675,64.0,0.12898042798042297,1.032723069190979,0.009260140359401703,13.509973526000977,-0.00451646139845252,-0.0077193318866193295,0.019542930647730827,0.0,0.9693900346755981,0.012242312543094158,0.19879703223705292,9.0,1.0,0.0,0.0,0.008531187660992146,-7.450580596923828e-09,nan,0.00807416345924139,0.024502964690327644,0.20970672369003296,0.021497810259461403,-0.010677252896130085,0.03327411413192749,0.19376690685749054,0.07870042324066162,0.005554834846407175,0.04754062369465828,0.004873564932495356,-0.0024205390363931656,0.007543259300291538,0.04392705857753754,0.01784142665565014,-0.0004532076418399811,0.18551012873649597,0.025553381070494652,-0.043216194957494736,0.04448560252785683,0.2073211818933487,0.008490817621350288,0.00013759186549577862,2.1089323126943782e-05,4.393392373458482e-05,3.723345434991643e-05,-2.5756702598300762e-05,-1.1285535038041417e-05,0.00020165072055533528,-0.014347026124596596,-0.05162477493286133,-0.003929222002625465,-0.02318922057747841,-0.00597793236374855,-0.02265256643295288,-0.04513274133205414,-0.014800233766436577,0.13388535380363464,0.021624159067869186,-0.06640541553497314,0.038507670164108276,0.1846686154603958,-0.0366419218480587,-0.014800233766436577,0.13388535380363464,0.021624159067869186,-0.06640541553497314,0.038507670164108276,0.1846686154603958,-0.0366419218480587,-0.014800233766436577,0.13388535380363464,0.021624159067869186,-0.06640541553497314,0.038507670164108276,0.1846686154603958,-0.0366419218480587
6.390999999999998,0.00797600019723177,0.00797600019723177,nan,nan,nan,nan,0.027023205533623695,0.0,0.02339777536690235,0.7167147397994995,0.0,0.0,0.0,0.0,0.0,0.01899999938905239,64.0,0.12866352498531342,2.383723735809326,0.010390765964984894,14.655014038085938,-0.0008426159620285034,-0.009018209762871265,0.01522218156605959,-0.012163955718278885,0.9948780536651611,0.01304638385772705,0.25265851616859436,9.0,1.0,0.0,0.0,0.007975996471941471,-3.725290298461914e-09,nan,0.007691739127039909,-0.056018952280282974,0.12448196113109589,0.05821191146969795,-0.05345210060477257,0.07122189551591873,0.1721382439136505,-0.17440250515937805,-0.0,0.0,0.0,-0.0,0.0,0.0,-0.0,-0.01634070836007595,0.1734064519405365,0.0374450646340847,-0.04288502037525177,0.05366047844290733,0.19896650314331055,-0.04546044394373894,0.00015683403762523085,2.1914604076300748e-05,2.649095949891489e-05,3.693012331495993e-05,-1.7023981854435988e-05,-1.1798008017649408e-05,0.0001974286133190617,0.00485498271882534,-0.01798456907272339,-0.011192068457603455,-0.012574009597301483,-0.010474883019924164,-0.005560755729675293,0.017899177968502045,-0.01148572564125061,0.1554218828678131,0.026252996176481247,-0.05545902997255325,0.04318559542298317,0.19340574741363525,-0.027561265975236893,-0.01148572564125061,0.1554218828678131,0.026252996176481247,-0.05545902997255325,0.04318559542298317,0.19340574741363525,-0.027561265975236893,-0.01148572564125061,0.1554218828678131,0.026252996176481247,-0.05545902997255325,0.04318559542298317,0.19340574741363525,-0.027561265975236893
6.524000000000001,0.007725314237177372,0.007725314237177372,nan,nan,nan,nan,0.03265092149376869,0.0,0.024676412343978882,0.7155313491821289,0.0,0.0,0.0,0.0,0.007000000216066837,0.03700000047683716,64.0,0.12831400334835052,1.0017073154449463,0.00820215791463852,22.013042449951172,0.0008063586428761482,-0.0028468728996813297,0.021023180335760117,2.9399589038803242e-05,0.9315842986106873,0.012592739425599575,0.2144053727388382,9.0,1.0,0.0,0.0,0.0077253105118870735,-3.725290298461914e-09,nan,0.006524879485368729,0.10866029560565948,0.03833811357617378,-0.05400366708636284,-0.019827375188469887,-0.1414676457643509,0.021134747192263603,0.23011700809001923,0.05186951532959938,0.01830088347196579,-0.025778912007808685,-0.009464693255722523,-0.06753026694059372,0.01008877344429493,0.10984746366739273,0.022508027032017708,0.1351214051246643,0.011100010946393013,-0.03810832276940346,-0.0016505960375070572,0.1505318284034729,0.045800480991601944,0.00015242402150761336,1.9870345568051562e-05,3.3566604543011636e-05,3.531450420268811e-05,-2.3245505872182548e-05,-1.1618260032264516e-05,0.00020478635269682854,-0.03016437403857708,0.01855434477329254,0.015332391485571861,-0.011930707842111588,0.0408606231212616,0.03553561866283417,-0.06568020582199097,-0.007656347006559372,0.15367574989795685,0.026432402431964874,-0.050039030611515045,0.03921002894639969,0.18606744706630707,-0.019879724830389023,-0.007656347006559372,0.15367574989795685,0.026432402431964874,-0.050039030611515045,0.03921002894639969,0.18606744706630707,-0.019879724830389023,-0.007656347006559372,0.15367574989795685,0.026432402431964874,-0.050039030611515045,0.03921002894639969,0.18606744706630707,-0.019879724830389023
6.619999999999997,0.007925170473754406,0.007925170473754406,nan,nan,nan,nan,0.028815846890211105,0.0,0.026607975363731384,0.7168300747871399,0.0,0.0,0.0,0.0,0.0020000000949949026,0.02500000037252903,64.0,0.12852710485458374,2.1697189807891846,0.02237129956483841,12.49935245513916,0.0008615730330348015,0.0001141102984547615,0.025860514491796494,-0.0013656914234161377,0.9946180582046509,0.012015478685498238,0.21578173339366913,9.0,1.0,0.0,0.0,0.007925166748464108,-3.725290298461914e-09,nan,0.005865161772817373,0.024475833401083946,0.19374920427799225,0.02004309743642807,-0.03406405821442604,0.025092536583542824,0.21456067264080048,0.06028413027524948,0.0,0.0,0.0,-0.0,0.0,0.0,0.0,0.003312811953946948,0.15509909391403198,0.02064361609518528,-0.04191463068127632,0.029589563608169556,0.17935162782669067,0.015696128830313683,0.00015217413601931185,1.9054637959925458e-05,3.3165717468364164e-05,3.467958595138043e-05,-2.431438770145178e-05,-1.1933338100789115e-05,0.00020516292715910822,-0.00743924081325531,-0.005976349115371704,0.0027546100318431854,-0.004935566335916519,0.004390563815832138,-0.0017185509204864502,-0.02235093154013157,-0.004126428626477718,0.14912274479866028,0.023398226127028465,-0.04685019701719284,0.033980127424001694,0.17763307690620422,-0.006654802709817886,-0.004126428626477718,0.14912274479866028,0.023398226127028465,-0.04685019701719284,0.033980127424001694,0.17763307690620422,-0.006654802709817886,-0.004126428626477718,0.14912274479866028,0.023398226127028465,-0.04685019701719284,0.033980127424001694,0.17763307690620422,-0.006654802709817886
6.695,0.008000980131328106,0.008000980131328106,nan,nan,nan,nan,0.028007417917251587,0.0,0.027584290131926537,0.7172933220863342,0.0,0.0,0.0,0.0,0.008999999612569809,0.009999999776482582,64.0,0.12865549325942993,1.0025808811187744,0.009168870747089386,15.788436889648438,0.0017449278384447098,0.000622129999101162,0.026461493223905563,0.007298588752746582,0.989926815032959,0.012257403694093227,0.263302743434906,9.0,1.0,0.0,0.0,0.008000976406037807,-3.725290298461914e-09,nan,0.0062344311736524105,-0.06188564375042915,0.11271917074918747,0.06712836027145386,-0.04976044222712517,0.07362622022628784,0.18105755746364594,-0.16816532611846924,-0.0,0.0,0.0,-0.0,0.0,0.0,-0.0,-0.014696383848786354,0.14793220162391663,0.03612557053565979,-0.043114662170410156,0.04353988170623779,0.18634410202503204,-0.03784235194325447,0.00015850883210077882,1.9832970792776905e-05,2.7368638257030398e-05,3.56308082700707e-05,-2.195253000536468e-05,-1.2967851034773048e-05,0.00020425085676833987,0.010700640268623829,0.004083901643753052,-0.010259933769702911,-0.0014040768146514893,-0.008502580225467682,-0.004557698965072632,0.0308739822357893,-0.003995743580162525,0.15201610326766968,0.02586563676595688,-0.044518738985061646,0.03503730148077011,0.1817864030599594,-0.006968369707465172,-0.003995743580162525,0.15201610326766968,0.02586563676595688,-0.044518738985061646,0.03503730148077011,0.1817864030599594,-0.006968369707465172,-0.003995743580162525,0.15201610326766968,0.02586563676595688,-0.044518738985061646,0.03503730148077011,0.1817864030599594,-0.006968369707465172
6.787999999999997,0.0081260921433568,0.0081260921433568,nan,nan,nan,nan,0.024901315569877625,0.0,0.02665632963180542,0.7172791957855225,0.0,0.0,0.0,0.0,0.004999999888241291,0.013000000268220901,64.0,0.1288658231496811,25.79192543029785,0.013939104974269867,29.375747680664062,0.0008532153442502022,0.0003632279112935066,0.026166342198848724,0.0,0.9640121459960938,0.012413326650857925,0.183095782995224,9.0,1.0,0.0,0.0,0.0081260921433568,0.0,nan,0.007052978500723839,-0.06188564375042915,0.11271917074918747,0.06712836027145386,-0.04976044222712517,0.07362622022628784,0.18105755746364594,-0.16816532611846924,-0.0,0.0,0.0,-0.0,0.0,0.0,-0.0,-0.039336226880550385,0.12954573333263397,0.052313659340143204,-0.04658475145697594,0.05924944952130318,0.18358372151851654,-0.10589040815830231,0.00016080659406725317,2.069420770567376e-05,2.438023147988133e-05,3.7149748095544055e-05,-2.0551926354528405e-05,-1.4210815606929827e-05,0.00020270659297239035,0.022489052265882492,0.014601081609725952,-0.01648503914475441,0.0015786848962306976,-0.01522655040025711,-0.0006491094827651978,0.06273486465215683,-0.016847174614667892,0.14414681494235992,0.035828620195388794,-0.04500606656074524,0.044022899121046066,0.18293461203575134,-0.04315554350614548,-0.016847174614667892,0.14414681494235992,0.035828620195388794,-0.04500606656074524,0.044022899121046066,0.18293461203575134,-0.04315554350614548,-0.016847174614667892,0.14414681494235992,0.035828620195388794,-0.04500606656074524,0.044022899121046066,0.18293461203575134,-0.04315554350614548
6.870999999999995,0.008441605605185032,0.008441605605185032,nan,nan,nan,nan,0.0235403124243021,0.0,0.024831244722008705,0.7165178656578064,0.0,0.0,0.0,0.0,0.008999999612569809,0.013000000268220901,64.0,0.12920109927654266,0.5844962000846863,0.02071727067232132,9.641043663024902,-0.00192238949239254,0.00080820731818676,0.027561841532588005,0.0,0.9947949051856995,0.013080021366477013,0.19529381394386292,9.0,1.0,0.0,0.0,0.008441603742539883,-1.862645149230957e-09,nan,0.0080934539437294,0.009388921782374382,0.21389304101467133,0.042258165776729584,0.005942404270172119,0.05887891724705696,0.19302839040756226,0.04017296060919762,0.001468896633014083,0.03346356377005577,0.006611288990825415,0.000929689034819603,0.009211605414748192,0.030199289321899414,0.0062850588001310825,-0.04263412207365036,0.17499423027038574,0.0526493564248085,-0.023461686447262764,0.07527049630880356,0.18763883411884308,-0.07465867698192596,0.0001503599196439609,2.169694926124066e-05,3.3440002880524844e-05,3.9245282096089795e-05,-2.7323365429765545e-05,-1.4540897609549575e-05,0.00020664492330979556,0.01188712939620018,-0.023495033383369446,-0.008877977728843689,-0.014787307009100914,-0.017824068665504456,-0.004420757293701172,0.009167268872261047,-0.03074699267745018,0.1514991968870163,0.04377137869596481,-0.03824899345636368,0.0574464276432991,0.1832180768251419,-0.06549140810966492,-0.03074699267745018,0.1514991968870163,0.04377137869596481,-0.03824899345636368,0.0574464276432991,0.1832180768251419,-0.06549140810966492,-0.03074699267745018,0.1514991968870163,0.04377137869596481,-0.03824899345636368,0.0574464276432991,0.1832180768251419,-0.06549140810966492
6.955999999999996,0.008400681428611279,0.008400681428611279,nan,nan,nan,nan,0.032144155353307724,0.0,0.026745302602648735,0.7145395278930664,0.0,0.0,0.0,0.0,0.007000000216066837,0.01600000075995922,64.0,0.1292048543691635,1.4510676860809326,0.011509284377098083,12.146400451660156,0.001998297870159149,0.0005107494071125984,0.02525775507092476,-0.00579468859359622,0.9972694516181946,0.01432170532643795,0.20788705348968506,9.0,1.0,0.0,0.0,0.00840067770332098,-3.725290298461914e-09,nan,0.009893767535686493,-0.05986544489860535,0.12464775890111923,0.07490994036197662,-0.036799196153879166,0.05315183103084564,0.18941953778266907,-0.15877187252044678,-0.0033416524529457092,0.006957761012017727,0.004181426949799061,-0.0020541085395962,0.002966902684420347,0.010573281906545162,-0.00886254757642746,-0.023445818573236465,0.20901022851467133,0.0577305443584919,-0.013168685138225555,0.07222666591405869,0.2146339863538742,-0.037943437695503235,0.00014702678890898824,2.198283254983835e-05,3.670084333862178e-05,4.0300616092281416e-05,-2.9778608222841285e-05,-1.4954843209125102e-05,0.00020849364227615297,-0.0030151493847370148,-0.027619540691375732,-0.008634377270936966,-0.011806592345237732,-0.006292790174484253,-0.017641931772232056,-0.009541600942611694,-0.02646096795797348,0.1813906878232956,0.04909616708755493,-0.024975277483463287,0.06593387573957443,0.19699205458164215,-0.04748503863811493,-0.02646096795797348,0.1813906878232956,0.04909616708755493,-0.024975277483463287,0.06593387573957443,0.19699205458164215,-0.04748503863811493,-0.02646096795797348,0.1813906878232956,0.04909616708755493,-0.024975277483463287,0.06593387573957443,0.19699205458164215,-0.04748503863811493
7.1839999999999975,0.008333978243172169,0.008333978243172169,nan,nan,nan,nan,0.03049391135573387,0.0,0.02615349367260933,0.7121384143829346,0.0,0.0,0.0,0.0,-0.006000000052154064,0.0949999988079071,64.0,0.12900310754776,1.2352168560028076,0.01559872180223465,14.391879081726074,0.0019433051347732544,-0.00029005017131567,0.02392013743519783,0.0028063200879842043,0.9989974498748779,0.014832285232841969,0.1996934860944748,9.0,1.0,0.0,0.0,0.008333978243172169,0.0,nan,0.010073713026940823,0.029382998123764992,0.16329874098300934,0.02561614289879799,-0.048441387712955475,0.02735382318496704,0.23675593733787537,0.051631443202495575,0.004026640206575394,0.022378426045179367,0.003510430920869112,-0.006638397928327322,0.003748562652617693,0.03244498372077942,0.007075562607496977,-0.03092033974826336,0.19947049021720886,0.06588716804981232,-0.017029112204909325,0.08175913244485855,0.21919678151607513,-0.046837929636240005,0.00015300573431886733,2.1595113139483146e-05,3.194270175299607e-05,4.090324728167616e-05,-3.1431092793354765e-05,-1.620281364012044e-05,0.00021169005776755512,0.0023096520453691483,-0.012262046337127686,-0.011443421244621277,-0.005182350054383278,-0.011933773756027222,-0.016097113490104675,-0.0036666952073574066,-0.02861068770289421,0.18720844388008118,0.05444374680519104,-0.022211462259292603,0.06982535868883133,0.20309966802597046,-0.05050462484359741,-0.02861068770289421,0.18720844388008118,0.05444374680519104,-0.022211462259292603,0.06982535868883133,0.20309966802597046,-0.05050462484359741,-0.02861068770289421,0.18720844388008118,0.05444374680519104,-0.022211462259292603,0.06982535868883133,0.20309966802597046,-0.05050462484359741
7.2479999999999976,0.008674428798258305,0.008674428798258305,nan,nan,nan,nan,0.032500434666872025,0.0,0.03000030480325222,0.7125065326690674,0.0,0.0,0.0,0.0,0.004999999888241291,0.014000000432133675,64.0,0.12912361323833466,0.7558008432388306,0.00973045825958252,9.764715194702148,0.0010979510843753815,0.0008648638613522053,0.029767217114567757,0.0,0.9957028031349182,0.01552039198577404,0.15112997591495514,9.0,1.0,0.0,0.0,0.008674423210322857,-5.587935447692871e-09,nan,0.007500162813812494,-0.03001733496785164,0.19510900974273682,0.08046547323465347,0.029501410201191902,0.07799722999334335,0.18774299323558807,-0.04853254184126854,-0.009696824476122856,0.06302817165851593,0.025993632152676582,0.009530159644782543,0.025196289643645287,0.06064864620566368,-0.01567799225449562,-0.04232931509613991,0.23613181710243225,0.07169908285140991,0.01160364504903555,0.08945100009441376,0.2102425992488861,-0.04747074842453003,-7.683620060561225e-05,6.894259172440798e-07,0.0002460296091157943,3.638079215306789e-05,-0.0002209242811659351,-4.166547569184331e-06,0.0003422616282477975,0.008253000676631927,-0.03140042722225189,-0.012762054800987244,-0.022787971422076225,-0.012734182178974152,-0.006533607840538025,-0.000437028706073761,-0.03407631441950798,0.20473138988018036,0.05893702805042267,-0.011184326373040676,0.0767168179154396,0.20370899140834808,-0.04790777713060379,-0.03407631441950798,0.20473138988018036,0.05893702805042267,-0.011184326373040676,0.0767168179154396,0.20370899140834808,-0.04790777713060379,-0.03407631441950798,0.20473138988018036,0.05893702805042267,-0.011184326373040676,0.0767168179154396,0.20370899140834808,-0.04790777713060379
7.302,0.008854984305799007,0.008854984305799007,nan,nan,nan,nan,0.03496769815683365,0.0,0.03246233984827995,0.7139899134635925,0.0,0.0,0.0,0.0,0.0020000000949949026,0.007000000216066837,64.0,0.12940214574337006,0.47900062799453735,0.007607974112033844,10.515573501586914,0.0033103665336966515,0.0016253250651061535,0.030777299776673317,0.0,0.993438184261322,0.016338123008608818,0.14101481437683105,9.0,1.0,0.0,0.0,0.00885497871786356,-5.587935447692871e-09,nan,0.008341928012669086,-0.08890065550804138,0.11211707442998886,0.08568694442510605,-0.020802726969122887,0.05263033136725426,0.15817399322986603,-0.1842890828847885,-0.026406895369291306,0.03330306336283684,0.025452300906181335,-0.006179206073284149,0.015633221715688705,0.04698373004794121,-0.05474090576171875,-0.05633825436234474,0.22531795501708984,0.08805045485496521,0.010509658604860306,0.08918964117765427,0.21974056959152222,-0.08923007547855377,0.00016057900211308151,2.053095340670552e-05,2.1682828446500935e-05,4.134948176215403e-05,-2.5628534785937518e-05,-1.8839258700609207e-05,0.00020506449800450355,0.017569687217473984,-0.008818402886390686,-0.020294226706027985,-0.012130352668464184,-0.006930820643901825,-0.009727254509925842,0.035073552280664444,-0.03876856714487076,0.21649955213069916,0.06775622814893723,-0.001620694063603878,0.08225882053375244,0.21001331508159637,-0.05415652319788933,-0.03876856714487076,0.21649955213069916,0.06775622814893723,-0.001620694063603878,0.08225882053375244,0.21001331508159637,-0.05415652319788933,-0.03876856714487076,0.21649955213069916,0.06775622814893723,-0.001620694063603878,0.08225882053375244,0.21001331508159637,-0.05415652319788933
7.417999999999999,0.009055274538695812,0.009055274538695812,nan,nan,nan,nan,0.021439876407384872,0.0,0.025645393878221512,0.7184685468673706,0.0,0.0,0.0,0.0,0.0010000000474974513,0.019999999552965164,64.0,0.12959842383861542,4.886221885681152,0.014259479939937592,22.11993408203125,0.0005035987123847008,0.0019566738046705723,0.02709846757352352,0.0011350028216838837,0.9747827649116516,0.017010139301419258,0.22422446310520172,9.0,1.0,0.0,0.0,0.009055268950760365,-5.587935447692871e-09,nan,0.013491960242390633,-0.08890065550804138,0.11211707442998886,0.08568694442510605,-0.020802726969122887,0.05263033136725426,0.15817399322986603,-0.1842890828847885,-0.030515240505337715,0.038484301418066025,0.029412131756544113,-0.007140557747334242,0.01806541532278061,0.05429338663816452,-0.06325741112232208,-0.09453238546848297,0.1772163361310959,0.10380297899246216,-0.013213223777711391,0.07695623487234116,0.21312111616134644,-0.18560314178466797,0.00016639759996905923,2.044627399300225e-05,1.4729504982824437e-05,4.070935392519459e-05,-2.291850614710711e-05,-1.890062412712723e-05,0.00020228789071552455,0.030615299940109253,0.023562327027320862,-0.018637508153915405,0.008514417335391045,0.0037010088562965393,-0.0012743324041366577,0.07299087196588516,-0.06391708552837372,0.20077866315841675,0.08516547083854675,-0.004698806442320347,0.0806572437286377,0.21184678375720978,-0.1126122698187828,-0.06391708552837372,0.20077866315841675,0.08516547083854675,-0.004698806442320347,0.0806572437286377,0.21184678375720978,-0.1126122698187828,-0.06391708552837372,0.20077866315841675,0.08516547083854675,-0.004698806442320347,0.0806572437286377,0.21184678375720978,-0.1126122698187828
7.547999999999995,0.008634545840322971,0.008634545840322971,nan,nan,nan,nan,0.035259049385786057,0.0,0.029550235718488693,0.7187289595603943,0.0,0.0,0.0,0.0,-0.014000000432133675,0.020999999716877937,64.0,0.12958924472332,0.5917176604270935,0.010311603546142578,10.967717170715332,0.004411728121340275,0.0010486626997590065,0.026187170296907425,-0.0007805370260030031,0.9926995038986206,0.0162306297570467,0.24103084206581116,9.0,1.0,0.0,0.0,0.008634538389742374,-7.450580596923828e-09,nan,0.010859180241823196,-0.11617939174175262,0.08058707416057587,0.10233400017023087,0.013661294244229794,0.06219146028161049,0.09088533371686935,-0.2173045575618744,-0.0,0.0,0.0,0.0,0.0,0.0,-0.0,-0.06433839350938797,0.1344662755727768,0.09468217939138412,0.008916630409657955,0.08663816750049591,0.18583811819553375,-0.10910198092460632,0.00017441660747863352,2.0337691239546984e-05,1.0848511010408401e-05,3.794396616285667e-05,-1.7007678252412006e-05,-1.6792699170764536e-05,0.00020146598399151117,0.00011283159255981445,0.0443890243768692,-0.00531662255525589,-0.009021217003464699,-0.0021890997886657715,0.019168958067893982,-0.0009604841470718384,-0.06422556191682816,0.178855299949646,0.08936555683612823,-0.00010458659380674362,0.08444906771183014,0.20500707626342773,-0.11006246507167816,-0.06422556191682816,0.178855299949646,0.08936555683612823,-0.00010458659380674362,0.08444906771183014,0.20500707626342773,-0.11006246507167816,-0.06422556191682816,0.178855299949646,0.08936555683612823,-0.00010458659380674362,0.08444906771183014,0.20500707626342773,-0.11006246507167816
7.6129999999999995,0.008705304004251957,0.008705304004251957,nan,nan,nan,nan,0.03130100667476654,0.0,0.03168947249650955,0.7188730835914612,0.0,0.0,0.0,0.0,0.0010000000474974513,0.00800000037997961,64.0,0.12957409024238586,0.688597559928894,0.01007039099931717,9.76514720916748,0.004781353287398815,0.0010717827826738358,0.027979902923107147,0.0,0.9839265942573547,0.015420126728713512,0.2218768298625946,9.0,1.0,0.0,0.0,0.00870529841631651,-5.587935447692871e-09,nan,0.00952820386737585,-0.0574333593249321,0.16409832239151,0.09264194220304489,0.05695496127009392,0.18228843808174133,0.09866594523191452,0.07058829814195633,-0.0,0.0,0.0,0.0,0.0,0.0,0.0,-0.08389211446046829,0.11992383003234863,0.09905736148357391,0.015187056735157967,0.08798887580633163,0.14658789336681366,-0.13442158699035645,-0.00030640867771580815,-1.9652783521451056e-05,0.0004490538558457047,2.233807936136145e-05,-0.00048578358837403357,2.329597919015214e-05,0.0005298970500007272,0.013304181396961212,0.0370599627494812,-0.006233610212802887,-0.010975840501487255,-0.004446454346179962,0.040726885199546814,0.0128282830119133,-0.07058793306350708,0.15698379278182983,0.09282375127077103,0.0042112162336707115,0.08354242146015167,0.18731477856636047,-0.12159330397844315,-0.07058793306350708,0.15698379278182983,0.09282375127077103,0.0042112162336707115,0.08354242146015167,0.18731477856636047,-0.12159330397844315,-0.07058793306350708,0.15698379278182983,0.09282375127077103,0.0042112162336707115,0.08354242146015167,0.18731477856636047,-0.12159330397844315
7.677,0.008965476416051388,0.008965476416051388,nan,nan,nan,nan,0.038312625139951706,0.0,0.03580580651760101,0.7183377146720886,0.0,0.0,0.0,0.0,0.003000000026077032,0.012000000104308128,64.0,0.12963947653770447,2.869455099105835,0.018134713172912598,23.67940330505371,0.005919712595641613,0.001993154175579548,0.0318792462348938,0.0,0.9524892568588257,0.014235313981771469,0.23164094984531403,9.0,1.0,0.0,0.0,0.00896547269076109,-3.725290298461914e-09,nan,0.008189689368009567,-0.0574333593249321,0.16409832239151,0.09264194220304489,0.05695496127009392,0.18228843808174133,0.09866594523191452,0.07058829814195633,-0.0037867941427975893,0.010819610208272934,0.006108226254582405,0.0037552518770098686,0.012018951587378979,0.006505411118268967,0.004654148127883673,-0.07077004760503769,0.14516720175743103,0.09688550978899002,0.03779536485671997,0.13972064852714539,0.12275256961584091,-0.026133716106414795,-0.0002974868402816355,-1.8056713088299148e-05,0.00043701802496798337,2.2260461264522746e-05,-0.0004912754520773888,2.4336779461009428e-05,0.0005331405554898083,-0.0013203620910644531,0.003094285726547241,-0.0021018236875534058,-0.021142343059182167,-0.03729609400033951,0.03788847476243973,-0.06508738547563553,-0.07209040969610214,0.14826148748397827,0.09478368610143661,0.016653021797537804,0.10242455452680588,0.16064104437828064,-0.09122110158205032,-0.07209040969610214,0.14826148748397827,0.09478368610143661,0.016653021797537804,0.10242455452680588,0.16064104437828064,-0.09122110158205032,-0.07209040969610214,0.14826148748397827,0.09478368610143661,0.016653021797537804,0.10242455452680588,0.16064104437828064,-0.09122110158205032
7.780000000000001,0.009630129672586918,0.009630129672586918,nan,nan,nan,nan,0.04677467793226242,0.0,0.04398328810930252,0.7179059982299805,0.0,0.0,0.0,0.0,0.0,0.02800000086426735,64.0,0.12991279363632202,5.922576427459717,0.021418556571006775,14.569973945617676,0.0076614608988165855,0.004688592627644539,0.04101041704416275,0.0055777570232748985,0.7680162787437439,0.011342950165271759,0.30448848009109497,9.0,1.0,0.0,0.0,0.00963012408465147,-5.587935447692871e-09,nan,0.005918834824115038,0.12672577798366547,0.13884590566158295,-0.08686437457799911,0.004356611054390669,-0.1278465837240219,0.1504848748445511,0.09004192054271698,0.024232087656855583,0.02654965966939926,-0.01660992205142975,0.0008330568671226501,-0.024446403607726097,0.028775222599506378,0.017217520624399185,0.054962046444416046,0.14956367015838623,-0.01826631650328636,0.01802828162908554,-0.028037670999765396,0.14822687208652496,0.04874052479863167,-0.00027904860326088965,-1.578245974087622e-05,0.00041515816701576114,2.262720954604447e-05,-0.000486541073769331,2.419336851744447e-05,0.0005279149045236409,-0.07755318284034729,-0.002407371997833252,0.0692889392375946,0.001882525160908699,0.08443468809127808,0.0012594014406204224,-0.07653017342090607,-0.022591132670640945,0.14715629816055298,0.051022619009017944,0.01991080678999424,0.05639702081680298,0.14948627352714539,-0.0277896448969841,-0.022591132670640945,0.14715629816055298,0.051022619009017944,0.01991080678999424,0.05639702081680298,0.14948627352714539,-0.0277896448969841,-0.022591132670640945,0.14715629816055298,0.051022619009017944,0.01991080678999424,0.05639702081680298,0.14948627352714539,-0.0277896448969841
7.909999999999997,0.010243979282677174,0.010243979282677174,nan,nan,nan,nan,0.043334830552339554,0.0,0.04661859944462776,0.7197567224502563,0.0,0.0,0.0,0.0,0.00800000037997961,0.03799999877810478,64.0,0.1307228058576584,2.4568400382995605,0.018157996237277985,16.10213279724121,0.005276995711028576,0.0052025774493813515,0.04654417932033539,0.0027012766804546118,0.9731370806694031,0.010834835469722748,0.25686877965927124,9.0,1.0,0.0,0.0,0.010243973694741726,-5.587935447692871e-09,nan,0.004689355380833149,-0.13161328434944153,0.1300974190235138,0.13380128145217896,0.08743607252836227,0.12835809588432312,-0.0027282177470624447,-0.11713885515928268,-0.0,0.0,0.0,0.0,0.0,-0.0,-0.0,0.02346034348011017,0.1515435427427292,-0.003582417033612728,0.02531040646135807,0.002179594710469246,0.13157688081264496,0.04126810282468796,0.00017718021990731359,2.1356459910748526e-05,6.860851726742112e-07,4.0188286220654845e-05,-1.558606709295418e-05,-1.7668942746240646e-05,0.00019429069652687758,-0.014896754175424576,-0.0011269599199295044,0.022102143615484238,-0.007338428869843483,0.021336691454052925,0.01977457106113434,-0.029772629961371422,0.008563589304685593,0.15041658282279968,0.018519727513194084,0.017971977591514587,0.02351628616452217,0.1513514518737793,0.011495472863316536,0.008563589304685593,0.15041658282279968,0.018519727513194084,0.017971977591514587,0.02351628616452217,0.1513514518737793,0.011495472863316536,0.008563589304685593,0.15041658282279968,0.018519727513194084,0.017971977591514587,0.02351628616452217,0.1513514518737793,0.011495472863316536
8.025999999999996,0.010839150287210941,0.010839150287210941,nan,nan,nan,nan,0.04780726134777069,0.0,0.04780985042452812,0.7237998247146606,0.0,0.0,0.0,0.0,0.0010000000474974513,0.024000000208616257,64.0,0.13137581944465637,5.860391139984131,0.021873973309993744,16.353437423706055,0.002560187131166458,0.005927189253270626,0.051176853477954865,0.010515718720853329,0.9637258052825928,0.010284769348800182,0.20441627502441406,9.0,1.0,0.0,0.0,0.010839144699275494,-5.587935447692871e-09,nan,0.004400026053190231,0.09955146163702011,0.12686753273010254,-0.06405869871377945,0.09802085906267166,0.005066833458840847,-0.040872666984796524,0.22042296826839447,0.008369486778974533,0.01066600251942873,-0.005385540425777435,0.008240805938839912,0.0004259786510374397,-0.0034362454898655415,0.018531393259763718,0.03514641523361206,0.13495677709579468,-0.01768202893435955,0.03349623829126358,-0.02609664760529995,0.11811959743499756,0.02774801477789879,0.00018318452930543572,2.1311212549335323e-05,-7.007132808212191e-06,4.2135925468755886e-05,-8.49763546284521e-06,-2.1246365577098913e-05,0.000187400946742855,-0.020530810579657555,0.008300960063934326,0.023461777716875076,-0.012601880356669426,0.02440033294260502,0.027077466249465942,-0.023358425125479698,0.014615604653954506,0.143257737159729,0.005779748782515526,0.020894357934594154,-0.001696314662694931,0.1451970636844635,0.00438958965241909,0.014615604653954506,0.143257737159729,0.005779748782515526,0.020894357934594154,-0.001696314662694931,0.1451970636844635,0.00438958965241909,0.014615604653954506,0.143257737159729,0.005779748782515526,0.020894357934594154,-0.001696314662694931,0.1451970636844635,0.00438958965241909
8.254999999999995,0.011712067760527134,0.011712067760527134,nan,nan,nan,nan,0.045715853571891785,0.0,0.052406195551157,0.7309181094169617,0.0,0.0,0.0,0.0,-0.009999999776482582,0.017999999225139618,64.0,0.13288819789886475,6.794534683227539,0.015958212316036224,22.111398696899414,0.0011836988851428032,0.0022045373916625977,0.05342703312635422,0.001442515174858272,0.7473389506340027,0.008635703474283218,0.2179231494665146,9.0,1.0,0.0,0.0,0.011712064035236835,-3.725290298461914e-09,nan,0.0037049835082143545,-0.14704281091690063,-0.1203550174832344,0.07437866926193237,-0.017196044325828552,0.08919156342744827,-0.15472213923931122,-0.12716571986675262,-0.04519442096352577,-0.03699177876114845,0.02286069467663765,-0.00528529891744256,0.027413517236709595,-0.047554705291986465,-0.039085082709789276,-0.010206565260887146,0.061625320464372635,0.0024710819125175476,0.032969649881124496,0.016571953892707825,0.006587870419025421,0.016582639887928963,-0.0009166395175270736,-7.380833994830027e-05,0.0009365747100673616,-8.104270818876103e-06,-0.0013555766781792045,9.012499504024163e-05,0.0011344649828970432,0.026935052126646042,0.06620784103870392,-0.003485148772597313,-0.004614463075995445,-0.01860455423593521,0.10307386517524719,0.0027508456259965897,0.016728486865758896,0.12783315777778625,-0.0010140668600797653,0.02835518680512905,-0.002032601274549961,0.10966173559427261,0.019333485513925552,0.016728486865758896,0.12783315777778625,-0.0010140668600797653,0.02835518680512905,-0.002032601274549961,0.10966173559427261,0.019333485513925552,0.016728486865758896,0.12783315777778625,-0.0010140668600797653,0.02835518680512905,-0.002032601274549961,0.10966173559427261,0.019333485513925552
8.354,0.012211467139422894,0.012211467139422894,nan,nan,nan,nan,0.055689629167318344,0.0,0.05654837191104889,0.733997642993927,0.0,0.0,0.0,0.0,0.003000000026077032,0.01899999938905239,64.0,0.13334469497203827,1.0192291736602783,0.014118850231170654,14.172371864318848,0.0005195159465074539,0.0034409326035529375,0.059469785541296005,0.0,0.7126049399375916,0.0064213159494102,0.12106439471244812,9.0,1.0,0.0,0.0,0.012211463414132595,-3.725290298461914e-09,nan,0.00194287090562284,-0.14791618287563324,0.03098595328629017,0.14108964800834656,-0.003167225979268551,0.09729992598295212,0.053741008043289185,-0.18678592145442963,-0.0,0.0,0.0,-0.0,0.0,0.0,-0.0,-0.02754901349544525,0.03314778953790665,0.029947519302368164,0.003493590746074915,0.025599488988518715,0.06911242008209229,-0.030957113951444626,0.00017823987582232803,1.9156674170517363e-05,-1.0968299648084212e-05,4.294816972105764e-05,-1.0247140380670317e-05,-2.6620906282914802e-05,0.00018106815696228296,0.03610803559422493,0.054097019135951996,-0.028128458186984062,0.015529647469520569,-0.022122498601675034,0.021826796233654022,0.04367011785507202,0.008559022098779678,0.08724480867385864,0.0018190611153841019,0.019023237749934196,0.0034769903868436813,0.09093921631574631,0.012713003903627396,0.008559022098779678,0.08724480867385864,0.0018190611153841019,0.019023237749934196,0.0034769903868436813,0.09093921631574631,0.012713003903627396,0.008559022098779678,0.08724480867385864,0.0018190611153841019,0.019023237749934196,0.0034769903868436813,0.09093921631574631,0.012713003903627396
8.488999999999997,0.012861724011600018,0.012861724011600018,nan,nan,nan,nan,0.06413767486810684,0.0,0.06149548664689064,0.7378689646720886,0.0,0.0,0.0,0.0,-0.0010000000474974513,0.041999999433755875,64.0,0.13362596929073334,3.3750216960906982,0.01158006489276886,21.707279205322266,0.0010879926849156618,0.003574182279407978,0.06398167461156845,0.002450354164466262,0.23657989501953125,0.004180586896836758,0.09293397516012192,9.0,1.0,0.0,0.0,0.012861724011600018,0.0,nan,0.0015315586933866143,0.01710532233119011,0.026581035926938057,-0.011277482844889164,0.11214446276426315,-0.03392915055155754,-0.27322232723236084,0.022263746708631516,0.0063107796013355255,0.009806717745959759,-0.004160676151514053,0.04137419909238815,-0.01251770555973053,-0.10080172121524811,0.008213911205530167,0.02695762738585472,0.03372510150074959,-0.023482179269194603,0.05662919580936432,-0.005940466187894344,-0.07438002526760101,0.06567588448524475,9.554741700412706e-05,1.144423004006967e-05,5.5946573411347345e-05,3.774551805690862e-05,-0.00012050031364196911,-1.747087480907794e-05,0.0002569392672739923,-0.017847759649157524,0.028515774756669998,0.021235322579741478,-0.029788872227072716,0.01102499384433031,0.11530132591724396,-0.041016656905412674,0.009109867736697197,0.062240876257419586,-0.002246856689453125,0.026840323582291603,0.0050845276564359665,0.040921300649642944,0.024659227579832077,0.009109867736697197,0.062240876257419586,-0.002246856689453125,0.026840323582291603,0.0050845276564359665,0.040921300649642944,0.024659227579832077,0.009109867736697197,0.062240876257419586,-0.002246856689453125,0.026840323582291603,0.0050845276564359665,0.040921300649642944,0.024659227579832077
8.620999999999995,0.01286421250551939,0.01286421250551939,nan,nan,nan,nan,0.046686284244060516,0.0,0.05564268305897713,0.7410544157028198,0.0,0.0,0.0,0.0,-0.004999999888241291,0.03700000047683716,64.0,0.13406023383140564,0.8573932647705078,0.009502284228801727,23.689701080322266,-0.0005170369986444712,0.001805837033316493,0.057965558022260666,-0.0002508026664145291,0.5794360041618347,0.003581111552193761,0.06604575365781784,9.0,1.0,0.0,0.0,0.01286421250551939,0.0,nan,0.005715253297239542,-0.11217865347862244,-0.09282659739255905,0.048808082938194275,0.029501033946871758,0.04918490722775459,-0.23621545732021332,-0.08561389148235321,-0.10038962215185165,-0.08307130634784698,0.04367876425385475,0.026400722563266754,0.04401598870754242,-0.21139119565486908,-0.07661659270524979,-0.05290427803993225,-0.035876207053661346,0.015909217298030853,0.06341733038425446,0.023509658873081207,-0.2212018221616745,-0.01372556108981371,0.00017648031644057482,1.82557287189411e-05,-1.4058498891245108e-05,4.063441519974731e-05,-1.3025606676819734e-05,-2.5909539544954896e-05,0.0001794487179722637,0.05109986290335655,0.07242632657289505,-0.01721469685435295,-0.022186361253261566,-0.016820650547742844,0.18159393966197968,0.035529837012290955,-0.0018044151365756989,0.036550119519233704,-0.0013054795563220978,0.04123096913099289,0.006689008325338364,-0.039607882499694824,0.02180427685379982,-0.0018044151365756989,0.036550119519233704,-0.0013054795563220978,0.04123096913099289,0.006689008325338364,-0.039607882499694824,0.02180427685379982,-0.0018044151365756989,0.036550119519233704,-0.0013054795563220978,0.04123096913099289,0.006689008325338364,-0.039607882499694824,0.02180427685379982
8.729999999999997,0.013006395660340786,0.013006395660340786,nan,nan,nan,nan,0.05971897020936012,0.0,0.06042233109474182,0.7435312271118164,0.0,0.0,0.0,0.0,0.004000000189989805,0.023000000044703484,64.0,0.1342666894197464,1.8378422260284424,0.014484860002994537,18.94101333618164,-0.0017156137619167566,0.002033678349107504,0.06417162716388702,0.0027799573726952076,0.6502119302749634,0.003455523168668151,0.050217948853969574,9.0,1.0,0.0,0.0,0.013006393797695637,-1.862645149230957e-09,nan,0.0005637420690618455,-0.15479214489459991,0.04175333306193352,0.14476308226585388,0.01423767302185297,0.08862335979938507,0.03983580693602562,-0.183564692735672,-0.0,0.0,0.0,0.0,0.0,0.0,-0.0,-0.03096301481127739,-0.01967972330749035,0.019255880266427994,0.017388850450515747,0.017802471294999123,-0.043605171144008636,-0.022483615204691887,0.00017918326193466783,1.817855445551686e-05,-1.717436134640593e-05,3.985960938734934e-05,-8.877415893948637e-06,-2.579440661065746e-05,0.00017572450451552868,0.021585091948509216,0.028526268899440765,-0.01824858784675598,0.01693783700466156,-0.009525557048618793,-0.013197116553783417,0.03413698077201843,-0.009377922862768173,0.008846545591950417,0.0010072924196720123,0.03432668745517731,0.008276914246380329,-0.05680228769779205,0.011653367429971695,-0.009377922862768173,0.008846545591950417,0.0010072924196720123,0.03432668745517731,0.008276914246380329,-0.05680228769779205,0.011653367429971695,-0.009377922862768173,0.008846545591950417,0.0010072924196720123,0.03432668745517731,0.008276914246380329,-0.05680228769779205,0.011653367429971695
8.817999999999998,0.012864242307841778,0.012864242307841778,nan,nan,nan,nan,0.06618303060531616,0.0,0.058966994285583496,0.7445192337036133,0.0,0.0,0.0,0.0,0.004999999888241291,0.024000000208616257,64.0,0.13432110846042633,1.277093768119812,0.010991469025611877,12.640812873840332,0.0007044072262942791,-0.0004518807400017977,0.0578107051551342,-0.0033893934451043606,0.9882096648216248,0.0050176470540463924,0.054405804723501205,9.0,1.0,0.0,0.0,0.01286423858255148,-3.725290298461914e-09,nan,0.0035259523428976536,0.0008121237624436617,0.04808051884174347,0.01431997399777174,0.12699460983276367,-0.018920179456472397,-0.26638203859329224,0.006127838045358658,0.00028493869467638433,0.016869349405169487,0.005024252459406853,0.04455685243010521,-0.00663826335221529,-0.09346180409193039,0.0021499902941286564,-0.046801503747701645,0.026296082884073257,0.04764225333929062,0.07704836130142212,0.01714121550321579,-0.1491270363330841,-0.0468611903488636,0.00018070804071612656,1.8154702047468163e-05,-1.8798607925418764e-05,3.93235677620396e-05,-4.400440502649872e-06,-2.540965760999825e-05,0.0001717344712233171,0.012415729463100433,-0.015120585449039936,-0.019854972139000893,-0.0352901890873909,0.0014476049691438675,0.07643985748291016,0.021993041038513184,-0.03438577428460121,0.011175497435033321,0.027787281200289726,0.04175817221403122,0.018588820472359657,-0.07268717885017395,-0.024868149310350418,-0.03438577428460121,0.011175497435033321,0.027787281200289726,0.04175817221403122,0.018588820472359657,-0.07268717885017395,-0.024868149310350418,-0.03438577428460121,0.011175497435033321,0.027787281200289726,0.04175817221403122,0.018588820472359657,-0.07268717885017395,-0.024868149310350418
8.869999999999997,0.01278053317219019,0.01278053317219019,nan,nan,nan,nan,0.06915220618247986,0.0,0.05843137204647064,0.7447273135185242,0.0,0.0,0.0,0.0,0.007000000216066837,0.010999999940395355,64.0,0.13415762782096863,0.40684080123901367,0.00707525759935379,9.558149337768555,0.005960874259471893,-0.0007696645334362984,0.051700834184885025,-0.0022558325435966253,0.9799089431762695,0.008067073300480843,0.08058840781450272,9.0,1.0,0.0,0.0,0.01278053130954504,-1.862645149230957e-09,nan,0.008789652958512306,0.0008121237624436617,0.04808051884174347,0.01431997399777174,0.12699460983276367,-0.018920179456472397,-0.26638203859329224,0.006127838045358658,0.00042223322088830173,0.024997657164931297,0.00744513189420104,0.06602606922388077,-0.009836835786700249,-0.1384953260421753,0.0031859390437602997,-0.0248494241386652,0.04684741795063019,0.03555823490023613,0.12785831093788147,-0.003516377415508032,-0.26141607761383057,-0.021280229091644287,0.0001726938207866624,1.7279160601901822e-05,-1.1606100997596513e-05,3.856610783259384e-05,-1.529777182440739e-05,-2.4058655981207266e-05,0.00017976945673581213,-0.00816681794822216,-0.02415071241557598,-0.0034512802958488464,-0.05846685916185379,0.01589304767549038,0.1282515823841095,-0.005058415234088898,-0.03301624208688736,0.022696705535054207,0.03210695460438728,0.06939145177602768,0.012376670725643635,-0.13316449522972107,-0.026338644325733185,-0.03301624208688736,0.022696705535054207,0.03210695460438728,0.06939145177602768,0.012376670725643635,-0.13316449522972107,-0.026338644325733185,-0.03301624208688736,0.022696705535054207,0.03210695460438728,0.06939145177602768,0.012376670725643635,-0.13316449522972107,-0.026338644325733185
8.957,0.012827781029045582,0.012827781029045582,nan,nan,nan,nan,0.057098980993032455,0.0,0.058431435376405716,0.7452558279037476,0.0,0.0,0.0,0.0,0.0010000000474974513,0.012000000104308128,64.0,0.1341133862733841,0.49339979887008667,0.008793547749519348,10.74666690826416,0.009505260735750198,0.00017407722771167755,0.049100250005722046,0.003937321715056896,0.9923540353775024,0.011683412827551365,0.09552723914384842,9.0,1.0,0.0,0.0,0.012827777303755283,-3.725290298461914e-09,nan,0.01261606253683567,-0.10506466031074524,-0.08720408380031586,0.04674583300948143,0.03913934528827667,0.03480898588895798,-0.24108919501304626,-0.09112703055143356,-0.056164730340242386,-0.04661694914102554,0.024989061057567596,0.020922835916280746,0.01860794425010681,-0.12887977063655853,-0.0487140491604805,-0.054502349346876144,0.006805084645748138,0.04230158030986786,0.12647107243537903,0.005521632730960846,-0.32435712218284607,-0.04531392455101013,0.00017666330677457154,1.764218723110389e-05,-1.489650003350107e-05,3.866720726364292e-05,-9.115934517467394e-06,-2.4236600438598543e-05,0.00017527982708998024,0.02117813751101494,0.020361680537462234,-0.008352618664503098,-0.029944077134132385,0.0006727138534188271,0.12056724727153778,0.01860295794904232,-0.033324211835861206,0.027166765183210373,0.03394896164536476,0.09652699530124664,0.006194346584379673,-0.2037898749113083,-0.02671096660196781,-0.033324211835861206,0.027166765183210373,0.03394896164536476,0.09652699530124664,0.006194346584379673,-0.2037898749113083,-0.02671096660196781,-0.033324211835861206,0.027166765183210373,0.03394896164536476,0.09652699530124664,0.006194346584379673,-0.2037898749113083,-0.02671096660196781
9.079999999999998,0.013986355625092983,0.013986355625092983,nan,nan,nan,nan,0.06980995088815689,0.0,0.07286368310451508,0.750097930431366,0.0,0.0,0.0,0.0,0.007000000216066837,0.019999999552965164,64.0,0.13483576476573944,0.49931371212005615,0.028633512556552887,30.74185562133789,0.008386621251702309,0.008237162604928017,0.07271422445774078,0.018926989287137985,0.9201580882072449,0.0096133379265666,0.20988419651985168,9.0,1.0,0.0,0.0,0.013986350037157536,-5.587935447692871e-09,nan,0.004185209516435862,-0.1521434336900711,0.06559033691883087,0.1389622688293457,0.05322160944342613,0.07169704884290695,-0.013371163047850132,-0.1873178482055664,-0.0,0.0,0.0,0.0,0.0,-0.0,-0.0,-0.043330658227205276,0.008803917095065117,0.04129965975880623,0.05469895154237747,0.014368347823619843,-0.0935920849442482,-0.051295824348926544,0.00016677762323524803,1.667928518145345e-05,-9.81684115686221e-06,3.670539445010945e-05,-9.82089841272682e-06,-2.1617463062284514e-05,0.00017006359121296555,0.0155504010617733,0.004175293259322643,-0.013351906090974808,0.02492978423833847,-0.010134010575711727,-0.07453864067792892,0.026431992650032043,-0.027780257165431976,0.01297921035438776,0.02794775366783142,0.07962873578071594,0.004234337247908115,-0.16813072562217712,-0.0248638316988945,-0.027780257165431976,0.01297921035438776,0.02794775366783142,0.07962873578071594,0.004234337247908115,-0.16813072562217712,-0.0248638316988945,-0.027780257165431976,0.01297921035438776,0.02794775366783142,0.07962873578071594,0.004234337247908115,-0.16813072562217712,-0.0248638316988945
9.195,0.015237386338412762,0.015237386338412762,nan,nan,nan,nan,0.08202078938484192,0.0,0.0819917768239975,0.7539754509925842,0.0,0.0,0.0,0.0,0.007000000216066837,0.009999999776482582,64.0,0.13551151752471924,0.6443765163421631,0.012165866792201996,18.747892379760742,0.008660594001412392,0.009076366201043129,0.08240754902362823,0.026763230562210083,0.9927385449409485,0.008448351174592972,0.1973591446876526,9.0,1.0,0.0,0.0,0.015237382613122463,-3.725290298461914e-09,nan,0.003053091000765562,0.09298748522996902,-0.06986862421035767,-0.06404915452003479,-0.08707615733146667,-0.03072308748960495,0.23929084837436676,0.08113648742437363,0.0,-0.0,-0.0,-0.0,-0.0,0.0,0.0,-0.01495619397610426,0.001905954908579588,0.021916495636105537,0.04254114627838135,-0.0006441113073378801,-0.08126172423362732,-0.025375261902809143,0.0006616005557589233,6.0179208958288655e-05,-0.00044151939800940454,6.0859336372232065e-05,0.0006482169847004116,-7.716152322245762e-05,-0.00029872034792788327,-0.012539693154394627,0.011690506711602211,0.007867218926548958,0.02876274287700653,0.0049743251875042915,-0.06274087727069855,-0.004309371113777161,-0.027495887130498886,0.013596462085843086,0.029783714562654495,0.07130388915538788,0.004330213647335768,-0.14400260150432587,-0.029684633016586304,-0.027495887130498886,0.013596462085843086,0.029783714562654495,0.07130388915538788,0.004330213647335768,-0.14400260150432587,-0.029684633016586304,-0.027495887130498886,0.013596462085843086,0.029783714562654495,0.07130388915538788,0.004330213647335768,-0.14400260150432587,-0.029684633016586304
9.280999999999999,0.01548743899911642,0.01548743899911642,nan,nan,nan,nan,0.08546897768974304,0.0,0.08517162501811981,0.7546753883361816,0.0,0.0,0.0,0.0,0.008999999612569809,0.008999999612569809,64.0,0.13652612268924713,1.0342048406600952,0.011317431926727295,15.25876235961914,0.008742306381464005,0.008649801835417747,0.085079126060009,0.0,-0.822737455368042,0.005380984861403704,0.19453164935112,9.0,1.0,0.0,0.0,0.015487435273826122,-3.725290298461914e-09,nan,0.001500284648500383,0.09298748522996902,-0.06986862421035767,-0.06404915452003479,-0.08707615733146667,-0.03072308748960495,0.23929084837436676,0.08113648742437363,0.026434997096657753,-0.019862638786435127,-0.018208246678113937,-0.024754490703344345,-0.008734128437936306,0.06802692264318466,0.023065928369760513,0.03324497491121292,-0.030739422887563705,-0.015729842707514763,-0.013518218882381916,-0.014431815594434738,0.059149786829948425,0.021400421857833862,0.0001585228310432285,1.6214291463256814e-05,-9.962820513464976e-06,3.464762630756013e-05,-4.4115186170756715e-08,-1.9195247659808956e-05,0.00015244001406244934,-0.045600973069667816,0.03312354534864426,0.03431180864572525,0.06260482221841812,0.014030075632035732,-0.1505940854549408,-0.03892073035240173,-0.012355998158454895,0.002384120598435402,0.018581967800855637,0.04908660054206848,-0.0004017399623990059,-0.09144429862499237,-0.01752031035721302,-0.012355998158454895,0.002384120598435402,0.018581967800855637,0.04908660054206848,-0.0004017399623990059,-0.09144429862499237,-0.01752031035721302,-0.012355998158454895,0.002384120598435402,0.018581967800855637,0.04908660054206848,-0.0004017399623990059,-0.09144429862499237,-0.01752031035721302
9.448,0.016250956803560257,0.016250956803560257,nan,nan,nan,nan,0.09403020143508911,0.0,0.09086300432682037,0.7564018368721008,0.0,0.0,0.0,0.0,0.004999999888241291,0.03200000151991844,64.0,0.13700322806835175,5.179675102233887,0.015370547771453857,36.823211669921875,0.009961022064089775,0.00552521413192153,0.08642719686031342,0.006977235432714224,0.7216177582740784,0.0035769296810030937,0.10977472364902496,9.0,1.0,0.0,0.0,0.01625095307826996,-3.725290298461914e-09,nan,0.0017564611043781042,0.10316239297389984,0.033285804092884064,-0.07496929168701172,0.10584360361099243,-0.012522014789283276,-0.14506399631500244,0.20056408643722534,0.008059895597398281,0.0026005611289292574,-0.005857218522578478,0.008269373327493668,-0.000978322932496667,-0.011333594098687172,0.015669718384742737,0.056453119963407516,0.005386641714721918,-0.03542712703347206,0.04746052622795105,-0.008524431847035885,-0.04272959753870964,0.09570018202066422,0.0001449827541364357,1.5101466487976722e-05,-1.9757302993639314e-07,3.3464970329077914e-05,-1.131918361352291e-05,-1.721349690342322e-05,0.00015724603144917637,-0.04367676004767418,-0.005542960949242115,0.03469602391123772,-0.007512792944908142,0.005020531825721264,-0.011645220220088959,-0.07597056031227112,0.012776359915733337,-0.00015631923452019691,-0.0007311031222343445,0.03994773328304291,-0.003503900021314621,-0.0543748177587986,0.019729621708393097,0.012776359915733337,-0.00015631923452019691,-0.0007311031222343445,0.03994773328304291,-0.003503900021314621,-0.0543748177587986,0.019729621708393097,0.012776359915733337,-0.00015631923452019691,-0.0007311031222343445,0.03994773328304291,-0.003503900021314621,-0.0543748177587986,0.019729621708393097
9.54,0.01741664856672287,0.01741664856672287,nan,nan,nan,nan,0.10630005598068237,0.0,0.09782268106937408,0.759049654006958,0.0,0.0,0.0,0.0,0.007000000216066837,0.017000000923871994,64.0,0.13841110467910767,1.9081178903579712,0.018843449652194977,16.395462036132812,0.013780622743070126,0.007632075808942318,0.09167413413524628,0.0,0.8078475594520569,0.004649106413125992,0.07561655342578888,9.0,1.0,0.0,0.0,0.01741664856672287,0.0,nan,0.005835759919136763,0.15716588497161865,0.01333153061568737,-0.09316954761743546,-0.06898127496242523,-0.0706409141421318,0.16580896079540253,0.13856199383735657,0.08758806437253952,0.007429621648043394,-0.051923107355833054,-0.038443055003881454,-0.03936796635389328,0.09240482747554779,0.07722017914056778,0.13824120163917542,0.012048322707414627,-0.08300697058439255,-0.021771032363176346,-0.053060613572597504,0.09075650572776794,0.14661286771297455,0.00014249874220695347,1.5354013157775626e-05,-3.3177202567458153e-06,3.3085158065659925e-05,-3.877508333971491e-06,-1.702954432403203e-05,0.0001453422592021525,-0.08552053570747375,-0.008166855201125145,0.05540349334478378,0.045291718095541,0.03520095720887184,-0.10324612259864807,-0.0828867182135582,0.05272066593170166,0.003881467506289482,-0.027603477239608765,0.023520685732364655,-0.017859656363725662,-0.012489616870880127,0.06372614949941635,0.05272066593170166,0.003881467506289482,-0.027603477239608765,0.023520685732364655,-0.017859656363725662,-0.012489616870880127,0.06372614949941635,0.05272066593170166,0.003881467506289482,-0.027603477239608765,0.023520685732364655,-0.017859656363725662,-0.012489616870880127,0.06372614949941635
9.653999999999996,0.019040178507566452,0.019040178507566452,nan,nan,nan,nan,0.11131665110588074,0.0,0.11158250272274017,0.7630616426467896,0.0,0.0,0.0,0.0,0.00800000037997961,0.03999999910593033,64.0,0.1402314305305481,5.598814010620117,0.015369616448879242,16.410158157348633,0.01470237411558628,0.008657585829496384,0.10553771257400513,0.0,0.8455939292907715,0.005811220500618219,0.061737656593322754,9.0,1.0,0.0,0.0,0.019040178507566452,0.0,nan,0.0030444441363215446,-0.15163931250572205,0.05697860196232796,0.1365821808576584,0.04036632552742958,0.06871968507766724,-0.009355202317237854,-0.1966339498758316,-0.0,0.0,0.0,0.0,0.0,-0.0,-0.0,0.08544614911079407,-0.018937725573778152,-0.04897744953632355,-0.037291835993528366,-0.029349157586693764,0.10793264210224152,0.08311431854963303,0.00015814784273970872,1.7121310520451516e-05,-2.340590435778722e-05,3.373332947376184e-05,2.5144025130430236e-05,-1.9612658434198238e-05,0.00011793169687734917,-0.016115158796310425,0.016106823459267616,0.00981614738702774,0.04218476265668869,0.005010327324271202,-0.08599177747964859,-0.005254760384559631,0.06933099031448364,-0.002830902114510536,-0.03916130214929581,0.004892926663160324,-0.02433883026242256,0.021940864622592926,0.0778595581650734,0.06933099031448364,-0.002830902114510536,-0.03916130214929581,0.004892926663160324,-0.02433883026242256,0.021940864622592926,0.0778595581650734,0.06933099031448364,-0.002830902114510536,-0.03916130214929581,0.004892926663160324,-0.02433883026242256,0.021940864622592926,0.0778595581650734
9.710999999999999,0.020155008882284164,0.020155008882284164,nan,nan,nan,nan,0.11572017520666122,0.0,0.11910093575716019,0.7654486894607544,0.0,0.0,0.0,0.0,0.003000000026077032,0.010999999940395355,64.0,0.14149484038352966,1.464247703552246,0.016986392438411713,14.184523582458496,0.013234938494861126,0.013516667298972607,0.11938266456127167,0.0,0.7312965393066406,0.004643948748707771,0.09055522829294205,9.0,1.0,0.0,0.0,0.020155005156993866,-3.725290298461914e-09,nan,0.0009665818070061505,0.103399358689785,0.02930103801190853,-0.07696008682250977,0.10058562457561493,-0.011263908818364143,-0.14230027794837952,0.20502062141895294,0.0,0.0,-0.0,0.0,-0.0,-0.0,0.0,0.018084092065691948,0.009225298650562763,0.0022037969902157784,0.0020758677273988724,0.0016464138170704246,0.04381118342280388,0.015664443373680115,0.0001298442657571286,1.5016942597867455e-05,-2.721377768466482e-06,3.234343967051245e-05,-3.467089527475764e-06,-1.726745904306881e-05,0.00013289872731547803,0.0361972376704216,-0.010355450212955475,-0.028716403990983963,-0.0033297257032245398,-0.018853705376386642,-0.0052571967244148254,0.04083297401666641,0.0542813315987587,-0.0011301515623927116,-0.02651260793209076,-0.0012538579758256674,-0.01720729097723961,0.03855398669838905,0.05649741739034653,0.0542813315987587,-0.0011301515623927116,-0.02651260793209076,-0.0012538579758256674,-0.01720729097723961,0.03855398669838905,0.05649741739034653,0.0542813315987587,-0.0011301515623927116,-0.02651260793209076,-0.0012538579758256674,-0.01720729097723961,0.03855398669838905,0.05649741739034653
9.842999999999996,0.0220332108438015,0.0220332108438015,nan,nan,nan,nan,0.1328541487455368,0.0,0.13030077517032623,0.7688892483711243,0.0,0.0,0.0,0.0,0.006000000052154064,0.014999999664723873,64.0,0.1435614824295044,9.6301851272583,0.022178515791893005,15.907857894897461,0.013509192503988743,0.01571325771510601,0.13250483572483063,0.0,0.969911515712738,0.00464194780215621,0.08481044322252274,9.0,1.0,0.0,0.0,0.0220332071185112,-3.725290298461914e-09,nan,0.00169374980032444,0.10787191987037659,0.0012800474651157856,-0.044963158667087555,-0.10526630282402039,-0.03908532112836838,0.24251055717468262,0.07014481723308563,0.035636864602565765,0.0004228799953125417,-0.014854153618216515,-0.03477606922388077,-0.012912333942949772,0.08011645823717117,0.02317323535680771,0.06845835596323013,0.01187851745635271,-0.031126780435442924,-0.010838649235665798,-0.014586703851819038,0.07060018181800842,0.07778674364089966,9.330783359473571e-05,1.2087795767001808e-05,2.2402235117624514e-05,3.0088653147686273e-05,-3.9054008084349334e-05,-1.3858918464393355e-05,0.00014954204380046576,-0.015324670821428299,-0.007042915094643831,0.00592656247317791,0.015072953887283802,0.001630360260605812,-0.037268225103616714,-0.015813950449228287,0.053133685141801834,0.0048356023617088795,-0.025200217962265015,0.004234304651618004,-0.012956343591213226,0.03333195671439171,0.06197279319167137,0.053133685141801834,0.0048356023617088795,-0.025200217962265015,0.004234304651618004,-0.012956343591213226,0.03333195671439171,0.06197279319167137,0.053133685141801834,0.0048356023617088795,-0.025200217962265015,0.004234304651618004,-0.012956343591213226,0.03333195671439171,0.06197279319167137
9.96,0.02352789416909218,0.02352789416909218,nan,nan,nan,nan,0.13350743055343628,0.0,0.1367061883211136,0.7717429995536804,0.0,0.0,0.0,0.0,0.003000000026077032,0.009999999776482582,64.0,0.1452074646949768,0.9469417929649353,0.014293007552623749,9.956604957580566,0.010516582988202572,0.012917975895106792,0.1391075849533081,0.0,0.8635905385017395,0.003924866206943989,0.0770643800497055,9.0,1.0,0.0,0.0,0.02352789416909218,0.0,nan,0.001566163613460958,0.09168583154678345,-0.08050653338432312,-0.0605434812605381,-0.0946040153503418,-0.02815181575715542,0.23508498072624207,0.08024648576974869,0.02761167474091053,-0.024244967848062515,-0.01823299005627632,-0.028490500524640083,-0.008478067815303802,0.07079708576202393,0.02416665479540825,0.04258381947875023,-0.05495326593518257,-0.024955980479717255,-0.04604765772819519,-0.007035288494080305,0.07921559363603592,0.0445600189268589,9.810415940592065e-05,1.2740588317683432e-05,1.2349727512628306e-05,2.9890943551436067e-05,-2.5456118237343617e-05,-1.4985682355472818e-05,0.00013361168385017663,-0.0004987344145774841,0.039080049842596054,0.004666151478886604,0.03544071316719055,-0.0006861602887511253,-0.04613538086414337,0.005045972764492035,0.042085085064172745,-0.015873216092586517,-0.02028982900083065,-0.010606944561004639,-0.0077214487828314304,0.03308021277189255,0.04960599169135094,0.042085085064172745,-0.015873216092586517,-0.02028982900083065,-0.010606944561004639,-0.0077214487828314304,0.03308021277189255,0.04960599169135094,0.042085085064172745,-0.015873216092586517,-0.02028982900083065,-0.010606944561004639,-0.0077214487828314304,0.03308021277189255,0.04960599169135094
10.097000000000001,0.02540367841720581,0.02540367841720581,nan,nan,nan,nan,0.14862442016601562,0.0,0.1484367698431015,0.7742577791213989,0.0,0.0,0.0,0.0,0.004000000189989805,0.02800000086426735,64.0,0.14688417315483093,2.597728729248047,0.016425736248493195,28.07622718811035,0.009533657692372799,0.01215421874076128,0.15105733275413513,0.012224672362208366,0.7383142709732056,0.003245364408940077,0.07914580404758453,9.0,1.0,0.0,0.0,0.025403674691915512,-3.725290298461914e-09,nan,0.0005134379025548697,0.09982351213693619,0.029196105897426605,-0.0742495059967041,0.10441819578409195,-0.010901790112257004,-0.15023928880691528,0.20018994808197021,0.0,0.0,-0.0,0.0,-0.0,-0.0,0.0,0.030926520004868507,-0.0086708078160882,-0.015292099677026272,0.018241260200738907,0.004379145801067352,-0.010790355503559113,0.058800436556339264,7.433973951265216e-05,1.0804907105921302e-05,2.7419391699368134e-05,2.831126948876772e-05,-4.746036574942991e-05,-1.2940113265358377e-05,0.00014239276060834527,0.0018756818026304245,-0.008358956314623356,0.0011075427755713463,-0.025139320641756058,-0.0063363127410411835,0.03861812502145767,-0.016140494495630264,0.03280220180749893,-0.017029764130711555,-0.014184556901454926,-0.006898060441017151,-0.001957166939973831,0.02782776765525341,0.042659942060709,0.03280220180749893,-0.017029764130711555,-0.014184556901454926,-0.006898060441017151,-0.001957166939973831,0.02782776765525341,0.042659942060709,0.03280220180749893,-0.017029764130711555,-0.014184556901454926,-0.006898060441017151,-0.001957166939973831,0.02782776765525341,0.042659942060709
10.275999999999996,0.026857055723667145,0.026857055723667145,nan,nan,nan,nan,0.15166924893856049,0.0,0.15589582920074463,0.7760602831840515,0.0,0.0,0.0,0.0,0.0,0.027000000700354576,64.0,0.1485833376646042,2.8659868240356445,0.019513070583343506,24.24782943725586,0.008433615788817406,0.007348711136728525,0.15481093525886536,0.008597279898822308,-0.40365758538246155,0.0016520227072760463,0.07019410282373428,9.0,1.0,0.0,0.0,0.026857055723667145,0.0,nan,0.0009928832296282053,-0.1499069482088089,0.05338938906788826,0.13562239706516266,0.028583364561200142,0.06541364639997482,0.009828928858041763,-0.20271036028862,-0.042461879551410675,0.01512280572205782,0.038415707647800446,0.008096378296613693,0.018528737127780914,0.0027840924449265003,-0.05741870403289795,-0.04890713468194008,0.010198069736361504,0.05336981639266014,0.011439518071711063,0.03284256160259247,0.006439779885113239,-0.05922028794884682,3.934953929274343e-05,7.769812327751424e-06,5.2293627959443256e-05,2.619104998302646e-05,-8.397070632781833e-05,-9.604141268937383e-06,0.00016135523037519306,0.06147444248199463,-0.020208314061164856,-0.05062125250697136,-0.012783709913492203,-0.025217771530151367,0.013541745953261852,0.07837305963039398,0.01256730780005455,-0.010010243393480778,0.0027485638856887817,-0.0013441918417811394,0.007624790072441101,0.01998152583837509,0.019152767956256866,0.01256730780005455,-0.010010243393480778,0.0027485638856887817,-0.0013441918417811394,0.007624790072441101,0.01998152583837509,0.019152767956256866,0.01256730780005455,-0.010010243393480778,0.0027485638856887817,-0.0013441918417811394,0.007624790072441101,0.01998152583837509,0.019152767956256866
10.408000000000001,0.027371834963560104,0.027371834963560104,nan,nan,nan,nan,0.15971580147743225,0.0,0.1579338014125824,0.7764312028884888,0.0,0.0,0.0,0.0,0.0,0.02800000086426735,64.0,0.14912399649620056,10.136228561401367,0.020813196897506714,24.662696838378906,0.0070882514119148254,0.0063157230615615845,0.15716128051280975,0.008058866485953331,0.6545521020889282,0.0023215061519294977,0.028833268210291862,9.0,1.0,0.0,0.0,0.027371827512979507,-7.450580596923828e-09,nan,0.0008176469127647579,0.10261900722980499,0.028985172510147095,-0.07608639448881149,0.103846974670887,-0.012045890092849731,-0.14366763830184937,0.20315110683441162,0.0,0.0,-0.0,0.0,-0.0,-0.0,0.0,-0.012532126158475876,0.02894045226275921,0.022127419710159302,0.0549766831099987,0.023936228826642036,-0.05522381514310837,0.012889184057712555,9.839129052124918e-05,1.3240751286502928e-05,-1.5725433968327707e-06,2.862997462216299e-05,-6.843485607532784e-06,-1.618875830899924e-05,0.00010540820221649483,-0.004897769540548325,-0.01947735995054245,0.005207708105444908,-0.035449057817459106,-0.002659156918525696,0.05067313462495804,-0.025558464229106903,-0.0174298956990242,0.009463092312216759,0.02733512781560421,0.019527625292539597,0.02127707190811634,-0.00455068051815033,-0.012669279240071774,-0.0174298956990242,0.009463092312216759,0.02733512781560421,0.019527625292539597,0.02127707190811634,-0.00455068051815033,-0.012669279240071774,-0.0174298956990242,0.009463092312216759,0.02733512781560421,0.019527625292539597,0.02127707190811634,-0.00455068051815033,-0.012669279240071774
10.486999999999995,0.027538355439901352,0.027538355439901352,nan,nan,nan,nan,0.14452937245368958,0.0,0.15511274337768555,0.7766590118408203,0.0,0.0,0.0,0.0,0.0,0.017000000923871994,64.0,0.14939364790916443,1.3635847568511963,0.014906749129295349,12.005576133728027,0.004030521959066391,0.0019782669842243195,0.15306048095226288,0.0022235598880797625,0.735399067401886,0.002175341360270977,0.02856045961380005,9.0,1.0,0.0,0.0,0.027538347989320755,-7.450580596923828e-09,nan,0.0016160177765414119,-0.10992947965860367,-0.13526862859725952,0.052418820559978485,-0.02312426082789898,0.044712383300065994,-0.21075741946697235,-0.09958692640066147,-0.0026966154109686613,-0.003318195231258869,0.0012858553091064095,-0.0005672476254403591,0.001096813241019845,-0.005169966258108616,-0.002442908240482211,-0.005912489257752895,-0.061526790261268616,-0.015243384055793285,0.0003028721548616886,-0.01905496045947075,-0.10922349989414215,-0.007815621793270111,9.923465404426679e-05,1.3304128515301272e-05,-3.646896175268921e-06,2.827925345627591e-05,-3.800104195761378e-06,-1.5906420230749063e-05,0.00010173249029321596,-0.0038893045857548714,0.0532144196331501,0.02761908434331417,0.01623118668794632,0.025891335681080818,0.07456116378307343,0.0005312296561896801,-0.009801793843507767,-0.008312370628118515,0.012375700287520885,0.01653405837714672,0.006836375221610069,-0.034662336111068726,-0.007284392137080431,-0.009801793843507767,-0.008312370628118515,0.012375700287520885,0.01653405837714672,0.006836375221610069,-0.034662336111068726,-0.007284392137080431,-0.009801793843507767,-0.008312370628118515,0.012375700287520885,0.01653405837714672,0.006836375221610069,-0.034662336111068726,-0.007284392137080431
10.607,0.027639523148536682,0.027639523148536682,nan,nan,nan,nan,0.15018810331821442,0.0,0.1519414484500885,0.7767601609230042,0.0,0.0,0.0,0.0,0.004999999888241291,0.01899999938905239,64.0,0.14947620034217834,1.841137170791626,0.017959624528884888,13.093332290649414,-0.0006938173901289701,0.0014170458307489753,0.15405230224132538,0.0,0.634328305721283,0.0026618049014359713,0.028455611318349838,9.0,1.0,0.0,0.0,0.027639519423246384,-3.725290298461914e-09,nan,0.0006927493377588689,-0.15186962485313416,0.05382158234715462,0.13708005845546722,0.032153546810150146,0.07132230699062347,0.0023319425527006388,-0.197792187333107,-0.0,0.0,0.0,0.0,0.0,0.0,-0.0,-0.005441408604383469,-0.06108011305332184,-9.106285870075226e-05,-0.038674965500831604,-5.581136792898178e-05,0.038398128002882004,-0.017664339393377304,0.00010046304669231176,1.3459490219247527e-05,-5.2930945457774214e-06,2.818377106450498e-05,-1.092213210540649e-06,-1.579446325195022e-05,9.91158012766391e-05,0.002991002518683672,0.013304680585861206,-0.0026658300776034594,0.0250700693577528,-0.0019384210463613272,-0.05659358948469162,0.013441885821521282,-0.0024504060856997967,-0.04777543246746063,-0.0027568929363042116,-0.013604896143078804,-0.001994232414290309,-0.018195461481809616,-0.004222453571856022,-0.0024504060856997967,-0.04777543246746063,-0.0027568929363042116,-0.013604896143078804,-0.001994232414290309,-0.018195461481809616,-0.004222453571856022,-0.0024504060856997967,-0.04777543246746063,-0.0027568929363042116,-0.013604896143078804,-0.001994232414290309,-0.018195461481809616,-0.004222453571856022
10.658999999999999,0.02758892998099327,0.02758892998099327,nan,nan,nan,nan,0.1573759913444519,0.0,0.15282975137233734,0.7756873369216919,0.0,0.0,0.0,0.0,-0.0010000000474974513,0.01600000075995922,64.0,0.14932894706726074,3.4618313312530518,0.018953345715999603,13.640568733215332,0.00022733514197170734,0.0003644367097876966,0.15296685695648193,0.004115281160920858,0.41497719287872314,0.002255671191960573,0.04110109433531761,9.0,1.0,0.0,0.0,0.027588926255702972,-3.725290298461914e-09,nan,0.0004362173785921186,0.0944039523601532,0.026783345267176628,-0.07029928267002106,0.10388074070215225,-0.004082872066646814,-0.15446937084197998,0.20189078152179718,0.0,0.0,-0.0,0.0,-0.0,-0.0,0.0,0.01794442906975746,-0.02099722996354103,-0.013754580169916153,0.01747952215373516,0.004402459599077702,-0.03279472887516022,0.045407555997371674,9.926645725499839e-05,1.3375635717238765e-05,-3.7245204111968633e-06,2.822715941874776e-05,-2.950067255369504e-06,-1.559194606670644e-05,0.00010091233707498759,-0.019058533012866974,-0.02086060121655464,0.011519629508256912,-0.02669265866279602,-0.003374950960278511,0.019039198756217957,-0.04409531503915787,-0.0011141039431095123,-0.04185783118009567,-0.0022349506616592407,-0.00921313650906086,0.0010275086387991905,-0.01375553011894226,0.0013122409582138062,-0.0011141039431095123,-0.04185783118009567,-0.0022349506616592407,-0.00921313650906086,0.0010275086387991905,-0.01375553011894226,0.0013122409582138062,-0.0011141039431095123,-0.04185783118009567,-0.0022349506616592407,-0.00921313650906086,0.0010275086387991905,-0.01375553011894226,0.0013122409582138062
10.698999999999998,0.027783751487731934,0.027783751487731934,nan,nan,nan,nan,0.1576087772846222,0.0,0.1553712785243988,0.7753012776374817,0.0,0.0,0.0,0.0,0.008999999612569809,0.00800000037997961,64.0,0.14955894649028778,0.8965069651603699,0.018535181879997253,10.632060050964355,0.002751249587163329,0.0017548645846545696,0.154374897480011,0.0,0.9291960000991821,0.002983029233291745,0.03640841692686081,9.0,1.0,0.0,0.0,0.027783751487731934,0.0,nan,0.0016458847094327211,0.08912419527769089,-0.167284294962883,-0.11101216822862625,-0.09245187044143677,-0.16477282345294952,-0.07092408090829849,-0.03196065500378609,0.0,-0.0,-0.0,-0.0,-0.0,-0.0,-0.0,0.0504310317337513,-0.04065923020243645,-0.04712638631463051,0.014311096630990505,-0.03298790752887726,-0.06875113397836685,0.06517012417316437,9.821491403272375e-05,1.343728945357725e-05,-3.5388236483413493e-06,2.8307964385021478e-05,-2.4992127691803034e-06,-1.5545716451015323e-05,9.9564203992486e-05,-0.03558625653386116,0.006682064384222031,0.03281056880950928,-0.009006999433040619,0.029716869816184044,0.03602362424135208,-0.035676125437021255,0.014844775199890137,-0.033977165818214417,-0.014315817505121231,0.005304097197949886,-0.0032710377126932144,-0.03272750973701477,0.029493998736143112,0.014844775199890137,-0.033977165818214417,-0.014315817505121231,0.005304097197949886,-0.0032710377126932144,-0.03272750973701477,0.029493998736143112,0.014844775199890137,-0.033977165818214417,-0.014315817505121231,0.005304097197949886,-0.0032710377126932144,-0.03272750973701477,0.029493998736143112
10.832,0.02865605801343918,0.02865605801343918,nan,nan,nan,nan,0.15496940910816193,0.0,0.15794917941093445,0.7750514149665833,0.0,0.0,0.0,0.0,0.003000000026077032,0.04100000113248825,64.0,0.1500416398048401,0.9223204255104065,0.008676201105117798,11.800422668457031,0.0012983139604330063,0.005242358893156052,0.16189323365688324,0.009136956185102463,0.9452847242355347,0.004898154176771641,0.06334754824638367,9.0,1.0,0.0,0.0,0.02865605801343918,0.0,nan,0.0030732073355466127,0.11278842389583588,-0.012907837517559528,-0.04573282599449158,-0.10696480423212051,-0.023776862770318985,0.22989612817764282,0.10080493241548538,0.04537177458405495,-0.0051924786530435085,-0.018397094681859016,-0.04302908480167389,-0.009564797393977642,0.09248106926679611,0.04055113345384598,0.07409205287694931,-0.08647891134023666,-0.07860073447227478,-0.0402245819568634,-0.0762895941734314,-0.04400287941098213,0.051550932228565216,0.00012593403516802937,1.5979954696376808e-05,-2.9724113119300455e-05,2.940245576610323e-05,3.49837719113566e-05,-1.8663646187633276e-05,7.136892236303538e-05,-0.03993687033653259,0.0334550179541111,0.04219534248113632,0.034313078969717026,0.04579901695251465,-0.002382047474384308,-0.017244957387447357,0.03415518254041672,-0.053023893386125565,-0.03640539199113846,-0.0059115029871463776,-0.030490577220916748,-0.04638492688536644,0.03430597484111786,0.03415518254041672,-0.053023893386125565,-0.03640539199113846,-0.0059115029871463776,-0.030490577220916748,-0.04638492688536644,0.03430597484111786,0.03415518254041672,-0.053023893386125565,-0.03640539199113846,-0.0059115029871463776,-0.030490577220916748,-0.04638492688536644,0.03430597484111786
10.928999999999995,0.028822317719459534,0.028822317719459534,nan,nan,nan,nan,0.1535075157880783,0.0,0.15626291930675507,0.7750193476676941,0.0,0.0,0.0,0.0,0.008999999612569809,0.028999999165534973,64.0,0.15057653188705444,0.9264182448387146,0.01002475619316101,15.827820777893066,-0.002396702766418457,0.003134452272206545,0.16179408133029938,0.0020658662542700768,0.8649653196334839,0.0056170267052948475,0.0709473267197609,9.0,1.0,0.0,0.0,0.028822313994169235,-3.725290298461914e-09,nan,0.0021043650340288877,0.09281708300113678,-0.09008316695690155,-0.06947305053472519,-0.10134777426719666,-0.026989270001649857,0.22050997614860535,0.0939098671078682,0.033303890377283096,-0.032322924584150314,-0.024927766993641853,-0.036364804953336716,-0.009684075601398945,0.07912164181470871,0.03369599208235741,0.031703222543001175,-0.11191496253013611,-0.0415043979883194,-0.06817134469747543,-0.02794942632317543,0.012595131993293762,0.022821839898824692,0.00015578026068396866,1.8851456843549386e-05,-5.770373172708787e-05,3.0758419597987086e-05,7.467001705663279e-05,-2.2107102267909795e-05,4.178486778982915e-05,-0.0021384358406066895,0.03325427323579788,0.00371352955698967,0.03914473205804825,-0.003951400518417358,-0.0538930781185627,0.0009482670575380325,0.029564786702394485,-0.07866068929433823,-0.03779086843132973,-0.029026612639427185,-0.03190082684159279,-0.041297946125268936,0.023770106956362724,0.029564786702394485,-0.07866068929433823,-0.03779086843132973,-0.029026612639427185,-0.03190082684159279,-0.041297946125268936,0.023770106956362724,0.029564786702394485,-0.07866068929433823,-0.03779086843132973,-0.029026612639427185,-0.03190082684159279,-0.041297946125268936,0.023770106956362724
11.044999999999995,0.02869352325797081,0.02869352325797081,nan,nan,nan,nan,0.15552890300750732,0.0,0.15529491007328033,0.7740890979766846,0.0,0.0,0.0,0.0,0.004000000189989805,0.03400000184774399,64.0,0.15076474845409393,1.6483691930770874,0.009862706065177917,12.833653450012207,-0.003699626075103879,-0.0010531565640121698,0.15794138610363007,-0.002468442777171731,0.404396116733551,0.003922326024621725,0.11142104864120483,9.0,1.0,0.0,0.0,0.02869352325797081,0.0,nan,0.000987746985629201,0.09656019508838654,0.023665880784392357,-0.073330357670784,0.10041793435811996,-0.005727924406528473,-0.14996550977230072,0.20526200532913208,0.0,0.0,-0.0,0.0,-0.0,-0.0,0.0,-0.049859534949064255,-0.029472285881638527,0.038908712565898895,-0.010309947654604912,0.020007960498332977,-0.00958830863237381,-0.06771449744701385,0.0001771541137713939,2.1054291210020892e-05,-7.689355697948486e-05,3.1615836633136496e-05,9.9330791272223e-05,-2.4282904632855207e-05,2.465346551616676e-05,0.04720431938767433,-0.03645673394203186,-0.04658888652920723,-0.019208861514925957,-0.032482076436281204,-0.011026311665773392,0.050708405673503876,-0.002655215561389923,-0.06592901796102524,-0.007680173963308334,-0.02951880916953087,-0.012474115937948227,-0.0206146202981472,-0.01700609177350998,-0.002655215561389923,-0.06592901796102524,-0.007680173963308334,-0.02951880916953087,-0.012474115937948227,-0.0206146202981472,-0.01700609177350998,-0.002655215561389923,-0.06592901796102524,-0.007680173963308334,-0.02951880916953087,-0.012474115937948227,-0.0206146202981472,-0.01700609177350998
11.143999999999998,0.028547044843435287,0.028547044843435287,nan,nan,nan,nan,0.15238182246685028,0.0,0.15337242186069489,0.7729806900024414,0.0,0.0,0.0,0.0,0.0,0.019999999552965164,64.0,0.15035152435302734,0.8126013278961182,0.014081597328186035,9.856708526611328,-0.0036023787688463926,-0.00278656929731369,0.15418824553489685,-0.004463270306587219,0.9452435374259949,0.004427638836205006,0.09367279708385468,9.0,1.0,0.0,0.0,0.028547044843435287,0.0,nan,0.002119711134582758,0.09595819562673569,-0.16335968673229218,-0.11488313972949982,-0.09064142405986786,-0.1665579080581665,-0.06713472306728363,-0.02104816772043705,0.0,-0.0,-0.0,-0.0,-0.0,-0.0,-0.0,0.030155591666698456,-0.092354416847229,-0.043101124465465546,-0.043588943779468536,-0.07324676215648651,-0.04582732170820236,-0.029345618560910225,9.20618767850101e-05,1.337795674771769e-05,-1.0298053894075565e-06,2.762879194051493e-05,-4.773130967805628e-06,-1.4809056665399112e-05,9.751582547323778e-05,-0.027037488296628,0.024548828601837158,0.02934975177049637,0.014478608965873718,0.045868631452322006,0.016386082395911217,0.00523093156516552,0.0031181033700704575,-0.06780558824539185,-0.013751372694969177,-0.029110334813594818,-0.027378130704164505,-0.029441239312291145,-0.024114686995744705,0.0031181033700704575,-0.06780558824539185,-0.013751372694969177,-0.029110334813594818,-0.027378130704164505,-0.029441239312291145,-0.024114686995744705,0.0031181033700704575,-0.06780558824539185,-0.013751372694969177,-0.029110334813594818,-0.027378130704164505,-0.029441239312291145,-0.024114686995744705
11.275999999999996,0.02771107479929924,0.02771107479929924,nan,nan,nan,nan,0.147132009267807,0.0,0.14737918972969055,0.7705436944961548,0.0,0.0,0.0,0.0,0.0020000000949949026,0.017999999225139618,64.0,0.14933401346206665,0.9011793732643127,0.015395693480968475,27.67532730102539,-0.0038676364347338676,-0.004852470941841602,0.14639435708522797,0.0,0.8076147437095642,0.004979466088116169,0.0794561356306076,9.0,1.0,0.0,0.0,0.02771107107400894,-3.725290298461914e-09,nan,0.00268379389308393,0.13366858661174774,-0.06568730622529984,-0.12784172594547272,-0.07248447835445404,-0.08891388028860092,0.13483595848083496,0.14189420640468597,0.029306387528777122,-0.014401720836758614,-0.02802886813879013,-0.01589197851717472,-0.0194940697401762,0.0295623317360878,0.031109828501939774,0.06226580962538719,-0.08345706760883331,-0.06718780100345612,-0.0625842958688736,-0.06866806745529175,0.04809027537703514,0.03056022711098194,9.224628593074158e-05,1.3727125406148843e-05,2.6089214770763647e-06,2.837834290403407e-05,-9.493329343968071e-06,-1.4694636774947867e-05,0.00010506738180993125,-0.04512009397149086,0.009488478302955627,0.040589213371276855,0.023118268698453903,0.029135137796401978,-0.058097876608371735,-0.045545049011707306,0.017145715653896332,-0.07396858930587769,-0.02659858763217926,-0.03946602717041969,-0.03953292965888977,-0.010007601231336594,-0.014984821900725365,0.017145715653896332,-0.07396858930587769,-0.02659858763217926,-0.03946602717041969,-0.03953292965888977,-0.010007601231336594,-0.014984821900725365,0.017145715653896332,-0.07396858930587769,-0.02659858763217926,-0.03946602717041969,-0.03953292965888977,-0.010007601231336594,-0.014984821900725365
11.357,0.027501124888658524,0.027501124888658524,nan,nan,nan,nan,0.1448662281036377,0.0,0.1466892957687378,0.7699788808822632,0.0,0.0,0.0,0.0,0.007000000216066837,0.009999999776482582,64.0,0.1491827517747879,0.7145302295684814,0.015018507838249207,24.919273376464844,-0.004588682670146227,-0.003919681068509817,0.14735829830169678,0.0,0.7710731625556946,0.004920892883092165,0.0670691430568695,9.0,1.0,0.0,0.0,0.027501121163368225,-3.725290298461914e-09,nan,0.0013545877300202847,-0.13824789226055145,-0.04672137275338173,0.10805407911539078,-0.0028596839401870966,0.04467026889324188,-0.08032143861055374,-0.22039465606212616,-0.0,-0.0,0.0,-0.0,0.0,-0.0,-0.0,-0.027590278536081314,-0.06699472665786743,0.011343239806592464,-0.03581994026899338,-0.01787782646715641,-0.009454789571464062,-0.08190003782510757,9.578145545674488e-05,1.414555936207762e-05,3.0466097200587683e-07,2.8727434255415574e-05,-6.506300906039542e-06,-1.5046362022985704e-05,0.00010394739365438,0.037092797458171844,-0.006029702723026276,-0.031673017889261246,-0.005058277398347855,-0.018706923350691795,0.005719049833714962,0.053151655942201614,0.00950251892209053,-0.07302442938089371,-0.020329779013991356,-0.04087821766734123,-0.036584749817848206,-0.0037357397377490997,-0.02874838188290596,0.00950251892209053,-0.07302442938089371,-0.020329779013991356,-0.04087821766734123,-0.036584749817848206,-0.0037357397377490997,-0.02874838188290596,0.00950251892209053,-0.07302442938089371,-0.020329779013991356,-0.04087821766734123,-0.036584749817848206,-0.0037357397377490997,-0.02874838188290596
11.443999999999996,0.026950877159833908,0.026950877159833908,nan,nan,nan,nan,0.149525985121727,0.0,0.14477364718914032,0.7686715126037598,0.0,0.0,0.0,0.0,0.008999999612569809,0.028999999165534973,64.0,0.14888902008533478,2.864077568054199,0.6638662815093994,13.788376808166504,-0.0035544356796890497,-0.003477057907730341,0.14485102891921997,0.0,0.3812810480594635,0.003873770358040929,0.0825139582157135,9.0,1.0,0.0,0.0,0.02695086970925331,-7.450580596923828e-09,nan,0.0008981024147942662,0.11607985198497772,0.02736680768430233,-0.084845632314682,0.04814407229423523,0.006677571684122086,-0.028100496158003807,0.25578442215919495,0.0,0.0,-0.0,0.0,0.0,-0.0,0.0,0.008036362007260323,-0.029155094176530838,-0.008828842081129551,0.001267753541469574,0.0018975682323798537,-0.02932923473417759,0.022357001900672913,9.611555287847295e-05,1.4549733350577299e-05,2.2438550786318956e-06,2.928121466538869e-05,-9.377350579597987e-06,-1.5063445971463807e-05,0.00010855814616661519,-0.01103971991688013,-0.030542176216840744,0.0019817445427179337,-0.028612690046429634,-0.021910566836595535,0.014315415173768997,-0.054120708256959915,-0.003003357909619808,-0.05969727039337158,-0.006847097538411617,-0.02734493650496006,-0.020012998953461647,-0.015013819560408592,-0.031763706356287,-0.003003357909619808,-0.05969727039337158,-0.006847097538411617,-0.02734493650496006,-0.020012998953461647,-0.015013819560408592,-0.031763706356287,-0.003003357909619808,-0.05969727039337158,-0.006847097538411617,-0.02734493650496006,-0.020012998953461647,-0.015013819560408592,-0.031763706356287
11.536999999999999,0.02657105028629303,0.02657105028629303,nan,nan,nan,nan,0.12451578676700592,0.0,0.13559582829475403,0.7676636576652527,0.0,0.0,0.0,0.0,0.0,0.02199999988079071,64.0,0.14878511428833008,2.8368782997131348,0.8497433662414551,24.38404655456543,-0.008857836946845055,-0.003366745775565505,0.14108692109584808,-0.00633045332506299,0.9398689866065979,0.004609611816704273,0.09771600365638733,9.0,1.0,0.0,0.0,0.02657104656100273,-3.725290298461914e-09,nan,0.0024238021578639746,0.08394095301628113,-0.18776622414588928,-0.1389980912208557,-0.08127900958061218,-0.10263866931200027,-0.012313797138631344,0.10528385639190674,0.0,-0.0,-0.0,-0.0,-0.0,-0.0,0.0,0.008860395289957523,-0.11252086609601974,-0.05088271200656891,-0.039715006947517395,-0.021816281601786613,-0.07741555571556091,0.03501443192362785,0.0001047060577548109,1.5579831597278826e-05,-4.449752850632649e-06,2.976647920149844e-05,-1.1610374031079118e-06,-1.5636553143849596e-05,0.0001040103379637003,-0.010528594255447388,0.0395173653960228,0.03227837383747101,0.011994913220405579,0.006818663328886032,0.035252176225185394,-0.04209093004465103,-0.0016681989654898643,-0.07300350069999695,-0.0186043381690979,-0.027720093727111816,-0.014997618272900581,-0.04216337949037552,-0.007076498121023178,-0.0016681989654898643,-0.07300350069999695,-0.0186043381690979,-0.027720093727111816,-0.014997618272900581,-0.04216337949037552,-0.007076498121023178,-0.0016681989654898643,-0.07300350069999695,-0.0186043381690979,-0.027720093727111816,-0.014997618272900581,-0.04216337949037552,-0.007076498121023178
11.649000000000001,0.025472287088632584,0.025472287088632584,nan,nan,nan,nan,0.10903004556894302,0.0,0.12146475911140442,0.7654803991317749,0.0,0.0,0.0,0.0,0.006000000052154064,0.01899999938905239,64.0,0.14783160388469696,0.5199220180511475,0.012950040400028229,10.165576934814453,-0.014734253287315369,-0.00829652976244688,0.12790247797966003,-0.020753201097249985,0.9843364357948303,0.006281133275479078,0.09902999550104141,9.0,1.0,0.0,0.0,0.025472283363342285,-3.725290298461914e-09,nan,0.003865772858262062,-0.09434089809656143,-0.13978014886379242,0.021940477192401886,-0.03364105895161629,-0.01772426813840866,-0.15809674561023712,-0.18611681461334229,-0.028061311691999435,-0.04157702997326851,0.006526104640215635,-0.010006394237279892,-0.005272010341286659,-0.047025226056575775,-0.05535968020558357,-0.01395433396100998,-0.14757689833641052,-0.04574155434966087,-0.049115441739559174,-0.03703630343079567,-0.10299384593963623,-0.028319746255874634,0.00010179741366300732,1.5791112673468888e-05,1.6499238881806377e-06,3.026771082659252e-05,-8.655161764181685e-06,-1.4973491488490254e-05,0.00011310086847515777,0.014703567139804363,0.0500728040933609,0.0127166248857975,0.013486865907907486,0.01357794925570488,0.045006923377513885,0.027597106993198395,0.000749233178794384,-0.09750409424304962,-0.03302492946386337,-0.03562857583165169,-0.02345835417509079,-0.057986922562122345,-0.000722639262676239,0.000749233178794384,-0.09750409424304962,-0.03302492946386337,-0.03562857583165169,-0.02345835417509079,-0.057986922562122345,-0.000722639262676239,0.000749233178794384,-0.09750409424304962,-0.03302492946386337,-0.03562857583165169,-0.02345835417509079,-0.057986922562122345,-0.000722639262676239
11.768999999999998,0.02449677139520645,0.02449677139520645,nan,nan,nan,nan,0.08227545022964478,0.0,0.09554590284824371,0.7639462351799011,0.0,0.0,0.0,0.0,0.008999999612569809,0.017999999225139618,64.0,0.14638303220272064,5.508974075317383,0.015970319509506226,13.762723922729492,-0.026394514366984367,-0.010185610502958298,0.11175480484962463,0.0,0.9675645232200623,0.010615169070661068,0.09755118936300278,9.0,1.0,0.0,0.0,0.024496767669916153,-3.725290298461914e-09,nan,0.012065759859979153,-0.09434089809656143,-0.13978014886379242,0.021940477192401886,-0.03364105895161629,-0.01772426813840866,-0.15809674561023712,-0.18611681461334229,-0.06248581409454346,-0.09258207678794861,0.01453206967562437,-0.022281840443611145,-0.011739502660930157,-0.10471390187740326,-0.12327273190021515,-0.0964757427573204,-0.191059872508049,0.0038628531619906425,-0.05113847181200981,-0.0311741903424263,-0.19185934960842133,-0.19062818586826324,0.00022339537099469453,2.7456664611236192e-05,-0.00010243122233077884,3.5980971006210893e-05,0.00011809539137175307,-2.5729721528477967e-05,3.134322105324827e-05,0.05617063120007515,0.049676284193992615,-0.02361438050866127,0.007665611803531647,0.002904258668422699,0.07419659197330475,0.10978999733924866,-0.040305111557245255,-0.1413835883140564,-0.019751528277993202,-0.043472860008478165,-0.0282699316740036,-0.11766275763511658,-0.08083818852901459,-0.040305111557245255,-0.1413835883140564,-0.019751528277993202,-0.043472860008478165,-0.0282699316740036,-0.11766275763511658,-0.08083818852901459,-0.040305111557245255,-0.1413835883140564,-0.019751528277993202,-0.043472860008478165,-0.0282699316740036,-0.11766275763511658,-0.08083818852901459
11.890999999999998,0.020459648221731186,0.020459648221731186,nan,nan,nan,nan,0.054866161197423935,0.0,0.06758098304271698,0.7570271492004395,0.0,0.0,0.0,0.0,0.004000000189989805,0.013000000268220901,64.0,0.14322641491889954,3.0388553142547607,0.013354234397411346,31.527042388916016,-0.031812120229005814,-0.027359919622540474,0.07203318178653717,-0.08092762529850006,0.9971144795417786,0.012296550907194614,0.2217283844947815,9.0,1.0,0.0,0.0,0.02045964077115059,-7.450580596923828e-09,nan,0.009554009884595871,-0.07072947174310684,-0.21255560219287872,-0.041819896548986435,-0.06798360496759415,0.002029332099482417,-0.17506973445415497,-0.05285124108195305,-0.0,-0.0,-0.0,-0.0,0.0,-0.0,-0.0,-0.08350782096385956,-0.19635149836540222,-0.01654457114636898,-0.051714636385440826,-0.016476118937134743,-0.18139715492725372,-0.12409846484661102,0.0003570961707737297,3.990673940279521e-05,-0.00021252372243907303,4.179917596047744e-05,0.00024014455266296864,-3.579382973839529e-05,-3.9970153011381626e-05,0.02865595743060112,0.03776386380195618,-0.0008981358259916306,0.006538115441799164,-0.009262269362807274,0.041707977652549744,0.025090716779232025,-0.05485186353325844,-0.15858763456344604,-0.01744270697236061,-0.04517652094364166,-0.025738388299942017,-0.13968917727470398,-0.099007748067379,-0.05485186353325844,-0.15858763456344604,-0.01744270697236061,-0.04517652094364166,-0.025738388299942017,-0.13968917727470398,-0.099007748067379,-0.05485186353325844,-0.15858763456344604,-0.01744270697236061,-0.04517652094364166,-0.025738388299942017,-0.13968917727470398,-0.099007748067379
12.018999999999998,0.01676464080810547,0.01676464080810547,nan,nan,nan,nan,0.03802118077874184,0.0,0.04299513250589371,0.7490780353546143,0.0,0.0,0.0,0.0,-0.006000000052154064,0.03200000151991844,64.0,0.13963212072849274,1.518363118171692,0.012498348951339722,17.126312255859375,-0.03597918897867203,-0.02869807928800583,0.050276242196559906,-0.03919622302055359,0.9539908766746521,0.012910336256027222,0.21458984911441803,9.0,1.0,0.0,0.0,0.016764633357524872,-7.450580596923828e-09,nan,0.007077728398144245,0.07812254875898361,-0.1805720031261444,-0.13619185984134674,-0.058630432933568954,-0.12184120714664459,-0.04159587621688843,0.11282452940940857,0.013977818191051483,-0.03230825066566467,-0.02436767891049385,-0.010490256361663342,-0.02180003561079502,-0.007442404516041279,0.020186755806207657,-0.02515312097966671,-0.20213253796100616,-0.0657898560166359,-0.05915594846010208,-0.05388316884636879,-0.13678045570850372,-0.03084592893719673,0.0004461975477170199,4.747527418658137e-05,-0.00028192123863846064,4.6605695388279855e-05,0.0003041209129150957,-4.2311927245464176e-05,-6.890381337143481e-05,-0.027338093146681786,0.026164844632148743,0.036366865038871765,0.0090399831533432,0.02392750419676304,-0.009484812617301941,-0.05449281260371208,-0.052491214126348495,-0.17596769332885742,-0.02942299097776413,-0.05011596530675888,-0.02995566464960575,-0.14626526832580566,-0.08533874154090881,-0.052491214126348495,-0.17596769332885742,-0.02942299097776413,-0.05011596530675888,-0.02995566464960575,-0.14626526832580566,-0.08533874154090881,-0.052491214126348495,-0.17596769332885742,-0.02942299097776413,-0.05011596530675888,-0.02995566464960575,-0.14626526832580566,-0.08533874154090881
12.073999999999998,0.014230557717382908,0.014230557717382908,nan,nan,nan,nan,0.02654528245329857,0.0,0.027300745248794556,0.7412387728691101,0.0,0.0,0.0,0.0,0.0020000000949949026,0.009999999776482582,64.0,0.13564608991146088,0.5190735459327698,0.01135747879743576,19.087783813476562,-0.036333613097667694,-0.03132512420415878,0.03230923414230347,0.0,0.9731579422950745,0.01277767401188612,0.2284712791442871,9.0,1.0,0.0,0.0,0.014230555854737759,-1.862645149230957e-09,nan,0.0067756567150354385,-0.08236967772245407,-0.14142638444900513,0.00938878022134304,-0.017651893198490143,-0.018488815054297447,-0.17848573625087738,-0.17497165501117706,-0.0,-0.0,0.0,-0.0,-0.0,-0.0,-0.0,-0.011397575959563255,-0.19692227244377136,-0.0731644332408905,-0.054729755967855453,-0.06725675612688065,-0.1283947378396988,-0.023265091702342033,0.00014772795839235187,2.0249502995284274e-05,7.263695351866772e-06,3.8712161767762154e-05,-1.1593584531510714e-05,-1.7782205759431235e-05,0.00016663290443830192,-0.025967011228203773,0.012157335877418518,0.027185454964637756,0.0016665421426296234,0.024223297834396362,-0.010686174035072327,-0.037140920758247375,-0.03736458718776703,-0.18476493656635284,-0.04597897827625275,-0.05306321382522583,-0.04303345829248428,-0.13908091187477112,-0.06040601432323456,-0.03736458718776703,-0.18476493656635284,-0.04597897827625275,-0.05306321382522583,-0.04303345829248428,-0.13908091187477112,-0.06040601432323456,-0.03736458718776703,-0.18476493656635284,-0.04597897827625275,-0.05306321382522583,-0.04303345829248428,-0.13908091187477112,-0.06040601432323456
12.268999999999998,0.006957747973501682,0.006957747973501682,nan,nan,nan,nan,-0.03172881156206131,0.0,0.0,0.7125924229621887,0.0,0.0,0.0,0.0,0.007000000216066837,0.10899999737739563,64.0,0.13261063396930695,2.537231922149658,0.014601275324821472,11.606328964233398,-0.01735447719693184,-0.03304997459053993,-0.015695497393608093,-0.04265737906098366,0.9641650915145874,0.012736630626022816,0.19280347228050232,9.0,1.0,0.0,0.0,0.006957742385566235,-5.587935447692871e-09,nan,0.008316636085510254,0.06532219052314758,-0.188737154006958,-0.12404104322195053,-0.05850942060351372,-0.13594353199005127,-0.028554217889904976,0.10957086831331253,0.014773807488381863,-0.04268635809421539,-0.028054149821400642,-0.013232974335551262,-0.030746113508939743,-0.006458058021962643,0.02478145621716976,-0.04399396479129791,-0.23537850379943848,-0.06920724362134933,-0.07104102522134781,-0.049181535840034485,-0.10819945484399796,-0.05636490881443024,0.00014553619257640094,1.913130472530611e-05,2.0345283701317385e-05,3.922296309610829e-05,-2.3767599486745894e-05,-1.746729867591057e-05,0.0001867471873993054,0.05122888833284378,0.03874845802783966,0.014347564429044724,0.02046719565987587,-0.006971880793571472,-0.02233555167913437,0.036031801253557205,0.007234923541545868,-0.19663004577159882,-0.05485967919230461,-0.05057382956147194,-0.05615341663360596,-0.13053500652313232,-0.02033310756087303,0.007234923541545868,-0.19663004577159882,-0.05485967919230461,-0.05057382956147194,-0.05615341663360596,-0.13053500652313232,-0.02033310756087303,0.007234923541545868,-0.19663004577159882,-0.05485967919230461,-0.05057382956147194,-0.05615341663360596,-0.13053500652313232,-0.02033310756087303
12.357999999999997,0.006606743671000004,0.006606743671000004,nan,nan,nan,nan,-0.028302490711212158,0.0,0.0,0.7110688090324402,0.0,0.0,0.0,0.0,0.004000000189989805,0.007000000216066837,64.0,0.12712900340557098,0.5046464204788208,0.011479482054710388,26.90045166015625,-0.016562432050704956,-0.018201563507318497,-0.0016391314566135406,0.0,0.9735237956047058,0.013708489947021008,0.1055186539888382,9.0,1.0,0.0,0.0,0.006606739945709705,-3.725290298461914e-09,nan,0.006952997762709856,0.06532219052314758,-0.188737154006958,-0.12404104322195053,-0.05850942060351372,-0.13594353199005127,-0.028554217889904976,0.10957086831331253,0.03952807933092117,-0.11420954018831253,-0.07506031543016434,-0.03540550172328949,-0.0822627991437912,-0.017278864979743958,0.066304050385952,0.019545402377843857,-0.2587830424308777,-0.12236505001783371,-0.07914826273918152,-0.11922385543584824,-0.07966404408216476,0.04251324012875557,0.00017082183330785483,1.8982940673595294e-05,1.749457442201674e-05,3.6906061723129824e-05,-2.15454838325968e-05,-1.554423215566203e-05,0.00020714881247840822,0.008726470172405243,0.04440109431743622,0.048374176025390625,0.02257402241230011,0.03906627744436264,-0.03455979377031326,-0.026284631341695786,0.0282718725502491,-0.21438194811344147,-0.07399087399244308,-0.05657424032688141,-0.0801575779914856,-0.11422383785247803,0.016228608787059784,0.0282718725502491,-0.21438194811344147,-0.07399087399244308,-0.05657424032688141,-0.0801575779914856,-0.11422383785247803,0.016228608787059784,0.0282718725502491,-0.21438194811344147,-0.07399087399244308,-0.05657424032688141,-0.0801575779914856,-0.11422383785247803,0.016228608787059784
12.451,0.006516092456877232,0.006516092456877232,nan,nan,nan,nan,-0.02736232616007328,1.0,9.313225746154785e-10,0.7050269842147827,0.0,0.0,0.0,0.0,0.00800000037997961,0.019999999552965164,64.0,0.12731115520000458,1.3001766204833984,0.01642666757106781,11.798362731933594,-0.012364459224045277,-0.00553148752078414,0.006832972634583712,-0.008100830018520355,0.8825670480728149,0.014381054788827896,0.2007800191640854,9.0,1.0,0.0,0.0,0.006516086868941784,-5.587935447692871e-09,nan,0.010735442861914635,-0.07418065518140793,-0.14867259562015533,0.007304302416741848,-0.020127665251493454,-0.007445001509040594,-0.17576831579208374,-0.1760263741016388,-0.038290608674287796,-0.07674189656972885,0.0037703386042267084,-0.010389508679509163,-0.003842964768409729,-0.09072817862033844,-0.09086138755083084,-0.04708647355437279,-0.23518364131450653,-0.052283406257629395,-0.05268770083785057,-0.0619976706802845,-0.17110563814640045,-0.11356092989444733,0.0004621997650247067,4.353971962700598e-05,-0.0002556325343903154,4.473460649023764e-05,0.000225790761760436,-3.5799974284600466e-05,3.652049781521782e-05,0.0797177404165268,0.012996301054954529,-0.01899709552526474,-0.00014821812510490417,-0.027080919593572617,0.04292753338813782,0.12109154462814331,0.03263126313686371,-0.222187340259552,-0.07128050178289413,-0.052835918962955475,-0.08907859027385712,-0.12817810475826263,0.007530617527663708,0.03263126313686371,-0.222187340259552,-0.07128050178289413,-0.052835918962955475,-0.08907859027385712,-0.12817810475826263,0.007530617527663708,0.032631270587444305,-0.222187340259552,-0.07128050178289413,-0.052835918962955475,-0.08907859027385712,-0.12817810475826263,0.007530623115599155
12.528999999999996,0.006199738942086697,0.006199738942086697,nan,nan,nan,nan,-0.03485160320997238,0.0,0.0,0.7041839957237244,0.0,0.0,0.0,0.0,0.003000000026077032,0.010999999940395355,64.0,0.12675973773002625,6.423659801483154,0.010504387319087982,10.233479499816895,-0.011282429099082947,-0.006200829986482859,0.005081599112600088,0.0,0.9031301140785217,0.014531510882079601,0.19969168305397034,9.0,1.0,0.0,0.0,0.006199733354151249,-5.587935447692871e-09,nan,0.009861338883638382,-0.05493633449077606,-0.2021685093641281,-0.05311175063252449,-0.04441464692354202,-0.01053605880588293,-0.20009733736515045,-0.03415294736623764,-0.003713601967319846,-0.013666244223713875,-0.00359026319347322,-0.0030023539438843727,-0.0007122195675037801,-0.01352623663842678,-0.0023086806759238243,-0.054401081055402756,-0.2397284209728241,-0.05577577278017998,-0.06554008275270462,-0.05406441166996956,-0.1494961678981781,-0.11118733137845993,0.00017067026055883616,1.8876628018915653e-05,2.154189678549301e-05,3.595256566768512e-05,-2.1277915948303416e-05,-1.4834788089501671e-05,0.00021035897952970117,0.0826144814491272,0.014958888292312622,-0.009181108325719833,0.01336510106921196,-0.03367738798260689,0.013638243079185486,0.10401555895805359,0.028213396668434143,-0.22476953268051147,-0.06495688110589981,-0.05217498168349266,-0.08774179965257645,-0.13585792481899261,-0.007171774283051491,0.028213396668434143,-0.22476953268051147,-0.06495688110589981,-0.05217498168349266,-0.08774179965257645,-0.13585792481899261,-0.007171774283051491,0.028213396668434143,-0.22476953268051147,-0.06495688110589981,-0.05217498168349266,-0.08774179965257645,-0.13585792481899261,-0.007171774283051491
12.641999999999996,0.004855048842728138,0.004855048842728138,nan,nan,nan,nan,-0.03753548860549927,1.0,-4.656612873077393e-10,0.6987378001213074,0.0,0.0,0.0,0.0,0.004000000189989805,0.026000000536441803,64.0,0.12572889029979706,3.2683582305908203,0.0458965077996254,13.748468399047852,-0.004276795778423548,-0.008339358493685722,-0.004062563180923462,-0.013639074750244617,0.9767488837242126,0.014909072779119015,0.14546170830726624,9.0,1.0,0.0,0.0,0.00485504325479269,-5.587935447692871e-09,nan,0.008598815649747849,0.056005556136369705,-0.18680229783058167,-0.12107875198125839,-0.04500788822770119,-0.14028523862361908,-0.05122847110033035,0.11392191052436829,0.0132594620808959,-0.04422593116760254,-0.028665712103247643,-0.010655735619366169,-0.033212896436452866,-0.012128475122153759,0.026971308514475822,0.0003830231726169586,-0.23263289034366608,-0.09704376012086868,-0.059482820332050323,-0.10359135270118713,-0.11481498181819916,0.006241939961910248,0.00017165046301670372,1.944659379660152e-05,2.488850077497773e-05,3.434031896176748e-05,-2.4678625777596608e-05,-1.2346059520496055e-05,0.00021713244495913386,0.050485655665397644,0.00894010066986084,0.026168547570705414,0.010119542479515076,0.0013029277324676514,-0.017835408449172974,0.021451596170663834,0.0508686788380146,-0.22369278967380524,-0.07087521255016327,-0.04936327785253525,-0.10228842496871948,-0.13265039026737213,0.02769353613257408,0.0508686788380146,-0.22369278967380524,-0.07087521255016327,-0.04936327785253525,-0.10228842496871948,-0.13265039026737213,0.02769353613257408,0.0508686788380146,-0.22369278967380524,-0.07087521255016327,-0.04936327785253525,-0.10228842496871948,-0.13265039026737213,0.02769353799521923
12.711999999999996,0.004399550147354603,0.004399550147354603,nan,nan,nan,nan,-0.036381155252456665,0.0,1.3969838619232178e-09,0.6966527104377747,0.0,0.0,0.0,0.0,0.004999999888241291,0.017999999225139618,64.0,0.12486161291599274,2.446230411529541,0.013325363397598267,10.8627347946167,-0.002992358524352312,-0.006499805487692356,-0.003507445566356182,0.0,0.919807493686676,0.015528473071753979,0.1182621419429779,9.0,1.0,0.0,0.0,0.004399548284709454,-1.862645149230957e-09,nan,0.007088510785251856,-0.0690496489405632,-0.14903220534324646,-0.005350271239876747,-0.007625283673405647,-0.01638323999941349,-0.18580718338489532,-0.16775594651699066,-0.02307172119617462,-0.04979648441076279,-0.0017876988276839256,-0.0025478540919721127,-0.005474170669913292,-0.06208419054746628,-0.056052688509225845,-0.01151747815310955,-0.22315827012062073,-0.08259027451276779,-0.04364486783742905,-0.09588513523340225,-0.14418834447860718,-0.032224420458078384,0.00016908819088712335,1.933641942741815e-05,3.070136153837666e-05,3.394695158931427e-05,-2.9649556381627917e-05,-1.1540178093127906e-05,0.00022410093515645713,0.0761314406991005,0.0009153932332992554,0.0012961030006408691,-0.0014458224177360535,-0.02571897953748703,0.017648175358772278,0.090920090675354,0.0646139606833458,-0.22224287688732147,-0.08129417151212692,-0.0450906902551651,-0.12160411477088928,-0.1265401691198349,0.05869567021727562,0.0646139606833458,-0.22224287688732147,-0.08129417151212692,-0.0450906902551651,-0.12160411477088928,-0.1265401691198349,0.05869567021727562,0.0646139606833458,-0.22224287688732147,-0.08129417151212692,-0.0450906902551651,-0.12160411477088928,-0.1265401691198349,0.05869567021727562
12.817,0.004259956069290638,0.004259956069290638,nan,nan,nan,nan,-0.04235709458589554,1.0,9.313225746154785e-10,0.694766104221344,0.0,0.0,0.0,0.0,-0.0020000000949949026,0.01899999938905239,64.0,0.12478454411029816,2.7840845584869385,1.9347807168960571,17.77750587463379,0.0007757944986224174,-0.002659690799191594,-0.003435484366491437,0.0043692756444215775,0.7942892909049988,0.015290881507098675,0.20295096933841705,9.0,1.0,0.0,0.0,0.004259954206645489,-1.862645149230957e-09,nan,0.010031365789473057,-0.0690496489405632,-0.14903220534324646,-0.005350271239876747,-0.007625283673405647,-0.01638323999941349,-0.18580718338489532,-0.16775594651699066,-0.03929195925593376,-0.08480516821146011,-0.003044514451175928,-0.004339085426181555,-0.00932270660996437,-0.10573156923055649,-0.0954597070813179,-0.06719781458377838,-0.22472065687179565,-0.03803647309541702,-0.024448057636618614,-0.05337648466229439,-0.22631093859672546,-0.16496184468269348,0.00016249071632046252,1.8573053239379078e-05,3.9032616768963635e-05,3.3746659028111026e-05,-3.3731412258930504e-05,-1.1775207894970663e-05,0.00022860034368932247,0.11538664996623993,0.007996082305908203,-0.02182554453611374,-0.005212360993027687,-0.056258734315633774,0.060015469789505005,0.1747012585401535,0.04818883538246155,-0.21672457456588745,-0.05986201763153076,-0.0296604186296463,-0.10963521897792816,-0.16629546880722046,0.009739410132169724,0.04818883538246155,-0.21672457456588745,-0.05986201763153076,-0.0296604186296463,-0.10963521897792816,-0.16629546880722046,0.009739410132169724,0.048188842833042145,-0.21672457456588745,-0.05986201763153076,-0.029660416767001152,-0.10963521897792816,-0.16629546880722046,0.009739416651427746
12.893999999999998,0.004927127622067928,0.004927127622067928,nan,nan,nan,nan,-0.044494882225990295,0.0,0.0,0.6971835494041443,0.0,0.0,0.0,0.0,0.0,0.01600000075995922,64.0,0.12545639276504517,0.7931981086730957,0.009750016033649445,39.31745147705078,-0.001994458958506584,0.002320718951523304,0.004315177910029888,0.012493458576500416,0.9211781024932861,0.015644563362002373,0.21680518984794617,9.0,1.0,0.0,0.0,0.00492712389677763,-3.725290298461914e-09,nan,0.011370501480996609,0.05043322965502739,-0.1692696213722229,-0.11230698972940445,-0.007326785940676928,-0.14879542589187622,-0.09082585573196411,0.12549234926700592,0.0,-0.0,-0.0,-0.0,-0.0,-0.0,0.0,-0.05750926584005356,-0.23493051528930664,-0.05468323826789856,-0.03539835661649704,-0.042900748550891876,-0.20606443285942078,-0.09196411073207855,0.0001634318905416876,1.7826278053689748e-05,3.6177349102217704e-05,3.316794754937291e-05,-3.114087303401902e-05,-1.266436174773844e-05,0.00022466568043455482,0.08960526436567307,0.012844249606132507,0.003934312611818314,0.008281245827674866,-0.04839599132537842,0.016892343759536743,0.08114904910326004,0.03209599852561951,-0.22208626568317413,-0.050748925656080246,-0.027117110788822174,-0.0912967398762703,-0.18917208909988403,-0.010815064422786236,0.03209599852561951,-0.22208626568317413,-0.050748925656080246,-0.027117110788822174,-0.0912967398762703,-0.18917208909988403,-0.010815064422786236,0.03209599852561951,-0.22208626568317413,-0.050748925656080246,-0.027117110788822174,-0.0912967398762703,-0.18917208909988403,-0.010815064422786236
12.991,0.005177340470254421,0.005177340470254421,nan,nan,nan,nan,-0.030554959550499916,1.0,-4.656612873077393e-10,0.6988154053688049,0.0,0.0,0.0,0.0,0.00800000037997961,0.028999999165534973,64.0,0.12549354135990143,1.91629958152771,0.013488344848155975,10.695592880249023,-0.0056067281402647495,0.0026267371140420437,0.008233465254306793,0.003343127202242613,0.9832788109779358,0.015393401496112347,0.1394183486700058,9.0,1.0,0.0,0.0,0.0051773348823189735,-5.587935447692871e-09,nan,0.009281264618039131,0.05043322965502739,-0.1692696213722229,-0.11230698972940445,-0.007326785940676928,-0.14879542589187622,-0.09082585573196411,0.12549234926700592,0.011289054527878761,-0.03788958117365837,-0.02513897605240345,-0.001640039379708469,-0.033306606113910675,-0.020330604165792465,0.028090408071875572,0.013577388599514961,-0.2089478075504303,-0.10000205785036087,-0.018676068633794785,-0.12121172249317169,-0.1426602005958557,0.05330636352300644,0.00016194726049434394,1.690403587417677e-05,3.6456462112255394e-05,3.2411986467195675e-05,-3.078311783610843e-05,-1.2924851034767926e-05,0.0002230607788078487,0.028187984600663185,-0.004076555371284485,0.03343817591667175,-0.0009579192847013474,0.011977910995483398,-0.02897128462791443,-0.015191204845905304,0.041765373200178146,-0.21302436292171478,-0.06656388193368912,-0.019633987918496132,-0.1092338114976883,-0.17163148522377014,0.038115158677101135,0.041765373200178146,-0.21302436292171478,-0.06656388193368912,-0.019633987918496132,-0.1092338114976883,-0.17163148522377014,0.038115158677101135,0.041765376925468445,-0.21302436292171478,-0.06656388193368912,-0.019633987918496132,-0.1092338114976883,-0.17163148522377014,0.038115162402391434
13.07,0.004845050163567066,0.004845050163567066,nan,nan,nan,nan,-0.04219052195549011,0.0,2.7939677238464355e-09,0.696818470954895,0.0,0.0,0.0,0.0,0.0020000000949949026,0.017999999225139618,64.0,0.1252841353416443,0.7154466509819031,0.014184974133968353,30.81954002380371,0.00048539508134126663,-0.0012327814474701881,-0.001718173734843731,0.0,0.8657424449920654,0.016131523996591568,0.10962722450494766,9.0,1.0,0.0,0.0,0.0048450445756316185,-5.587935447692871e-09,nan,0.013346494175493717,-0.05703076347708702,-0.13821640610694885,-0.017386702820658684,0.016737574711441994,-0.02881111390888691,-0.21340414881706238,-0.14383971691131592,-0.042403530329465866,-0.10276670753955841,-0.01292736642062664,0.012444726191461086,-0.0214216485619545,-0.1586703211069107,-0.10694774985313416,-0.04369049519300461,-0.2193366289138794,-0.06217137724161148,0.00593087263405323,-0.08214854449033737,-0.2542388141155243,-0.1012517511844635,0.0003773753414861858,3.387689866940491e-05,-0.0001715863327262923,3.5923563700634986e-05,0.0001122600951930508,-2.233302075183019e-05,0.00012433945084922016,0.09369999915361404,0.010450571775436401,-0.0014706030488014221,-0.010214915499091148,-0.03737922012805939,0.05937676131725311,0.14160563051700592,0.050009503960609436,-0.208886057138443,-0.0636419802904129,-0.004284042399376631,-0.11952776461839676,-0.19486205279827118,0.04035388305783272,0.050009503960609436,-0.208886057138443,-0.0636419802904129,-0.004284042399376631,-0.11952776461839676,-0.19486205279827118,0.04035388305783272,0.050009503960609436,-0.208886057138443,-0.0636419802904129,-0.004284042399376631,-0.11952776461839676,-0.19486205279827118,0.04035388305783272
13.161000000000001,0.0042344508692622185,0.0042344508692622185,nan,nan,nan,nan,-0.05065121501684189,0.0,0.0005762679502367973,0.6920344829559326,0.0,0.0,0.0,0.0,0.007000000216066837,0.01600000075995922,64.0,0.12474945932626724,0.4950128495693207,0.007846392691135406,9.285965919494629,0.00023732241243124008,-0.003972586710005999,-0.0036336411722004414,0.0,0.8508274555206299,0.0170174278318882,0.14933107793331146,9.0,1.0,0.0,0.0,0.004234449006617069,-1.862645149230957e-09,nan,0.008825509808957577,-0.11111213266849518,-0.07084951549768448,-0.04665025696158409,0.07653923332691193,0.00999846775084734,-0.22740715742111206,-0.11307499557733536,-0.02413536235690117,-0.015389666892588139,-0.010133194737136364,0.01662556640803814,0.0021718298085033894,-0.04939653351902962,-0.024561729282140732,-0.07625305652618408,-0.20512035489082336,-0.05192194879055023,0.027611402794718742,-0.05718257650732994,-0.2955741286277771,-0.1536339819431305,0.00016494939336553216,1.6661686458974145e-05,3.7732032069470733e-05,3.2486801501363516e-05,-2.995879913214594e-05,-1.3777837921225e-05,0.0002263993228552863,0.1140732616186142,-0.003726974129676819,-0.0022811368107795715,-0.017422668635845184,-0.05746706202626228,0.061963558197021484,0.1589774787425995,0.037820205092430115,-0.20884732902050018,-0.0542030856013298,0.010188734158873558,-0.11464963853359222,-0.23361057043075562,0.005343496799468994,0.037820205092430115,-0.20884732902050018,-0.0542030856013298,0.010188734158873558,-0.11464963853359222,-0.23361057043075562,0.005343496799468994,0.037820205092430115,-0.20884732902050018,-0.0542030856013298,0.010188734158873558,-0.11464963853359222,-0.23361057043075562,0.005343496799468994
13.341999999999999,0.0042565250769257545,0.0042565250769257545,nan,nan,nan,nan,-0.04742095619440079,0.0,-9.313225746154785e-10,0.6901741027832031,0.0,0.0,0.0,0.0,0.0020000000949949026,0.017999999225139618,64.0,0.12499572336673737,2.050485372543335,0.023398548364639282,23.908044815063477,-0.0010853791609406471,-2.0946376025676727e-05,0.0010644318535923958,0.0,0.9616308808326721,0.01725071109831333,0.13964445888996124,9.0,1.0,0.0,0.0,0.004256519488990307,-5.587935447692871e-09,nan,0.008263551630079746,0.028665127232670784,-0.1633531004190445,-0.11050008237361908,0.0153854014351964,-0.15821751952171326,-0.12401004135608673,0.09816224128007889,0.00806287582963705,-0.045947667211294174,-0.031081268563866615,0.004327578470110893,-0.044503144919872284,-0.03488132357597351,0.02761089988052845,-0.03507476672530174,-0.20847947895526886,-0.08297447115182877,0.016668524593114853,-0.10180038213729858,-0.23589728772640228,-0.04478098452091217,0.0001519914367236197,1.6309424609062262e-05,4.997315045329742e-05,3.3600368624320254e-05,-3.6116929550189525e-05,-1.4534489309880883e-05,0.0002299481420777738,0.0723714753985405,0.003446817398071289,0.027185510843992233,0.0013587959110736847,-0.014176413416862488,-0.006237789988517761,0.05420166254043579,0.037296708673238754,-0.20503266155719757,-0.05578896030783653,0.018027320504188538,-0.11597679555416107,-0.24213507771492004,0.009420676156878471,0.037296708673238754,-0.20503266155719757,-0.05578896030783653,0.018027320504188538,-0.11597679555416107,-0.24213507771492004,0.009420676156878471,0.037296708673238754,-0.20503266155719757,-0.05578896030783653,0.018027320504188538,-0.11597679555416107,-0.24213507771492004,0.009420676156878471
13.482999999999997,0.004257013089954853,0.004257013089954853,nan,nan,nan,nan,-0.06399545073509216,1.0,0.0,0.6882450580596924,0.0,0.0,0.0,0.0,-0.0010000000474974513,0.027000000700354576,64.0,0.1250436156988144,0.9975563883781433,0.01041218638420105,28.50255012512207,-0.0005955323576927185,-0.0002453944180160761,0.0003501379396766424,-0.0018270479049533606,0.835180938243866,0.017359718680381775,0.14897750318050385,9.0,1.0,0.0,0.0,0.004257009364664555,-3.725290298461914e-09,nan,0.008804673328995705,-0.13004188239574432,-0.057070542126894,-0.038411278277635574,0.06236440688371658,0.034738026559352875,-0.19032780826091766,-0.1644260138273239,-0.03191753849387169,-0.014007420279085636,-0.009427681565284729,0.015306748449802399,0.008526117540895939,-0.04671414569020271,-0.040356796234846115,-0.08672403544187546,-0.18014582991600037,-0.06600583344697952,0.032916467636823654,-0.05287173390388489,-0.2605469226837158,-0.1405353546142578,0.0001684865274000913,1.8225300664198585e-05,3.4021421015495434e-05,3.439020656514913e-05,-2.391922134847846e-05,-1.548408909002319e-05,0.00022116981563158333,0.12423445284366608,-0.015433073043823242,0.012080349028110504,-0.0033220015466213226,-0.06602537631988525,0.009779304265975952,0.14951558411121368,0.03751041367650032,-0.1955789029598236,-0.05392548441886902,0.02959446609020233,-0.11889711022377014,-0.25076761841773987,0.008980225771665573,0.03751041367650032,-0.1955789029598236,-0.05392548441886902,0.02959446609020233,-0.11889711022377014,-0.25076761841773987,0.008980225771665573,0.03751041740179062,-0.1955789029598236,-0.05392548441886902,0.02959446609020233,-0.11889711022377014,-0.25076761841773987,0.008980229496955872
13.573999999999998,0.004398268647491932,0.004398268647491932,nan,nan,nan,nan,-0.07369235157966614,0.0,1.862645149230957e-09,0.6865719556808472,0.0,0.0,0.0,0.0,0.0010000000474974513,0.009999999776482582,64.0,0.12501028180122375,0.8641984462738037,0.008955597877502441,21.38275146484375,0.0037809666246175766,-0.0007726210169494152,-0.004553585778921843,0.004681944847106934,0.7925977110862732,0.01724185235798359,0.16821549832820892,9.0,1.0,0.0,0.0,0.004398263059556484,-5.587935447692871e-09,nan,0.014105845242738724,-0.08675309270620346,-0.1908855438232422,-0.04338464140892029,-0.03200868144631386,0.029739903286099434,-0.1790582686662674,-0.10091336071491241,-0.03519974648952484,-0.07745110243558884,-0.017603158950805664,-0.012987404130399227,0.012066856026649475,-0.07265222817659378,-0.04094522446393967,-0.09958336502313614,-0.2127845734357834,-0.06322626769542694,0.0017583202570676804,-0.014852983877062798,-0.25390660762786865,-0.139357790350914,0.00014594406820833683,1.7176138499053195e-05,5.622181561193429e-05,3.492877658572979e-05,-3.437002669670619e-05,-1.546664680063259e-05,0.00022811736562289298,0.14002446830272675,0.021531209349632263,0.0162881501019001,0.031087225303053856,-0.0969601720571518,-0.00028195977210998535,0.15678688883781433,0.04044110327959061,-0.19125336408615112,-0.04693811759352684,0.032845545560121536,-0.11181315779685974,-0.25418856739997864,0.017429092898964882,0.04044110327959061,-0.19125336408615112,-0.04693811759352684,0.032845545560121536,-0.11181315779685974,-0.25418856739997864,0.017429092898964882,0.04044110327959061,-0.19125336408615112,-0.04693811759352684,0.032845545560121536,-0.11181315779685974,-0.25418856739997864,0.017429092898964882
13.701999999999998,0.004147018305957317,0.004147018305957317,nan,nan,nan,nan,-0.0684649869799614,1.0,9.313225746154785e-10,0.6841279864311218,0.0,0.0,0.0,0.0,0.0,0.023000000044703484,64.0,0.12480724602937698,1.6299290657043457,0.017996877431869507,34.11962890625,0.003405308350920677,-0.00020600692369043827,-0.003611314343288541,0.0,0.9137792587280273,0.0175869669765234,0.16691789031028748,9.0,1.0,0.0,0.0,0.004147014580667019,-3.725290298461914e-09,nan,0.01222097035497427,-0.016530225053429604,-0.16273233294487,-0.09949590265750885,0.045313138514757156,-0.14403250813484192,-0.17336511611938477,0.022167358547449112,-0.005685442127287388,-0.05597051605582237,-0.03422084078192711,0.015585102140903473,-0.04953886196017265,-0.05962758511304855,0.00762429041787982,-0.052529655396938324,-0.20654959976673126,-0.09922776371240616,0.034251198172569275,-0.11261945962905884,-0.23105891048908234,-0.03998051583766937,0.000523108639754355,4.586759314406663e-05,-0.00031495586154051125,4.121876918361522e-05,0.00016798768774606287,-2.7324123948346823e-05,8.839571091812104e-05,0.10146085917949677,0.0167502760887146,0.04421210289001465,0.008014194667339325,-0.017730578780174255,-0.015789270401000977,0.09061452746391296,0.04893120378255844,-0.18979932367801666,-0.05501566082239151,0.0422653928399086,-0.1303500384092331,-0.2468481808900833,0.05063401162624359,0.04893120378255844,-0.18979932367801666,-0.05501566082239151,0.0422653928399086,-0.1303500384092331,-0.2468481808900833,0.05063401162624359,0.04893121123313904,-0.18979932367801666,-0.05501565709710121,0.0422653928399086,-0.1303500384092331,-0.2468481808900833,0.05063402280211449
13.793999999999997,0.00459734071046114,0.00459734071046114,nan,nan,nan,nan,-0.07809007167816162,0.0,-1.862645149230957e-09,0.6838433146476746,0.0,0.0,0.0,0.0,0.004000000189989805,0.023000000044703484,64.0,0.12500008940696716,0.8696969747543335,0.01016072928905487,16.274398803710938,0.0006399918347597122,0.0018088510259985924,0.001168857328593731,0.0077787297777831554,0.8196989893913269,0.018557006493210793,0.15232425928115845,9.0,1.0,0.0,0.0,0.004597329534590244,-1.1175870895385742e-08,nan,0.012277291156351566,-0.07144360989332199,-0.14100432395935059,-0.04452188313007355,0.029562078416347504,-0.028976356610655785,-0.19921307265758514,-0.14707820117473602,-0.0683799684047699,-0.13495779037475586,-0.042612701654434204,0.0282943993806839,-0.02773379348218441,-0.190670445561409,-0.14077121019363403,-0.09110869467258453,-0.23412415385246277,-0.09187835454940796,0.04430604726076126,-0.0851573497056961,-0.2987000644207001,-0.15157988667488098,0.00014804584498051554,2.143312303815037e-05,5.335619061952457e-05,4.150072345510125e-05,-2.7039088308811188e-05,-1.9387840438866988e-05,0.00022142792295198888,0.13665851950645447,0.037897124886512756,0.03368913009762764,0.009349912405014038,-0.05639110505580902,0.03589433431625366,0.193989560008049,0.04554981738328934,-0.19622702896595,-0.05818922445178032,0.0536559596657753,-0.14154845476150513,-0.2628057301044464,0.04240966960787773,0.04554981738328934,-0.19622702896595,-0.05818922445178032,0.0536559596657753,-0.14154845476150513,-0.2628057301044464,0.04240966960787773,0.04554981738328934,-0.19622702896595,-0.05818922445178032,0.0536559596657753,-0.14154845476150513,-0.2628057301044464,0.04240966960787773
13.913999999999994,0.004813318140804768,0.004813318140804768,nan,nan,nan,nan,-0.09414464235305786,0.0,3.725290298461914e-09,0.6821902394294739,0.0,0.0,0.0,0.0,0.003000000026077032,0.024000000208616257,64.0,0.12530255317687988,1.7708112001419067,0.028207898139953613,14.031244277954102,0.006044110283255577,0.0003522138576954603,-0.005691892467439175,0.0,0.7266576290130615,0.019303452223539352,0.15008312463760376,9.0,1.0,0.0,0.0,0.004813310690224171,-7.450580596923828e-09,nan,0.01907258853316307,-0.09191250056028366,-0.1614382416009903,-0.045417677611112595,0.009394267573952675,0.03675267472863197,-0.19234426319599152,-0.12244059145450592,-0.04618801921606064,-0.08112620562314987,-0.022823365405201912,0.004720822907984257,0.018469013273715973,-0.0966571494936943,-0.061529044061899185,-0.1268208622932434,-0.22212465107440948,-0.07871387153863907,0.03622864931821823,-0.013484121300280094,-0.2874480187892914,-0.19620628654956818,0.0007197255035862327,6.265991396503523e-05,-0.0005165060283616185,4.7484303649980575e-05,0.00025460179313085973,-3.2249005016637966e-05,2.3716933355899528e-05,0.17287768423557281,0.02581566572189331,0.03028160333633423,0.034155480563640594,-0.12140271067619324,0.0005588233470916748,0.22052069008350372,0.04605682194232941,-0.19630898535251617,-0.04843226820230484,0.07038412988185883,-0.13488683104515076,-0.2868891954421997,0.024314403533935547,0.04605682194232941,-0.19630898535251617,-0.04843226820230484,0.07038412988185883,-0.13488683104515076,-0.2868891954421997,0.024314403533935547,0.04605682194232941,-0.19630898535251617,-0.04843226820230484,0.07038412988185883,-0.13488683104515076,-0.2868891954421997,0.024314403533935547
14.037999999999997,0.004911207593977451,0.004911207593977451,nan,nan,nan,nan,-0.08611147850751877,0.0,9.313225746154785e-10,0.6813544034957886,0.0,0.0,0.0,0.0,0.009999999776482582,0.02199999988079071,64.0,0.1252058893442154,2.48927903175354,0.011443160474300385,11.459550857543945,0.002779298461973667,-3.9353035390377045e-06,-0.0027832328341901302,0.001099129905924201,0.8121823072433472,0.019133388996124268,0.19248796999454498,9.0,1.0,0.0,0.0,0.004911198280751705,-9.313225746154785e-09,nan,0.016440484672784805,-0.01031678356230259,-0.15384125709533691,-0.09269315004348755,0.0587790422141552,-0.1588064432144165,-0.16155117750167847,0.05348985269665718,-0.0,-0.0,-0.0,0.0,-0.0,-0.0,0.0,-0.11145524680614471,-0.22475865483283997,-0.08107762783765793,0.03415113687515259,-0.01901908963918686,-0.27319955825805664,-0.1460527777671814,0.0005114325322210789,4.907041147816926e-05,-0.00031076979939825833,4.671181886806153e-05,0.00014741744962520897,-2.732435314101167e-05,9.762459376361221e-05,0.14714254438877106,0.023853957653045654,0.037425003945827484,0.03612232208251953,-0.08955397456884384,-0.019938021898269653,0.16148310899734497,0.035687293857336044,-0.2009046971797943,-0.043652623891830444,0.07027345895767212,-0.1085730642080307,-0.2931375801563263,0.015430334955453873,0.035687293857336044,-0.2009046971797943,-0.043652623891830444,0.07027345895767212,-0.1085730642080307,-0.2931375801563263,0.015430334955453873,0.035687293857336044,-0.2009046971797943,-0.043652623891830444,0.07027345895767212,-0.1085730642080307,-0.2931375801563263,0.015430334955453873
14.174,0.004548993892967701,0.004548993892967701,nan,nan,nan,nan,-0.07310571521520615,0.0,2.7939677238464355e-09,0.6812665462493896,0.0,0.0,0.0,0.0,0.003000000026077032,0.04600000008940697,64.0,0.12529556453227997,0.966381311416626,0.009326264262199402,32.390499114990234,0.00214315764605999,-0.00017041852697730064,-0.0023135733790695667,-0.0067322878167033195,0.8499560952186584,0.01840745471417904,0.23226726055145264,9.0,1.0,0.0,0.0,0.004548986442387104,-7.450580596923828e-09,nan,0.013542703352868557,-0.13235652446746826,-0.10599393397569656,-0.03457744047045708,-0.004782209638506174,0.08014250546693802,-0.06944656372070312,-0.2208685576915741,-0.029558353126049042,-0.02367096021771431,-0.0077219633385539055,-0.0010679808910936117,0.017897723242640495,-0.015509066171944141,-0.04932519048452377,-0.0776185616850853,-0.19009928405284882,-0.08358100801706314,0.04080120101571083,-0.06473570317029953,-0.21239176392555237,-0.08023083955049515,0.0001368261728202924,2.387136009929236e-05,6.269340519793332e-05,4.353910480858758e-05,-2.4616663722554222e-05,-1.9993223759229295e-05,0.00021690860739909112,0.11712589859962463,-0.0010211169719696045,0.0381370484828949,0.03165270760655403,-0.056175053119659424,-0.05915448069572449,0.12236297875642776,0.03950733691453934,-0.19112040102481842,-0.04544395953416824,0.07245390862226486,-0.12091075628995895,-0.27154624462127686,0.04213213920593262,0.03950733691453934,-0.19112040102481842,-0.04544395953416824,0.07245390862226486,-0.12091075628995895,-0.27154624462127686,0.04213213920593262,0.03950733691453934,-0.19112040102481842,-0.04544395953416824,0.07245390862226486,-0.12091075628995895,-0.27154624462127686,0.04213213920593262
14.357999999999997,0.00430236104875803,0.00430236104875803,nan,nan,nan,nan,-0.0831855982542038,0.0,2.7939677238464355e-09,0.6803942918777466,0.0,0.0,0.0,0.0,0.006000000052154064,0.03999999910593033,64.0,0.12517718970775604,0.5754958987236023,0.00976119190454483,17.97265625,0.0028318259865045547,-0.0013024942018091679,-0.004134317394345999,0.0008929986506700516,0.7372139096260071,0.017641359940171242,0.1861073076725006,9.0,1.0,0.0,0.0,0.004302351735532284,-9.313225746154785e-09,nan,0.01271172147244215,-0.08903372287750244,-0.147435262799263,-0.04735305905342102,0.027840403839945793,0.03794525936245918,-0.20084990561008453,-0.12465114891529083,-0.054001372307538986,-0.08942350000143051,-0.0287209190428257,0.016885962337255478,0.02301483228802681,-0.12182092666625977,-0.07560431212186813,-0.10437001287937164,-0.19806118309497833,-0.0777377337217331,0.03756865859031677,-0.013815335929393768,-0.23199313879013062,-0.13251815736293793,0.00046160409692674875,4.361341052572243e-05,-0.00026039150543510914,4.203739808872342e-05,0.00010969166760332882,-2.263537135149818e-05,0.00012610423436854035,0.14368221163749695,0.014245465397834778,0.036377616226673126,0.03459598124027252,-0.10254907608032227,-0.02590233087539673,0.17924372851848602,0.0393122062087059,-0.18381571769714355,-0.04136011749505997,0.0721646398305893,-0.11636441200971603,-0.25789546966552734,0.046725571155548096,0.0393122062087059,-0.18381571769714355,-0.04136011749505997,0.0721646398305893,-0.11636441200971603,-0.25789546966552734,0.046725571155548096,0.0393122062087059,-0.18381571769714355,-0.04136011749505997,0.0721646398305893,-0.11636441200971603,-0.25789546966552734,0.046725571155548096
14.416999999999994,0.004727729596197605,0.004727729596197605,nan,nan,nan,nan,-0.05960506573319435,0.0,-1.3969838619232178e-09,0.6800954341888428,0.0,0.0,0.0,0.0,0.006000000052154064,0.012000000104308128,64.0,0.12539000809192657,0.8439077138900757,0.00942964106798172,23.9088077545166,-0.0047368681989610195,0.0003284900449216366,0.005065356846898794,0.0,0.9049605131149292,0.016778113320469856,0.1315666288137436,9.0,1.0,0.0,0.0,0.0047277240082621574,-5.587935447692871e-09,nan,0.007809055969119072,-0.010569235309958458,-0.14863534271717072,-0.08736234903335571,0.06396593153476715,-0.16684429347515106,-0.15468797087669373,0.06562480330467224,-0.0,-0.0,-0.0,0.0,-0.0,-0.0,0.0,-0.06100611388683319,-0.17521172761917114,-0.08218717575073242,0.04977206140756607,-0.08456028252840042,-0.19625511765480042,-0.04091709479689598,0.0001373012491967529,2.3271906684385613e-05,6.344459688989446e-05,4.0483922930434346e-05,-1.984401751542464e-05,-1.9079188859905116e-05,0.0002139816206181422,0.0892927348613739,-0.001639634370803833,0.03744892403483391,0.021002694964408875,-0.031439609825611115,-0.04439708590507507,0.08724354952573776,0.02828662097454071,-0.17685136198997498,-0.044738251715898514,0.07077475637197495,-0.11599989235401154,-0.2406522035598755,0.04632645472884178,0.02828662097454071,-0.17685136198997498,-0.044738251715898514,0.07077475637197495,-0.11599989235401154,-0.2406522035598755,0.04632645472884178,0.02828662097454071,-0.17685136198997498,-0.044738251715898514,0.07077475637197495,-0.11599989235401154,-0.2406522035598755,0.04632645472884178
14.491999999999997,0.005017048679292202,0.005017048679292202,nan,nan,nan,nan,-0.05838580057024956,0.0,4.656612873077393e-10,0.6804595589637756,0.0,0.0,0.0,0.0,0.0010000000474974513,0.012000000104308128,64.0,0.12555868923664093,0.6156694293022156,0.009092502295970917,32.245567321777344,-0.0036384346894919872,0.0008264272473752499,0.004464862402528524,0.0,0.8638039231300354,0.016398778185248375,0.12787583470344543,9.0,1.0,0.0,0.0,0.005017041228711605,-7.450580596923828e-09,nan,0.010706630535423756,-0.12373142689466476,-0.08358369022607803,-0.026233067736029625,0.0028370784129947424,0.10252618789672852,-0.05643517151474953,-0.23089289665222168,-0.03298873454332352,-0.022284720093011856,-0.006994145922362804,0.0007564094266854227,0.027335084974765778,-0.015046498738229275,-0.061559658497571945,-0.05958269536495209,-0.16011086106300354,-0.07801470160484314,0.04825800284743309,-0.08091898262500763,-0.16981646418571472,-0.04356522485613823,0.0001285865146201104,2.296389538969379e-05,7.086277764756233e-05,4.019799598609097e-05,-2.2451775294030085e-05,-1.870136838988401e-05,0.0002144119789591059,0.091849684715271,-0.00727178156375885,0.03309424966573715,0.024688180536031723,-0.04884287714958191,-0.05385482311248779,0.10917328298091888,0.03226698935031891,-0.1673826426267624,-0.04492045193910599,0.07294618338346481,-0.12976185977458954,-0.22367128729820251,0.06560806185007095,0.03226698935031891,-0.1673826426267624,-0.04492045193910599,0.07294618338346481,-0.12976185977458954,-0.22367128729820251,0.06560806185007095,0.03226698935031891,-0.1673826426267624,-0.04492045193910599,0.07294618338346481,-0.12976185977458954,-0.22367128729820251,0.06560806185007095
14.604999999999997,0.004698227159678936,0.004698227159678936,nan,nan,nan,nan,-0.07305457442998886,0.0,0.0,0.6786227822303772,0.0,0.0,0.0,0.0,0.0,0.03099999949336052,64.0,0.12537619471549988,1.2572622299194336,0.015703029930591583,18.253543853759766,-0.0030417945235967636,-0.0020452523604035378,0.0009965421631932259,-0.006586913950741291,0.6114216446876526,0.014924196526408195,0.1487840861082077,9.0,1.0,0.0,0.0,0.004698225297033787,-1.862645149230957e-09,nan,0.00935655552893877,-0.08891597390174866,-0.13729876279830933,-0.04680510610342026,0.039194606244564056,0.048587650060653687,-0.1985965073108673,-0.13309670984745026,-0.04586372151970863,-0.07082003355026245,-0.02414252795279026,0.020216958597302437,0.02506198175251484,-0.10243801027536392,-0.06865257769823074,-0.10286347568035126,-0.16205160319805145,-0.06792453676462173,0.04071430861949921,0.0027889725752174854,-0.17748935520648956,-0.14304740726947784,0.00013717160618398339,2.4208216927945614e-05,6.291618046816438e-05,3.988423850387335e-05,-1.7740221665007994e-05,-1.8379812900093384e-05,0.00021159513562452048,0.1304016411304474,0.006724908947944641,0.030843205749988556,0.031037382781505585,-0.11684136837720871,-0.027235016226768494,0.19562533497810364,0.027538161724805832,-0.1553266942501068,-0.03708133101463318,0.07175169140100479,-0.11405239254236221,-0.20472437143325806,0.05257793515920639,0.027538161724805832,-0.1553266942501068,-0.03708133101463318,0.07175169140100479,-0.11405239254236221,-0.20472437143325806,0.05257793515920639,0.027538161724805832,-0.1553266942501068,-0.03708133101463318,0.07175169140100479,-0.11405239254236221,-0.20472437143325806,0.05257793515920639
14.713000000000001,0.004128213040530682,0.004128213040530682,nan,nan,nan,nan,-0.09170552343130112,1.0,9.313225746154785e-10,0.6776298880577087,0.0,0.0,0.0,0.0,-0.0020000000949949026,0.02500000037252903,64.0,0.12511686980724335,2.3912229537963867,0.022427178919315338,24.79920196533203,0.0003492003306746483,-0.003995129838585854,-0.004344329237937927,-0.008466839790344238,0.6868718862533569,0.015449432656168938,0.18888109922409058,9.0,1.0,0.0,0.0,0.0041282037273049355,-9.313225746154785e-09,nan,0.00920978281646967,-0.08891597390174866,-0.13729876279830933,-0.04680510610342026,0.039194606244564056,0.048587650060653687,-0.1985965073108673,-0.13309670984745026,-0.06655307114124298,-0.10276730358600616,-0.035033341497182846,0.029336929321289062,0.036367565393447876,-0.14864830672740936,-0.09962209314107895,-0.13153484463691711,-0.2043316513299942,-0.0744805857539177,0.056220538914203644,0.05155515298247337,-0.27390730381011963,-0.19273540377616882,0.0001311454107053578,2.5340817956021056e-05,7.14138732291758e-05,3.991080302512273e-05,-1.933981548063457e-05,-1.7557691535330378e-05,0.0002149563079001382,0.15307247638702393,0.04470619559288025,0.049846380949020386,0.025235623121261597,-0.12940388917922974,0.038771018385887146,0.22335097193717957,0.021537626162171364,-0.15962545573711395,-0.02463420480489731,0.08145616203546524,-0.07784873992204666,-0.23513628542423248,0.03061557561159134,0.021537626162171364,-0.15962545573711395,-0.02463420480489731,0.08145616203546524,-0.07784873992204666,-0.23513628542423248,0.03061557561159134,0.021537629887461662,-0.15962545573711395,-0.02463420294225216,0.08145616203546524,-0.07784873992204666,-0.23513628542423248,0.030615579336881638
14.860999999999997,0.003978603519499302,0.003978603519499302,nan,nan,nan,nan,-0.08374294638633728,0.0,2.7939677238464355e-09,0.6807911396026611,0.0,0.0,0.0,0.0,0.006000000052154064,0.027000000700354576,64.0,0.12506639957427979,2.741401195526123,0.042671337723731995,13.163412094116211,0.004570430144667625,-1.5968922525644302e-05,-0.004586396273225546,-0.0010084498208016157,0.5536360144615173,0.014781126752495766,0.12968306243419647,9.0,1.0,0.0,0.0,0.003978597931563854,-5.587935447692871e-09,nan,0.012416920624673367,-0.1109701544046402,-0.0531969852745533,-0.016052857041358948,0.01936987414956093,0.1345655471086502,-0.06392541527748108,-0.22809751331806183,-0.04644886404275894,-0.022266704589128494,-0.006719257216900587,0.008107663132250309,0.05632520839571953,-0.026757311075925827,-0.0954749584197998,-0.1259627491235733,-0.14322885870933533,-0.05415540561079979,0.04786510020494461,0.07901279628276825,-0.18628519773483276,-0.210658460855484,0.00012073049583705142,2.786241748253815e-05,8.258529851445928e-05,4.3519336031749845e-05,-2.1305528207449242e-05,-1.8795524738379754e-05,0.00021679855126421899,0.14499104022979736,-0.003785431385040283,0.04035966843366623,0.039115697145462036,-0.1371382474899292,-0.045954808592796326,0.22931800782680511,0.019028298556804657,-0.1470142900943756,-0.013795736245810986,0.08698079735040665,-0.05812545120716095,-0.2322400063276291,0.018659546971321106,0.019028298556804657,-0.1470142900943756,-0.013795736245810986,0.08698079735040665,-0.05812545120716095,-0.2322400063276291,0.018659546971321106,0.019028298556804657,-0.1470142900943756,-0.013795736245810986,0.08698079735040665,-0.05812545120716095,-0.2322400063276291,0.018659546971321106
14.954,0.003975021652877331,0.003975021652877331,nan,nan,nan,nan,-0.08760100603103638,0.0,6.984919309616089e-10,0.6807703375816345,0.0,0.0,0.0,0.0,0.0020000000949949026,0.020999999716877937,64.0,0.12517353892326355,0.5290210247039795,0.007770955562591553,24.304149627685547,0.0011104017030447721,-1.710152719169855e-05,-0.0011275025317445397,0.0,0.5366365313529968,0.012966485694050789,0.15118256211280823,9.0,1.0,0.0,0.0,0.003975017927587032,-3.725290298461914e-09,nan,0.008935026824474335,-0.1109701544046402,-0.0531969852745533,-0.016052857041358948,0.01936987414956093,0.1345655471086502,-0.06392541527748108,-0.22809751331806183,-0.09425529837608337,-0.04518420249223709,-0.013634898699820042,0.01645229011774063,0.11429663747549057,-0.05429666116833687,-0.1937403678894043,-0.16063988208770752,-0.11881089210510254,-0.04137009009718895,0.04109783470630646,0.15759089589118958,-0.1499224752187729,-0.3058429956436157,0.00041852379217743874,4.3133444705745205e-05,-0.00021907348127570003,4.378276571515016e-05,7.283830927917734e-05,-2.0696039428003132e-05,0.00015169453399721533,0.158601775765419,-0.0075187087059021,0.03793080896139145,0.04229047894477844,-0.16615235805511475,-0.05727878212928772,0.2695409655570984,-0.0020381053909659386,-0.12632960081100464,-0.0034392811357975006,0.0833883136510849,-0.008561469614505768,-0.2072012573480606,-0.036302030086517334,-0.0020381053909659386,-0.12632960081100464,-0.0034392811357975006,0.0833883136510849,-0.008561469614505768,-0.2072012573480606,-0.036302030086517334,-0.0020381053909659386,-0.12632960081100464,-0.0034392811357975006,0.0833883136510849,-0.008561469614505768,-0.2072012573480606,-0.036302030086517334
15.097000000000001,0.004751167260110378,0.004751167260110378,nan,nan,nan,nan,-0.09955500066280365,0.0,9.313225746154785e-10,0.6841211318969727,0.0,0.0,0.0,0.0,0.004999999888241291,0.019999999552965164,64.0,0.12574268877506256,4.244197368621826,0.01945439726114273,38.827537536621094,0.006591212935745716,0.002807603683322668,-0.0037836083211004734,0.0,0.7301355600357056,0.013232020661234856,0.1500147432088852,9.0,1.0,0.0,0.0,0.004751161672174931,-5.587935447692871e-09,nan,0.019182978197932243,-0.0886809453368187,-0.13303546607494354,-0.051205750554800034,0.0471452996134758,0.05200744792819023,-0.19657906889915466,-0.13507197797298431,-0.06503823399543762,-0.09756765514612198,-0.03755408152937889,0.034576166421175,0.038142044097185135,-0.14417026937007904,-0.09906122088432312,-0.15363049507141113,-0.16182450950145721,-0.059836678206920624,0.056782063096761703,0.12571005523204803,-0.22471405565738678,-0.2683667242527008,0.0003847931220661849,4.124766928725876e-05,-0.0001892552973004058,4.553066901280545e-05,5.9317113482393324e-05,-2.170415609725751e-05,0.00015708140563219786,0.15301212668418884,0.04069996625185013,0.06486059725284576,0.03309307619929314,-0.11837716400623322,0.012195780873298645,0.2231653332710266,-0.0006183627992868423,-0.12112454324960709,0.00502391904592514,0.08987513929605484,0.007332891225814819,-0.21251827478408813,-0.0452013835310936,-0.0006183627992868423,-0.12112454324960709,0.00502391904592514,0.08987513929605484,0.007332891225814819,-0.21251827478408813,-0.0452013835310936,-0.0006183627992868423,-0.12112454324960709,0.00502391904592514,0.08987513929605484,0.007332891225814819,-0.21251827478408813,-0.0452013835310936
15.195,0.005387484095990658,0.005387484095990658,nan,nan,nan,nan,-0.0903242900967598,0.0,1.3969838619232178e-09,0.6866748929023743,0.0,0.0,0.0,0.0,0.0010000000474974513,0.024000000208616257,64.0,0.12578946352005005,1.3124104738235474,0.010242685675621033,24.937772750854492,0.0007691713981330395,0.003801451064646244,0.0030322810634970665,0.004196539521217346,0.7054586410522461,0.012941785156726837,0.19051948189735413,9.0,1.0,0.0,0.0,0.005387480370700359,-3.725290298461914e-09,nan,0.017274070531129837,-0.11200109124183655,-0.05632892623543739,-0.03301667049527168,0.01636657677590847,0.1257287561893463,-0.060413625091314316,-0.2312300056219101,-0.05275314301252365,-0.026531239971518517,-0.015551037155091763,0.007708749733865261,0.05921895056962967,-0.028455156832933426,-0.10891063511371613,-0.15487472712993622,-0.11667922139167786,-0.052328675985336304,0.03838010132312775,0.1524125039577484,-0.1486053317785263,-0.2973552346229553,0.0003524733183439821,3.857613046420738e-05,-0.00015939807053655386,4.445791637408547e-05,4.804632408195175e-05,-2.080304875562433e-05,0.00016219406097661704,0.13970397412776947,0.005704455077648163,0.05782867968082428,0.04778435826301575,-0.11815845221281052,-0.050494834780693054,0.21872878074645996,-0.015170753002166748,-0.1109747663140297,0.005500001832842827,0.0861644595861435,0.0342540517449379,-0.19910016655921936,-0.07862646132707596,-0.015170753002166748,-0.1109747663140297,0.005500001832842827,0.0861644595861435,0.0342540517449379,-0.19910016655921936,-0.07862646132707596,-0.015170753002166748,-0.1109747663140297,0.005500001832842827,0.0861644595861435,0.0342540517449379,-0.19910016655921936,-0.07862646132707596
15.312999999999995,0.00510649848729372,0.00510649848729372,nan,nan,nan,nan,-0.08531481772661209,0.0,1.862645149230957e-09,0.6848952174186707,0.0,0.0,0.0,0.0,0.003000000026077032,0.01600000075995922,64.0,0.12584783136844635,2.520784854888916,0.012373551726341248,15.149587631225586,-0.0041402168571949005,-5.933514330536127e-05,0.00408088369295001,0.0,0.8369050621986389,0.01306574884802103,0.17886541783809662,9.0,1.0,0.0,0.0,0.005106494762003422,-3.725290298461914e-09,nan,0.010653017088770866,-0.08802725374698639,-0.13314437866210938,-0.05255476012825966,0.04597153514623642,0.06258565932512283,-0.18620745837688446,-0.145114466547966,-0.04360978677868843,-0.06596136838197708,-0.026036277413368225,0.022774865850806236,0.031005708500742912,-0.09224946796894073,-0.07189150154590607,-0.1466081589460373,-0.1400688886642456,-0.0601864829659462,0.04689585790038109,0.13423828780651093,-0.18527144193649292,-0.2715942859649658,0.0006427383050322533,5.16584659635555e-05,-0.0004552730533760041,4.481700307223946e-05,0.0001200108090415597,-2.110806235577911e-05,0.00011223956971662119,0.1224203035235405,0.03179825097322464,0.06329413503408432,0.036495257169008255,-0.08649557828903198,-0.007951691746711731,0.17464300990104675,-0.024187855422496796,-0.10827063769102097,0.003107653930783272,0.08339111506938934,0.047742705792188644,-0.19322313368320465,-0.09695127606391907,-0.024187855422496796,-0.10827063769102097,0.003107653930783272,0.08339111506938934,0.047742705792188644,-0.19322313368320465,-0.09695127606391907,-0.024187855422496796,-0.10827063769102097,0.003107653930783272,0.08339111506938934,0.047742705792188644,-0.19322313368320465,-0.09695127606391907
15.431999999999995,0.004595582373440266,0.004595582373440266,nan,nan,nan,nan,-0.06319328397512436,0.0,9.313225746154785e-10,0.6829496622085571,0.0,0.0,0.0,0.0,0.003000000026077032,0.027000000700354576,64.0,0.1252956986427307,3.829477310180664,0.020327046513557434,18.931751251220703,-0.003264595754444599,-0.0014953941572457552,0.0017692025285214186,-0.004063877742737532,0.9271760582923889,0.012959133833646774,0.16863089799880981,9.0,1.0,0.0,0.0,0.004595576785504818,-5.587935447692871e-09,nan,0.00838405266404152,-0.030356574803590775,-0.1113574355840683,-0.06724302470684052,0.11425008624792099,-0.14173267781734467,-0.19463367760181427,0.03365815058350563,-0.0,-0.0,-0.0,0.0,-0.0,-0.0,0.0,-0.0800381600856781,-0.13029420375823975,-0.0661642774939537,0.08707881718873978,-0.024733567610383034,-0.20049376785755157,-0.09500119835138321,0.0001149016825365834,2.75310012511909e-05,8.421408711001277e-05,4.3753567297244444e-05,-1.4402684428205248e-05,-1.775154123606626e-05,0.00020717221195809543,0.0691082701086998,0.017887234687805176,0.06193274259567261,0.010846808552742004,0.020144641399383545,-0.00649811327457428,0.05086507648229599,-0.010929888114333153,-0.11240696907043457,-0.004231535829603672,0.09792562574148178,-0.004588926210999489,-0.20699188113212585,-0.04413612186908722,-0.010929888114333153,-0.11240696907043457,-0.004231535829603672,0.09792562574148178,-0.004588926210999489,-0.20699188113212585,-0.04413612186908722,-0.010929888114333153,-0.11240696907043457,-0.004231535829603672,0.09792562574148178,-0.004588926210999489,-0.20699188113212585,-0.04413612186908722
15.543999999999997,0.004499585367739201,0.004499585367739201,nan,nan,nan,nan,-0.08132340013980865,0.0,0.0,0.6815900802612305,0.0,0.0,0.0,0.0,0.006000000052154064,0.009999999776482582,64.0,0.12499740719795227,1.1122207641601562,0.01612398773431778,35.789573669433594,-0.002267550677061081,-0.0013594119809567928,0.0009081386961042881,0.0,0.7983055114746094,0.012815188616514206,0.14915458858013153,9.0,1.0,0.0,0.0,0.004499577917158604,-7.450580596923828e-09,nan,0.008815106004476547,-0.08810408413410187,-0.12163404375314713,-0.0596696101129055,0.0623135082423687,0.05915200337767601,-0.18940754234790802,-0.14361481368541718,-0.02702297642827034,-0.037307169288396835,-0.01830165460705757,0.01911258138716221,0.01814289577305317,-0.05809441953897476,-0.04404903203248978,-0.10269682854413986,-0.13184130191802979,-0.08124799281358719,0.07386456429958344,-0.00853665079921484,-0.18060004711151123,-0.1401313841342926,0.0002895508660003543,3.4099924960173666e-05,-9.341468830825761e-05,4.346158675616607e-05,2.5398067009518854e-05,-1.7852540622698143e-05,0.0001800030586309731,0.10078722983598709,0.022284753620624542,0.07296054065227509,0.029608115553855896,-0.028464514762163162,-0.02261592447757721,0.1244802176952362,-0.0019095996394753456,-0.10955654829740524,-0.008287451229989529,0.10347267985343933,-0.03700116649270058,-0.20321597158908844,-0.015651170164346695,-0.0019095996394753456,-0.10955654829740524,-0.008287451229989529,0.10347267985343933,-0.03700116649270058,-0.20321597158908844,-0.015651170164346695,-0.0019095996394753456,-0.10955654829740524,-0.008287451229989529,0.10347267985343933,-0.03700116649270058,-0.20321597158908844,-0.015651170164346695
15.649999999999999,0.004459843970835209,0.004459843970835209,nan,nan,nan,nan,-0.0817159041762352,1.0,0.0,0.6806618571281433,0.0,0.0,0.0,0.0,0.0,0.017000000923871994,64.0,0.12447215616703033,2.8820858001708984,0.0185258686542511,14.60067367553711,-0.002912944182753563,-0.0014614216051995754,0.0014515225775539875,-0.0060813166201114655,0.8214585185050964,0.013630994595587254,0.16247320175170898,9.0,1.0,0.0,0.0,0.00445984024554491,-3.725290298461914e-09,nan,0.007944534532725811,-0.037946902215480804,-0.10145912319421768,-0.0650976374745369,0.1291673630475998,-0.1388273388147354,-0.19423995912075043,0.018492719158530235,-0.005871327128261328,-0.01569824293255806,-0.01007221918553114,0.019985396414995193,-0.021480033174157143,-0.030053742229938507,0.0028612823225557804,-0.10331472009420395,-0.14758193492889404,-0.08380673825740814,0.09439682215452194,-0.0027280431240797043,-0.224766805768013,-0.13847878575325012,0.00012777354277204722,2.4998966182465665e-05,7.145500421756878e-05,3.9970091165741906e-05,-1.0223454410152044e-05,-1.6294816305162385e-05,0.00020428422430995852,0.10498867183923721,0.03240859508514404,0.07256375998258591,0.016346730291843414,-0.048031456768512726,0.010106280446052551,0.13595284521579742,0.0016739517450332642,-0.11517333984375,-0.011242980137467384,0.11074355244636536,-0.05075950175523758,-0.21466052532196045,-0.0025259405374526978,0.0016739517450332642,-0.11517333984375,-0.011242980137467384,0.11074355244636536,-0.05075950175523758,-0.21466052532196045,-0.0025259405374526978,0.0016739536076784134,-0.11517333984375,-0.01124297920614481,0.11074355244636536,-0.05075950175523758,-0.21466052532196045,-0.002525937743484974
15.742999999999995,0.004388368688523769,0.004388368688523769,nan,nan,nan,nan,-0.07482681423425674,1.0,0.0,0.6799222826957703,0.0,0.0,0.0,0.0,0.006000000052154064,0.028999999165534973,64.0,0.1242709532380104,1.0775542259216309,0.04237983375787735,13.247227668762207,0.0005507096648216248,-0.0013767979107797146,-0.0019275075756013393,0.0011326810345053673,0.8937060236930847,0.015103884972631931,0.2093999683856964,9.0,1.0,0.0,0.0,0.00438836682587862,-1.862645149230957e-09,nan,0.010979956015944481,-0.037946902215480804,-0.10145912319421768,-0.0650976374745369,0.1291673630475998,-0.1388273388147354,-0.19423995912075043,0.018492719158530235,-0.00895860604941845,-0.023952743038535118,-0.015368425287306309,0.03049417957663536,-0.032774731516838074,-0.045856691896915436,0.0043658106587827206,-0.07491885125637054,-0.13613411784172058,-0.0819162055850029,0.1266753226518631,-0.08689877390861511,-0.23180392384529114,-0.05768521875143051,0.00011741368507500738,2.2086263925302774e-05,8.316095772897825e-05,3.627188198151998e-05,-1.2096202226530295e-05,-1.5249768694047816e-05,0.00020654735271818936,0.08949752151966095,0.020446300506591797,0.06999825686216354,0.001231163740158081,-0.004948340356349945,0.005301713943481445,0.09527945518493652,0.014578666538000107,-0.11568781733512878,-0.011917948722839355,0.12790648639202118,-0.09184711426496506,-0.2265022099018097,0.037594232708215714,0.014578666538000107,-0.11568781733512878,-0.011917948722839355,0.12790648639202118,-0.09184711426496506,-0.2265022099018097,0.037594232708215714,0.014578668400645256,-0.11568781733512878,-0.01191794779151678,0.12790648639202118,-0.09184711426496506,-0.2265022099018097,0.03759423643350601
15.872,0.004099310375750065,0.004099310375750065,nan,nan,nan,nan,-0.10106103122234344,1.0,4.656612873077393e-10,0.681483268737793,0.0,0.0,0.0,0.0,0.003000000026077032,0.02800000086426735,64.0,0.12431208044290543,0.8042948246002197,0.01484900712966919,10.545416831970215,0.0049156746827065945,-0.0011799423955380917,-0.006095616612583399,0.0,0.6566588878631592,0.01610545627772808,0.10833676904439926,9.0,1.0,0.0,0.0,0.004099306650459766,-3.725290298461914e-09,nan,0.013499281369149685,-0.08734014630317688,-0.09181367605924606,-0.06251262128353119,0.08916447311639786,0.057959843426942825,-0.1961917281150818,-0.14224372804164886,-0.0439075268805027,-0.04615645483136177,-0.031426262110471725,0.04482464864850044,0.029137495905160904,-0.09862925112247467,-0.07150858640670776,-0.11373615264892578,-0.12385699152946472,-0.09568996727466583,0.12106656283140182,-0.01319606602191925,-0.2396850287914276,-0.16564443707466125,0.00022466287191491574,2.373978895775508e-05,-2.543778646213468e-05,3.175377059960738e-05,6.38676829112228e-06,-1.2946407878189348e-05,0.00019454820721875876,0.13732360303401947,0.016819044947624207,0.08681046962738037,0.020945705473423004,-0.10068388283252716,0.003220394253730774,0.21674272418022156,0.02358745038509369,-0.10703794658184052,-0.008879495784640312,0.14201226830482483,-0.11387994885444641,-0.23646463453769684,0.051098283380270004,0.02358745038509369,-0.10703794658184052,-0.008879495784640312,0.14201226830482483,-0.11387994885444641,-0.23646463453769684,0.051098283380270004,0.023587452247738838,-0.10703794658184052,-0.008879494853317738,0.14201226830482483,-0.11387994885444641,-0.23646463453769684,0.0510982871055603
15.991999999999997,0.004020157270133495,0.004020157270133495,nan,nan,nan,nan,-0.1162610575556755,0.0,2.7939677238464355e-09,0.6833657622337341,0.0,0.0,0.0,0.0,-0.007000000216066837,0.027000000700354576,64.0,0.12430013716220856,1.343584656715393,0.010996125638484955,11.140799522399902,0.010919743217527866,0.0006464191246777773,-0.010273321531713009,0.0049172453582286835,0.6098790764808655,0.017098281532526016,0.13372449576854706,9.0,1.0,0.0,0.0,0.004020149819552898,-7.450580596923828e-09,nan,0.018961578607559204,-0.08734014630317688,-0.09181367605924606,-0.06251262128353119,0.08916447311639786,0.057959843426942825,-0.1961917281150818,-0.14224372804164886,-0.072969451546669,-0.0767069160938263,-0.0522269681096077,0.07449360191822052,0.048423293977975845,-0.1639108955860138,-0.11883934587240219,-0.13176599144935608,-0.14074735343456268,-0.10173389315605164,0.13709333539009094,0.04135653004050255,-0.2877737581729889,-0.20441603660583496,0.00012808121391572058,2.0193789168843068e-05,7.432301936205477e-05,3.167013710481115e-05,-9.80081495072227e-06,-1.3914440387452487e-05,0.0002067742752842605,0.16153216361999512,0.034985244274139404,0.09940639138221741,0.01820756494998932,-0.14668366312980652,0.029364317655563354,0.2580510079860687,0.029766175895929337,-0.10576210916042328,-0.0023275036364793777,0.15530090034008026,-0.10532712936401367,-0.25840944051742554,0.05363497883081436,0.029766175895929337,-0.10576210916042328,-0.0023275036364793777,0.15530090034008026,-0.10532712936401367,-0.25840944051742554,0.05363497883081436,0.029766175895929337,-0.10576210916042328,-0.0023275036364793777,0.15530090034008026,-0.10532712936401367,-0.25840944051742554,0.05363497883081436
16.102999999999994,0.004515708424150944,0.004515708424150944,nan,nan,nan,nan,-0.09748361259698868,0.0,-4.656612873077393e-10,0.6873839497566223,0.0,0.0,0.0,0.0,0.003000000026077032,0.019999999552965164,64.0,0.12521065771579742,1.3341996669769287,0.038178637623786926,37.685569763183594,0.0014603934250772,0.002735152840614319,0.0012747589498758316,0.0,0.8535391688346863,0.018428850919008255,0.12757955491542816,9.0,1.0,0.0,0.0,0.004515700973570347,-7.450580596923828e-09,nan,0.01249897200614214,-0.04512396082282066,-0.09091664850711823,-0.06790129095315933,0.1429809331893921,-0.14828795194625854,-0.18061690032482147,0.005663551855832338,-0.025796011090278625,-0.05197431147098541,-0.03881712630391121,0.08173789829015732,-0.08477175980806351,-0.10325325280427933,0.0032376821618527174,-0.09771137684583664,-0.13775452971458435,-0.10127869248390198,0.17671063542366028,-0.09628601372241974,-0.27753424644470215,-0.0924520418047905,0.00021538005967158824,2.4666216631885618e-05,-1.8499868019716814e-05,3.378975088708103e-05,6.54611858408316e-06,-1.5300103768822737e-05,0.00019203987903892994,0.1186290830373764,0.028162486851215363,0.0896177589893341,-0.0027048885822296143,-0.026463165879249573,0.0037809908390045166,0.14703121781349182,0.020917702466249466,-0.10959204286336899,-0.011660929769277573,0.17400574684143066,-0.12274917960166931,-0.27375325560569763,0.05457918345928192,0.020917702466249466,-0.10959204286336899,-0.011660929769277573,0.17400574684143066,-0.12274917960166931,-0.27375325560569763,0.05457918345928192,0.020917702466249466,-0.10959204286336899,-0.011660929769277573,0.17400574684143066,-0.12274917960166931,-0.27375325560569763,0.05457918345928192
16.180999999999997,0.004839296452701092,0.004839296452701092,nan,nan,nan,nan,-0.10354083776473999,0.0,0.0,0.6900458335876465,0.0,0.0,0.0,0.0,0.0,0.017999999225139618,64.0,0.12591463327407837,3.139665365219116,0.3696000277996063,10.64933967590332,0.00029797665774822235,0.0019456562586128712,0.0016476796008646488,0.0,0.5925868153572083,0.01789955422282219,0.15001754462718964,9.0,1.0,0.0,0.0,0.004839292727410793,-3.725290298461914e-09,nan,0.013292431831359863,-0.10919258743524551,-0.056033700704574585,-0.0703829675912857,0.03895753249526024,0.0701248049736023,-0.092775858938694,-0.23439475893974304,-0.05252543091773987,-0.026954157277941704,-0.033856652677059174,0.01873992756009102,0.03373246639966965,-0.04462841525673866,-0.1127520278096199,-0.12226004898548126,-0.11032682657241821,-0.09960681945085526,0.12066616863012314,-0.00786539539694786,-0.20952998101711273,-0.19873495399951935,0.00011589340283535421,2.2251873815548606e-05,8.11154386610724e-05,3.592007124098018e-05,-9.39005349209765e-06,-1.7398100681020878e-05,0.000200870621483773,0.1411322057247162,0.008167475461959839,0.0880902037024498,0.05343230813741684,-0.11803439259529114,-0.05304507911205292,0.24484054744243622,0.018872160464525223,-0.10215935111045837,-0.011516617611050606,0.17409847676753998,-0.1258997917175293,-0.26257506012916565,0.04610559716820717,0.018872160464525223,-0.10215935111045837,-0.011516617611050606,0.17409847676753998,-0.1258997917175293,-0.26257506012916565,0.04610559716820717,0.018872160464525223,-0.10215935111045837,-0.011516617611050606,0.17409847676753998,-0.1258997917175293,-0.26257506012916565,0.04610559716820717
16.284,0.004567469470202923,0.004567469470202923,nan,nan,nan,nan,-0.10364553332328796,1.0,2.3283064365386963e-10,0.6916126608848572,0.0,0.0,0.0,0.0,0.007000000216066837,0.01600000075995922,64.0,0.12669548392295837,0.9054104089736938,0.0149458646774292,12.794965744018555,-0.0022428480442613363,-0.0005853892071172595,0.0016574590699747205,0.0,0.640101432800293,0.01708190143108368,0.15250255167484283,9.0,1.0,0.0,0.0,0.004567462019622326,-7.450580596923828e-09,nan,0.009013518691062927,-0.08930669724941254,-0.08213447779417038,-0.06599429249763489,0.09218893945217133,0.06363078206777573,-0.19010141491889954,-0.14911998808383942,-0.0630735531449318,-0.058008112013339996,-0.04660898447036743,0.06510915607213974,0.044939734041690826,-0.13426059484481812,-0.10531715303659439,-0.1313316524028778,-0.1197134330868721,-0.10173988342285156,0.13276442885398865,0.04546944424510002,-0.25386956334114075,-0.21655166149139404,0.00012250326108187437,2.330564529984258e-05,7.460173219442368e-05,3.904251934727654e-05,-7.612937224621419e-06,-2.08221663342556e-05,0.00019973755115643144,0.14266802370548248,0.02342420071363449,0.08970989286899567,0.03813984990119934,-0.1455332636833191,-0.0060020387172698975,0.2369927614927292,0.011336367577314377,-0.09628923237323761,-0.012029992416501045,0.170904278755188,-0.10006381571292877,-0.25987160205841064,0.020441096276044846,0.011336367577314377,-0.09628923237323761,-0.012029992416501045,0.170904278755188,-0.10006381571292877,-0.25987160205841064,0.020441096276044846,0.011336369439959526,-0.09628923237323761,-0.012029990553855896,0.170904278755188,-0.10006381571292877,-0.25987160205841064,0.020441100001335144
16.358999999999995,0.004366119392216206,0.004366119392216206,nan,nan,nan,nan,-0.08876940608024597,0.0,6.984919309616089e-10,0.6921334862709045,0.0,0.0,0.0,0.0,0.004999999888241291,0.02199999988079071,64.0,0.12693031132221222,1.2933872938156128,0.011652708053588867,16.67970848083496,-0.0009013575036078691,-0.0011913503985852003,-0.0002899921964854002,-0.008713369257748127,0.7904912829399109,0.017082342877984047,0.18441057205200195,9.0,1.0,0.0,0.0,0.004366117529571056,-1.862645149230957e-09,nan,0.009083551354706287,-0.05140172317624092,-0.08343087136745453,-0.07218020409345627,0.143453910946846,-0.16048240661621094,-0.1698445826768875,0.0025216087233275175,-0.0,-0.0,-0.0,0.0,-0.0,-0.0,0.0,-0.10003021359443665,-0.10631848126649857,-0.09038349241018295,0.1389971673488617,-0.034417103976011276,-0.22462905943393707,-0.1292884647846222,0.00011000326776411384,2.3376618628390133e-05,8.71949378051795e-05,4.027754039270803e-05,-9.152766324405093e-06,-2.1907810150878504e-05,0.00020051878527738154,0.11176066100597382,0.01468205451965332,0.08019974082708359,0.035134077072143555,-0.06416001915931702,-0.03518371284008026,0.15255558490753174,0.011730443686246872,-0.09163642674684525,-0.010183751583099365,0.17413124442100525,-0.09857712686061859,-0.25981277227401733,0.023267120122909546,0.011730443686246872,-0.09163642674684525,-0.010183751583099365,0.17413124442100525,-0.09857712686061859,-0.25981277227401733,0.023267120122909546,0.011730443686246872,-0.09163642674684525,-0.010183751583099365,0.17413124442100525,-0.09857712686061859,-0.25981277227401733,0.023267120122909546
16.415999999999997,0.004067656584084034,0.004067656584084034,nan,nan,nan,nan,-0.0795709490776062,0.0,-9.313225746154785e-10,0.6926901340484619,0.0,0.0,0.0,0.0,0.004000000189989805,0.013000000268220901,64.0,0.12775889039039612,0.6684781908988953,0.009838491678237915,15.168560028076172,0.0020856140181422234,-0.00048277340829372406,-0.002568388357758522,0.0,0.8621149063110352,0.017204543575644493,0.17165836691856384,9.0,1.0,0.0,0.0,0.0040676528587937355,-3.725290298461914e-09,nan,0.010191215202212334,-0.05140172317624092,-0.08343087136745453,-0.07218020409345627,0.143453910946846,-0.16048240661621094,-0.1698445826768875,0.0025216087233275175,-0.00553241278976202,-0.008979737758636475,-0.007768819108605385,0.015440071001648903,-0.017272863537073135,-0.018280522897839546,0.0002714029687922448,-0.07530932128429413,-0.09629681706428528,-0.0825715884566307,0.14529858529567719,-0.1065049022436142,-0.199827641248703,-0.058417439460754395,0.00021582373301498592,3.0265897294157185e-05,-2.0362967916298658e-05,4.8120287829078734e-05,7.600377102789935e-06,-2.6543424610281363e-05,0.00018967894720844924,0.09444964677095413,0.013293072581291199,0.0739472508430481,0.03224097192287445,-0.02502848207950592,-0.043900325894355774,0.11174831539392471,0.019140327349305153,-0.08300374448299408,-0.008624335750937462,0.17753955721855164,-0.13153338432312012,-0.24372796714305878,0.05333087593317032,0.019140327349305153,-0.08300374448299408,-0.008624335750937462,0.17753955721855164,-0.13153338432312012,-0.24372796714305878,0.05333087593317032,0.019140327349305153,-0.08300374448299408,-0.008624335750937462,0.17753955721855164,-0.13153338432312012,-0.24372796714305878,0.05333087593317032
16.503,0.004179838113486767,0.004179838113486767,nan,nan,nan,nan,-0.08668464422225952,0.0,2.3283064365386963e-09,0.6932526230812073,0.0,0.0,0.0,0.0,0.00800000037997961,0.017000000923871994,64.0,0.12864693999290466,0.5210703015327454,0.010120682418346405,16.04183578491211,0.0022023185156285763,0.0026416426990181208,0.000439326511695981,0.014674793928861618,0.42388924956321716,0.01497808750718832,0.23766052722930908,9.0,1.0,0.0,0.0,0.004179832525551319,-5.587935447692871e-09,nan,0.01099498849362135,-0.09654127061367035,-0.03401006758213043,-0.053780555725097656,0.027499549090862274,0.14323584735393524,-0.05234589800238609,-0.22938597202301025,-0.05473635345697403,-0.019282812252640724,-0.030492158606648445,0.015591518953442574,0.08121094852685928,-0.029678743332624435,-0.13005580008029938,-0.11490549147129059,-0.06680993735790253,-0.0819641500711441,0.09558781236410141,0.07116822898387909,-0.14674857258796692,-0.22718939185142517,9.117323497775942e-05,3.0948245694162324e-05,0.00010613108315737918,5.8226778492098674e-05,-7.762707355141174e-06,-3.406883479328826e-05,0.00019901224004570395,0.12470141053199768,0.0036029964685440063,0.07461684197187424,0.07290805131196976,-0.16762486100196838,-0.07181619107723236,0.23849602043628693,0.00979592278599739,-0.06320694088935852,-0.007347305305302143,0.16849586367607117,-0.0964566320180893,-0.21856476366519928,0.011306622996926308,0.00979592278599739,-0.06320694088935852,-0.007347305305302143,0.16849586367607117,-0.0964566320180893,-0.21856476366519928,0.011306622996926308,0.00979592278599739,-0.06320694088935852,-0.007347305305302143,0.16849586367607117,-0.0964566320180893,-0.21856476366519928,0.011306622996926308
16.644,0.004668527282774448,0.004668527282774448,nan,nan,nan,nan,-0.09417165815830231,0.0,4.656612873077393e-10,0.695147693157196,0.0,0.0,0.0,0.0,0.004999999888241291,0.02500000037252903,64.0,0.13061362504959106,2.6117498874664307,0.027256086468696594,10.645336151123047,-0.002048372756689787,0.003799828700721264,0.005848201923072338,0.0,0.6539484858512878,0.013260460458695889,0.16463828086853027,9.0,1.0,0.0,0.0,0.004668517969548702,-9.313225746154785e-09,nan,0.009751228615641594,-0.09044700860977173,-0.07412970066070557,-0.07281260937452316,0.10583535581827164,0.04747701808810234,-0.1937679946422577,-0.14149636030197144,-0.04506389796733856,-0.03693403676152229,-0.03627781569957733,0.05273091793060303,0.02365472912788391,-0.09654206782579422,-0.07049848884344101,-0.13615502417087555,-0.07862198352813721,-0.09371448308229446,0.1020725667476654,0.12092002481222153,-0.1765023022890091,-0.270224928855896,0.00020887420396320522,4.082610394107178e-05,-2.0470790332183242e-05,7.33427150407806e-05,9.734221748658456e-06,-4.287790579837747e-05,0.00018080281734000891,0.12678897380828857,0.0282682403922081,0.08515186607837677,0.05404791235923767,-0.14503972232341766,-0.02147534489631653,0.21116124093532562,-0.009366044774651527,-0.05035374313592911,-0.008562617935240269,0.15612047910690308,-0.024119695648550987,-0.19797764718532562,-0.059063684195280075,-0.009366044774651527,-0.05035374313592911,-0.008562617935240269,0.15612047910690308,-0.024119695648550987,-0.19797764718532562,-0.059063684195280075,-0.009366044774651527,-0.05035374313592911,-0.008562617935240269,0.15612047910690308,-0.024119695648550987,-0.19797764718532562,-0.059063684195280075
16.774,0.004417392425239086,0.004417392425239086,nan,nan,nan,nan,-0.07953813672065735,1.0,9.313225746154785e-10,0.6959388852119446,0.0,0.0,0.0,0.0,0.0010000000474974513,0.028999999165534973,64.0,0.13208003342151642,1.468122959136963,0.011029653251171112,23.128427505493164,-0.0002187071368098259,0.003170026931911707,0.0033887350000441074,-0.008761690929532051,0.846964955329895,0.014301723800599575,0.174870565533638,9.0,1.0,0.0,0.0,0.004417390562593937,-1.862645149230957e-09,nan,0.009991520084440708,-0.05598188564181328,-0.07320766150951385,-0.07082153856754303,0.1591935008764267,-0.15256117284297943,-0.16605082154273987,-0.017338521778583527,-0.0,-0.0,-0.0,0.0,-0.0,-0.0,-0.0,-0.10185112059116364,-0.080954410135746,-0.08632319420576096,0.13518348336219788,-0.004890922456979752,-0.18763494491577148,-0.15365774929523468,0.00010101019870489836,3.718380685313605e-05,8.815035835141316e-05,8.041243563639e-05,-3.599538331400254e-06,-5.162529487279244e-05,0.00018767884466797113,0.09268283098936081,0.0294375978410244,0.07651466131210327,0.037040188908576965,-0.03174341470003128,-0.025466367602348328,0.10300904512405396,-0.009168287739157677,-0.0515168122947216,-0.009808531031012535,0.17222367227077484,-0.03663433715701103,-0.2131013125181198,-0.05064870044589043,-0.009168287739157677,-0.0515168122947216,-0.009808531031012535,0.17222367227077484,-0.03663433715701103,-0.2131013125181198,-0.05064870044589043,-0.009168284013867378,-0.0515168122947216,-0.009808528237044811,0.17222367227077484,-0.03663434088230133,-0.2131013125181198,-0.05064869672060013
16.85,0.0033026980236172676,0.0033026980236172676,nan,nan,nan,nan,-0.0790063738822937,0.0,0.0,0.6914328932762146,0.0,0.0,0.0,0.0,0.010999999940395355,0.029999999329447746,64.0,0.13278432190418243,2.0383810997009277,0.014388002455234528,10.929014205932617,0.007536992430686951,0.00013937568292021751,-0.007397616747766733,-0.006552102975547314,0.5857341289520264,0.013639501295983791,0.16277019679546356,9.0,1.0,0.0,0.0,0.003302694298326969,-3.725290298461914e-09,nan,0.010893033817410469,-0.08631177246570587,-0.01285826601088047,-0.04644186049699783,0.03335396200418472,0.1751682311296463,-0.04754161462187767,-0.21487553417682648,-0.04737350717186928,-0.007057451643049717,-0.025490310043096542,0.018306821584701538,0.0961437076330185,-0.026093926280736923,-0.11793765425682068,-0.11137237399816513,-0.05038296431303024,-0.0761178657412529,0.0922626405954361,0.11733299493789673,-0.12891338765621185,-0.22594493627548218,0.00013768445933237672,2.9775761504424736e-05,5.481521293404512e-05,8.368771523237228e-05,-1.509102048657951e-06,-6.309182208497077e-05,0.00018947548232972622,0.10573384910821915,0.005130220204591751,0.07132740318775177,0.07669281959533691,-0.14311891794204712,-0.07251723110675812,0.17568477988243103,-0.005638524889945984,-0.04525274410843849,-0.004790465347468853,0.168955460190773,-0.025785930454730988,-0.20143061876296997,-0.05026015639305115,-0.005638524889945984,-0.04525274410843849,-0.004790465347468853,0.168955460190773,-0.025785930454730988,-0.20143061876296997,-0.05026015639305115,-0.005638524889945984,-0.04525274410843849,-0.004790465347468853,0.168955460190773,-0.025785930454730988,-0.20143061876296997,-0.05026015639305115
16.988,0.003189242444932461,0.003189242444932461,nan,nan,nan,nan,-0.08759954571723938,0.0,-9.313225746154785e-10,0.6899424195289612,0.0,0.0,0.0,0.0,0.004999999888241291,0.017000000923871994,64.0,0.13361677527427673,6.685891151428223,0.012325122952461243,29.57225227355957,0.013048660941421986,0.0008097542449831963,-0.012238907627761364,0.0,0.532155454158783,0.012972625903785229,0.14853259921073914,9.0,1.0,0.0,0.0,0.003189234994351864,-7.450580596923828e-09,nan,0.015732865780591965,-0.08631177246570587,-0.01285826601088047,-0.04644186049699783,0.03335396200418472,0.1751682311296463,-0.04754161462187767,-0.21487553417682648,-0.06643182039260864,-0.00989665649831295,-0.035745035856962204,0.025671634823083878,0.13482221961021423,-0.036591485142707825,-0.16538384556770325,-0.1262722611427307,-0.03816964477300644,-0.07721925526857376,0.07699566334486008,0.19399824738502502,-0.10826058685779572,-0.2849584221839905,0.00011749876284739003,2.3529582904302515e-05,7.584298873553053e-05,8.795440953690559e-05,-5.592894467554288e-06,-7.313907553907484e-05,0.000191773462574929,0.12094967067241669,0.000633731484413147,0.07836253941059113,0.0846264436841011,-0.1872420459985733,-0.07938055694103241,0.2178749442100525,-0.005322590470314026,-0.03753591328859329,0.0011432850733399391,0.16162210702896118,0.006756206974387169,-0.18764114379882812,-0.06708347797393799,-0.005322590470314026,-0.03753591328859329,0.0011432850733399391,0.16162210702896118,0.006756206974387169,-0.18764114379882812,-0.06708347797393799,-0.005322590470314026,-0.03753591328859329,0.0011432850733399391,0.16162210702896118,0.006756206974387169,-0.18764114379882812,-0.06708347797393799
17.091,0.004428333602845669,0.004428333602845669,nan,nan,nan,nan,-0.06968741863965988,1.0,0.0,0.6872389912605286,0.0,0.0,0.0,0.0,0.006000000052154064,0.009999999776482582,64.0,0.13630130887031555,0.7492750883102417,0.014893710613250732,40.559207916259766,-0.004801737144589424,0.00993761420249939,0.014739351347088814,0.0,0.9257721304893494,0.015117623843252659,0.09043894708156586,9.0,1.0,0.0,0.0,0.004428322426974773,-1.1175870895385742e-08,nan,0.005694372579455376,-0.08908066898584366,-0.05393880233168602,-0.07406816631555557,0.12559515237808228,0.04133385419845581,-0.19717247784137726,-0.13156569004058838,-0.06300826370716095,-0.038151826709508896,-0.05238966643810272,0.08883557468652725,0.02923613414168358,-0.1394634246826172,-0.09305863827466965,-0.1365167796611786,-0.0657442957162857,-0.10123907774686813,0.14783433079719543,0.12317199259996414,-0.22651198506355286,-0.24512988328933716,9.533884440315887e-05,9.637158655095845e-06,8.518899994669482e-05,0.00011867073772009462,-1.1659590199997183e-05,-0.00011623903992585838,0.0001803786144591868,0.09070941805839539,0.01772955060005188,0.07185393571853638,0.013829603791236877,-0.07625486701726913,0.021472319960594177,0.11954434216022491,-0.0458073653280735,-0.048014745116233826,-0.029385142028331757,0.1616639345884323,0.04691712558269501,-0.20503966510295868,-0.12558554112911224,-0.0458073653280735,-0.048014745116233826,-0.029385142028331757,0.1616639345884323,0.04691712558269501,-0.20503966510295868,-0.12558554112911224,-0.0458073616027832,-0.048014745116233826,-0.029385140165686607,0.1616639345884323,0.04691712185740471,-0.20503966510295868,-0.12558554112911224
17.198999999999998,0.004493336193263531,0.004493336193263531,nan,nan,nan,nan,-0.05563514679670334,0.0,5.587935447692871e-09,0.6727594137191772,0.0,0.0,0.0,0.0,0.004000000189989805,0.014000000432133675,64.0,0.1364581137895584,3.052685499191284,0.023810192942619324,28.003089904785156,0.0028480328619480133,0.00569792278110981,0.0028498955070972443,-0.002099200850352645,0.8678727149963379,0.015792017802596092,0.16062523424625397,9.0,1.0,0.0,0.0,0.004493325017392635,-1.1175870895385742e-08,nan,0.01411239244043827,-0.08653799444437027,-0.006527568679302931,-0.050819121301174164,0.03643513843417168,0.1675581932067871,-0.05708207190036774,-0.21731165051460266,-0.03285932168364525,-0.0024785813875496387,-0.019296515733003616,0.013834777288138866,0.06362347304821014,-0.021674619987607002,-0.08251535147428513,-0.1214873343706131,-0.03945797681808472,-0.08388764411211014,0.1054542139172554,0.15004312992095947,-0.15508586168289185,-0.24957388639450073,0.00011833376629510894,4.9975101319432724e-06,5.352478547138162e-05,0.000139929135912098,-9.721610695123672e-06,-0.00014157762052491307,0.00017021934036165476,0.06717193126678467,-0.01016029343008995,0.04701529070734978,0.058842144906520844,-0.09785426408052444,-0.05558854341506958,0.11216284334659576,-0.05431540310382843,-0.04961827024817467,-0.03687235340476036,0.16429635882377625,0.05218886584043503,-0.21067440509796143,-0.13741104304790497,-0.05431540310382843,-0.04961827024817467,-0.03687235340476036,0.16429635882377625,0.05218886584043503,-0.21067440509796143,-0.13741104304790497,-0.05431540310382843,-0.04961827024817467,-0.03687235340476036,0.16429635882377625,0.05218886584043503,-0.21067440509796143,-0.13741104304790497
17.269,0.004882005043327808,0.004882005043327808,nan,nan,nan,nan,-0.043990619480609894,0.0,0.0013927575200796127,0.6648436784744263,0.0,0.0,0.0,0.0,0.006000000052154064,0.009999999776482582,64.0,0.13605229556560516,0.7250989079475403,0.01451931893825531,26.661067962646484,-0.002425186336040497,0.008359930478036404,0.012177874334156513,0.0,0.9005202651023865,0.016342785209417343,0.1697952151298523,9.0,1.0,0.0,0.0,0.004881986416876316,-1.862645149230957e-08,nan,0.010073495097458363,-0.08653799444437027,-0.006527568679302931,-0.050819121301174164,0.03643513843417168,0.1675581932067871,-0.05708207190036774,-0.21731165051460266,-0.05323738232254982,-0.004015700425952673,-0.03126345947384834,0.022414563223719597,0.10308026522397995,-0.035116370767354965,-0.13368813693523407,-0.12669555842876434,-0.025172486901283264,-0.08086792379617691,0.08133511245250702,0.20140206813812256,-0.12220573425292969,-0.28954458236694336,9.169783879769966e-05,-5.220769253355684e-06,5.5396540119545534e-05,0.0001865938538685441,-1.4362594811245799e-05,-0.0001962321694009006,0.00014632384409196675,0.05116559565067291,-0.017638616263866425,0.03116115927696228,0.05947887897491455,-0.10583408176898956,-0.06289252638816833,0.10623413324356079,-0.07552996277809143,-0.04281110316514969,-0.04970676451921463,0.14081399142742157,0.095567986369133,-0.18509826064109802,-0.18331044912338257,-0.07552996277809143,-0.04281110316514969,-0.04970676451921463,0.14081399142742157,0.095567986369133,-0.18509826064109802,-0.18331044912338257,-0.07552996277809143,-0.04281110316514969,-0.04970676451921463,0.14081399142742157,0.095567986369133,-0.18509826064109802,-0.18331044912338257
17.363,0.006219358183443546,0.006219358183443546,nan,nan,nan,nan,-0.01685103215277195,0.0,0.013256276026368141,0.6648411154747009,0.0,0.0,0.0,0.0,-0.012000000104308128,0.0430000014603138,64.0,0.13592886924743652,0.44381245970726013,0.008511357009410858,19.223705291748047,-0.00147981196641922,0.014271470718085766,0.029007557779550552,0.017663421109318733,0.9799391627311707,0.017290348187088966,0.12619370222091675,9.0,1.0,0.0,0.0,0.006219341419637203,-1.6763806343078613e-08,nan,0.007513871882110834,-0.10127589106559753,-0.042874958366155624,-0.0843263790011406,0.11776553094387054,0.049023933708667755,-0.1740170419216156,-0.155691996216774,-0.04906878620386124,-0.020773177966475487,-0.04085664451122284,0.05705811828374863,0.023752393200993538,-0.0843123123049736,-0.07543372362852097,-0.13038699328899384,-0.03329909220337868,-0.0905422568321228,0.10192009061574936,0.16657418012619019,-0.15236951410770416,-0.2703014314174652,0.00011220791930099949,-8.196878297894727e-06,1.99078131117858e-05,0.0002015372592722997,-1.261646957573248e-05,-0.00021368073066696525,0.00013062820653431118,0.03927602618932724,-0.00548124685883522,0.030471470206975937,0.02508511394262314,-0.04410191625356674,-0.01867501437664032,0.056334465742111206,-0.0911109670996666,-0.0387803390622139,-0.060070786625146866,0.1270052045583725,0.12247226387262344,-0.17104452848434448,-0.213966965675354,-0.0911109670996666,-0.0387803390622139,-0.060070786625146866,0.1270052045583725,0.12247226387262344,-0.17104452848434448,-0.213966965675354,-0.0911109670996666,-0.0387803390622139,-0.060070786625146866,0.1270052045583725,0.12247226387262344,-0.17104452848434448,-0.213966965675354
17.449999999999996,0.006997718475759029,0.006997718475759029,nan,nan,nan,nan,0.003420824185013771,0.0,0.007992526516318321,0.6707043051719666,0.0,0.0,0.0,0.0,0.004000000189989805,0.019999999552965164,64.0,0.1351333111524582,0.7903026342391968,0.009713694453239441,9.187036514282227,-0.006242729723453522,0.00678480789065361,0.021020064130425453,0.0044473446905612946,0.9804933667182922,0.01781800203025341,0.18000489473342896,9.0,1.0,0.0,0.0,0.006997707299888134,-1.1175870895385742e-08,nan,0.012732873670756817,-0.07412876933813095,-0.04014980420470238,-0.08387766033411026,0.17473208904266357,-0.15659280121326447,-0.1350613385438919,-0.05062887445092201,-0.008795320987701416,-0.004763742908835411,-0.009952018968760967,0.02073182538151741,-0.01857961341738701,-0.01602492295205593,-0.00600707670673728,-0.12176067382097244,-0.04230976104736328,-0.09855170547962189,0.14254367351531982,0.05433787405490875,-0.17227858304977417,-0.20535555481910706,7.081983494572341e-05,-1.9292054275865667e-05,3.910901796189137e-05,0.00021006517636124045,-1.8802189515554346e-05,-0.0002311002172064036,0.00011140976857859641,0.0161040797829628,0.0026063062250614166,0.02361433207988739,-0.014085769653320312,0.06002160161733627,-7.599592208862305e-05,-0.016798362135887146,-0.10565659403800964,-0.039703454822301865,-0.0749373733997345,0.1284579038619995,0.11435947567224503,-0.1723545789718628,-0.2221539169549942,-0.10565659403800964,-0.039703454822301865,-0.0749373733997345,0.1284579038619995,0.11435947567224503,-0.1723545789718628,-0.2221539169549942,-0.10565659403800964,-0.039703454822301865,-0.0749373733997345,0.1284579038619995,0.11435947567224503,-0.1723545789718628,-0.2221539169549942
17.580999999999996,0.005777993239462376,0.005777993239462376,nan,nan,nan,nan,-0.028102917596697807,0.0,-1.862645149230957e-09,0.726845920085907,0.0,0.0,0.0,0.0,0.004999999888241291,0.04100000113248825,64.0,0.1331149935722351,0.6229244470596313,0.012051314115524292,13.902899742126465,-0.006162967532873154,-0.00862429104745388,-0.002461325377225876,-0.021414194256067276,0.968368649482727,0.016404636204242706,0.1959274709224701,9.0,1.0,0.0,0.0,0.005777980200946331,-1.30385160446167e-08,nan,0.01177834253758192,-0.08806192874908447,-0.00022390451340470463,-0.05762787163257599,0.06062072515487671,0.14222757518291473,-0.08868532627820969,-0.21715301275253296,-0.017729787155985832,-4.507940684561618e-05,-0.011602402664721012,0.012204962782561779,0.02863512933254242,-0.017855297774076462,-0.04372010380029678,-0.109669029712677,-0.019272714853286743,-0.08030183613300323,0.102052241563797,0.1127648577094078,-0.13290144503116608,-0.22751930356025696,8.734490256756544e-05,-3.051613202842418e-05,2.5782752345548943e-05,0.0001981364330276847,-2.0988944015698507e-05,-0.00022951596474740654,0.00011693156557157636,0.017702557146549225,-0.025640148669481277,0.011908963322639465,0.03444385528564453,-0.037555426359176636,-0.04439890384674072,0.03576882183551788,-0.09196647256612778,-0.04491286352276802,-0.06839287281036377,0.13649609684944153,0.07520943135023117,-0.1773003488779068,-0.19175048172473907,-0.09196647256612778,-0.04491286352276802,-0.06839287281036377,0.13649609684944153,0.07520943135023117,-0.1773003488779068,-0.19175048172473907,-0.09196647256612778,-0.04491286352276802,-0.06839287281036377,0.13649609684944153,0.07520943135023117,-0.1773003488779068,-0.19175048172473907
17.701999999999998,0.005423584021627903,0.005423584021627903,nan,nan,nan,nan,0.0026848409324884415,0.0,0.017257357016205788,0.7733840346336365,0.0,0.0,0.0,0.0,0.0010000000474974513,0.014000000432133675,64.0,0.12897425889968872,1.447908639907837,0.02882443368434906,19.275388717651367,0.015332832932472229,0.0101067665964365,0.01203129068017006,0.03522554412484169,0.9971466064453125,0.016814883798360825,0.18818935751914978,9.0,1.0,0.0,0.0,0.00542356725782156,-1.6763806343078613e-08,nan,0.012638275511562824,-0.1046815887093544,-0.02736942283809185,-0.09002483636140823,0.11799829453229904,0.026554621756076813,-0.1713567078113556,-0.1618528515100479,-0.0357062965631485,-0.009335555136203766,-0.03070696070790291,0.04024855047464371,0.00905763078480959,-0.058448802679777145,-0.05520709231495857,-0.12358272075653076,-0.027671601623296738,-0.09936404228210449,0.12865926325321198,0.07327289879322052,-0.17928816378116608,-0.2196798026561737,-3.379150803084485e-05,-5.194023469812237e-05,0.00014004703552927822,0.00020655570551753044,-3.7762012652819976e-05,-0.00025473194546066225,0.00011908649321412668,0.019619442522525787,-0.008692432194948196,0.019825272262096405,0.0011751800775527954,0.0054997727274894714,0.0067005455493927,0.01525251567363739,-0.10396327823400497,-0.036364033818244934,-0.07953877002000809,0.12983444333076477,0.07877267152070999,-0.17258761823177338,-0.20442728698253632,-0.10396327823400497,-0.036364033818244934,-0.07953877002000809,0.12983444333076477,0.07877267152070999,-0.17258761823177338,-0.20442728698253632,-0.10396327823400497,-0.036364033818244934,-0.07953877002000809,0.12983444333076477,0.07877267152070999,-0.17258761823177338,-0.20442728698253632
17.839999999999996,0.0077795470133423805,0.0077795470133423805,nan,nan,nan,nan,0.017394836992025375,0.0,0.026460837572813034,0.8566815853118896,0.0,0.0,0.0,0.0,0.007000000216066837,0.03200000151991844,64.0,0.12758831679821014,0.46660566329956055,0.008937902748584747,17.506757736206055,0.009518235921859741,0.009496521204710007,0.0264391228556633,0.016640696674585342,0.993590235710144,0.01674523390829563,0.1727817952632904,9.0,1.0,0.0,0.0,0.007779515348374844,-3.166496753692627e-08,nan,0.010262526571750641,-0.10537638515233994,-0.009034642018377781,-0.08405200392007828,0.08299802243709564,0.06870166212320328,-0.10373555123806,-0.2222156524658203,-0.02039378695189953,-0.0017484996933490038,-0.016266819089651108,0.016062840819358826,0.013296025805175304,-0.02007623389363289,-0.04300602152943611,-0.1221318393945694,-0.026877492666244507,-0.10304363071918488,0.13047347962856293,0.030768983066082,-0.15251164138317108,-0.21231697499752045,5.263955608825199e-05,-2.7339463485986926e-05,-1.9578881165216444e-06,0.00024428017786704004,-1.9995884940726683e-05,-0.00026987941237166524,5.765980313299224e-05,0.011282309889793396,-0.00690203532576561,0.014325901865959167,0.0017119646072387695,0.02768734097480774,-0.015197694301605225,0.007756099104881287,-0.110849529504776,-0.03377952799201012,-0.08871772885322571,0.1321854442358017,0.05845632404088974,-0.1677093356847763,-0.20456087589263916,-0.110849529504776,-0.03377952799201012,-0.08871772885322571,0.1321854442358017,0.05845632404088974,-0.1677093356847763,-0.20456087589263916,-0.110849529504776,-0.03377952799201012,-0.08871772885322571,0.1321854442358017,0.05845632404088974,-0.1677093356847763,-0.20456087589263916
17.9,0.007799853570759296,0.007799853570759296,nan,nan,nan,nan,0.013955598697066307,0.0,0.026313791051506996,0.8901616334915161,0.0,0.0,0.0,0.0,0.00800000037997961,0.009999999776482582,64.0,0.12599118053913116,1.2475178241729736,0.010343268513679504,9.709096908569336,0.011511281132698059,0.012662438675761223,0.02746494859457016,0.0,0.9969351291656494,0.016887331381440163,0.19943800568580627,9.0,1.0,0.0,0.0,0.007799838669598103,-1.4901161193847656e-08,nan,0.011692535132169724,-0.11013343185186386,0.0005801991792395711,-0.09670530259609222,0.11675173044204712,0.0036728568375110626,-0.15813858807086945,-0.1728181391954422,-0.02169101871550083,0.00011427149001974612,-0.019046319648623466,0.0229945071041584,0.000723377161193639,-0.031145740300416946,-0.03403690829873085,-0.12596076726913452,-0.015209979377686977,-0.10671734064817429,0.1280396729707718,0.03126896545290947,-0.15941081941127777,-0.21994709968566895,6.553090497618541e-05,-8.039610111154616e-05,1.770668131939601e-05,0.00017152684449683875,-3.6584016925189644e-05,-0.00024687283439561725,9.810816118260846e-05,0.00911865383386612,-0.012388237752020359,0.011133335530757904,0.0013639479875564575,0.018484119325876236,-0.0018428564071655273,0.007111668586730957,-0.1168421134352684,-0.027598217129707336,-0.09558400511741638,0.12940362095832825,0.049753084778785706,-0.1612536758184433,-0.212835431098938,-0.1168421134352684,-0.027598217129707336,-0.09558400511741638,0.12940362095832825,0.049753084778785706,-0.1612536758184433,-0.212835431098938,-0.1168421134352684,-0.027598217129707336,-0.09558400511741638,0.12940362095832825,0.049753084778785706,-0.1612536758184433,-0.212835431098938
18.022,0.010257839225232601,0.010257839225232601,nan,nan,nan,nan,0.09780296683311462,0.0,0.08140571415424347,0.918275773525238,0.0,0.0,0.0,0.0,0.008999999612569809,0.02199999988079071,64.0,0.1241123154759407,0.9086039066314697,0.009787268936634064,9.82492446899414,0.051782358437776566,0.02639852464199066,0.056021884083747864,0.018201006576418877,0.9607328176498413,0.01695277728140354,0.15762172639369965,9.0,1.0,0.0,0.0,0.010257828049361706,-1.1175870895385742e-08,nan,0.011531241238117218,-0.11089403182268143,-0.04281925410032272,-0.11801785230636597,0.12047257274389267,-0.18971757590770721,-0.003920132759958506,-0.10685992240905762,-0.0461723767220974,-0.017828432843089104,-0.04913848638534546,0.050160542130470276,-0.07899173349142075,-0.001632205443456769,-0.04449271410703659,-0.1387401670217514,-0.025019338354468346,-0.12877362966537476,0.1457688808441162,-0.06480630487203598,-0.12344945967197418,-0.19957542419433594,1.4405796719074715e-05,-7.468453259207308e-05,2.4134633349603973e-05,0.00018317023932468146,-3.584392470656894e-05,-0.0002520451962482184,5.3742034651804715e-05,0.014024242758750916,0.0023370888084173203,0.022275015711784363,-0.011783555150032043,0.08403851836919785,-0.032665833830833435,-0.012211337685585022,-0.12471592426300049,-0.022682249546051025,-0.1064986139535904,0.13398532569408417,0.019232213497161865,-0.15611529350280762,-0.21178676187992096,-0.12471592426300049,-0.022682249546051025,-0.1064986139535904,0.13398532569408417,0.019232213497161865,-0.15611529350280762,-0.21178676187992096,-0.12471592426300049,-0.022682249546051025,-0.1064986139535904,0.13398532569408417,0.019232213497161865,-0.15611529350280762,-0.21178676187992096
18.086,0.012009344063699245,0.012009344063699245,nan,nan,nan,nan,0.10377137362957001,0.0,0.10901395976543427,0.9229333996772766,0.0,0.0,0.0,0.0,0.0020000000949949026,0.010999999940395355,64.0,0.12342355400323868,0.6823185682296753,0.009709037840366364,17.356904983520508,0.06947016716003418,0.02786547690629959,0.06740926951169968,0.10805932432413101,0.99135822057724,0.01693188212811947,0.2279822677373886,9.0,1.0,0.0,0.0,0.012009329162538052,-1.4901161193847656e-08,nan,0.012441272847354412,-0.08913208544254303,0.03767937049269676,-0.06591416150331497,0.07453064620494843,0.06599735468626022,-0.10104194283485413,-0.23700447380542755,-0.038789644837379456,0.016397792845964432,-0.028685370460152626,0.03243520110845566,0.028721576556563377,-0.04397272691130638,-0.10314265638589859,-0.14035917818546295,-0.007575260940939188,-0.12677057087421417,0.1400945782661438,-0.05373917147517204,-0.11009110510349274,-0.23613767325878143,4.36634109064471e-05,-7.002194615779445e-05,-1.7115698938141577e-05,0.00018226543033961207,-3.1200175726553425e-05,-0.0002471516781952232,4.0319704567082226e-05,0.008062466979026794,-0.015110477805137634,0.008815892040729523,-0.0002780705690383911,0.028304224833846092,-0.02377285063266754,0.024879634380340576,-0.13229671120643616,-0.022685738280415535,-0.11795467883348465,0.1398165076971054,-0.02543494664132595,-0.13386395573616028,-0.21125803887844086,-0.13229671120643616,-0.022685738280415535,-0.11795467883348465,0.1398165076971054,-0.02543494664132595,-0.13386395573616028,-0.21125803887844086,-0.13229671120643616,-0.022685738280415535,-0.11795467883348465,0.1398165076971054,-0.02543494664132595,-0.13386395573616028,-0.21125803887844086
18.232,0.012398182414472103,0.012398182414472103,nan,nan,nan,nan,0.028370656073093414,0.0,0.036945074796676636,0.4208717346191406,0.0,0.0,0.0,0.0,0.0020000000949949026,0.03700000047683716,64.0,0.1210838034749031,2.851010322570801,0.014151446521282196,14.793278694152832,-0.026537617668509483,-0.011462288908660412,0.05202040448784828,-0.008563033305108547,0.9965630173683167,0.017453039065003395,0.12737776339054108,9.0,1.0,0.0,0.0,0.012398178689181805,-3.725290298461914e-09,nan,0.0034841501619666815,-0.11623372882604599,0.03644951060414314,-0.10088091343641281,0.11691749095916748,0.0020787224639207125,-0.1271573156118393,-0.18745984137058258,-0.05159175395965576,0.0161785576492548,-0.044777221977710724,0.051895249634981155,0.0009226662223227322,-0.056440319865942,-0.08320632576942444,-0.1468271166086197,0.016187675297260284,-0.12914907932281494,0.14169465005397797,-0.02206426113843918,-0.13024413585662842,-0.2516271770000458,6.0170463257236406e-05,-1.0559703696344513e-05,3.928213118342683e-05,0.00018359743990004063,-1.168725975730922e-05,-0.0001931945444084704,0.0001043208540068008,0.009929493069648743,-0.026221439242362976,0.007603868842124939,-0.002409428358078003,-0.004242287948727608,0.001122981309890747,0.024769440293312073,-0.13689762353897095,-0.010033763945102692,-0.12154521048069,0.13928522169589996,-0.026306549087166786,-0.12912115454673767,-0.2268577367067337,-0.13689762353897095,-0.010033763945102692,-0.12154521048069,0.13928522169589996,-0.026306549087166786,-0.12912115454673767,-0.2268577367067337,-0.13689762353897095,-0.010033763945102692,-0.12154521048069,0.13928522169589996,-0.026306549087166786,-0.12912115454673767,-0.2268577367067337
18.341,0.00432260986417532,0.00432260986417532,nan,nan,nan,nan,-0.1696091741323471,0.0,-9.313225746154785e-10,0.8078466653823853,0.0,0.0,0.0,0.0,0.0,0.012000000104308128,64.0,0.11937978863716125,0.5146786570549011,0.007400289177894592,17.77025032043457,-0.003498959355056286,-0.08650383353233337,-0.08300487697124481,-0.3106258809566498,0.5600603222846985,0.013353372924029827,0.22657530009746552,9.0,1.0,0.0,0.0,0.00432260986417532,0.0,nan,0.003321185475215316,-0.11632164567708969,-0.004797500558197498,-0.1199483871459961,0.11117440462112427,-0.1746358871459961,0.051820605993270874,-0.12851391732692719,-0.04776301607489586,-0.00196990929543972,-0.04925219714641571,0.04564949870109558,-0.07170751690864563,0.02127814292907715,-0.05276930332183838,-0.1550731360912323,0.008705059066414833,-0.14689798653125763,0.14944806694984436,-0.11615251004695892,-0.04643020033836365,-0.2219744175672531,0.00017671864770818502,7.235856173792854e-06,-5.389348189055454e-06,5.14390594616998e-05,4.521947630564682e-06,-4.6421326260315254e-05,0.0001693857047939673,0.14637921750545502,-0.01571124605834484,0.135565385222435,0.05831931531429291,0.07136973738670349,-0.11035694181919098,0.1856822371482849,-0.008693922311067581,-0.007006186991930008,-0.01133260503411293,0.20776738226413727,-0.04478277266025543,-0.15678714215755463,-0.0362921878695488,-0.008693922311067581,-0.007006186991930008,-0.01133260503411293,0.20776738226413727,-0.04478277266025543,-0.15678714215755463,-0.0362921878695488,-0.008693922311067581,-0.007006186991930008,-0.01133260503411293,0.20776738226413727,-0.04478277266025543,-0.15678714215755463,-0.0362921878695488
18.454,-0.00047046225517988205,-0.00047046225517988205,nan,nan,nan,nan,-0.17634916305541992,0.0,0.0,0.759844958782196,0.0,0.0,0.0,0.0,0.003000000026077032,0.039000000804662704,64.0,0.11770568788051605,1.22510826587677,0.020527280867099762,16.881772994995117,0.036018289625644684,-0.043533530086278915,-0.0795518159866333,-0.0114559605717659,0.3266412317752838,0.012977217324078083,0.08152429759502411,9.0,1.0,0.0,0.0,-0.00047046318650245667,-9.313225746154785e-10,nan,0.0013400876196101308,-0.09206076711416245,0.06173200532793999,-0.064876988530159,0.06962912529706955,0.07533267885446548,-0.07499431073665619,-0.2394944280385971,-0.07766225188970566,0.05207698047161102,-0.05473008006811142,0.05873897299170494,0.06355047971010208,-0.06326503306627274,-0.20203694701194763,-0.1528434008359909,0.053763214498758316,-0.12694820761680603,0.1320483535528183,0.0007744049653410912,-0.08365001529455185,-0.3048268258571625,9.721136302687228e-05,1.458163205825258e-05,0.00010971471783705056,5.1951330533484e-05,-5.471283657243475e-07,-3.835803727270104e-05,0.0002067932509817183,0.1798466295003891,-0.03435260057449341,0.15374013781547546,0.08106677234172821,-0.019045915454626083,-0.05700913816690445,0.3032752275466919,0.027003230527043343,0.019410613924264908,0.026791933923959732,0.2131151258945465,-0.018271511420607567,-0.1406591534614563,-0.0015515834093093872,0.027003230527043343,0.019410613924264908,0.026791933923959732,0.2131151258945465,-0.018271511420607567,-0.1406591534614563,-0.0015515834093093872,0.027003230527043343,0.019410613924264908,0.026791933923959732,0.2131151258945465,-0.018271511420607567,-0.1406591534614563,-0.0015515834093093872
18.607,0.006053262390196323,0.006053262390196323,nan,nan,nan,nan,-0.11188721656799316,0.0,-9.313225746154785e-10,0.8254565596580505,0.0,0.0,0.0,0.0,0.0,0.013000000268220901,64.0,0.12108876556158066,2.260460615158081,0.021721236407756805,11.23741340637207,-0.013674645684659481,0.03307585418224335,0.0467505007982254,0.14218629896640778,0.7718491554260254,0.012510690838098526,0.12712621688842773,9.0,1.0,0.0,0.0,0.006053266115486622,3.725290298461914e-09,nan,0.003521829145029187,-0.09073686599731445,0.06731673330068588,-0.07011500746011734,0.1253681778907776,0.05448858439922333,-0.11036884039640427,-0.20359690487384796,-0.010149246081709862,0.007529619615525007,-0.00784261617809534,0.014022882096469402,0.006094744428992271,-0.012345152907073498,-0.022773047909140587,-0.13413280248641968,0.06348605453968048,-0.10899006575345993,0.13751979172229767,0.02556414157152176,-0.10137124359607697,-0.2779355049133301,0.0001032049985951744,2.251278783660382e-05,8.265532233053818e-05,6.677788769593462e-05,3.698507043736754e-06,-4.608969538821839e-05,0.00018416139937471598,0.10734152048826218,-0.029948122799396515,0.0904017984867096,0.050988152623176575,-0.031022215262055397,-0.025085508823394775,0.18379561603069305,-0.0267912819981575,0.033537931740283966,-0.018588269129395485,0.18850794434547424,-0.005458074156194925,-0.12645675241947174,-0.09413988888263702,-0.0267912819981575,0.033537931740283966,-0.018588269129395485,0.18850794434547424,-0.005458074156194925,-0.12645675241947174,-0.09413988888263702,-0.0267912819981575,0.033537931740283966,-0.018588269129395485,0.18850794434547424,-0.005458074156194925,-0.12645675241947174,-0.09413988888263702
18.683,0.008289537392556667,0.008289537392556667,nan,nan,nan,nan,-0.07824332267045975,0.0,0.0,0.8074580430984497,0.0,0.0,0.0,0.0,0.00800000037997961,0.012000000104308128,64.0,0.1263323873281479,1.3409340381622314,0.011303462088108063,22.92816925048828,-0.02953299693763256,0.0252538975328207,0.05478689447045326,0.0,0.9050516486167908,0.0135441143065691,0.13914763927459717,9.0,1.0,0.0,0.0,0.008289513178169727,-2.421438694000244e-08,nan,0.0020901591051369905,-0.09073686599731445,0.06731673330068588,-0.07011500746011734,0.1253681778907776,0.05448858439922333,-0.11036884039640427,-0.20359690487384796,-0.024050993844866753,0.017843181267380714,-0.018584899604320526,0.03323047608137131,0.014442912302911282,-0.02925470657646656,-0.05396602302789688,-0.12345010787248611,0.07282698899507523,-0.098175048828125,0.1456727683544159,0.04550177603960037,-0.11798834055662155,-0.2650051712989807,9.198365296470001e-05,1.2006601536995731e-05,7.681218266952783e-05,5.813893585582264e-05,8.260197859044638e-09,-4.751371670863591e-05,0.000168334532645531,0.07703094184398651,-0.023133274167776108,0.06484538316726685,0.03437596559524536,-0.027266962453722954,-0.009128294885158539,0.12813647091388702,-0.0464191660284996,0.04969371482729912,-0.033329665660858154,0.18004873394966125,0.01823481358587742,-0.1271166354417801,-0.1368687003850937,-0.0464191660284996,0.04969371482729912,-0.033329665660858154,0.18004873394966125,0.01823481358587742,-0.1271166354417801,-0.1368687003850937,-0.0464191660284996,0.04969371482729912,-0.033329665660858154,0.18004873394966125,0.01823481358587742,-0.1271166354417801,-0.1368687003850937
18.817999999999998,0.003555511124432087,0.003555511124432087,nan,nan,nan,nan,-0.12355104088783264,0.0,1.862645149230957e-09,0.7194957137107849,0.0,0.0,0.0,0.0,0.004999999888241291,0.03700000047683716,64.0,0.12939558923244476,8.609310150146484,0.023799948394298553,11.740489959716797,-0.001973658800125122,-0.017871417105197906,-0.015897756442427635,-0.03985491767525673,0.7799274325370789,0.013440285809338093,0.18087029457092285,9.0,1.0,0.0,0.0,0.0035555092617869377,-1.862645149230957e-09,nan,0.002260891953483224,-0.16167064011096954,0.13796567916870117,-0.14162147045135498,0.02681676857173443,0.010482893325388432,0.03833216428756714,-0.14991013705730438,-0.04609411582350731,0.03933556377887726,-0.040377870202064514,0.007645761128515005,0.0029887903947383165,0.010928930714726448,-0.04274106025695801,-0.1477956920862198,0.09218405187129974,-0.12292631715536118,0.1329675018787384,0.01839764602482319,-0.10333819687366486,-0.261783629655838,7.989836012711748e-05,-2.4832499548210762e-05,0.0001063135132426396,2.8085914891562425e-05,-1.43827555803e-05,-5.2007810154464096e-05,0.0001903499651234597,0.12280641496181488,-0.04113704338669777,0.10817570239305496,0.050646036863327026,0.014736095443367958,-0.045169323682785034,0.15250346064567566,-0.024989278987050056,0.051047008484601974,-0.01475061196833849,0.18361353874206543,0.03313374146819115,-0.1485075205564499,-0.10928017646074295,-0.024989278987050056,0.051047008484601974,-0.01475061196833849,0.18361353874206543,0.03313374146819115,-0.1485075205564499,-0.10928017646074295,-0.024989278987050056,0.051047008484601974,-0.01475061196833849,0.18361353874206543,0.03313374146819115,-0.1485075205564499,-0.10928017646074295
18.870999999999995,0.0017498256638646126,0.0017498256638646126,nan,nan,nan,nan,-0.13451339304447174,0.0,0.0,0.7280494570732117,0.0,0.0,0.0,0.0,0.00800000037997961,0.014000000432133675,64.0,0.12925003468990326,0.9805048108100891,0.008748844265937805,10.310259819030762,0.009168063290417194,-0.017698226496577263,-0.026866290718317032,0.0,0.7036749124526978,0.013749172911047935,0.12591564655303955,9.0,1.0,0.0,0.0,0.0017498256638646126,0.0,nan,0.0019032357959076762,-0.12443524599075317,0.066871277987957,-0.0936334952712059,0.10158782452344894,0.10117964446544647,-0.030950939282774925,-0.19940286874771118,-0.06547040492296219,0.035183679312467575,-0.04926436021924019,0.05344945564866066,0.05323469638824463,-0.016284538432955742,-0.10491390526294708,-0.16386790573596954,0.09480103105306625,-0.12949258089065552,0.1402810662984848,0.07948882132768631,-0.07592200487852097,-0.2757679224014282,0.00010534917237237096,-3.260004086769186e-05,8.736735617276281e-05,6.910179945407435e-05,-1.6536896509933285e-05,-0.00010061756620416418,0.00019780836009886116,0.1421428769826889,-0.05133901536464691,0.11893007904291153,0.05074882507324219,-0.031705230474472046,-0.08436284214258194,0.18261994421482086,-0.02172502875328064,0.04346201568841934,-0.010562503710389137,0.191029891371727,0.047783590853214264,-0.1602848470211029,-0.09314797818660736,-0.02172502875328064,0.04346201568841934,-0.010562503710389137,0.191029891371727,0.047783590853214264,-0.1602848470211029,-0.09314797818660736,-0.02172502875328064,0.04346201568841934,-0.010562503710389137,0.191029891371727,0.047783590853214264,-0.1602848470211029,-0.09314797818660736
18.912999999999997,0.0013495339080691338,0.0013495339080691338,nan,nan,nan,nan,-0.13644635677337646,0.0,-9.313225746154785e-10,0.726438045501709,0.0,0.0,0.0,0.0,0.008999999612569809,0.007000000216066837,64.0,0.12930145859718323,0.75160151720047,0.010246410965919495,11.959285736083984,0.011432146653532982,-0.014833011664450169,-0.026265159249305725,0.0,0.727604866027832,0.01400388777256012,0.11121120303869247,9.0,1.0,0.0,0.0,0.001349535770714283,1.862645149230957e-09,nan,0.001705782487988472,-0.09409927576780319,0.11546089500188828,-0.0884883776307106,0.2055453211069107,-0.08343715965747833,-0.04981221631169319,-0.09106053411960602,-0.03953292965888977,0.04850735887885094,-0.037175681442022324,0.08635357022285461,-0.035053566098213196,-0.020927077159285545,-0.03825629502534866,-0.15778180956840515,0.11212382465600967,-0.1291818618774414,0.17828114330768585,0.03523961454629898,-0.07278604060411453,-0.2410813570022583,0.0001313280372414738,-3.561824269127101e-05,6.211775325937197e-05,6.810624472564086e-05,-1.5581888874294236e-05,-0.0001030281709972769,0.00019821885507553816,0.13590075075626373,-0.0698413997888565,0.11891268193721771,0.021473154425621033,0.016205038875341415,-0.08978507667779922,0.15685522556304932,-0.02188105881214142,0.04228242486715317,-0.010269182734191418,0.19975429773330688,0.051444653421640396,-0.16257111728191376,-0.08422612398862839,-0.02188105881214142,0.04228242486715317,-0.010269182734191418,0.19975429773330688,0.051444653421640396,-0.16257111728191376,-0.08422612398862839,-0.02188105881214142,0.04228242486715317,-0.010269182734191418,0.19975429773330688,0.051444653421640396,-0.16257111728191376,-0.08422612398862839
19.012999999999998,0.0024140598252415657,0.0024140598252415657,nan,nan,nan,nan,-0.1341777741909027,0.0,4.6566128730773926e-09,0.726349413394928,0.0,0.0,0.0,0.0,0.0020000000949949026,0.012000000104308128,64.0,0.13027863204479218,1.8989313840866089,0.015945173799991608,11.510419845581055,0.005175482481718063,0.00511228758841753,-6.319023668766022e-05,0.0447334423661232,0.7644983530044556,0.015241495333611965,0.10765254497528076,9.0,1.0,0.0,0.0,0.002414063550531864,3.725290298461914e-09,nan,0.002104615792632103,-0.09809530526399612,0.11955469846725464,-0.06354308873414993,0.10279920697212219,0.05314259231090546,-0.06355759501457214,-0.2112223505973816,-0.08699244260787964,0.10602296143770218,-0.05635099858045578,0.09116393327713013,0.047127675265073776,-0.05636386200785637,-0.18731527030467987,-0.16547726094722748,0.1617443710565567,-0.12553447484970093,0.19875657558441162,0.04080580174922943,-0.09053036570549011,-0.2873060703277588,0.00012518012954387814,-3.8614816730841994e-05,6.335080979624763e-05,7.811143586877733e-05,-1.67663129104767e-05,-0.00011554895172594115,0.0001939222711371258,0.13343386352062225,-0.10046693682670593,0.10629812628030777,0.026538655161857605,-0.0006697326898574829,-0.07543611526489258,0.198673278093338,-0.032043397426605225,0.06127743422985077,-0.01923634670674801,0.22529523074626923,0.04013606905937195,-0.1659664809703827,-0.08863279968500137,-0.032043397426605225,0.06127743422985077,-0.01923634670674801,0.22529523074626923,0.04013606905937195,-0.1659664809703827,-0.08863279968500137,-0.032043397426605225,0.06127743422985077,-0.01923634670674801,0.22529523074626923,0.04013606905937195,-0.1659664809703827,-0.08863279968500137
19.143,0.003973894752562046,0.003973894752562046,nan,nan,nan,nan,-0.15591952204704285,0.0,-1.862645149230957e-09,0.7265155911445618,0.0,0.0,0.0,0.0,0.007000000216066837,0.014999999664723873,64.0,0.1315012127161026,1.0497924089431763,0.01241825520992279,18.95248031616211,-0.0010944083333015442,0.014889199286699295,0.01598360575735569,0.026352332904934883,0.7718589901924133,0.017796771600842476,0.15312597155570984,9.0,1.0,0.0,0.0,0.0039738854393363,-9.313225746154785e-09,nan,0.005579546093940735,-0.12838149070739746,0.1517449915409088,-0.1019534096121788,0.09933087974786758,-0.013602186925709248,0.07391299307346344,-0.1567876785993576,-0.16051051020622253,0.189721018075943,-0.12746848165988922,0.12418963015079498,-0.017006298527121544,0.0924106165766716,-0.19602568447589874,-0.19994252920150757,0.2239706665277481,-0.14447741210460663,0.20846675336360931,0.05671669542789459,-0.06619497388601303,-0.3568486273288727,0.0003149058611597866,-3.282442412455566e-05,-0.00014510056644212455,9.598550968803465e-05,1.1728992603821098e-06,-0.00013250604388304055,0.00016993453027680516,0.15162503719329834,-0.12900033593177795,0.1177019253373146,0.042248114943504333,-0.010274633765220642,-0.11525727063417435,0.22769887745380402,-0.04831749200820923,0.09497033059597015,-0.026775484904646873,0.25071486830711365,0.04644206166267395,-0.18145224452018738,-0.12914974987506866,-0.04831749200820923,0.09497033059597015,-0.026775484904646873,0.25071486830711365,0.04644206166267395,-0.18145224452018738,-0.12914974987506866,-0.04831749200820923,0.09497033059597015,-0.026775484904646873,0.25071486830711365,0.04644206166267395,-0.18145224452018738,-0.12914974987506866
19.227999999999994,0.004478556104004383,0.004478556104004383,nan,nan,nan,nan,-0.13850468397140503,1.0,-1.862645149230957e-09,0.7331245541572571,0.0,0.0,0.0,0.0,0.003000000026077032,0.01600000075995922,64.0,0.13555879890918732,2.9246816635131836,0.017556361854076385,15.352635383605957,-0.007500983774662018,0.011121761053800583,0.01862274296581745,0.0,0.7152667045593262,0.018299780786037445,0.1746808886528015,9.0,1.0,0.0,0.0,0.0044785356149077415,-2.0489096641540527e-08,nan,0.0021618809551000595,-0.12927323579788208,0.07079779356718063,-0.09772446006536484,0.015812506899237633,0.07365163415670395,0.03783179447054863,-0.22720077633857727,-0.07154054939746857,0.03917990252375603,-0.0540812723338604,0.00875073205679655,0.04075923562049866,0.020936330780386925,-0.12573421001434326,-0.19506804645061493,0.16165752708911896,-0.14426769316196442,0.11199379712343216,0.08374189585447311,-0.0026435023173689842,-0.34544456005096436,0.000262826302787289,-2.4063301680143923e-05,-0.00011980748968198895,0.00015941941819619387,1.1724283695002669e-06,-0.00018639581685420126,0.0001443904620828107,0.12640820443630219,-0.06119781732559204,0.0997130274772644,0.13671833276748657,-0.03740525245666504,-0.1623310148715973,0.18438342213630676,-0.06865984201431274,0.10045970976352692,-0.04455466568470001,0.24871212244033813,0.046336643397808075,-0.16497451066970825,-0.1610611379146576,-0.06865984201431274,0.10045970976352692,-0.04455466568470001,0.24871212244033813,0.046336643397808075,-0.16497451066970825,-0.1610611379146576,-0.06865983456373215,0.10045970976352692,-0.044554661959409714,0.24871212244033813,0.046336643397808075,-0.16497451066970825,-0.1610611379146576
19.403999999999996,0.004441401921212673,0.004441401921212673,nan,nan,nan,nan,-0.11633853614330292,0.0,1.862645149230957e-09,0.7037724852561951,0.0,0.0,0.0,0.0,0.008999999612569809,0.03500000014901161,64.0,0.1367933303117752,2.188797950744629,0.018211081624031067,16.367168426513672,-0.0081184022128582,0.003917805850505829,0.012036209926009178,-0.0025688004679977894,0.764812171459198,0.01783027872443199,0.13607999682426453,9.0,1.0,0.0,0.0,0.004441401921212673,0.0,nan,0.0020460442174226046,-0.1039290577173233,0.1118362545967102,-0.0653412714600563,0.027782339602708817,0.06374087929725647,0.01737191714346409,-0.23934364318847656,-0.0911247730255127,0.09805778414011002,-0.05729108303785324,0.02435949444770813,0.055887866765260696,0.015231658704578876,-0.20985598862171173,-0.1952056735754013,0.17540280520915985,-0.1514585316181183,0.1104801669716835,0.02044626697897911,0.04685582220554352,-0.3224622905254364,9.792641503736377e-05,-7.417159849865129e-06,2.1539986846619286e-05,0.0002211109531344846,-7.059254585328745e-06,-0.0002279705076944083,0.00012449963833205402,0.10352282226085663,-0.06889240443706512,0.08324994146823883,0.12694844603538513,-0.002187330275774002,-0.16724076867103577,0.14479267597198486,-0.09168285131454468,0.10651040077209473,-0.06820859014987946,0.23742862045764923,0.01825893670320511,-0.12038495391607285,-0.17766961455345154,-0.09168285131454468,0.10651040077209473,-0.06820859014987946,0.23742862045764923,0.01825893670320511,-0.12038495391607285,-0.17766961455345154,-0.09168285131454468,0.10651040077209473,-0.06820859014987946,0.23742862045764923,0.01825893670320511,-0.12038495391607285,-0.17766961455345154
19.488,0.005160092376172543,0.005160092376172543,nan,nan,nan,nan,-0.13268202543258667,0.0,3.725290298461914e-09,0.6697530746459961,0.0,0.0,0.0,0.0,-0.0010000000474974513,0.03099999949336052,64.0,0.137288898229599,0.9599514007568359,0.015999190509319305,14.289085388183594,-0.013377957046031952,0.002767607569694519,0.01614556834101677,0.010847504250705242,0.7554562091827393,0.019450072199106216,0.14180733263492584,9.0,1.0,0.0,0.0,0.005160090513527393,-1.862645149230957e-09,nan,0.0021287882700562477,-0.13095733523368835,0.093721903860569,-0.09593204408884048,0.06323885172605515,0.056034646928310394,0.004977083299309015,-0.2184024304151535,-0.026725271716713905,0.01912640780210495,-0.019577443599700928,0.012905542738735676,0.011435335502028465,0.0010157041251659393,-0.04457072913646698,-0.23611882328987122,0.2324357032775879,-0.18399015069007874,0.09730087220668793,0.03186458721756935,0.12077417969703674,-0.3165353536605835,1.88737794815097e-05,4.3511677176866215e-06,7.772693788865581e-05,0.00025983061641454697,-9.571425835019909e-06,-0.0002533812657929957,0.00010295720130670816,0.11674302816390991,-0.10188506543636322,0.09048324823379517,0.15723739564418793,-0.034114353358745575,-0.20770710706710815,0.11922188103199005,-0.1193757951259613,0.13055063784122467,-0.09350690245628357,0.25453826785087585,-0.0022497668396681547,-0.08693292737007141,-0.19731347262859344,-0.1193757951259613,0.13055063784122467,-0.09350690245628357,0.25453826785087585,-0.0022497668396681547,-0.08693292737007141,-0.19731347262859344,-0.1193757951259613,0.13055063784122467,-0.09350690245628357,0.25453826785087585,-0.0022497668396681547,-0.08693292737007141,-0.19731347262859344
19.580999999999996,0.004619690589606762,0.004619690589606762,nan,nan,nan,nan,-0.1288566142320633,1.0,-1.862645149230957e-09,0.6792289614677429,0.0,0.0,0.0,0.0,-0.006000000052154064,0.014999999664723873,64.0,0.13770318031311035,1.1238372325897217,0.0205114483833313,28.029605865478516,-0.006849251687526703,-0.00612906739115715,0.0007201824337244034,-0.07119762897491455,0.6977521777153015,0.019175846129655838,0.21230274438858032,9.0,1.0,0.0,0.0,0.00461969617754221,5.587935447692871e-09,nan,0.005043091252446175,-0.13095733523368835,0.093721903860569,-0.09593204408884048,0.06323885172605515,0.056034646928310394,0.004977083299309015,-0.2184024304151535,-0.03315000236034393,0.023724379017949104,-0.024283843114972115,0.01600802317261696,0.014184379950165749,0.0012598783941939473,-0.0552854910492897,-0.20399858057498932,0.18355585634708405,-0.1559627801179886,0.08861283212900162,0.04634483903646469,0.07393262535333633,-0.2944890260696411,2.4375180146307684e-05,-1.773322765075136e-05,7.381712202914059e-05,0.00023089649039320648,-1.6605243217782117e-05,-0.0002455125213600695,0.0001061940347426571,0.09653151780366898,-0.08112861216068268,0.0660945475101471,0.18566837906837463,-0.06760115176439285,-0.18400722742080688,0.12369759380817413,-0.10746706277132034,0.10242724418640137,-0.08986823260784149,0.27428120374679565,-0.02125631272792816,-0.11007460951805115,-0.17079143226146698,-0.10746706277132034,0.10242724418640137,-0.08986823260784149,0.27428120374679565,-0.02125631272792816,-0.11007460951805115,-0.17079143226146698,-0.10746706277132034,0.10242724418640137,-0.08986823260784149,0.27428120374679565,-0.02125631459057331,-0.11007460951805115,-0.17079143226146698
19.692,0.002658153884112835,0.002658153884112835,nan,nan,nan,nan,-0.07510172575712204,0.0,-4.6566128730773926e-09,0.698262095451355,0.0,0.0,0.0,0.0,0.006000000052154064,0.02800000086426735,64.0,0.1381213366985321,1.4407504796981812,0.01145247370004654,16.412872314453125,0.0036615170538425446,0.0048883408308029175,0.0012268191203474998,0.006405968684703112,0.884400486946106,0.018193326890468597,0.14732222259044647,9.0,1.0,0.0,0.0,0.002658153884112835,0.0,nan,0.002818431006744504,-0.10528068989515305,0.11269138753414154,-0.059541311115026474,0.04609868675470352,0.07601295411586761,-0.0044946325942873955,-0.2339833378791809,-0.05708957463502884,0.06110810115933418,-0.032286908477544785,0.02499750256538391,0.0412188321352005,-0.0024372623302042484,-0.1268799602985382,-0.17966724932193756,0.17158815264701843,-0.1382276713848114,0.11441715061664581,-0.0017864331603050232,0.07336487621068954,-0.2722858190536499,7.841270416975021e-05,-5.4248510423349217e-05,-1.012200846162159e-05,0.00023665421758778393,-2.1840029148734175e-05,-0.0002878614468500018,7.795923738740385e-05,0.046385228633880615,-0.05984622240066528,0.02498098462820053,0.1050291657447815,-0.03504673391580582,-0.11503275483846664,0.07715891301631927,-0.13328202068805695,0.11174193024635315,-0.11324668675661087,0.2194463163614273,-0.03683316707611084,-0.0416678786277771,-0.19512690603733063,-0.13328202068805695,0.11174193024635315,-0.11324668675661087,0.2194463163614273,-0.03683316707611084,-0.0416678786277771,-0.19512690603733063,-0.13328202068805695,0.11174193024635315,-0.11324668675661087,0.2194463163614273,-0.03683316707611084,-0.0416678786277771,-0.19512690603733063
19.808999999999997,0.004283609800040722,0.004283609800040722,nan,nan,nan,nan,-0.06692461669445038,1.0,1.862645149230957e-09,0.7051761150360107,0.0,0.0,0.0,0.0,0.003000000026077032,0.010999999940395355,64.0,0.13885635137557983,1.3042399883270264,0.016151927411556244,26.12795639038086,-0.006939735263586044,0.01776440441608429,0.024704141542315483,0.0,0.932927131652832,0.019241938367486,0.17809002101421356,9.0,1.0,0.0,0.0,0.004283609800040722,0.0,nan,0.002203419106081128,-0.10528068989515305,0.11269138753414154,-0.059541311115026474,0.04609868675470352,0.07601295411586761,-0.0044946325942873955,-0.2339833378791809,-0.08612842112779617,0.09219098836183548,-0.04870977625250816,0.03771258518099785,0.06218495965003967,-0.0036769858561456203,-0.19141796231269836,-0.18338006734848022,0.1864030957221985,-0.12117456644773483,0.0973450094461441,0.06967975199222565,0.030820311978459358,-0.3469759225845337,0.0007029902189970016,-1.5211477148113772e-05,-0.0007064836681820452,0.00025534629821777344,6.455872062360868e-05,-0.00029208994237706065,-1.5819972759345546e-05,0.033921003341674805,-0.05601136386394501,0.004387497901916504,0.08702288568019867,-0.07735326886177063,-0.054308876395225525,0.10096986591815948,-0.14945906400680542,0.13039173185825348,-0.11678706854581833,0.18436789512634277,-0.007673515938222408,-0.023488562554121017,-0.2460060566663742,-0.14945906400680542,0.13039173185825348,-0.11678706854581833,0.18436789512634277,-0.007673515938222408,-0.023488562554121017,-0.2460060566663742,-0.14945906400680542,0.13039173185825348,-0.11678706854581833,0.18436789512634277,-0.007673515938222408,-0.023488562554121017,-0.2460060566663742
19.89,0.005526798777282238,0.005526798777282238,nan,nan,nan,nan,-0.043370507657527924,1.0,-5.587935447692871e-09,0.7056735754013062,0.0,0.0,0.0,0.0,0.006000000052154064,0.00800000037997961,64.0,0.13960856199264526,0.6879698634147644,0.014271587133407593,11.7691650390625,-0.014524150639772415,0.008716209791600704,0.023240353912115097,0.0,0.9689862728118896,0.019926020875573158,0.1583184450864792,9.0,1.0,0.0,0.0,0.005526798777282238,0.0,nan,0.002376506570726633,-0.10313393175601959,0.12544362246990204,-0.05894023925065994,0.10691899061203003,0.11400168389081955,-0.07204745709896088,-0.17474108934402466,-0.045310553163290024,0.055112022906541824,-0.02589462697505951,0.046973466873168945,0.0500851571559906,-0.031653113663196564,-0.07677022367715836,-0.16577871143817902,0.18169857561588287,-0.1036515161395073,0.12138357013463974,0.11086104065179825,-0.029328301548957825,-0.3006192147731781,0.00044023431837558746,-2.3972263079485856e-05,-0.0004435834416653961,0.00024754874175414443,3.728799492819235e-05,-0.0002849839220289141,-8.632033313915599e-06,0.011241212487220764,-0.03954903781414032,-0.009378418326377869,0.047547824680805206,-0.08356018364429474,-0.0026602037250995636,0.032948046922683716,-0.15453749895095825,0.14214953780174255,-0.11302993446588516,0.16893139481544495,0.02730085700750351,-0.03198850527405739,-0.2676711678504944,-0.15453749895095825,0.14214953780174255,-0.11302993446588516,0.16893139481544495,0.02730085700750351,-0.03198850527405739,-0.2676711678504944,-0.15453749895095825,0.14214953780174255,-0.11302993446588516,0.16893139481544495,0.02730085328221321,-0.031988512724637985,-0.2676711678504944
20.080999999999996,0.004921802319586277,0.004921802319586277,nan,nan,nan,nan,-0.0264691561460495,0.0,0.016850551590323448,0.6987249851226807,0.0,0.0,0.0,0.0,-0.0010000000474974513,0.04899999871850014,64.0,0.13717272877693176,6.513843536376953,0.1044226810336113,18.18410301208496,0.007563924882560968,-0.005066515412181616,0.004220111761242151,-0.004111427813768387,0.941107451915741,0.019942764192819595,0.14546605944633484,9.0,1.0,0.0,0.0,0.004921826533973217,2.421438694000244e-08,nan,0.004006511997431517,-0.09352852404117584,0.06298305094242096,-0.08793449401855469,0.04201868548989296,-0.10325620323419571,0.206598162651062,-0.12017844617366791,-0.03288057819008827,0.022142112255096436,-0.030913958325982094,0.01477195043116808,-0.036300405859947205,0.07263096421957016,-0.042249538004398346,-0.15712904930114746,0.16341224312782288,-0.10842300951480865,0.11906594783067703,0.040786635130643845,0.01951388642191887,-0.26158571243286133,0.0007370495586656034,-1.5009575690783095e-05,-0.0007688297191634774,0.0002458383678458631,8.245108620030805e-05,-0.000288592156721279,-4.7612797061447054e-05,0.01964382827281952,-0.022175490856170654,0.009451374411582947,0.08844507485628128,0.006934400647878647,-0.09543244540691376,0.017990246415138245,-0.13748522102832794,0.14123675227165222,-0.09897163510322571,0.2075110226869583,0.04772103577852249,-0.07591855525970459,-0.24359546601772308,-0.13748522102832794,0.14123675227165222,-0.09897163510322571,0.2075110226869583,0.04772103577852249,-0.07591855525970459,-0.24359546601772308,-0.13748522102832794,0.14123675227165222,-0.09897163510322571,0.2075110226869583,0.04772103577852249,-0.07591855525970459,-0.24359546601772308
20.211999999999996,0.005806189961731434,0.005806189961731434,nan,nan,nan,nan,-0.03414288908243179,1.0,0.020370684564113617,0.7049344778060913,0.0,0.0,0.0,0.0,0.0020000000949949026,0.03700000047683716,64.0,0.13663451373577118,1.167977213859558,0.01284480094909668,22.56351089477539,0.005576973780989647,0.004635141231119633,0.019428852945566177,0.009128622710704803,0.9428524374961853,0.019620368257164955,0.19826023280620575,9.0,1.0,0.0,0.0,0.005806188099086285,-1.862645149230957e-09,nan,0.0038716138806194067,-0.11286861449480057,0.13751071691513062,-0.055982355028390884,0.06260591000318527,0.1403561234474182,-0.02771051414310932,-0.17558541893959045,-0.04290644824504852,0.05227401852607727,-0.021281415596604347,0.02379932627081871,0.053355686366558075,-0.010534015484154224,-0.06674793362617493,-0.15501195192337036,0.17174898087978363,-0.09230481088161469,0.1025010272860527,0.10719773918390274,-0.007149599492549896,-0.25678977370262146,0.0002818502252921462,-2.6567055101622827e-05,-0.0002999495482072234,0.00024791606119833887,2.5220466341124848e-05,-0.00028436389402486384,-1.903705924632959e-05,0.019575491547584534,-0.02938660979270935,-0.0008160620927810669,0.0969509705901146,-0.0416417121887207,-0.06844520568847656,0.018234282732009888,-0.13543646037578583,0.14236237108707428,-0.09312087297439575,0.1994519978761673,0.06555602699518204,-0.07559480518102646,-0.23855549097061157,-0.13543646037578583,0.14236237108707428,-0.09312087297439575,0.1994519978761673,0.06555602699518204,-0.07559480518102646,-0.23855549097061157,-0.13543646037578583,0.14236237108707428,-0.09312087297439575,0.1994519978761673,0.06555602699518204,-0.07559480518102646,-0.23855549097061157
20.345999999999997,0.006509975530207157,0.006509975530207157,nan,nan,nan,nan,-0.04665841534733772,0.0,0.02806498110294342,0.7123975157737732,0.0,0.0,0.0,0.0,0.0,0.00800000037997961,64.0,0.13714870810508728,1.2172739505767822,0.029587186872959137,23.245872497558594,0.008339914493262768,0.004860227461904287,0.024585293605923653,0.0,0.8666819334030151,0.01905854232609272,0.20509694516658783,9.0,1.0,0.0,0.0,0.006509975530207157,0.0,nan,0.0031523460056632757,-0.12118738889694214,0.12499015033245087,-0.07451966404914856,0.00416068360209465,0.021759307011961937,0.07263950258493423,-0.21993322670459747,-0.05749006196856499,0.05929405242204666,-0.03535136952996254,0.001973785925656557,0.010322393849492073,0.034459438174963,-0.10433407872915268,-0.16312018036842346,0.17463292181491852,-0.09868146479129791,0.057936351746320724,0.0720306858420372,0.0438845194876194,-0.2828235626220703,0.0005291984998621047,-1.3133149877830874e-05,-0.000565099238883704,0.0002409810695098713,6.870564538985491e-05,-0.0002781642251648009,-4.5657310693059117e-05,0.032345086336135864,-0.04664233326911926,0.011096201837062836,0.1338876485824585,-0.00041922926902770996,-0.13000500202178955,0.04874134063720703,-0.1307750940322876,0.12799058854579926,-0.08758526295423508,0.19182400405406952,0.07161145657300949,-0.08612048625946045,-0.23408222198486328,-0.1307750940322876,0.12799058854579926,-0.08758526295423508,0.19182400405406952,0.07161145657300949,-0.08612048625946045,-0.23408222198486328,-0.1307750940322876,0.12799058854579926,-0.08758526295423508,0.19182400405406952,0.07161145657300949,-0.08612048625946045,-0.23408222198486328
20.434999999999995,0.004584786482155323,0.004584786482155323,nan,nan,nan,nan,-0.007933765649795532,0.0,0.000425141304731369,0.13248014450073242,0.0,0.0,0.0,0.0,0.0,0.017000000923871994,64.0,0.13745926320552826,0.5409596562385559,0.008855946362018585,10.44537353515625,-0.022914264351129532,-0.009554400108754635,0.013785005547106266,0.0,0.8384302854537964,0.018946684896945953,0.10449060052633286,9.0,1.0,0.0,0.0,0.004584779031574726,-7.450580596923828e-09,nan,0.002003507688641548,-0.10668947547674179,0.11121799796819687,-0.039261769503355026,-0.0155832814052701,0.09563460201025009,0.06976786255836487,-0.22461089491844177,-0.09562329947948456,0.09968210756778717,-0.03518940880894661,-0.013966932892799377,0.08571507036685944,0.06253131479024887,-0.20131352543830872,-0.17481032013893127,0.18093527853488922,-0.09481168538331985,0.014562289230525494,0.0854576826095581,0.11955564469099045,-0.316782146692276,0.13889510929584503,0.007438264787197113,-0.15004536509513855,-0.0003543749626260251,0.0248928964138031,-0.00042510608909651637,-0.016518687829375267,0.095649354159832,-0.0474441796541214,-0.06373368948698044,0.12916536629199982,-0.01022898405790329,-0.14924082159996033,0.05761140584945679,-0.07916096597909927,0.13349109888076782,-0.1585453748703003,0.14372766017913818,0.07522869855165482,-0.029685184359550476,-0.2591707408428192,-0.07916096597909927,0.13349109888076782,-0.1585453748703003,0.14372766017913818,0.07522869855165482,-0.029685184359550476,-0.2591707408428192,-0.07916096597909927,0.13349109888076782,-0.1585453748703003,0.14372766017913818,0.07522869855165482,-0.029685184359550476,-0.2591707408428192
20.594,0.0036531174555420876,0.0036531174555420876,nan,nan,nan,nan,-0.01478593796491623,0.0,0.0,0.13324961066246033,0.0,0.0,0.0,0.0,0.003000000026077032,0.03799999877810478,64.0,0.13807077705860138,3.9967381954193115,0.016362406313419342,35.1439323425293,-0.014624249190092087,-0.008601657114923,0.0060225920751690865,-0.01688379980623722,0.7002671360969543,0.02165961265563965,0.2108163833618164,9.0,1.0,0.0,0.0,0.003653113730251789,-3.725290298461914e-09,nan,0.004876493941992521,-0.1177787110209465,0.12065637856721878,-0.06440902501344681,-0.017975585535168648,0.0326908677816391,0.10370844602584839,-0.21277789771556854,-0.03799447789788246,0.03892279416322708,-0.02077784202992916,-0.005798781290650368,0.010545815341174603,0.03345552459359169,-0.06864046305418015,-0.16538497805595398,0.18705029785633087,-0.08258558064699173,0.03557839244604111,0.12735559046268463,0.06439103186130524,-0.2744206488132477,0.1410936415195465,0.007753259036689997,-0.15262755751609802,-0.00032196208485402167,0.025632936507463455,-0.0004932437441311777,-0.016981568187475204,0.2195325344800949,-0.0672399029135704,-0.20368337631225586,0.07142467051744461,-0.028966553509235382,-0.07818058878183365,0.015385806560516357,0.05414755269885063,0.11981039494276047,-0.286268949508667,0.10700306296348572,0.09838903695344925,-0.013789557851850986,-0.2590348422527313,0.05414755269885063,0.11981039494276047,-0.286268949508667,0.10700306296348572,0.09838903695344925,-0.013789557851850986,-0.2590348422527313,0.05414755269885063,0.11981039494276047,-0.286268949508667,0.10700306296348572,0.09838903695344925,-0.013789557851850986,-0.2590348422527313
20.702999999999996,0.0026319893077015877,0.0026319893077015877,nan,nan,nan,nan,-0.01936941035091877,1.0,1.862645149230957e-09,0.13236263394355774,0.0,0.0,0.0,0.0,0.004999999888241291,0.026000000536441803,64.0,0.13680432736873627,0.6449464559555054,0.010250136256217957,19.473228454589844,-0.011018294841051102,-0.006280622445046902,0.004737674258649349,-0.008854441344738007,0.5401056408882141,0.023887695744633675,0.1505364328622818,9.0,1.0,0.0,0.0,0.002631976269185543,-1.30385160446167e-08,nan,0.0021225707605481148,-0.09870821982622147,0.10665202140808105,-0.07283705472946167,-0.015689941123127937,-0.028891969472169876,0.21982966363430023,-0.11904115974903107,-0.07407121360301971,0.08003228902816772,-0.05465734377503395,-0.011773821897804737,-0.021680697798728943,0.16496144235134125,-0.08932916820049286,-0.16771253943443298,0.18458864092826843,-0.10253790020942688,0.003226778469979763,0.04219311475753784,0.21149715781211853,-0.2453218400478363,0.1532260626554489,0.009511125274002552,-0.1668788492679596,-0.00031466741347685456,0.030137047171592712,-0.0007594700437039137,-0.019884755834937096,0.2782840132713318,-0.07349178194999695,-0.24804383516311646,0.0862516537308693,0.045848600566387177,-0.1873141974210739,-0.008508771657943726,0.1105714663863182,0.11109685897827148,-0.35058173537254333,0.08947843313217163,0.08804171532392502,0.024182964116334915,-0.25383061170578003,0.1105714663863182,0.11109685897827148,-0.35058173537254333,0.08947843313217163,0.08804171532392502,0.024182964116334915,-0.25383061170578003,0.1105714663863182,0.11109685897827148,-0.35058173537254333,0.08947843313217163,0.08804171532392502,0.024182964116334915,-0.25383061170578003
20.830999999999996,0.0020536864176392555,0.0020536864176392555,nan,nan,nan,nan,-0.023425087332725525,0.0,0.0009278547950088978,0.13127686083316803,0.0,0.0,0.0,0.0,0.0010000000474974513,0.023000000044703484,64.0,0.1365542858839035,0.44208019971847534,0.010446645319461823,10.358199119567871,-0.0063630519434809685,-0.0039057848043739796,0.0033851219341158867,0.0,0.46472516655921936,0.02735140547156334,0.1602991819381714,9.0,1.0,0.0,0.0,0.0020536696538329124,-1.6763806343078613e-08,nan,0.0022627112921327353,-0.1321895271539688,0.16946300864219666,-0.06404469907283783,-0.003248314606025815,0.12180572003126144,0.06578681617975235,-0.14328783750534058,-0.048910558223724365,0.06270187348127365,-0.02369675040245056,-0.0012018870329484344,0.045068517327308655,0.024341339245438576,-0.05301697179675102,-0.17529070377349854,0.2037382572889328,-0.0968436747789383,-0.004532816354185343,0.08348460495471954,0.18372079730033875,-0.24096950888633728,0.16343969106674194,0.010916228406131268,-0.17861896753311157,-0.00034069447428919375,0.03339115157723427,-0.0009292970062233508,-0.022015508264303207,0.3548654317855835,-0.09845812618732452,-0.3286218047142029,0.0710221454501152,-0.003795139491558075,-0.12248391658067703,-0.004725933074951172,0.17957472801208496,0.10528013110160828,-0.42546546459198,0.0664893314242363,0.07968946546316147,0.06123688071966171,-0.24569544196128845,0.17957472801208496,0.10528013110160828,-0.42546546459198,0.0664893314242363,0.07968946546316147,0.06123688071966171,-0.24569544196128845,0.17957472801208496,0.10528013110160828,-0.42546546459198,0.0664893314242363,0.07968946546316147,0.06123688071966171,-0.24569544196128845
20.955,0.0019761594012379646,0.0019761594012379646,nan,nan,nan,nan,-0.027049589902162552,0.0,9.313225746154785e-10,0.1308060884475708,0.0,0.0,0.0,0.0,0.0020000000949949026,0.014000000432133675,64.0,0.1366940438747406,0.5541480779647827,0.010079704225063324,12.178640365600586,-0.0018943960312753916,-0.0020793445874005556,-0.00018494762480258942,0.0,0.3749789297580719,0.03095872700214386,0.18218225240707397,9.0,1.0,0.0,0.0,0.0019761445000767708,-1.4901161193847656e-08,nan,0.00718644680455327,-0.1108689159154892,0.10013370960950851,-0.049217768013477325,-0.049346182495355606,0.060718439519405365,0.12657617032527924,-0.2076430469751358,-0.06206740811467171,0.05605755373835564,-0.027553433552384377,-0.027625322341918945,0.033991821110248566,0.07086075842380524,-0.11624417454004288,-0.17273178696632385,0.1859290450811386,-0.08622470498085022,-0.03333849459886551,0.09845995157957077,0.17355497181415558,-0.2644392251968384,0.16529898345470428,0.012065637856721878,-0.1812736690044403,-0.0002771702711470425,0.03511922061443329,-0.0010789126390591264,-0.02309489995241165,0.4174168109893799,-0.09147816896438599,-0.40601101517677307,0.08330658823251724,-0.008806273341178894,-0.11210133135318756,0.023653477430343628,0.24468502402305603,0.09445087611675262,-0.4922357201576233,0.04996809363365173,0.08965367823839188,0.061453644186258316,-0.24078574776649475,0.24468502402305603,0.09445087611675262,-0.4922357201576233,0.04996809363365173,0.08965367823839188,0.061453644186258316,-0.24078574776649475,0.24468502402305603,0.09445087611675262,-0.4922357201576233,0.04996809363365173,0.08965367823839188,0.061453644186258316,-0.24078574776649475
21.038999999999994,0.001669277437031269,0.001669277437031269,nan,nan,nan,nan,-0.02999773994088173,0.0,1.1641532182693481e-09,0.12970878183841705,0.0,0.0,0.0,0.0,-0.0010000000474974513,0.010999999940395355,64.0,0.1362088918685913,3.021311044692993,0.022310763597488403,11.121213912963867,-0.0013249614275991917,-0.0021500082220882177,-0.0008250456303358078,0.0,0.36620837450027466,0.03162438049912453,0.11956414580345154,9.0,1.0,0.0,0.0,0.001669268123805523,-9.313225746154785e-09,nan,0.005865301471203566,-0.10584825277328491,0.13234341144561768,-0.07070431113243103,-0.022474218159914017,-0.0054613929241895676,0.21011319756507874,-0.1077023446559906,-0.10262519121170044,0.1283135712146759,-0.06855137646198273,-0.021789882332086563,-0.005295094568282366,0.20371529459953308,-0.10442282259464264,-0.18536759912967682,0.20985396206378937,-0.10413925349712372,-0.04073821008205414,0.059743430465459824,0.26009392738342285,-0.25092434883117676,0.1703333854675293,0.013266029767692089,-0.1872454285621643,-0.00025842973263934255,0.037249818444252014,-0.0012142045889049768,-0.024438519030809402,0.4339601993560791,-0.11794517189264297,-0.4002988338470459,0.08619412034749985,0.026729833334684372,-0.18629170954227448,0.005269438028335571,0.24859260022640228,0.09190879017114639,-0.5044381022453308,0.04545591026544571,0.0864732638001442,0.07380221784114838,-0.2456549108028412,0.24859260022640228,0.09190879017114639,-0.5044381022453308,0.04545591026544571,0.0864732638001442,0.07380221784114838,-0.2456549108028412,0.24859260022640228,0.09190879017114639,-0.5044381022453308,0.04545591026544571,0.0864732638001442,0.07380221784114838,-0.2456549108028412
21.162999999999997,0.0018351925536990166,0.0018351925536990166,nan,nan,nan,nan,-0.032491959631443024,1.0,-3.3760443329811096e-09,0.1296386867761612,0.0,0.0,0.0,0.0,0.00800000037997961,0.03099999949336052,64.0,0.13633036613464355,1.805338978767395,0.017165206372737885,50.49236297607422,-0.0001943499082699418,0.0005384862888604403,0.0007328328210860491,0.000939013494644314,0.352762907743454,0.03412595018744469,0.18885473906993866,9.0,1.0,0.0,0.0,0.0018351776525378227,-1.4901161193847656e-08,nan,0.008034639991819859,-0.12378822267055511,0.17983302474021912,-0.04491370543837547,0.04646410793066025,0.12916848063468933,-0.0025192846078425646,-0.14652496576309204,-0.028929753229022026,0.04202762246131897,-0.010496494360268116,0.010858829133212566,0.03018713928759098,-0.0005887658917345107,-0.03424341231584549,-0.20065094530582428,0.24252240359783173,-0.10109963268041611,-0.04365398362278938,0.07860858738422394,0.2744642198085785,-0.2780284285545349,0.17194633185863495,0.014070415869355202,-0.1893531084060669,-9.821949061006308e-05,0.038350172340869904,-0.0013612225884571671,-0.025125741958618164,0.4740486741065979,-0.14626607298851013,-0.44736769795417786,0.09262846410274506,-0.003654263913631439,-0.17326712608337402,0.02753615379333496,0.2733977437019348,0.0962563306093216,-0.5484673380851746,0.04897448420524597,0.0749543234705925,0.10119708627462387,-0.25049227476119995,0.2733977437019348,0.0962563306093216,-0.5484673380851746,0.04897448420524597,0.0749543234705925,0.10119708627462387,-0.25049227476119995,0.2733978033065796,0.096256323158741,-0.5484673976898193,0.048974473029375076,0.0749543234705925,0.10119709372520447,-0.25049227476119995
21.382999999999996,0.0016802949830889702,0.0016802949830889702,nan,nan,nan,nan,-0.03075803630053997,0.0,1.6298145055770874e-09,0.12852531671524048,0.0,0.0,0.0,0.0,0.007000000216066837,0.0430000014603138,64.0,0.13609342277050018,0.5282796621322632,0.009833835065364838,37.831119537353516,0.002001791261136532,-3.617562470026314e-05,-0.002037965226918459,0.0007922305958345532,0.34194374084472656,0.035364292562007904,0.20443768799304962,9.0,1.0,0.0,0.0,0.001680285669863224,-9.313225746154785e-09,nan,0.009290500544011593,-0.10388395190238953,0.09108220785856247,-0.040374260395765305,-0.0719141811132431,0.057968053966760635,0.15080511569976807,-0.19495627284049988,-0.06946901977062225,0.06090826541185379,-0.02699897438287735,-0.04809027165174484,0.03876424953341484,0.10084601491689682,-0.13037067651748657,-0.18727007508277893,0.2134452760219574,-0.08390699326992035,-0.05274780094623566,0.10030116885900497,0.2243286371231079,-0.2827872633934021,0.17694330215454102,0.015536848455667496,-0.19542187452316284,-6.0081336414441466e-05,0.040805500000715256,-0.0015413969522342086,-0.026665858924388885,0.4777316749095917,-0.10977430641651154,-0.4809902310371399,0.0971154198050499,-0.011429838836193085,-0.13014574348926544,0.02338007092475891,0.29046159982681274,0.10367096960544586,-0.5648972392082214,0.04436761885881424,0.08887133002281189,0.09418289363384247,-0.2594071924686432,0.29046159982681274,0.10367096960544586,-0.5648972392082214,0.04436761885881424,0.08887133002281189,0.09418289363384247,-0.2594071924686432,0.29046159982681274,0.10367096960544586,-0.5648972392082214,0.04436761885881424,0.08887133002281189,0.09418289363384247,-0.2594071924686432
21.479,0.0016695009544491768,0.0016695009544491768,nan,nan,nan,nan,-0.031388286501169205,1.0,1.280568540096283e-09,0.12772473692893982,0.0,0.0,0.0,0.0,0.010999999940395355,0.024000000208616257,64.0,0.13621988892555237,4.244719505310059,0.018102116882801056,27.557470321655273,-0.0007827308727428317,0.0006196923786774278,0.0014024245319887996,0.002912711352109909,0.3909699022769928,0.0340704582631588,0.1700681746006012,9.0,1.0,0.0,0.0,0.0016694804653525352,-2.0489096641540527e-08,nan,0.006458530202507973,-0.10679914057254791,0.14593765139579773,-0.059345345944166183,-0.01753297820687294,0.01844777539372444,0.20315714180469513,-0.10887481272220612,-0.13268108665943146,0.18130451440811157,-0.07372722774744034,-0.021781958639621735,0.022918449714779854,0.25239068269729614,-0.13525977730751038,-0.20946018397808075,0.2647309899330139,-0.10618945956230164,-0.04552500694990158,0.07057853043079376,0.3316737413406372,-0.26003921031951904,0.18301449716091156,0.017474010586738586,-0.20286297798156738,4.860720946453512e-05,0.04387805983424187,-0.0018255021423101425,-0.028599344193935394,0.4580168128013611,-0.14160919189453125,-0.4341602027416229,0.10035556554794312,0.02137076109647751,-0.22067755460739136,-0.007580697536468506,0.24855662882328033,0.12312179803848267,-0.5403496623039246,0.054830558598041534,0.09194929152727127,0.11099617928266525,-0.26761990785598755,0.24855662882328033,0.12312179803848267,-0.5403496623039246,0.054830558598041534,0.09194929152727127,0.11099617928266525,-0.26761990785598755,0.24855664372444153,0.12312179803848267,-0.5403496623039246,0.05483056232333183,0.09194929152727127,0.11099617183208466,-0.26761990785598755
21.58,0.0016860952600836754,0.0016860952600836754,nan,nan,nan,nan,-0.02552085928618908,1.0,4.656612873077393e-10,0.12782467901706696,0.0,0.0,0.0,0.0,0.0,0.01899999938905239,64.0,0.13628554344177246,2.5146379470825195,0.013714656233787537,10.325994491577148,-0.001735305180773139,0.00028230465250089765,0.002017610240727663,-0.0021562569309026003,0.4255486726760864,0.03282850980758667,0.19891616702079773,9.0,1.0,0.0,0.0,0.0016860803589224815,-1.4901161193847656e-08,nan,0.005607172846794128,-0.11266578733921051,0.17126667499542236,-0.026535190641880035,0.08251442760229111,0.1361522674560547,-0.05525926873087883,-0.13736948370933533,-0.07493305951356888,0.11390800774097443,-0.017648329958319664,0.05487964302301407,0.09055371582508087,-0.03675246983766556,-0.09136327356100082,-0.190839946269989,0.267287939786911,-0.069112628698349,0.05521737039089203,0.15303587913513184,0.09103326499462128,-0.23466159403324127,0.18562950193881989,0.01895059458911419,-0.20644865930080414,6.204094825079665e-05,0.04611111432313919,-0.002021847991272807,-0.02995888888835907,0.41182348132133484,-0.11269927024841309,-0.4426831305027008,0.036075934767723083,-0.02916835993528366,-0.030012473464012146,-0.028050407767295837,0.22098353505134583,0.15458866953849792,-0.5117957592010498,0.09129330515861511,0.12386751919984818,0.06102079153060913,-0.2627120018005371,0.22098353505134583,0.15458866953849792,-0.5117957592010498,0.09129330515861511,0.12386751919984818,0.06102079153060913,-0.2627120018005371,0.22098353505134583,0.15458866953849792,-0.5117957592010498,0.09129331260919571,0.12386751919984818,0.06102077662944794,-0.2627120018005371
21.668999999999997,0.0015900032594799995,0.0015900032594799995,nan,nan,nan,nan,-0.025955768302083015,1.0,-2.2118911147117615e-09,0.1278897225856781,0.0,0.0,0.0,0.0,0.004000000189989805,0.01899999938905239,64.0,0.13591183722019196,4.080404758453369,0.023028813302516937,12.04061222076416,0.0016007687663659453,-0.0003375777741894126,-0.0019383487524464726,-0.001346692442893982,0.3992602527141571,0.034496013075113297,0.22286175191402435,9.0,1.0,0.0,0.0,0.0015899939462542534,-9.313225746154785e-09,nan,0.008341047912836075,-0.10521289706230164,0.10104824602603912,-0.03436942398548126,-0.06742395460605621,0.059763796627521515,0.15249541401863098,-0.19017279148101807,-0.04990771785378456,0.0479322150349617,-0.016303129494190216,-0.03198254108428955,0.02834894508123398,0.07233617454767227,-0.09020843356847763,-0.17849859595298767,0.22837205231189728,-0.05826795846223831,0.012408444657921791,0.14330539107322693,0.109023317694664,-0.25286659598350525,0.18954111635684967,0.0201613400131464,-0.21127797663211823,0.00010998767538694665,0.048163313418626785,-0.0022102745715528727,-0.031276214867830276,0.4258148670196533,-0.057589977979660034,-0.4699849486351013,0.09369025379419327,0.011949539184570312,-0.09496872127056122,-0.013681590557098389,0.24731628596782684,0.17078207433223724,-0.528252899646759,0.10609869658946991,0.15525493025779724,0.014054600149393082,-0.26654818654060364,0.24731628596782684,0.17078207433223724,-0.528252899646759,0.10609869658946991,0.15525493025779724,0.014054600149393082,-0.26654818654060364,0.24731631577014923,0.17078207433223724,-0.5282529592514038,0.1060987040400505,0.15525493025779724,0.014054590836167336,-0.26654818654060364
21.799,0.0015992531552910805,0.0015992531552910805,nan,nan,nan,nan,-0.023263845592737198,0.0,0.0005953158251941204,0.12829084694385529,0.0,0.0,0.0,0.0,0.003000000026077032,0.019999999552965164,64.0,0.13581357896327972,4.139408588409424,0.01831725239753723,22.887697219848633,-0.00026802971842698753,0.0003501962055452168,0.0012135417200624943,0.0,0.42071688175201416,0.03227270022034645,0.20426204800605774,9.0,1.0,0.0,0.0,0.0015992363914847374,-1.6763806343078613e-08,nan,0.00592471519485116,-0.10521289706230164,0.10104824602603912,-0.03436942398548126,-0.06742395460605621,0.059763796627521515,0.15249541401863098,-0.19017279148101807,-0.08821180462837219,0.08472010493278503,-0.028815751895308495,-0.05652908608317375,0.0501067116856575,0.12785406410694122,-0.15944324433803558,-0.18037578463554382,0.19477027654647827,-0.05890689790248871,-0.06763643026351929,0.11830998212099075,0.20482268929481506,-0.2996428310871124,0.18887828290462494,0.021520894020795822,-0.2113468050956726,0.00032949430169537663,0.04978925734758377,-0.002451704815030098,-0.0322461761534214,0.3840472996234894,-0.042372092604637146,-0.4219267964363098,0.1494273841381073,0.03908828645944595,-0.18028412759304047,0.001925051212310791,0.20367151498794556,0.15239818394184113,-0.4808337092399597,0.08179094642400742,0.1573982685804367,0.024538559839129448,-0.29771777987480164,0.20367151498794556,0.15239818394184113,-0.4808337092399597,0.08179094642400742,0.1573982685804367,0.024538559839129448,-0.29771777987480164,0.20367151498794556,0.15239818394184113,-0.4808337092399597,0.08179094642400742,0.1573982685804367,0.024538559839129448,-0.29771777987480164
21.893,0.0014628255739808083,0.0014628255739808083,nan,nan,nan,nan,-0.024030717089772224,1.0,2.3283064365386963e-10,0.1284976750612259,0.0,0.0,0.0,0.0,0.007000000216066837,0.028999999165534973,64.0,0.13543951511383057,10.567008018493652,0.015754252672195435,12.639975547790527,0.002469602506607771,-0.00032005872344598174,-0.00278966105543077,0.0,0.4335196614265442,0.03317035362124443,0.13580133020877838,9.0,1.0,0.0,0.0,0.001462816260755062,-9.313225746154785e-09,nan,0.00839981995522976,-0.10963641107082367,0.16355293989181519,-0.01377666462212801,0.09474898129701614,0.14069242775440216,-0.08326932042837143,-0.1238345131278038,-0.06749369949102402,0.10068546235561371,-0.008481106720864773,0.058328788727521896,0.08661220967769623,-0.05126175284385681,-0.07623425126075745,-0.17239195108413696,0.22474238276481628,-0.037477534264326096,0.05144261196255684,0.17184315621852875,0.018232177942991257,-0.2365698367357254,0.1883689910173416,0.02332894317805767,-0.21192434430122375,0.00033327590790577233,0.05218411237001419,-0.0028152167797088623,-0.03371100872755051,0.3947232663631439,-0.07370789349079132,-0.45166489481925964,0.048502590507268906,0.004176154732704163,-0.0443945936858654,-0.05830340087413788,0.22233131527900696,0.15103448927402496,-0.48914241790771484,0.09994520246982574,0.1760193109512329,-0.026162415742874146,-0.2948732376098633,0.22233131527900696,0.15103448927402496,-0.48914241790771484,0.09994520246982574,0.1760193109512329,-0.026162415742874146,-0.2948732376098633,0.22233134508132935,0.15103448927402496,-0.48914244771003723,0.09994520246982574,0.1760193109512329,-0.026162413880228996,-0.2948732376098633
22.033,0.0015312982723116875,0.0015312982723116875,nan,nan,nan,nan,-0.020538993179798126,1.0,1.3969838619232178e-09,0.1293477863073349,0.0,0.0,0.0,0.0,0.004999999888241291,0.035999998450279236,64.0,0.13564501702785492,4.3203535079956055,0.02104882150888443,15.485780715942383,-0.0019015504512935877,0.00013292650692164898,0.0020344783551990986,-0.0001782965409802273,0.5694044828414917,0.03007415309548378,0.12144310027360916,9.0,1.0,0.0,0.0,0.0015312908217310905,-7.450580596923828e-09,nan,0.0044353678822517395,-0.10963641107082367,0.16355293989181519,-0.01377666462212801,0.09474898129701614,0.14069242775440216,-0.08326932042837143,-0.1238345131278038,-0.11984685063362122,0.17878463864326477,-0.01505968626588583,0.10357295721769333,0.15379512310028076,-0.09102419763803482,-0.1353672295808792,-0.18773949146270752,0.2614733576774597,-0.032658252865076065,0.1063234731554985,0.2126074582338333,-0.05706807225942612,-0.2360476553440094,0.18774574995040894,0.023807832971215248,-0.21161246299743652,0.00037141330540180206,0.05274210125207901,-0.0029470010194927454,-0.03405316174030304,0.33131319284439087,-0.08336685597896576,-0.37477391958236694,0.01702301949262619,-0.011995360255241394,-0.005418311804533005,-0.05392017960548401,0.14357370138168335,0.17810650169849396,-0.4074321687221527,0.1233464926481247,0.20061209797859192,-0.06248638406395912,-0.2899678349494934,0.14357370138168335,0.17810650169849396,-0.4074321687221527,0.1233464926481247,0.20061209797859192,-0.06248638406395912,-0.2899678349494934,0.14357370138168335,0.17810650169849396,-0.4074321687221527,0.12334650009870529,0.20061209797859192,-0.06248639523983002,-0.2899678349494934
22.144,0.0015007229521870613,0.0015007229521870613,nan,nan,nan,nan,-0.01618737354874611,0.0,0.0,0.13011789321899414,0.0,0.0,0.0,0.0,0.0020000000949949026,0.020999999716877937,64.0,0.13556905090808868,1.2130588293075562,0.012769363820552826,22.092113494873047,-0.004636614583432674,-9.975014836527407e-05,0.004536864347755909,-0.000642523926217109,0.6290724873542786,0.028417816385626793,0.12343045324087143,9.0,1.0,0.0,0.0,0.001500711776316166,-1.1175870895385742e-08,nan,0.0014899559319019318,-0.11748859286308289,0.1789417564868927,-0.014436577446758747,0.08431604504585266,0.13521111011505127,-0.06280811876058578,-0.12096182256937027,-0.030945485457777977,0.047131720930337906,-0.0038024703972041607,0.02220812253654003,0.035613443702459335,-0.01654311828315258,-0.03186030313372612,-0.1743565946817398,0.21773426234722137,-0.03423544019460678,0.020853064954280853,0.1622842252254486,0.05683523416519165,-0.24740885198116302,0.1869628131389618,0.025207705795764923,-0.21170173585414886,0.0005121579742990434,0.05452397093176842,-0.0033011040650308132,-0.03514526039361954,0.26754844188690186,-0.019185230135917664,-0.3235180675983429,0.08594673126935959,0.04795566201210022,-0.09586159139871597,-0.052266404032707214,0.09319185465574265,0.1985490322113037,-0.3577535152435303,0.10679979622364044,0.21023988723754883,-0.03902635723352432,-0.29967525601387024,0.09319185465574265,0.1985490322113037,-0.3577535152435303,0.10679979622364044,0.21023988723754883,-0.03902635723352432,-0.29967525601387024,0.09319185465574265,0.1985490322113037,-0.3577535152435303,0.10679979622364044,0.21023988723754883,-0.03902635723352432,-0.29967525601387024
22.296,0.0014757299795746803,0.0014757299795746803,nan,nan,nan,nan,-0.01626480743288994,0.0,0.0017437052447348833,0.13215285539627075,0.0,0.0,0.0,0.0,0.003000000026077032,0.04800000041723251,64.0,0.13526134192943573,2.595568895339966,0.05246885120868683,40.54032897949219,-0.002103182952851057,-9.948044316843152e-05,0.0037474078126251698,0.00030993641121312976,0.6474948525428772,0.028325125575065613,0.14697785675525665,9.0,1.0,0.0,0.0,0.0014757169410586357,-1.30385160446167e-08,nan,0.002072602743282914,-0.11748859286308289,0.1789417564868927,-0.014436577446758747,0.08431604504585266,0.13521111011505127,-0.06280811876058578,-0.12096182256937027,-0.0861356258392334,0.13118940591812134,-0.010584036819636822,0.06181549280881882,0.09912871569395065,-0.04604716598987579,-0.08868198841810226,-0.17705024778842926,0.24107372760772705,-0.0294128879904747,0.06473274528980255,0.18082061409950256,-0.004963216371834278,-0.22286881506443024,0.18629515171051025,0.02651010826230049,-0.21190276741981506,0.0006018169224262238,0.056348592042922974,-0.003731405595317483,-0.036234669387340546,0.2783280611038208,-0.021733909845352173,-0.3243532180786133,0.020517244935035706,0.036795660853385925,-0.015541608445346355,-0.06411971151828766,0.10127782821655273,0.21933981776237488,-0.3537661135196686,0.08524999022483826,0.2176162749528885,-0.020504824817180634,-0.2869885265827179,0.10127782821655273,0.21933981776237488,-0.3537661135196686,0.08524999022483826,0.2176162749528885,-0.020504824817180634,-0.2869885265827179,0.10127782821655273,0.21933981776237488,-0.3537661135196686,0.08524999022483826,0.2176162749528885,-0.020504824817180634,-0.2869885265827179
22.415999999999997,0.001356665976345539,0.001356665976345539,nan,nan,nan,nan,-0.016072161495685577,0.0,0.0029129625763744116,0.13513274490833282,0.0,0.0,0.0,0.0,0.00800000037997961,0.01899999938905239,64.0,0.13365040719509125,0.5999523997306824,0.010499730706214905,10.267719268798828,-8.025788702070713e-05,-0.0003892366075888276,0.002603983972221613,-0.0006089869420975447,0.6234354376792908,0.027717821300029755,0.18124011158943176,9.0,1.0,0.0,0.0,0.0013566548004746437,-1.1175870895385742e-08,nan,0.00210762326605618,-0.09616855531930923,0.08108258247375488,-0.0173224825412035,-0.09099887311458588,0.07114438712596893,0.1711081862449646,-0.17679600417613983,-0.06737649440765381,0.05680713430047035,-0.012136276811361313,-0.06375457346439362,0.04984435439109802,0.1198798343539238,-0.12386475503444672,-0.16706320643424988,0.18969859182834625,-0.028773732483386993,-0.034501124173402786,0.15011027455329895,0.12699587643146515,-0.25252765417099,0.18513520061969757,0.0288065318018198,-0.21218159794807434,0.0008502096170559525,0.05947978422045708,-0.004434329457581043,-0.03812990337610245,0.26643234491348267,0.03637935221195221,-0.3110245168209076,0.08082783222198486,0.06876528263092041,-0.10390693694353104,-0.030804812908172607,0.0993691235780716,0.22607794404029846,-0.339798241853714,0.04632670804858208,0.21887555718421936,0.023088939487934113,-0.2833324670791626,0.0993691235780716,0.22607794404029846,-0.339798241853714,0.04632670804858208,0.21887555718421936,0.023088939487934113,-0.2833324670791626,0.0993691235780716,0.22607794404029846,-0.339798241853714,0.04632670804858208,0.21887555718421936,0.023088939487934113,-0.2833324670791626
22.482,0.0015186583623290062,0.0015186583623290062,nan,nan,nan,nan,-0.019745774567127228,0.0,6.984919309616089e-10,0.13754363358020782,0.0,0.0,0.0,0.0,0.007000000216066837,0.017000000923871994,64.0,0.13299594819545746,1.7544515132904053,0.013356097042560577,16.689289093017578,0.001606072299182415,0.0010219146497547626,-0.0005841569509357214,0.004127402324229479,0.6563727259635925,0.027854420244693756,0.23903830349445343,9.0,1.0,0.0,0.0,0.0015186471864581108,-1.1175870895385742e-08,nan,0.0076590958051383495,-0.12370546162128448,0.19248153269290924,-0.010639335960149765,0.07258662581443787,0.13357076048851013,-0.03403095528483391,-0.11518052220344543,-0.02642335556447506,0.041113853454589844,-0.0022725509479641914,0.015504427254199982,0.028530575335025787,-0.007268976420164108,-0.024602437391877174,-0.16477234661579132,0.1949578821659088,-0.024610161781311035,-0.026993822306394577,0.15008370578289032,0.11830022931098938,-0.2350316047668457,0.1840623915195465,0.029808273538947105,-0.21175329387187958,0.000868897361215204,0.06088491156697273,-0.0047722430899739265,-0.03898545354604721,0.2679576575756073,0.02906334400177002,-0.3100951313972473,0.022803381085395813,0.06630955636501312,-0.03280440717935562,-0.053644776344299316,0.10318531095981598,0.22402122616767883,-0.33470529317855835,-0.004190440289676189,0.21639326214790344,0.08549582213163376,-0.288676381111145,0.10318531095981598,0.22402122616767883,-0.33470529317855835,-0.004190440289676189,0.21639326214790344,0.08549582213163376,-0.288676381111145,0.10318531095981598,0.22402122616767883,-0.33470529317855835,-0.004190440289676189,0.21639326214790344,0.08549582213163376,-0.288676381111145
22.579,0.0016212137416005135,0.0016212137416005135,nan,nan,nan,nan,-0.017421968281269073,0.0,0.0002661934122443199,0.1400168240070343,0.0,0.0,0.0,0.0,-0.0010000000474974513,0.029999999329447746,64.0,0.13166490197181702,1.8371567726135254,0.010402873158454895,18.163528442382812,0.0005102958530187607,0.0009214342571794987,0.0006773318164050579,0.0014420599909499288,0.6742933392524719,0.02672591619193554,0.2418036013841629,9.0,1.0,0.0,0.0,0.001621202565729618,-1.1175870895385742e-08,nan,0.006876267492771149,-0.12370546162128448,0.19248153269290924,-0.010639335960149765,0.07258662581443787,0.13357076048851013,-0.03403095528483391,-0.11518052220344543,-0.055482614785432816,0.08632908016443253,-0.004771803505718708,0.03255552053451538,0.05990726128220558,-0.015263080596923828,-0.051659129559993744,-0.16706162691116333,0.22586286067962646,-0.020160065963864326,0.029405910521745682,0.16494396328926086,0.04482918977737427,-0.20083153247833252,0.18254134058952332,0.031234940513968468,-0.21101327240467072,0.0011062078410759568,0.06278791278600693,-0.0052932193502783775,-0.04012950509786606,0.24633505940437317,-0.001694217324256897,-0.2935200035572052,-0.010364720597863197,0.054569050669670105,0.011436574161052704,-0.08035200834274292,0.07927342504262924,0.22416864335536957,-0.31368008255958557,0.019041189923882484,0.21951301395893097,0.05626576393842697,-0.28118354082107544,0.07927342504262924,0.22416864335536957,-0.31368008255958557,0.019041189923882484,0.21951301395893097,0.05626576393842697,-0.28118354082107544,0.07927342504262924,0.22416864335536957,-0.31368008255958557,0.019041189923882484,0.21951301395893097,0.05626576393842697,-0.28118354082107544
22.677999999999997,0.0016767224296927452,0.0016767224296927452,nan,nan,nan,nan,-0.011149004101753235,0.0,0.004573044367134571,0.1433262825012207,0.0,0.0,0.0,0.0,0.004000000189989805,0.017000000923871994,64.0,0.1278742104768753,0.6594229340553284,0.009527429938316345,9.777066230773926,0.00021608639508485794,-1.0572606697678566e-05,0.004346385598182678,0.0,0.7150782346725464,0.024792511016130447,0.17872418463230133,9.0,1.0,0.0,0.0,0.001676713116466999,-9.313225746154785e-09,nan,0.002539400476962328,-0.09928511828184128,0.08397780358791351,-0.008645197376608849,-0.08019599318504333,0.07923752814531326,0.16023410856723785,-0.18609271943569183,-0.03535987436771393,0.029908251017332077,-0.0030789414886385202,-0.02856137976050377,0.028220027685165405,0.05706653371453285,-0.0662759467959404,-0.14666080474853516,0.16582566499710083,-0.01506003551185131,-0.03712313994765282,0.13282893598079681,0.12562353909015656,-0.21940810978412628,0.18044818937778473,0.033597808331251144,-0.21017108857631683,0.0012557815061882138,0.06616013497114182,-0.0061434595845639706,-0.04222510755062103,0.1996307671070099,0.055336400866508484,-0.25361141562461853,0.04009214788675308,0.08069781959056854,-0.051744818687438965,-0.04687012732028961,0.05296996235847473,0.22116206586360931,-0.268671452999115,0.0029690079391002655,0.21352675557136536,0.07387872040271759,-0.2662782371044159,0.05296996235847473,0.22116206586360931,-0.268671452999115,0.0029690079391002655,0.21352675557136536,0.07387872040271759,-0.2662782371044159,0.05296996235847473,0.22116206586360931,-0.268671452999115,0.0029690079391002655,0.21352675557136536,0.07387872040271759,-0.2662782371044159
22.768,0.0018622251227498055,0.0018622251227498055,nan,nan,nan,nan,-0.013770215213298798,0.0,0.0026336107403039932,0.14732660353183746,0.0,0.0,0.0,0.0,0.004999999888241291,0.02199999988079071,64.0,0.12671330571174622,0.5711848139762878,0.00924617052078247,26.16370391845703,0.0004705986939370632,0.001250445144250989,0.003413457190617919,-0.0011976808309555054,0.7442865371704102,0.0242688599973917,0.24890851974487305,9.0,1.0,0.0,0.0,0.0018622083589434624,-1.6763806343078613e-08,nan,0.005792729556560516,-0.09928511828184128,0.08397780358791351,-0.008645197376608849,-0.08019599318504333,0.07923752814531326,0.16023410856723785,-0.18609271943569183,-0.04993307217955589,0.042234621942043304,-0.004347894806414843,-0.04033265262842178,0.039850614964962006,0.08058590441942215,-0.0935908779501915,-0.14658018946647644,0.1410170942544937,-0.01369707565754652,-0.08522827923297882,0.12341846525669098,0.19126972556114197,-0.25211408734321594,0.1786133199930191,0.034882813692092896,-0.20901459455490112,0.0013972660526633263,0.06785578280687332,-0.006641915999352932,-0.04323459789156914,0.18944820761680603,0.059232085943222046,-0.23148633539676666,0.04960023984313011,0.07905830442905426,-0.06884273886680603,-0.024081498384475708,0.04286801069974899,0.20024918019771576,-0.24518340826034546,-0.03562803938984871,0.20247676968574524,0.12242698669433594,-0.27619558572769165,0.04286801069974899,0.20024918019771576,-0.24518340826034546,-0.03562803938984871,0.20247676968574524,0.12242698669433594,-0.27619558572769165,0.04286801069974899,0.20024918019771576,-0.24518340826034546,-0.03562803938984871,0.20247676968574524,0.12242698669433594,-0.27619558572769165
22.832,0.0018885927274823189,0.0018885927274823189,nan,nan,nan,nan,-0.012204062193632126,0.0,0.0036911405622959137,0.15074536204338074,0.0,0.0,0.0,0.0,0.004999999888241291,0.014000000432133675,64.0,0.12522569298744202,1.1569559574127197,0.01002475619316101,9.768532752990723,0.001101756002753973,0.0022761025466024876,0.004865487106144428,0.000930923386476934,0.7587795853614807,0.023957641795277596,0.31116485595703125,9.0,1.0,0.0,0.0,0.0018885815516114235,-1.1175870895385742e-08,nan,0.00544568570330739,-0.13093750178813934,0.22324015200138092,-0.013173269107937813,0.04269459471106529,0.11666485667228699,0.036047596484422684,-0.07818394154310226,-0.03754733130335808,0.06401582807302475,-0.003777535632252693,0.012243002653121948,0.033454541116952896,0.010336924344301224,-0.022419843822717667,-0.15649914741516113,0.2077823430299759,-0.015175696462392807,-0.021092329174280167,0.1355452537536621,0.1249072477221489,-0.18268322944641113,0.17766478657722473,0.03633640706539154,-0.20874017477035522,0.001632660860195756,0.06989806890487671,-0.007291064132004976,-0.04441140219569206,0.19235360622406006,0.0014889687299728394,-0.2215265929698944,-0.015595909208059311,0.066266268491745,0.0031876936554908752,-0.081886887550354,0.03585445135831833,0.20927131175994873,-0.23670229315757751,-0.03668823838233948,0.2018115222454071,0.12809494137763977,-0.26457011699676514,0.03585445135831833,0.20927131175994873,-0.23670229315757751,-0.03668823838233948,0.2018115222454071,0.12809494137763977,-0.26457011699676514,0.03585445135831833,0.20927131175994873,-0.23670229315757751,-0.03668823838233948,0.2018115222454071,0.12809494137763977,-0.26457011699676514
22.954,0.0017711455002427101,0.0017711455002427101,nan,nan,nan,nan,-0.010634995065629482,0.0,0.005308323539793491,0.1543300747871399,0.0,0.0,0.0,0.0,0.006000000052154064,0.014999999664723873,64.0,0.12182002514600754,0.6849132776260376,0.013235025107860565,18.762741088867188,0.00217459537088871,0.0011387532576918602,0.0042724814265966415,0.0,0.7631739377975464,0.023351076990365982,0.26655521988868713,9.0,1.0,0.0,0.0,0.0017711324617266655,-1.30385160446167e-08,nan,0.0040776790119707584,-0.10305633395910263,0.07222222536802292,0.0054457420483231544,-0.06847827136516571,0.09998659044504166,0.14601421356201172,-0.19526121020317078,-0.021333156153559685,0.014950347132980824,0.0011272947303950787,-0.01417533028870821,0.02069770358502865,0.030225642025470734,-0.04042000696063042,-0.14239241182804108,0.16548188030719757,-0.00636915722861886,-0.03614247590303421,0.1290685534477234,0.13377046585083008,-0.19080159068107605,0.1766805350780487,0.03831850737333298,-0.2087133228778839,0.0019012781558558345,0.07276009768247604,-0.008079210296273232,-0.04610174894332886,0.17435693740844727,0.052980318665504456,-0.2219139188528061,0.007149696350097656,0.07425163686275482,-0.012371048331260681,-0.05482137203216553,0.03196451812982559,0.21846219897270203,-0.2282830774784088,-0.028992779552936554,0.2033201903104782,0.1213994175195694,-0.24562296271324158,0.03196451812982559,0.21846219897270203,-0.2282830774784088,-0.028992779552936554,0.2033201903104782,0.1213994175195694,-0.24562296271324158,0.03196451812982559,0.21846219897270203,-0.2282830774784088,-0.028992779552936554,0.2033201903104782,0.1213994175195694,-0.24562296271324158
23.022,0.0016038427129387856,0.0016038427129387856,nan,nan,nan,nan,-0.011652128770947456,0.0,0.006072841584682465,0.1600501388311386,0.0,0.0,0.0,0.0,0.007000000216066837,0.017000000923871994,64.0,0.11859128624200821,1.659695029258728,0.015504658222198486,9.862604141235352,0.0033137439750134945,7.118191570043564e-05,0.0028302795253694057,-0.0004526227421592921,0.7584827542304993,0.023205028846859932,0.21917594969272614,9.0,1.0,0.0,0.0,0.001603822223842144,-2.0489096641540527e-08,nan,0.0032636651303619146,-0.10305633395910263,0.07222222536802292,0.0054457420483231544,-0.06847827136516571,0.09998659044504166,0.14601421356201172,-0.19526121020317078,-0.03927429020404816,0.027523552998900414,0.0020753468852490187,-0.026096750050783157,0.038104426115751266,0.05564533546566963,-0.07441313564777374,-0.14002923667430878,0.13157716393470764,0.0003262897953391075,-0.06327688694000244,0.1312343180179596,0.1637919545173645,-0.22510017454624176,0.17488828301429749,0.041667453944683075,-0.2084149271249771,0.0021681897342205048,0.07763560861349106,-0.009384488686919212,-0.049093566834926605,0.1734548658132553,0.07125331461429596,-0.2208995819091797,0.024161048233509064,0.07339441776275635,-0.032450899481773376,-0.02753867208957672,0.03342562913894653,0.2028304785490036,-0.220573291182518,-0.03911583870649338,0.20462873578071594,0.13134105503559113,-0.2526388466358185,0.03342562913894653,0.2028304785490036,-0.220573291182518,-0.03911583870649338,0.20462873578071594,0.13134105503559113,-0.2526388466358185,0.03342562913894653,0.2028304785490036,-0.220573291182518,-0.03911583870649338,0.20462873578071594,0.13134105503559113,-0.2526388466358185
23.147999999999996,0.0020027225837111473,0.0020027225837111473,nan,nan,nan,nan,-0.009821886196732521,0.0,0.008526327088475227,0.16349056363105774,0.0,0.0,0.0,0.0,0.0,0.020999999716877937,64.0,0.117726169526577,3.0646779537200928,0.013478100299835205,29.247587203979492,0.0036320341750979424,0.0039024027064442635,0.008796695619821548,0.010912351310253143,0.7665950059890747,0.02361670322716236,0.28544697165489197,9.0,1.0,0.0,0.0,0.0020027151331305504,-7.450580596923828e-09,nan,0.0035354583524167538,-0.1329376995563507,0.2079848051071167,-0.003407515352591872,0.03979261964559555,0.10259909182786942,0.08681181818246841,-0.09701523929834366,-0.07835894823074341,0.12259480357170105,-0.002008529845625162,0.023455407470464706,0.06047612428665161,0.05117045342922211,-0.05718477442860603,-0.17502838373184204,0.23099130392074585,-0.0025691399350762367,0.0008843978866934776,0.1464253067970276,0.14972391724586487,-0.1879148781299591,0.17360632121562958,0.042466871440410614,-0.20741279423236847,0.002277763094753027,0.07867822051048279,-0.009865796193480492,-0.04970098286867142,0.19767025113105774,-0.009260505437850952,-0.2131708711385727,-0.02906162664294243,0.06513620913028717,-0.012975618243217468,-0.0623374879360199,0.022641869261860847,0.2217307984828949,-0.21574001014232635,-0.028177227824926376,0.21156151592731476,0.1367482990026474,-0.250252366065979,0.022641869261860847,0.2217307984828949,-0.21574001014232635,-0.028177227824926376,0.21156151592731476,0.1367482990026474,-0.250252366065979,0.022641869261860847,0.2217307984828949,-0.21574001014232635,-0.028177227824926376,0.21156151592731476,0.1367482990026474,-0.250252366065979
23.236999999999995,0.0023430725559592247,0.0023430725559592247,nan,nan,nan,nan,-0.0076473169028759,0.0,0.005494322627782822,0.17075076699256897,0.0,0.0,0.0,0.0,0.003000000026077032,0.01899999938905239,64.0,0.11567067354917526,1.0349684953689575,0.013718381524085999,12.157312393188477,-2.169795334339142e-05,0.0024147536605596542,0.007930774241685867,0.004649456590414047,0.6428251266479492,0.022808222100138664,0.24922706186771393,9.0,1.0,0.0,0.0,0.0023430539295077324,-1.862645149230957e-08,nan,0.004859414417296648,-0.09900163114070892,0.03244124352931976,0.021155016496777534,-0.07793517410755157,0.13281400501728058,0.14490914344787598,-0.18435454368591309,-0.010263172909617424,0.0033630768302828074,0.002193070948123932,-0.008079282939434052,0.013768390752375126,0.01502225361764431,-0.019111428409814835,-0.13549506664276123,0.12932726740837097,0.00914027914404869,-0.044502317905426025,0.13906414806842804,0.15454475581645966,-0.18258166313171387,0.1698458045721054,0.044647518545389175,-0.20447134971618652,0.0026319832541048527,0.08159980922937393,-0.010953104123473167,-0.05126845836639404,0.14610819518566132,0.03618359565734863,-0.22777487337589264,0.10056844353675842,0.11107756197452545,-0.1457088738679886,-0.07623505592346191,0.010613134130835533,0.1655108630657196,-0.21863459050655365,0.056066129356622696,0.2501417100429535,0.00883588194847107,-0.2588167190551758,0.010613134130835533,0.1655108630657196,-0.21863459050655365,0.056066129356622696,0.2501417100429535,0.00883588194847107,-0.2588167190551758,0.010613134130835533,0.1655108630657196,-0.21863459050655365,0.056066129356622696,0.2501417100429535,0.00883588194847107,-0.2588167190551758
23.409999999999997,0.002628135494887829,0.002628135494887829,nan,nan,nan,nan,-0.005995773710310459,0.0,0.008303713984787464,0.17448067665100098,0.0,0.0,0.0,0.0,0.004999999888241291,0.017000000923871994,64.0,0.11531100422143936,4.228724956512451,0.016802921891212463,16.879077911376953,5.0222501158714294e-05,0.0025094416923820972,0.010762933641672134,0.0,0.6308964490890503,0.022406581789255142,0.2526686489582062,9.0,1.0,0.0,0.0,0.0026281261816620827,-9.313225746154785e-09,nan,0.003810337744653225,-0.09900163114070892,0.03244124352931976,0.021155016496777534,-0.07793517410755157,0.13281400501728058,0.14490914344787598,-0.18435454368591309,-0.028696054592728615,0.009403236210346222,0.006131873931735754,-0.022589851170778275,0.0384967178106308,0.04200254753232002,-0.05343596637248993,-0.12956519424915314,0.08713792264461517,0.017262201756238937,-0.06929155439138412,0.15134738385677338,0.16661196947097778,-0.20458298921585083,0.16739635169506073,0.04570992290973663,-0.2023540735244751,0.0027871124912053347,0.08291333168745041,-0.011592076160013676,-0.05205819010734558,0.14478366076946259,0.05071158707141876,-0.22780627012252808,0.11129723489284515,0.10454504191875458,-0.15172506868839264,-0.059599071741104126,0.015218468382954597,0.13784950971603394,-0.21054406464099884,0.04200568050146103,0.25589242577552795,0.01488689985126257,-0.26418206095695496,0.015218468382954597,0.13784950971603394,-0.21054406464099884,0.04200568050146103,0.25589242577552795,0.01488689985126257,-0.26418206095695496,0.015218468382954597,0.13784950971603394,-0.21054406464099884,0.04200568050146103,0.25589242577552795,0.01488689985126257,-0.26418206095695496
23.509,0.0023942356929183006,0.0023942356929183006,nan,nan,nan,nan,-0.002471077721565962,0.0,0.007492256350815296,0.1750331073999405,0.0,0.0,0.0,0.0,0.004999999888241291,0.027000000700354576,64.0,0.11827723681926727,1.3048676252365112,0.01585017889738083,21.880508422851562,0.001131769735366106,-0.0008121379651129246,0.0055483486503362656,0.0,0.4774531424045563,0.0206303633749485,0.15253789722919464,9.0,1.0,0.0,0.0,0.002394222654402256,-1.30385160446167e-08,nan,0.004227659199386835,-0.07666205614805222,-0.03733120858669281,0.023988258093595505,-0.1151210144162178,0.13995888829231262,0.14813023805618286,-0.1654387265443802,-0.0032324939966201782,-0.001574089052155614,0.0010114768519997597,-0.004854134749621153,0.005901436321437359,0.00624598516151309,-0.006975806783884764,-0.09312590956687927,0.10086974501609802,-0.005886344704777002,-0.08037112653255463,0.07723094522953033,0.18583695590496063,-0.11539347469806671,0.16525141894817352,0.049533624202013016,-0.20229022204875946,0.003307974897325039,0.08779104799032211,-0.013846081681549549,-0.054697513580322266,0.11822658777236938,0.023081474006175995,-0.20609800517559052,0.11835357546806335,0.153779998421669,-0.17333844304084778,-0.11773452162742615,0.02510068006813526,0.12395121902227402,-0.21198435127735138,0.03798244893550873,0.23101094365119934,0.012498505413532257,-0.23312799632549286,0.02510068006813526,0.12395121902227402,-0.21198435127735138,0.03798244893550873,0.23101094365119934,0.012498505413532257,-0.23312799632549286,0.02510068006813526,0.12395121902227402,-0.21198435127735138,0.03798244893550873,0.23101094365119934,0.012498505413532257,-0.23312799632549286
23.64,0.002780604176223278,0.002780604176223278,nan,nan,nan,nan,-0.0030838865786790848,0.0,0.013028819113969803,0.17736580967903137,0.0,0.0,0.0,0.0,0.00800000037997961,0.02500000037252903,64.0,0.11978287249803543,5.684080600738525,0.012806616723537445,25.11564826965332,0.003189224749803543,0.0020679403096437454,0.011907534673810005,0.004013553261756897,0.5897497534751892,0.019759725779294968,0.2588636577129364,9.0,1.0,0.0,0.0,0.002780589275062084,-1.4901161193847656e-08,nan,0.0031050359830260277,-0.07666205614805222,-0.03733120858669281,0.023988258093595505,-0.1151210144162178,0.13995888829231262,0.14813023805618286,-0.1654387265443802,-0.017492327839136124,-0.008518030866980553,0.005473508965224028,-0.026267681270837784,0.03193505108356476,0.03379954397678375,-0.037748903036117554,-0.09152846038341522,0.014398785308003426,0.014514101669192314,-0.11346010863780975,0.1296798586845398,0.17923305928707123,-0.16300882399082184,0.16313518583774567,0.050601884722709656,-0.20072521269321442,0.003514775075018406,0.08877253532409668,-0.014775512740015984,-0.0550619438290596,0.13625001907348633,0.07854270190000534,-0.21758070588111877,0.09805707633495331,0.09461486339569092,-0.11728642135858536,-0.06042264401912689,0.04472155123949051,0.09294148534536362,-0.2030666023492813,-0.015403036028146744,0.2242947220802307,0.06194663792848587,-0.22343146800994873,0.04472155123949051,0.09294148534536362,-0.2030666023492813,-0.015403036028146744,0.2242947220802307,0.06194663792848587,-0.22343146800994873,0.04472155123949051,0.09294148534536362,-0.2030666023492813,-0.015403036028146744,0.2242947220802307,0.06194663792848587,-0.22343146800994873
23.756999999999998,0.0026264535263180733,0.0026264535263180733,nan,nan,nan,nan,-0.0017688553780317307,0.0,0.013286612927913666,0.17800326645374298,0.0,0.0,0.0,0.0,0.006000000052154064,0.020999999716877937,64.0,0.12220904976129532,1.4306577444076538,0.009218230843544006,20.42246437072754,0.0027220644988119602,-0.0015403006691485643,0.009024247527122498,-0.004123364109545946,0.6468850374221802,0.019740425050258636,0.09414027631282806,9.0,1.0,0.0,0.0,0.002626442350447178,-1.1175870895385742e-08,nan,0.0014007051941007376,-0.1211782768368721,0.18078285455703735,0.019233988597989082,0.10620281100273132,0.08543422818183899,-0.14771951735019684,-0.043178003281354904,-0.0,0.0,0.0,0.0,0.0,-0.0,-0.0,-0.10437944531440735,0.052937790751457214,0.019273869693279266,-0.05812150985002518,0.1295584738254547,0.09000410884618759,-0.14144481718540192,0.16140563786029816,0.052590690553188324,-0.1998823881149292,0.0038226190954446793,0.09103095531463623,-0.01607833430171013,-0.0562620684504509,0.14843884110450745,0.02417607605457306,-0.21615737676620483,0.03826013207435608,0.1045483946800232,-0.04021746292710304,-0.08558714389801025,0.044059399515390396,0.07711386680603027,-0.19688349962234497,-0.019861377775669098,0.2341068685054779,0.04978664591908455,-0.22703196108341217,0.044059399515390396,0.07711386680603027,-0.19688349962234497,-0.019861377775669098,0.2341068685054779,0.04978664591908455,-0.22703196108341217,0.044059399515390396,0.07711386680603027,-0.19688349962234497,-0.019861377775669098,0.2341068685054779,0.04978664591908455,-0.22703196108341217
23.848999999999997,0.0026759887114167213,0.0026759887114167213,nan,nan,nan,nan,0.009094072505831718,0.0,0.016225136816501617,0.17791561782360077,0.0,0.0,0.0,0.0,0.0,0.01600000075995922,64.0,0.1224718764424324,1.51752769947052,0.018660910427570343,10.877577781677246,0.004790450446307659,-7.88042088970542e-05,0.011355881579220295,0.0,0.44879212975502014,0.019108159467577934,0.03932732343673706,9.0,1.0,0.0,0.0,0.0026759738102555275,-1.4901161193847656e-08,nan,0.0008423536201007664,0.03558820113539696,-0.014294753782451153,-0.011600982397794724,-0.17888420820236206,-0.031906988471746445,0.2351546436548233,-0.008901081047952175,0.014355962164700031,-0.005766375921666622,-0.0046797324903309345,-0.07216028869152069,-0.01287099439650774,0.094859279692173,-0.003590616397559643,-0.03877773508429527,0.03824305161833763,0.029889412224292755,-0.15159571170806885,0.0881814956665039,0.17431996762752533,-0.10292903333902359,0.1611591875553131,0.05323514714837074,-0.19981151819229126,0.003944436088204384,0.09164109081029892,-0.016349853947758675,-0.05665744096040726,0.09412120282649994,0.0320780910551548,-0.21149912476539612,0.12250137329101562,0.14907902479171753,-0.14951889216899872,-0.11456746608018875,0.05534346401691437,0.07032114267349243,-0.18160971999168396,-0.029094334691762924,0.23726052045822144,0.02480107918381691,-0.21749649941921234,0.05534346401691437,0.07032114267349243,-0.18160971999168396,-0.029094334691762924,0.23726052045822144,0.02480107918381691,-0.21749649941921234,0.05534346401691437,0.07032114267349243,-0.18160971999168396,-0.029094334691762924,0.23726052045822144,0.02480107918381691,-0.21749649941921234
23.982,0.0032434603199362755,0.0032434603199362755,nan,nan,nan,nan,0.01341700367629528,1.0,0.01611654832959175,0.17967543005943298,0.0,0.0,0.0,0.0,0.006000000052154064,0.023000000044703484,64.0,0.12236752361059189,0.49956515431404114,0.010538846254348755,20.994892120361328,0.0059905885718762875,0.0032272455282509327,0.013353204354643822,0.0,0.2091108113527298,0.017628788948059082,0.0975562259554863,9.0,1.0,0.0,0.0,0.0032434435561299324,-1.6763806343078613e-08,nan,0.005653782282024622,0.03558820113539696,-0.014294753782451153,-0.011600982397794724,-0.17888420820236206,-0.031906988471746445,0.2351546436548233,-0.008901081047952175,0.031700149178504944,-0.0127330357208848,-0.010333561338484287,-0.15934090316295624,-0.02842111326754093,0.2094637155532837,-0.007928627543151379,0.019936777651309967,0.0015251953154802322,0.0007554087787866592,-0.24594639241695404,0.004590403288602829,0.3128136396408081,-0.052354846149683,0.1587788164615631,0.05315220355987549,-0.19726605713367462,0.004045428242534399,0.09108756482601166,-0.016845958307385445,-0.05615294724702835,0.0632244423031807,0.02353711426258087,-0.1908019632101059,0.20157472789287567,0.20014531910419464,-0.29286569356918335,-0.13833920657634735,0.08316121995449066,0.025062309578061104,-0.1900465488433838,-0.04437166452407837,0.20473572611808777,0.01994793862104416,-0.19069404900074005,0.08316121995449066,0.025062309578061104,-0.1900465488433838,-0.04437166452407837,0.20473572611808777,0.01994793862104416,-0.19069404900074005,0.08316121995449066,0.025062309578061104,-0.1900465488433838,-0.04437166452407837,0.20473572611808777,0.01994793862104416,-0.19069404900074005
24.097,0.0036757150664925575,0.0036757150664925575,nan,nan,nan,nan,0.017362799495458603,0.0,0.016250167042016983,0.18053680658340454,0.0,0.0,0.0,0.0,0.006000000052154064,0.032999999821186066,64.0,0.12312739342451096,0.39622747898101807,0.008046627044677734,18.95810890197754,0.004510948434472084,0.002231196966022253,0.01397041603922844,0.0035018858034163713,0.23297955095767975,0.018073365092277527,0.1571367084980011,9.0,1.0,0.0,0.0,0.003675702027976513,-1.30385160446167e-08,nan,0.006720580626279116,-0.006866904906928539,0.026580719277262688,0.03007279895246029,-0.16989611089229584,0.049924738705158234,0.22049319744110107,-0.09147414565086365,-0.009424228221178055,0.03647971898317337,0.041272297501564026,-0.2331676036119461,0.06851734966039658,0.3026076853275299,-0.12554028630256653,0.007957174442708492,0.04224422201514244,0.0333511047065258,-0.3131345510482788,0.0531071200966835,0.39490386843681335,-0.10600322484970093,0.15671688318252563,0.05430611968040466,-0.19540491700172424,0.00432742852717638,0.09174588322639465,-0.017856374382972717,-0.05648244544863701,0.07225525379180908,-0.03535645455121994,-0.22375188767910004,0.26831603050231934,0.15893051028251648,-0.3885078728199005,-0.09627149999141693,0.08021242916584015,0.006887765601277351,-0.19040077924728394,-0.044818516820669174,0.21203763782978058,0.006395995616912842,-0.20227472484111786,0.08021242916584015,0.006887765601277351,-0.19040077924728394,-0.044818516820669174,0.21203763782978058,0.006395995616912842,-0.20227472484111786,0.08021242916584015,0.006887765601277351,-0.19040077924728394,-0.044818516820669174,0.21203763782978058,0.006395995616912842,-0.20227472484111786
24.225,0.003940152935683727,0.003940152935683727,nan,nan,nan,nan,0.018226662650704384,0.0,0.012570605613291264,0.17980483174324036,0.0,0.0,0.0,0.0,0.0010000000474974513,0.032999999821186066,64.0,0.12442134320735931,1.5143696069717407,0.011829659342765808,20.5172176361084,0.0015443555312231183,0.0022543000523000956,0.013280550017952919,0.0002922095009125769,0.2514112591743469,0.01956299878656864,0.1691475212574005,9.0,1.0,0.0,0.0,0.003940139897167683,-1.30385160446167e-08,nan,0.009104584343731403,0.04570046439766884,-0.02710845321416855,-0.005732751451432705,-0.18317146599292755,-0.02153780870139599,0.23040618002414703,-0.006407641340047121,0.02180623449385166,-0.012934951111674309,-0.0027354147750884295,-0.08740130066871643,-0.010276887565851212,0.10993961244821548,-0.0030574423726648092,0.010193858295679092,0.05317532643675804,0.04482570290565491,-0.3375740051269531,0.06204884499311447,0.41827288269996643,-0.12273551523685455,0.15480750799179077,0.055031824856996536,-0.19347448647022247,0.004449489992111921,0.09176995605230331,-0.01870012655854225,-0.05645120143890381,0.05172060430049896,-0.05515427514910698,-0.22543607652187347,0.2881582975387573,0.17474365234375,-0.41439005732536316,-0.11830258369445801,0.061914462596178055,-0.001978948712348938,-0.18061037361621857,-0.0494157113134861,0.23679250478744507,0.0038828253746032715,-0.24103809893131256,0.061914462596178055,-0.001978948712348938,-0.18061037361621857,-0.0494157113134861,0.23679250478744507,0.0038828253746032715,-0.24103809893131256,0.061914462596178055,-0.001978948712348938,-0.18061037361621857,-0.0494157113134861,0.23679250478744507,0.0038828253746032715,-0.24103809893131256
24.336999999999996,0.004005688242614269,0.004005688242614269,nan,nan,nan,nan,0.02630157768726349,0.0,0.025336235761642456,0.17813464999198914,0.0,0.0,0.0,0.0,0.006000000052154064,0.019999999552965164,64.0,0.1268659383058548,3.8052163124084473,0.03892090171575546,25.485326766967773,0.007368425372987986,0.0014877226203680038,0.01945553347468376,0.0,0.46365830302238464,0.019462792202830315,0.1835414320230484,9.0,1.0,0.0,0.0,0.004005675204098225,-1.30385160446167e-08,nan,0.002614372642710805,0.04570046439766884,-0.02710845321416855,-0.005732751451432705,-0.18317146599292755,-0.02153780870139599,0.23040618002414703,-0.006407641340047121,0.04210324212908745,-0.02497466281056404,-0.0052815089002251625,-0.1687534898519516,-0.01984250359237194,0.21227021515369415,-0.005903276614844799,0.05269908905029297,-0.006338348146528006,0.012790752574801445,-0.33608508110046387,0.0032965997233986855,0.42007893323898315,-0.058436356484889984,0.15385639667510986,0.05624669790267944,-0.19280321896076202,0.004825656767934561,0.09228515625,-0.019972268491983414,-0.056636884808540344,0.04302016645669937,0.010033881291747093,-0.19407914578914642,0.21632567048072815,0.19640469551086426,-0.3197868764400482,-0.15415924787521362,0.09571925550699234,0.003695532912388444,-0.18128839135169983,-0.11975940316915512,0.19970129430294037,0.10029204934835434,-0.212595596909523,0.09571925550699234,0.003695532912388444,-0.18128839135169983,-0.11975940316915512,0.19970129430294037,0.10029204934835434,-0.212595596909523,0.09571925550699234,0.003695532912388444,-0.18128839135169983,-0.11975940316915512,0.19970129430294037,0.10029204934835434,-0.212595596909523
24.449999999999996,0.004245401360094547,0.004245401360094547,nan,nan,nan,nan,0.02792058326303959,0.0,0.02793896570801735,0.1764441728591919,0.0,0.0,0.0,0.0,0.00800000037997961,0.013000000268220901,64.0,0.12876269221305847,3.1271986961364746,0.012812204658985138,13.824882507324219,0.008398469537496567,0.0021640697959810495,0.02170456573367119,0.0,0.5314038395881653,0.019638847559690475,0.2200445681810379,9.0,1.0,0.0,0.0,0.004245380870997906,-2.0489096641540527e-08,nan,0.0025821570307016373,-0.012733782641589642,0.02548505924642086,0.04126863181591034,-0.17084906995296478,0.06671777367591858,0.20378205180168152,-0.11098413169384003,-0.011115552857518196,0.022246377542614937,0.036024145781993866,-0.14913728833198547,0.0582391694188118,0.17788508534431458,-0.09688009321689606,0.03406289592385292,0.024097302928566933,0.037142325192689896,-0.3352372944355011,0.04472200945019722,0.4021250605583191,-0.08536666631698608,0.15261298418045044,0.05694906413555145,-0.19139987230300903,0.004855339415371418,0.09238848090171814,-0.020746426656842232,-0.05662032589316368,0.06567832827568054,-0.01613263227045536,-0.21853381395339966,0.20484761893749237,0.15342189371585846,-0.29111582040786743,-0.12145154178142548,0.09974122047424316,0.007964670658111572,-0.18139149248600006,-0.13038967549800873,0.19814389944076538,0.11100923269987106,-0.20681820809841156,0.09974122047424316,0.007964670658111572,-0.18139149248600006,-0.13038967549800873,0.19814389944076538,0.11100923269987106,-0.20681820809841156,0.09974122047424316,0.007964670658111572,-0.18139149248600006,-0.13038967549800873,0.19814389944076538,0.11100923269987106,-0.20681820809841156
24.53,0.004657109268009663,0.004657109268009663,nan,nan,nan,nan,0.04247031733393669,0.0,0.02798033319413662,0.1762271672487259,0.0,0.0,0.0,0.0,0.004000000189989805,0.014999999664723873,64.0,0.12904655933380127,1.1395411491394043,0.011873431503772736,16.203712463378906,0.008285686373710632,0.0047215986996889114,0.0244162455201149,0.013365473598241806,0.04442775249481201,0.017291875556111336,0.25716254115104675,9.0,1.0,0.0,0.0,0.004657096229493618,-1.30385160446167e-08,nan,0.005006607621908188,0.08681666851043701,0.18431001901626587,-0.0008064278517849743,-0.04415151849389076,-0.1634165644645691,0.016489267349243164,0.13987784087657928,0.059800419956445694,0.1269550770521164,-0.0005554776871576905,-0.03041212633252144,-0.11256339401006699,0.011358016170561314,0.09634962677955627,0.07886189222335815,0.14038652181625366,0.02027067355811596,-0.21836140751838684,-0.08741672337055206,0.2368234395980835,0.04842359945178032,0.1514395922422409,0.057547006756067276,-0.19017133116722107,0.005102477967739105,0.09252283722162247,-0.02143794670701027,-0.05667661502957344,0.008011877536773682,-0.10491685569286346,-0.20412033796310425,0.14602068066596985,0.2692246437072754,-0.20659834146499634,-0.24283818900585175,0.08687376976013184,0.0354696623980999,-0.18384966254234314,-0.07234072685241699,0.18180790543556213,0.030225105583667755,-0.19441458582878113,0.08687376976013184,0.0354696623980999,-0.18384966254234314,-0.07234072685241699,0.18180790543556213,0.030225105583667755,-0.19441458582878113,0.08687376976013184,0.0354696623980999,-0.18384966254234314,-0.07234072685241699,0.18180790543556213,0.030225105583667755,-0.19441458582878113
24.656,0.005394387058913708,0.005394387058913708,nan,nan,nan,nan,0.04046420380473137,0.0,0.03500986099243164,0.17723335325717926,0.0,0.0,0.0,0.0,0.0,0.02199999988079071,64.0,0.13013380765914917,8.881448745727539,0.02647191286087036,10.78537654876709,0.010728131048381329,0.006226247642189264,0.030507976189255714,0.012148002162575722,0.07442967593669891,0.016104716807603836,0.24595323204994202,9.0,1.0,0.0,0.0,0.005394372157752514,-1.4901161193847656e-08,nan,0.00500235753133893,0.048118870705366135,-0.017589271068572998,-0.011213326826691628,-0.18357238173484802,-0.029817331582307816,0.2294551283121109,-0.00344965816475451,0.02326354570686817,-0.008503708057105541,-0.005421194713562727,-0.08874990046024323,-0.01441548578441143,0.1109323650598526,-0.0016677717212587595,0.07283169031143188,0.06658829003572464,0.004317034967243671,-0.2324090301990509,-0.06636563688516617,0.270603746175766,0.024567045271396637,0.14854517579078674,0.057936977595090866,-0.18683092296123505,0.005143867805600166,0.09202252328395844,-0.022160198539495468,-0.05632816255092621,0.017671018838882446,-0.005181431770324707,-0.19434992969036102,0.18245092034339905,0.22051846981048584,-0.26320183277130127,-0.1959056556224823,0.09050270915031433,0.06140685826539993,-0.19003289937973022,-0.04995810613036156,0.15415282547473907,0.007401898503303528,-0.17133861780166626,0.09050270915031433,0.06140685826539993,-0.19003289937973022,-0.04995810613036156,0.15415282547473907,0.007401898503303528,-0.17133861780166626,0.09050270915031433,0.06140685826539993,-0.19003289937973022,-0.04995810613036156,0.15415282547473907,0.007401898503303528,-0.17133861780166626
24.704,0.006074585951864719,0.006074585951864719,nan,nan,nan,nan,0.048184409737586975,1.0,0.03731101006269455,0.17912130057811737,0.0,0.0,0.0,0.0,0.0010000000474974513,0.010999999940395355,64.0,0.1306132674217224,1.2956066131591797,0.0162636861205101,20.42500877380371,0.010038222186267376,0.008833764120936394,0.036106549203395844,0.03380768746137619,0.01238586101680994,0.01579859107732773,0.26928484439849854,9.0,1.0,0.0,0.0,0.006074574775993824,-1.1175870895385742e-08,nan,0.006215342786163092,0.059546228498220444,0.06381769478321075,0.02685529552400112,-0.19622060656547546,0.012113971635699272,0.19752031564712524,0.06322015076875687,0.056127309799194336,0.060153529047966,0.025313368067145348,-0.18495437502861023,0.011418433859944344,0.18617945909500122,0.05959029123187065,0.08759352564811707,0.0867953896522522,0.021887019276618958,-0.2839565575122833,-0.032311148941516876,0.3084724545478821,0.060419123619794846,0.14554855227470398,0.058840349316596985,-0.18376220762729645,0.0053324648179113865,0.09215018898248672,-0.023016076534986496,-0.056339822709560394,-0.00881698727607727,-0.01403655856847763,-0.2108599692583084,0.24786028265953064,0.18803471326828003,-0.31701764464378357,-0.2247421145439148,0.0787765383720398,0.07275883108377457,-0.18897294998168945,-0.036096278578042984,0.15572357177734375,-0.00854519009590149,-0.16432298719882965,0.0787765383720398,0.07275883108377457,-0.18897294998168945,-0.036096278578042984,0.15572357177734375,-0.00854519009590149,-0.16432298719882965,0.0787765383720398,0.07275883108377457,-0.18897294998168945,-0.036096278578042984,0.15572357177734375,-0.00854519009590149,-0.16432298719882965
24.806999999999995,0.006783667020499706,0.006783667020499706,nan,nan,nan,nan,0.05412092059850693,1.0,0.04619573429226875,0.18142123520374298,0.0,0.0,0.0,0.0,-0.0020000000949949026,0.020999999716877937,64.0,0.13112160563468933,9.993305206298828,0.018994323909282684,30.838871002197266,0.011618166230618954,0.00999554991722107,0.044573117047548294,0.016418419778347015,0.09458526968955994,0.015633748844265938,0.2714439034461975,9.0,1.0,0.0,0.0,0.006783655844628811,-1.1175870895385742e-08,nan,0.0032848231494426727,0.0969732478260994,0.14363804459571838,-0.024474479258060455,-0.002620253711938858,-0.1897777020931244,-0.009655682370066643,0.15247827768325806,0.03217439353466034,0.047657135874032974,-0.008120296522974968,-0.0008693642448633909,-0.06296563893556595,-0.003203623229637742,0.05059020221233368,0.07042692601680756,0.09864193946123123,0.0234083104878664,-0.22245100140571594,-0.03957836329936981,0.2427055835723877,0.0375247485935688,0.14205756783485413,0.05934367701411247,-0.18011491000652313,0.0054914155043661594,0.09185455739498138,-0.02353178709745407,-0.056090835481882095,0.0012894943356513977,-0.0016285032033920288,-0.19916348159313202,0.17572563886642456,0.20151183009147644,-0.23517432808876038,-0.1919868439435959,0.07171642035245895,0.0970134362578392,-0.17575517296791077,-0.04672536998987198,0.16193346679210663,0.007531255483627319,-0.15446209907531738,0.07171642035245895,0.0970134362578392,-0.17575517296791077,-0.04672536998987198,0.16193346679210663,0.007531255483627319,-0.15446209907531738,0.07171640545129776,0.0970134362578392,-0.17575517296791077,-0.04672534763813019,0.16193348169326782,0.00753122940659523,-0.15446211397647858
24.861999999999995,0.007194980047643185,0.007194980047643185,nan,nan,nan,nan,-0.11857878416776657,1.0,-1.862645149230957e-09,0.7661710977554321,0.0,0.0,0.0,0.0,0.009999999776482582,0.00800000037997961,64.0,0.1318560689687729,1.071874976158142,0.015168450772762299,9.516573905944824,-0.014453999698162079,-0.0012927334755659103,0.01316126435995102,0.0,-0.06542706489562988,0.011155880056321621,0.20625357329845428,9.0,1.0,0.0,0.0,0.007194963283836842,-1.6763806343078613e-08,nan,0.01136034820228815,0.0969732478260994,0.14363804459571838,-0.024474479258060455,-0.002620253711938858,-0.1897777020931244,-0.009655682370066643,0.15247827768325806,0.07327418029308319,0.10853467881679535,-0.01849321834743023,-0.001979895867407322,-0.14339837431907654,-0.00729595310986042,0.11521446704864502,0.11074496060609818,0.16078323125839233,-0.0043401652947068214,-0.12943202257156372,-0.16040381789207458,0.1321357935667038,0.13215987384319305,-0.0001931222213897854,6.468433275585994e-05,1.1441388778621331e-05,0.00032423753873445094,1.9320579667692073e-05,-0.0002816149208229035,-8.618625724921003e-05,-0.07127872854471207,-0.04885324090719223,-0.12058446556329727,0.10930138826370239,0.2541998624801636,-0.14541302621364594,-0.2356506586074829,0.03946623206138611,0.1119299903512001,-0.12492462992668152,-0.020130638033151627,0.0937960296869278,-0.013277227059006691,-0.10349078476428986,0.03946623206138611,0.1119299903512001,-0.12492462992668152,-0.020130638033151627,0.0937960296869278,-0.013277227059006691,-0.10349078476428986,0.03946622833609581,0.1119299903512001,-0.12492462992668152,-0.020130634307861328,0.0937960296869278,-0.01327723078429699,-0.10349078476428986
24.963,0.0063684480264782906,0.0063684480264782906,nan,nan,nan,nan,-0.07681185752153397,0.0,-9.313225746154785e-10,0.5855454206466675,0.0,0.0,0.0,0.0,0.0,0.024000000208616257,64.0,0.13231293857097626,2.0176098346710205,0.019329600036144257,15.399873733520508,-0.01494256779551506,-0.008046753704547882,0.006895813159644604,-0.025104498490691185,-0.010925078764557838,0.007951989769935608,0.20364049077033997,9.0,1.0,0.0,0.0,0.006368436850607395,-1.1175870895385742e-08,nan,0.010221598669886589,0.054016634821891785,-0.006318395026028156,-0.014072959311306477,-0.178101047873497,-0.03144695237278938,0.2325725555419922,0.00673384265974164,0.009695637971162796,-0.0011341111967340112,-0.002526005497202277,-0.03196798637509346,-0.005644525401294231,0.041745275259017944,0.0012086813803762197,0.1066533699631691,0.1182921826839447,-0.01732802949845791,-0.13372430205345154,-0.15240000188350677,0.15437927842140198,0.11557751893997192,-0.0001276588736800477,-5.235634944256162e-06,-2.1124473278177902e-05,0.0002836617350112647,-2.9344704671530053e-05,-0.00029242318123579025,-4.316695049055852e-05,-0.09585458040237427,-0.0041055828332901,-0.058927275240421295,0.16006501019001007,0.14503087103366852,-0.22151991724967957,-0.14825038611888885,0.010798785835504532,0.1141865998506546,-0.07625530660152435,0.026340704411268234,-0.007369126193225384,-0.06714063137769699,-0.03267286717891693,0.010798785835504532,0.1141865998506546,-0.07625530660152435,0.026340704411268234,-0.007369126193225384,-0.06714063137769699,-0.03267286717891693,0.010798785835504532,0.1141865998506546,-0.07625530660152435,0.026340704411268234,-0.007369126193225384,-0.06714063137769699,-0.03267286717891693
25.033,0.005622199736535549,0.005622199736535549,nan,nan,nan,nan,-0.06148262694478035,1.0,-9.313225746154785e-10,0.5784072279930115,0.0,0.0,0.0,0.0,0.004999999888241291,0.01600000075995922,64.0,0.13211590051651,0.8307201862335205,0.017269514501094818,9.957915306091309,-0.015017982572317123,-0.00725528784096241,0.007762693800032139,0.0,0.15340837836265564,0.00539843924343586,0.08972460776567459,9.0,1.0,0.0,0.0,0.0056221866980195045,-1.30385160446167e-08,nan,0.005660586524754763,0.054016634821891785,-0.006318395026028156,-0.014072959311306477,-0.178101047873497,-0.03144695237278938,0.2325725555419922,0.00673384265974164,0.03421531245112419,-0.004002208821475506,-0.008914118632674217,-0.1128130778670311,-0.01991918496787548,0.14731651544570923,0.004265362396836281,0.09539191424846649,0.05542997270822525,-0.019526956602931023,-0.2035505771636963,-0.10152088105678558,0.2554972171783447,0.06397467851638794,-3.154244041070342e-05,8.088463073363528e-05,-0.0001779415615601465,0.0003076935827266425,7.86742675700225e-05,-0.00031635264167562127,-0.00012365511793177575,-0.08887887001037598,0.028191491961479187,-0.03495138883590698,0.19487209618091583,0.07054917514324188,-0.27084600925445557,-0.08357438445091248,0.006513040512800217,0.08362146466970444,-0.054478347301483154,-0.008678477257490158,-0.030971702188253403,-0.015348805114626884,-0.019599707797169685,0.006513040512800217,0.08362146466970444,-0.054478347301483154,-0.008678477257490158,-0.030971702188253403,-0.015348805114626884,-0.019599707797169685,0.006513039115816355,0.08362146466970444,-0.054478347301483154,-0.008678475394845009,-0.030971702188253403,-0.015348807908594608,-0.019599709659814835
25.11,0.0049133868888020515,0.0049133868888020515,nan,nan,nan,nan,-0.10239873826503754,1.0,0.0,0.5413690209388733,0.0,0.0,0.0,0.0,0.006000000052154064,0.01899999938905239,64.0,0.13212858140468597,0.4715379476547241,0.008872710168361664,10.023809432983398,-0.008171841502189636,-0.0070101553574204445,0.0011616861447691917,-0.020108235999941826,0.1975173056125641,0.00448536965996027,0.08081762492656708,9.0,1.0,0.0,0.0,0.004913371987640858,-1.4901161193847656e-08,nan,0.00900260265916586,0.054992228746414185,0.05873076617717743,0.03066733293235302,-0.19477637112140656,0.01996104046702385,0.20725727081298828,0.0359751358628273,0.052789248526096344,0.05637802183628082,0.0294388048350811,-0.1869736611843109,0.01916140504181385,0.19895458221435547,0.03453397750854492,0.09908907115459442,0.08494077622890472,0.02255874313414097,-0.2905674874782562,-0.025250181555747986,0.3266792595386505,0.06552889198064804,-0.00014218382420949638,4.48965365649201e-05,-4.627922680811025e-05,0.0003095455758739263,1.675493513175752e-05,-0.0002967190812341869,-9.029159264173359e-05,-0.1293599009513855,-0.028823602944612503,-0.050575435161590576,0.25974443554878235,0.029931634664535522,-0.3227105140686035,-0.1125321239233017,-0.03027082420885563,0.05611717328429222,-0.028016693890094757,-0.03082304820418358,0.004681454040110111,0.003968730568885803,-0.04700322821736336,-0.03027082420885563,0.05611717328429222,-0.028016693890094757,-0.03082304820418358,0.004681454040110111,0.003968730568885803,-0.04700322821736336,-0.030270827934145927,0.05611717328429222,-0.028016693890094757,-0.03082304447889328,0.0046814559027552605,0.0039687249809503555,-0.047003231942653656
25.259999999999998,0.0036633508279919624,0.0036633508279919624,nan,nan,nan,nan,-0.08032999187707901,0.0,9.313225746154785e-10,0.5080031752586365,0.0,0.0,0.0,0.0,0.007000000216066837,0.009999999776482582,64.0,0.1317693591117859,0.7865698933601379,0.015130266547203064,19.50128936767578,-0.005376949906349182,-0.006861267611384392,-0.001484316773712635,0.0,0.16397717595100403,0.0044734179973602295,0.07118535041809082,9.0,1.0,0.0,0.0,0.0036633359268307686,-1.4901161193847656e-08,nan,0.004818911664187908,0.12488017231225967,0.09148425608873367,-0.03545273467898369,-0.06399060040712357,-0.18568718433380127,0.07302121818065643,0.14447163045406342,0.09178897738456726,0.06724243611097336,-0.026058342307806015,-0.04703414440155029,-0.13648314774036407,0.05367179960012436,0.10618902742862701,0.14274518191814423,0.11099701374769211,-0.014153480529785156,-0.1978960633277893,-0.14873549342155457,0.2232777327299118,0.13959242403507233,0.00011603153689065948,0.0002183790784329176,-0.00041978037916123867,0.0003360654809512198,0.000252211291808635,-0.00034485996002331376,-0.0002550698700360954,-0.17430546879768372,-0.048893630504608154,-0.007731452584266663,0.16586804389953613,0.14264562726020813,-0.21650995314121246,-0.17914004623889923,-0.03156029060482979,0.062103383243083954,-0.02188493311405182,-0.032028015702962875,-0.0060898601077497005,0.006767786107957363,-0.039547622203826904,-0.03156029060482979,0.062103383243083954,-0.02188493311405182,-0.032028015702962875,-0.0060898601077497005,0.006767786107957363,-0.039547622203826904,-0.03156029060482979,0.062103383243083954,-0.02188493311405182,-0.032028015702962875,-0.0060898601077497005,0.006767786107957363,-0.039547622203826904
25.387,0.003902173601090908,0.003902173601090908,nan,nan,nan,nan,-0.04794498533010483,0.0,9.313225746154785e-10,0.47138240933418274,0.0,0.0,0.0,0.0,0.004999999888241291,0.03799999877810478,64.0,0.1328655332326889,0.881725013256073,0.008478760719299316,10.365174293518066,0.00012313760817050934,0.004660268314182758,0.004537131637334824,0.0015374665381386876,0.6474475264549255,0.00586010841652751,0.09910311549901962,9.0,1.0,0.0,0.0,0.003902164287865162,-9.313225746154785e-09,nan,0.0127271618694067,0.06007895991206169,-0.020224852487444878,-0.014266686514019966,-0.1767730563879013,-0.023764487355947495,0.23227718472480774,0.003432096680626273,0.04917772114276886,-0.01655508391559124,-0.011678017675876617,-0.14469784498214722,-0.019452456384897232,0.19013084471225739,0.002809347817674279,0.12010767310857773,0.03841865435242653,-0.01873328536748886,-0.24328438937664032,-0.09325423091650009,0.3014504313468933,0.07202347368001938,-0.00021899148123338819,7.309312786674127e-05,-1.6413239336543484e-06,0.00028912705602124333,3.162072243867442e-05,-0.00024553542607463896,-0.00014152492803987116,-0.1409672647714615,0.018219247460365295,-0.0032335910946130753,0.18030360341072083,0.07259004563093185,-0.24221381545066833,-0.11335328221321106,-0.02085958607494831,0.056637901812791824,-0.021966876462101936,-0.0629807859659195,-0.020664187148213387,0.059236619621515274,-0.04132980480790138,-0.02085958607494831,0.056637901812791824,-0.021966876462101936,-0.0629807859659195,-0.020664187148213387,0.059236619621515274,-0.04132980480790138,-0.02085958607494831,0.056637901812791824,-0.021966876462101936,-0.0629807859659195,-0.020664187148213387,0.059236619621515274,-0.04132980480790138
25.503999999999998,0.0048284949734807014,0.0048284949734807014,nan,nan,nan,nan,-0.030508212745189667,0.0,0.006230632774531841,0.5239506363868713,0.0,0.0,0.0,0.0,0.0,0.013000000268220901,64.0,0.13477349281311035,1.5767831802368164,0.01593213528394699,20.273225784301758,-0.004465620964765549,0.011710205115377903,0.022406458854675293,0.0,0.9232796430587769,0.010255089960992336,0.10456392168998718,9.0,1.0,0.0,0.0,0.004828485660254955,-9.313225746154785e-09,nan,0.006383075378835201,0.12880508601665497,0.012742954306304455,-0.03127564117312431,-0.1384536325931549,-0.11532391607761383,0.16104590892791748,0.11774507164955139,0.06128911301493645,0.006063459441065788,-0.01488183718174696,-0.06588016450405121,-0.05487439036369324,0.07663021236658096,0.05602644756436348,0.1428692787885666,0.03842440992593765,-0.022545931860804558,-0.23345880210399628,-0.1102922111749649,0.2756557762622833,0.11101245135068893,-0.0002799451758619398,0.00011054240167140961,5.212516407482326e-05,0.00023695966228842735,5.639347364194691e-05,-0.00015292350144591182,-0.0001820181350922212,-0.11619237810373306,0.015301153063774109,0.0026692375540733337,0.10784606635570526,0.06560169160366058,-0.13318780064582825,-0.11188803613185883,0.026676900684833527,0.05372556298971176,-0.019876694306731224,-0.12561273574829102,-0.04469051957130432,0.14246797561645508,-0.0008755847811698914,0.026676900684833527,0.05372556298971176,-0.019876694306731224,-0.12561273574829102,-0.04469051957130432,0.14246797561645508,-0.0008755847811698914,0.026676900684833527,0.05372556298971176,-0.019876694306731224,-0.12561273574829102,-0.04469051957130432,0.14246797561645508,-0.0008755847811698914
25.678999999999995,0.004761884920299053,0.004761884920299053,nan,nan,nan,nan,-0.02408779412508011,0.0,1.862645149230957e-09,0.5318076014518738,0.0,0.0,0.0,0.0,-0.004000000189989805,0.04899999871850014,64.0,0.13435879349708557,0.8354597091674805,0.013304874300956726,17.329662322998047,-0.009366942569613457,0.0024424707517027855,0.011809415183961391,-0.0018072979291900992,0.9765989184379578,0.013525255024433136,0.0899265855550766,9.0,1.0,0.0,0.0,0.004761881195008755,-3.725290298461914e-09,nan,0.0070996456779539585,0.06302977353334427,-0.002942228689789772,-0.01990758441388607,-0.1715875118970871,-0.03489793464541435,0.2338423877954483,0.016729509457945824,0.051498204469680786,-0.002403935417532921,-0.01626540720462799,-0.140194833278656,-0.028513208031654358,0.1910599172115326,0.013668774627149105,0.15074372291564941,0.025480490177869797,-0.031324468553066254,-0.24584253132343292,-0.11698011308908463,0.3008478879928589,0.11160347610712051,-0.0002877239021472633,0.00011785595415858552,5.937927198829129e-05,0.00022632020409218967,6.175784801598638e-05,-0.00013516047329176217,-0.000189233644050546,-0.08913309872150421,0.022605258971452713,0.008185049518942833,0.08657152950763702,0.049041204154491425,-0.11224763095378876,-0.0803595781326294,0.0616106279194355,0.04808574914932251,-0.02313941903412342,-0.1592710018157959,-0.0679389089345932,0.18860025703907013,0.03124389611184597,0.0616106279194355,0.04808574914932251,-0.02313941903412342,-0.1592710018157959,-0.0679389089345932,0.18860025703907013,0.03124389611184597,0.0616106279194355,0.04808574914932251,-0.02313941903412342,-0.1592710018157959,-0.0679389089345932,0.18860025703907013,0.03124389611184597
25.823,0.0037333955988287926,0.0037333955988287926,nan,nan,nan,nan,-0.03813198581337929,0.0,9.313225746154785e-10,0.5192356109619141,0.0,0.0,0.0,0.0,0.0010000000474974513,0.026000000536441803,64.0,0.13163569569587708,5.422303676605225,0.07206015288829803,32.227752685546875,0.013069001957774162,-0.004831692203879356,-0.01790069416165352,-0.005281028337776661,0.9448635578155518,0.015578418970108032,0.14503982663154602,9.0,1.0,0.0,0.0,0.0037333881482481956,-7.450580596923828e-09,nan,0.02342183329164982,0.03798549994826317,0.05583226680755615,0.037825725972652435,-0.1941552758216858,0.03611928969621658,0.21206875145435333,-0.005919800605624914,0.032541703432798386,0.04783080890774727,0.0324048288166523,-0.16633041203022003,0.030942946672439575,0.18167667090892792,-0.005071419756859541,0.12319458276033401,0.03567374125123024,-0.008611731231212616,-0.29984360933303833,-0.05783963203430176,0.3687375485897064,0.05885501950979233,-0.0003236186457797885,0.00011248897499172017,9.884119208436459e-05,0.00021214761363808066,4.988242653780617e-05,-0.00010946654219878837,-0.0001902939548017457,-0.10663548111915588,0.022389259189367294,-0.011525845155119896,0.12230269610881805,0.019737716764211655,-0.12637270987033844,-0.09505996108055115,0.01655910164117813,0.058063000440597534,-0.020137576386332512,-0.17754091322422028,-0.0381019152700901,0.24236483871936798,-0.03620493784546852,0.01655910164117813,0.058063000440597534,-0.020137576386332512,-0.17754091322422028,-0.0381019152700901,0.24236483871936798,-0.03620493784546852,0.01655910164117813,0.058063000440597534,-0.020137576386332512,-0.17754091322422028,-0.0381019152700901,0.24236483871936798,-0.03620493784546852
25.902,0.004231461323797703,0.004231461323797703,nan,nan,nan,nan,-0.020512685179710388,0.0,0.003348308615386486,0.5305593609809875,0.0,0.0,0.0,0.0,0.007000000216066837,0.017999999225139618,64.0,0.12950807809829712,3.5257906913757324,0.01955963671207428,15.246785163879395,-0.0031680352985858917,0.0019051663111895323,0.008421510457992554,0.010040899738669395,0.9896830320358276,0.019193800166249275,0.11015036702156067,9.0,1.0,0.0,0.0,0.004231457598507404,-3.725290298461914e-09,nan,0.0066663040779531,0.08030761033296585,0.0014769930858165026,0.011083279736340046,-0.18486657738685608,-0.015291811898350716,0.2210027575492859,0.013189109042286873,0.045751918107271194,0.0008414553594775498,0.006314237602055073,-0.105320043861866,-0.008711873553693295,0.12590712308883667,0.007513946387916803,0.12178308516740799,0.017299629747867584,0.005260970443487167,-0.28766849637031555,-0.0386880487203598,0.3485349714756012,0.037411175668239594,-0.00029498263029381633,0.00013716702233068645,6.191828288137913e-05,0.00020236798445694149,8.249894744949415e-05,-9.676894114818424e-05,-0.00021313373872544616,-0.05529647320508957,0.023707866668701172,-0.015226811170578003,0.057339444756507874,-0.001841168850660324,-0.05449005961418152,-0.0359908826649189,0.06648661196231842,0.041007496416568756,-0.009965840727090836,-0.23032905161380768,-0.040529217571020126,0.2940449118614197,0.001420293003320694,0.06648661196231842,0.041007496416568756,-0.009965840727090836,-0.23032905161380768,-0.040529217571020126,0.2940449118614197,0.001420293003320694,0.06648661196231842,0.041007496416568756,-0.009965840727090836,-0.23032905161380768,-0.040529217571020126,0.2940449118614197,0.001420293003320694
25.985,0.004960327409207821,0.004960327409207821,nan,nan,nan,nan,-0.022377721965312958,0.0,-9.313225746154785e-10,0.547145426273346,0.0,0.0,0.0,0.0,0.0020000000949949026,0.019999999552965164,64.0,0.1294812560081482,7.319998741149902,0.03181491047143936,9.999946594238281,0.0060829948633909225,0.006644292734563351,0.0005612969398498535,0.019063707441091537,0.9749880433082581,0.020327677950263023,0.2355661690235138,9.0,1.0,0.0,0.0,0.004960319958627224,-7.450580596923828e-09,nan,0.023406406864523888,0.06253340095281601,0.013351433910429478,-0.011501047760248184,-0.16356603801250458,-0.02079295553267002,0.24091944098472595,0.023466262966394424,0.037955302745103836,0.008103792555630207,-0.006980681326240301,-0.09927812218666077,-0.012620502151548862,0.1462285816669464,0.014243093319237232,0.11111336946487427,0.020286880433559418,-0.009512150660157204,-0.27844110131263733,-0.03623300418257713,0.3804306983947754,0.038422681391239166,-0.0002781441144179553,0.0001462122891098261,4.31490370829124e-05,0.00020110468904022127,9.601876809028909e-05,-9.65638246270828e-05,-0.00021986231149639934,-0.07007861882448196,0.024636857211589813,0.004762825556099415,0.04484863579273224,0.021546298637986183,-0.05555081367492676,-0.07354632019996643,0.0410347506403923,0.04492373764514923,-0.004749325104057789,-0.2335924655199051,-0.01468670554459095,0.32487988471984863,-0.035123638808727264,0.0410347506403923,0.04492373764514923,-0.004749325104057789,-0.2335924655199051,-0.01468670554459095,0.32487988471984863,-0.035123638808727264,0.0410347506403923,0.04492373764514923,-0.004749325104057789,-0.2335924655199051,-0.01468670554459095,0.32487988471984863,-0.035123638808727264
26.092,0.005332502536475658,0.005332502536475658,nan,nan,nan,nan,-0.03207601606845856,0.0,2.7939677238464355e-09,0.5534812211990356,0.0,0.0,0.0,0.0,0.006000000052154064,0.01600000075995922,64.0,0.12861615419387817,1.2855790853500366,0.010425224900245667,10.90649127960205,0.003468163311481476,0.004850349854677916,0.0013821893371641636,0.014478921890258789,0.9830170273780823,0.021172598004341125,0.2211698740720749,9.0,1.0,0.0,0.0,0.0053324950858950615,-7.450580596923828e-09,nan,0.0229592714458704,0.03120012767612934,0.09835532307624817,0.06488928198814392,-0.1712568998336792,0.059701550751924515,0.20551764965057373,-0.0033847664017230272,0.021239900961518288,0.06695669144392014,0.04417423903942108,-0.11658540368080139,0.040642622858285904,0.13990886509418488,-0.0023042247630655766,0.08923450857400894,0.07401765882968903,0.0329844132065773,-0.28255122900009155,0.01407246571034193,0.3718082010746002,0.02244166098535061,-0.0002963181468658149,0.00014113789075054228,6.748220039298758e-05,0.00020361010683700442,8.649095252621919e-05,-9.288659930462018e-05,-0.00021201922209002078,-0.051675401628017426,-0.01832260936498642,-0.028689377009868622,0.04300905764102936,-0.012853480875492096,-0.03130176663398743,-0.06059195101261139,0.037559106945991516,0.055695049464702606,0.004295036196708679,-0.2395421713590622,0.0012189848348498344,0.3405064344406128,-0.03815029188990593,0.037559106945991516,0.055695049464702606,0.004295036196708679,-0.2395421713590622,0.0012189848348498344,0.3405064344406128,-0.03815029188990593,0.037559106945991516,0.055695049464702606,0.004295036196708679,-0.2395421713590622,0.0012189848348498344,0.3405064344406128,-0.03815029188990593
26.284,0.005679800175130367,0.005679800175130367,nan,nan,nan,nan,-0.01923728734254837,0.0,0.0013651875779032707,0.5562414526939392,0.0,0.0,0.0,0.0,-0.004000000189989805,0.04500000178813934,64.0,0.12653891742229462,3.85589337348938,0.01501571387052536,19.529888153076172,-0.010546090081334114,-0.0015357080847024918,0.010375569574534893,-0.0024215213488787413,0.9921463131904602,0.021296661347150803,0.1733783781528473,9.0,1.0,0.0,0.0,0.00567979272454977,-7.450580596923828e-09,nan,0.00968143530189991,0.06737019866704941,0.016851097345352173,-0.013776157051324844,-0.15938644111156464,-0.024032484740018845,0.2410607933998108,0.029926791787147522,0.015030916780233383,0.0037596363108605146,-0.0030735887121409178,-0.035560593008995056,-0.005361870396882296,0.05378290265798569,0.006676944904029369,0.05971548706293106,0.0622875802218914,0.0520157516002655,-0.2547991871833801,0.05478765815496445,0.3150682747364044,-0.009961023926734924,-0.0003137966268695891,0.00013238302199169993,9.173617581836879e-05,0.0002096454263664782,7.285841275006533e-05,-9.404689626535401e-05,-0.00020080863032490015,-0.016678594052791595,0.0013345293700695038,-0.027458295226097107,0.007484525442123413,-0.03023880161345005,0.019881218671798706,-0.02099224179983139,0.043036893010139465,0.06362210959196091,0.024557456374168396,-0.2473146617412567,0.024548856541514397,0.3349494934082031,-0.030953265726566315,0.043036893010139465,0.06362210959196091,0.024557456374168396,-0.2473146617412567,0.024548856541514397,0.3349494934082031,-0.030953265726566315,0.043036893010139465,0.06362210959196091,0.024557456374168396,-0.2473146617412567,0.024548856541514397,0.3349494934082031,-0.030953265726566315
26.39,0.005156812258064747,0.005156812258064747,nan,nan,nan,nan,-0.021958237513899803,0.0,0.0,0.5541572570800781,0.0,0.0,0.0,0.0,0.0020000000949949026,0.01899999938905239,64.0,0.12465965002775192,2.039839506149292,0.012686476111412048,13.828300476074219,-0.007589085027575493,-0.00445337500423193,0.003135710023343563,-0.008576696738600731,0.9851341843605042,0.020326638594269753,0.17383570969104767,9.0,1.0,0.0,0.0,0.005156810395419598,-1.862645149230957e-09,nan,0.010787059552967548,0.028942739591002464,0.09225292503833771,0.06611255556344986,-0.16485130786895752,0.06366835534572601,0.21189004182815552,-0.01240319013595581,0.01427640300244093,0.04550502076745033,0.032610923051834106,-0.08131516724824905,0.031405288726091385,0.10451766848564148,-0.006118043791502714,0.06487510353326797,0.06606787443161011,0.04193411022424698,-0.24218450486660004,0.03900271654129028,0.317734956741333,0.001947266049683094,-0.0003040646552108228,0.00014150956121739,7.527013804065064e-05,0.00021800595277454704,8.51862205308862e-05,-0.00010244335135212168,-0.0002101465652231127,-0.04357723146677017,0.005476541817188263,-0.009846311062574387,0.013157680630683899,0.006303500384092331,0.0009199082851409912,-0.05312613770365715,0.021297870203852654,0.07154441624879837,0.03208779916167259,-0.22902682423591614,0.045306216925382614,0.318654865026474,-0.05117887258529663,0.021297870203852654,0.07154441624879837,0.03208779916167259,-0.22902682423591614,0.045306216925382614,0.318654865026474,-0.05117887258529663,0.021297870203852654,0.07154441624879837,0.03208779916167259,-0.22902682423591614,0.045306216925382614,0.318654865026474,-0.05117887258529663
26.650999999999996,0.004572105593979359,0.004572105593979359,nan,nan,nan,nan,-0.01693926379084587,0.0,0.0017173467203974724,0.5660655498504639,0.0,0.0,0.0,0.0,0.004000000189989805,0.027000000700354576,64.0,0.12241408973932266,0.47415679693222046,0.008785165846347809,9.646086692810059,-0.006983308121562004,-0.0012965677306056023,0.007404087111353874,-0.0004721460572909564,0.9777945876121521,0.019165093079209328,0.09105030447244644,9.0,1.0,0.0,0.0,0.00457210186868906,-3.725290298461914e-09,nan,0.005723366979509592,0.06858588010072708,0.027711916714906693,-0.009079715237021446,-0.1522386521100998,-0.013713688589632511,0.24414101243019104,0.03841976821422577,0.0013043739600107074,0.0005270283436402678,-0.0001726790505927056,-0.002895291894674301,-0.00026080847601406276,0.004643101245164871,0.0007306714542210102,0.05075658857822418,0.05981874465942383,0.03886837512254715,-0.20353466272354126,0.042366452515125275,0.27506083250045776,-0.0022825319319963455,-0.0003105637151747942,0.00015296279161702842,7.419218309223652e-05,0.0002331540163140744,9.410420898348093e-05,-0.00010995301272487268,-0.00021886962349526584,-0.04475998505949974,0.018660739064216614,0.0016153231263160706,-0.005112200975418091,0.019853662699460983,0.02127477526664734,-0.05990123748779297,0.0059966035187244415,0.07847948372364044,0.04048369824886322,-0.20864686369895935,0.06222011521458626,0.2963356077671051,-0.062183767557144165,0.0059966035187244415,0.07847948372364044,0.04048369824886322,-0.20864686369895935,0.06222011521458626,0.2963356077671051,-0.062183767557144165,0.0059966035187244415,0.07847948372364044,0.04048369824886322,-0.20864686369895935,0.06222011521458626,0.2963356077671051,-0.062183767557144165
26.735,0.004647883586585522,0.004647883586585522,nan,nan,nan,nan,-0.030534861609339714,1.0,0.0,0.5758839845657349,0.0,0.0,0.0,0.0,0.006000000052154064,0.013000000268220901,64.0,0.12246045470237732,0.563164234161377,0.010076910257339478,13.666358947753906,-0.0013845022767782211,0.0004250453785061836,0.0018095476552844048,-0.00230409181676805,0.9538578391075134,0.01797293871641159,0.15327996015548706,9.0,1.0,0.0,0.0,0.0046478817239403725,-1.862645149230957e-09,nan,0.013267669826745987,0.02894262969493866,0.10961338132619858,0.07621264457702637,-0.14817678928375244,0.071587473154068,0.21033960580825806,-0.003871442750096321,0.011967229656875134,0.04532305896282196,0.031512487679719925,-0.06126829981803894,0.02960006520152092,0.08697144687175751,-0.001600768300704658,0.05323633551597595,0.0835033431649208,0.05034610629081726,-0.1998542696237564,0.049053046852350235,0.2830594480037689,0.005795804318040609,-0.00027796352514997125,0.00017209596990142018,3.370752529008314e-05,0.000236054154811427,0.0001246508036274463,-0.00011758801701944321,-0.00023769738618284464,-0.06788717955350876,0.0033429190516471863,-0.005383715033531189,0.01907588541507721,0.02522129938006401,-0.008084863424301147,-0.08079178631305695,-0.014650842174887657,0.086846262216568,0.04496239125728607,-0.1807783842086792,0.07427434623241425,0.2749745845794678,-0.0749959796667099,-0.014650842174887657,0.086846262216568,0.04496239125728607,-0.1807783842086792,0.07427434623241425,0.2749745845794678,-0.0749959796667099,-0.014650850556790829,0.086846262216568,0.04496239125728607,-0.1807783842086792,0.07427435368299484,0.2749745845794678,-0.0749959871172905
26.814,0.0046118395403027534,0.0046118395403027534,nan,nan,nan,nan,-0.026012832298874855,0.0,1.862645149230957e-09,0.5821245908737183,0.0,0.0,0.0,0.0,0.003000000026077032,0.024000000208616257,64.0,0.12237005680799484,1.0629799365997314,0.012308359146118164,10.660767555236816,-0.003976413980126381,0.0005300831981003284,0.004506499040871859,-0.0007140139932744205,0.9734233021736145,0.017324605956673622,0.17328369617462158,9.0,1.0,0.0,0.0,0.0046118320897221565,-7.450580596923828e-09,nan,0.010294466279447079,-0.11005660891532898,0.05899042636156082,0.12539486587047577,-0.03277365863323212,0.1923789083957672,-0.014332731254398823,-0.14280973374843597,-0.03872533515095711,0.020756810903549194,0.0441223680973053,-0.011531983502209187,0.0676918774843216,-0.005043221637606621,-0.0502500981092453,-0.019216954708099365,0.09493297338485718,0.10216576606035233,-0.1482974737882614,0.1320931762456894,0.18142534792423248,-0.0656568855047226,-0.00031748891342431307,0.00015367710147984326,8.139057172229514e-05,0.00023555626103188843,9.418633271707222e-05,-0.00010933633893728256,-0.00021948714856989682,-0.016626670956611633,0.006542295217514038,-0.03420984745025635,-0.01130850613117218,-0.029089711606502533,0.06279724836349487,-0.024501129984855652,-0.035843625664711,0.10147526860237122,0.06795591861009598,-0.1596059799194336,0.10300346463918686,0.24422259628772736,-0.09015801548957825,-0.035843625664711,0.10147526860237122,0.06795591861009598,-0.1596059799194336,0.10300346463918686,0.24422259628772736,-0.09015801548957825,-0.035843625664711,0.10147526860237122,0.06795591861009598,-0.1596059799194336,0.10300346463918686,0.24422259628772736,-0.09015801548957825
26.893,0.004372959025204182,0.004372959025204182,nan,nan,nan,nan,-0.019511518999934196,0.0,1.862645149230957e-09,0.5831983685493469,0.0,0.0,0.0,0.0,0.0,0.03099999949336052,64.0,0.12220205366611481,0.6416170001029968,0.012374483048915863,13.770435333251953,-0.0017032772302627563,-0.0020005214028060436,-0.00029724230989813805,-0.0033266241662204266,0.9707852005958557,0.016889972612261772,0.196633443236351,9.0,1.0,0.0,0.0,0.004372953437268734,-5.587935447692871e-09,nan,0.011047756299376488,0.0639239102602005,0.020497092977166176,-0.004287317860871553,-0.155520960688591,-0.0015853648073971272,0.24656559526920319,0.022166460752487183,0.0,0.0,-0.0,-0.0,-0.0,0.0,0.0,-0.06995232403278351,0.08385468274354935,0.12551738321781158,-0.10807596147060394,0.18139183521270752,0.10489045828580856,-0.11690239608287811,-3.571579873096198e-05,0.0003133411519229412,-0.00026991256163455546,0.0002536273968871683,0.0003436664119362831,-0.00017078762175515294,-0.0003779487160500139,-0.01081666350364685,0.02155395597219467,-0.02481965720653534,-0.01363719254732132,-0.025494292378425598,0.06769993156194687,-0.015113279223442078,-0.08076898753643036,0.10540863871574402,0.10069772601127625,-0.12171315401792526,0.15589754283428192,0.17259038984775543,-0.1320156753063202,-0.08076898753643036,0.10540863871574402,0.10069772601127625,-0.12171315401792526,0.15589754283428192,0.17259038984775543,-0.1320156753063202,-0.08076898753643036,0.10540863871574402,0.10069772601127625,-0.12171315401792526,0.15589754283428192,0.17259038984775543,-0.1320156753063202
26.982999999999997,0.004316122271120548,0.004316122271120548,nan,nan,nan,nan,-0.012801967561244965,1.0,-9.313225746154785e-10,0.5794400572776794,0.0,0.0,0.0,0.0,0.007000000216066837,0.026000000536441803,64.0,0.12197622656822205,6.455451011657715,0.017241574823856354,11.633621215820312,-0.0025352230295538902,-0.002267389092594385,0.00026783300563693047,0.00037553790025413036,0.8936187028884888,0.01508964691311121,0.17059779167175293,9.0,1.0,0.0,0.0,0.00431611854583025,-3.725290298461914e-09,nan,0.009954540990293026,0.0639239102602005,0.020497092977166176,-0.004287317860871553,-0.155520960688591,-0.0015853648073971272,0.24656559526920319,0.022166460752487183,0.0,0.0,-0.0,-0.0,-0.0,0.0,0.0,0.00721816997975111,0.04733336344361305,0.050693854689598083,-0.13542476296424866,0.07591800391674042,0.18655648827552795,-0.03673870489001274,-0.000338153971824795,0.00014960138651076704,0.00010312309314031154,0.00023414062161464244,8.349790732609108e-05,-0.00010108133574249223,-0.00021661483333446085,-0.07124049961566925,0.03880302980542183,0.03754597157239914,0.01977924257516861,0.06284071505069733,-0.02350081503391266,-0.07533182203769684,-0.06402233242988586,0.08613639324903488,0.08823982626199722,-0.11564552038908005,0.13875871896743774,0.1630556732416153,-0.11207052320241928,-0.06402233242988586,0.08613639324903488,0.08823982626199722,-0.11564552038908005,0.13875871896743774,0.1630556732416153,-0.11207052320241928,-0.06402233242988586,0.08613639324903488,0.08823982626199722,-0.11564552038908005,0.13875871896743774,0.1630556732416153,-0.11207052320241928
27.050999999999995,0.004904470406472683,0.004904470406472683,nan,nan,nan,nan,-0.017199471592903137,0.0,9.313225746154785e-10,0.5747866630554199,0.0,0.0,0.0,0.0,0.003000000026077032,0.014999999664723873,64.0,0.12209946662187576,0.5902210474014282,0.011527910828590393,12.919024467468262,-0.008281375281512737,-0.0006687208078801632,0.007612655404955149,0.020177166908979416,0.9467524290084839,0.01409012172371149,0.22314073145389557,9.0,1.0,0.0,0.0,0.004904462955892086,-7.450580596923828e-09,nan,0.008001898415386677,0.01886281557381153,0.13397376239299774,0.09089522063732147,-0.13619114458560944,0.08765847235918045,0.19285745918750763,0.0026924042031168938,0.0018895035609602928,0.01342026051133871,0.009105048142373562,-0.013642378151416779,0.008780821226537228,0.01931868866086006,0.0002697003073990345,0.016819486394524574,0.09183657169342041,0.07005667686462402,-0.1428520679473877,0.08055944740772247,0.20137552917003632,-0.014774621464312077,-0.0003215371980331838,0.00015909395006019622,8.480982069158927e-05,0.00023208880156744272,9.646145917940885e-05,-0.00010076369653688744,-0.00022422343317884952,-0.050836049020290375,-0.00853099673986435,0.007007665932178497,0.019115127623081207,0.03301702439785004,-0.02441631257534027,-0.06172233819961548,-0.03401656076312065,0.08330557495355606,0.07706434279680252,-0.12373694032430649,0.11357647180557251,0.17695921659469604,-0.07649695873260498,-0.03401656076312065,0.08330557495355606,0.07706434279680252,-0.12373694032430649,0.11357647180557251,0.17695921659469604,-0.07649695873260498,-0.03401656076312065,0.08330557495355606,0.07706434279680252,-0.12373694032430649,0.11357647180557251,0.17695921659469604,-0.07649695873260498
27.161,0.004651886411011219,0.004651886411011219,nan,nan,nan,nan,-0.017673790454864502,0.0,-2.7939677238464355e-09,0.5713353753089905,0.0,0.0,0.0,0.0,0.004999999888241291,0.02199999988079071,64.0,0.12203525751829147,3.7597203254699707,0.02073962241411209,14.849124908447266,-0.007137656211853027,-0.00031113065779209137,0.006826522760093212,0.0,0.9878032207489014,0.01402253471314907,0.19960707426071167,9.0,1.0,0.0,0.0,0.0046518826857209206,-3.725290298461914e-09,nan,0.007653253618627787,-0.10744112730026245,0.0686265155673027,0.13757464289665222,-0.026271775364875793,0.18846294283866882,-0.03256755322217941,-0.13247978687286377,-0.028996430337429047,0.018521063029766083,0.03712892532348633,-0.007090279832482338,0.050862763077020645,-0.008789397776126862,-0.03575391322374344,-0.020323820412158966,0.09838235378265381,0.10104385763406754,-0.12143748998641968,0.1231156438589096,0.1541086733341217,-0.055144619196653366,-0.00032379370531998575,0.00016199190577026457,8.727538806851953e-05,0.00023471962776966393,9.62866615736857e-05,-0.00010051409481093287,-0.00022374719264917076,-0.02614636719226837,-0.004599645733833313,-0.014902785420417786,0.010814495384693146,-6.814301013946533e-05,0.006788134574890137,-0.02858671173453331,-0.04647018760442734,0.0937827080488205,0.08614107221364975,-0.11062299460172653,0.12304750084877014,0.16089680790901184,-0.08373133093118668,-0.04647018760442734,0.0937827080488205,0.08614107221364975,-0.11062299460172653,0.12304750084877014,0.16089680790901184,-0.08373133093118668,-0.04647018760442734,0.0937827080488205,0.08614107221364975,-0.11062299460172653,0.12304750084877014,0.16089680790901184,-0.08373133093118668
27.244,0.0038007842376828194,0.0038007842376828194,nan,nan,nan,nan,-0.01773954927921295,1.0,3.4924596548080444e-09,0.5624786615371704,0.0,0.0,0.0,0.0,0.0010000000474974513,0.035999998450279236,64.0,0.12172295153141022,1.2601213455200195,0.010865740478038788,9.858078002929688,-0.003228783840313554,-0.004897397477179766,-0.001668610144406557,-0.008861327543854713,0.8452045321464539,0.012093398720026016,0.19746169447898865,9.0,1.0,0.0,0.0,0.0038007786497473717,-5.587935447692871e-09,nan,0.006464147940278053,0.06457950919866562,0.026353733614087105,0.0025394889526069164,-0.15054282546043396,0.009646139107644558,0.248812735080719,0.02155352011322975,0.0,0.0,0.0,-0.0,0.0,0.0,0.0,-0.015911433845758438,0.07767581939697266,0.08696109056472778,-0.11684825271368027,0.11217939108610153,0.15071381628513336,-0.05305400863289833,-0.0002911908377427608,0.00018367153825238347,4.405161598697305e-05,0.00024224523804150522,0.00012736722419504076,-0.000112311085104011,-0.0002448349550832063,-0.06187109276652336,-0.029991962015628815,0.005834296345710754,0.04777013510465622,0.032813869416713715,-0.089711494743824,-0.05671631917357445,-0.0777825266122818,0.04768385738134384,0.09279538691043854,-0.06907811760902405,0.14499326050281525,0.06100232154130936,-0.10977032780647278,-0.0777825266122818,0.04768385738134384,0.09279538691043854,-0.06907811760902405,0.14499326050281525,0.06100232154130936,-0.10977032780647278,-0.0777825266122818,0.04768385738134384,0.09279538691043854,-0.06907811760902405,0.14499326050281525,0.06100232154130936,-0.10977032780647278
27.320999999999998,0.003513914532959461,0.003513914532959461,nan,nan,nan,nan,-0.01655048504471779,1.0,1.1641532182693481e-09,0.5583612322807312,0.0,0.0,0.0,0.0,0.004999999888241291,0.012000000104308128,64.0,0.1211961954832077,0.7515139579772949,0.014910474419593811,13.24555778503418,-0.001617097994312644,-0.005541816353797913,-0.00392471719533205,0.0,0.6212010383605957,0.011285239830613136,0.16683797538280487,9.0,1.0,0.0,0.0,0.0035139108076691628,-3.725290298461914e-09,nan,0.006385836750268936,0.06457950919866562,0.026353733614087105,0.0025394889526069164,-0.15054282546043396,0.009646139107644558,0.248812735080719,0.02155352011322975,0.000231432422879152,9.444340685149655e-05,9.100721399590839e-06,-0.0005394975887611508,3.456869671936147e-05,0.0008916657534427941,7.724096940364689e-05,0.015232127159833908,0.05784983932971954,0.054329533129930496,-0.1299430876970291,0.07255017757415771,0.188749760389328,-0.024204757064580917,-0.00032667990308254957,0.00016581403906457126,8.387121488340199e-05,0.00024381095136050135,9.51587499002926e-05,-0.00010755500989034772,-0.00022677551896777004,-0.09099516272544861,-0.026306062936782837,0.030814278870821,0.06635250896215439,0.06494186818599701,-0.13792026042938232,-0.08268989622592926,-0.075763039290905,0.03154377639293671,0.0851438120007515,-0.06359057873487473,0.13749204576015472,0.05082949995994568,-0.10689465701580048,-0.075763039290905,0.03154377639293671,0.0851438120007515,-0.06359057873487473,0.13749204576015472,0.05082949995994568,-0.10689465701580048,-0.0757630467414856,0.03154376894235611,0.0851438120007515,-0.06359057128429413,0.13749204576015472,0.050829485058784485,-0.10689465701580048
27.431999999999995,0.003288489766418934,0.003288489766418934,nan,nan,nan,nan,-0.026010196655988693,1.0,3.055902197957039e-09,0.5510185360908508,0.0,0.0,0.0,0.0,0.006000000052154064,0.020999999716877937,64.0,0.12054183334112167,0.6989250183105469,7.901909828186035,11.490288734436035,-0.0002986944455187768,-0.002727099461480975,-0.0024284019600600004,0.005162099376320839,0.5071275234222412,0.011187477968633175,0.10646764934062958,9.0,1.0,0.0,0.0,0.003288484178483486,-5.587935447692871e-09,nan,0.006478901021182537,-0.045189421623945236,0.03396657854318619,0.0887044370174408,-0.10906258970499039,0.12741856276988983,0.1842329055070877,-0.12986072897911072,-0.020288271829485893,0.01524965837597847,0.03982480242848396,-0.048964813351631165,0.0572059229016304,0.08271332830190659,-0.05830235779285431,0.003377196379005909,0.10107268393039703,0.09405804425477982,-0.15027742087841034,0.11158847063779831,0.23041024804115295,-0.04449324309825897,-0.00031954117002896965,0.0001687933981884271,7.387772348010913e-05,0.00024422534625045955,9.816869714995846e-05,-0.00011068387539125979,-0.00023030920419842005,-0.08994045853614807,-0.09897145628929138,-0.008230678737163544,0.10319912433624268,0.030886344611644745,-0.2237953096628189,-0.06793820112943649,-0.08656325936317444,0.002101229503750801,0.08582736551761627,-0.047078292816877365,0.14247481524944305,0.006614938378334045,-0.11243144422769547,-0.08656325936317444,0.002101229503750801,0.08582736551761627,-0.047078292816877365,0.14247481524944305,0.006614938378334045,-0.11243144422769547,-0.08656326681375504,0.0021012318320572376,0.08582736551761627,-0.04707828909158707,0.14247481524944305,0.0066149355843663216,-0.11243145167827606
27.579,0.003713001497089863,0.003713001497089863,nan,nan,nan,nan,-0.02144194021821022,0.0,0.001449393923394382,0.5511682629585266,0.0,0.0,0.0,0.0,-0.004999999888241291,0.019999999552965164,64.0,0.12081118673086166,4.205421447753906,0.9814426302909851,32.04268264770508,0.00038303795736283064,0.00013065093662589788,0.0011970069026574492,0.0,0.6054847240447998,0.012952220626175404,0.14134201407432556,9.0,1.0,0.0,0.0,0.003712995909154415,-5.587935447692871e-09,nan,0.008360696956515312,0.0628279522061348,0.01553292665630579,0.007987895049154758,-0.15375971794128418,0.020848987624049187,0.24822284281253815,0.007500407285988331,0.018333667889237404,0.004532624501734972,0.002330927876755595,-0.044868238270282745,0.006083890795707703,0.07243328541517258,0.002188675105571747,-0.00752219557762146,0.07626175880432129,0.09770671278238297,-0.15892495214939117,0.12709276378154755,0.2411147654056549,-0.0777459368109703,-0.00011200247536180541,0.00027552872779779136,-0.00017226900672540069,0.0002540043496992439,0.0002745957754086703,-0.00016224813589360565,-0.00033799733500927687,-0.09061849117279053,-0.0809355303645134,4.3764710426330566e-05,0.10479400306940079,0.03259265422821045,-0.22035735845565796,-0.060221217572689056,-0.09814068675041199,-0.004673771560192108,0.0977504774928093,-0.05413094907999039,0.159685418009758,0.02075740322470665,-0.13796715438365936,-0.09814068675041199,-0.004673771560192108,0.0977504774928093,-0.05413094907999039,0.159685418009758,0.02075740322470665,-0.13796715438365936,-0.09814068675041199,-0.004673771560192108,0.0977504774928093,-0.05413094907999039,0.159685418009758,0.02075740322470665,-0.13796715438365936
27.689,0.004336533136665821,0.004336533136665821,nan,nan,nan,nan,-0.04285511374473572,0.0,5.122274160385132e-09,0.5584847331047058,0.0,0.0,0.0,0.0,0.004999999888241291,0.020999999716877937,64.0,0.12217920273542404,1.8208874464035034,0.01882202923297882,28.839038848876953,0.0027177748270332813,0.003651305567473173,0.0009335358627140522,-0.0010572728933766484,0.30983173847198486,0.013884373009204865,0.14184309542179108,9.0,1.0,0.0,0.0,0.004336527548730373,-5.587935447692871e-09,nan,0.015858983621001244,0.02110648900270462,0.16451463103294373,0.10627514868974686,-0.10559380054473877,0.09923022240400314,0.16945043206214905,0.03853446617722511,0.01646098680794239,0.12830524146556854,0.08288417011499405,-0.08235277980566025,0.07738982141017914,0.1321546882390976,0.030053097754716873,0.02339576743543148,0.14131470024585724,0.11607171595096588,-0.18183866143226624,0.13022688031196594,0.2848920524120331,-0.015855606645345688,-0.00021615595323964953,0.00021312721946742386,-4.083399107912555e-05,0.0002431436732877046,0.00017128010222222656,-0.0001352614490315318,-0.00027039097039960325,-0.1368435174226761,-0.16444548964500427,-0.015472836792469025,0.13940805196762085,0.04174169898033142,-0.2962185740470886,-0.1327480971813202,-0.11344774812459946,-0.023130789399147034,0.10059887915849686,-0.04243061691522598,0.17196857929229736,-0.011326521635055542,-0.14860370755195618,-0.11344774812459946,-0.023130789399147034,0.10059887915849686,-0.04243061691522598,0.17196857929229736,-0.011326521635055542,-0.14860370755195618,-0.11344774812459946,-0.023130789399147034,0.10059887915849686,-0.04243061691522598,0.17196857929229736,-0.011326521635055542,-0.14860370755195618
27.833999999999996,0.003630959428846836,0.003630959428846836,nan,nan,nan,nan,-0.036906853318214417,0.0,0.0042604077607393265,0.5469815135002136,0.0,0.0,0.0,0.0,0.006000000052154064,0.017999999225139618,64.0,0.1219770535826683,6.036083221435547,0.020702369511127472,17.09406089782715,0.004968496039509773,-0.001716857310384512,-0.0024249455891549587,0.0,0.2816336154937744,0.015532296150922775,0.16424790024757385,9.0,1.0,0.0,0.0,0.0036309557035565376,-3.725290298461914e-09,nan,0.009727046824991703,0.10139036923646927,0.1174435093998909,0.010975543409585953,-0.11539404839277267,-0.0523037351667881,0.20758579671382904,0.08162858337163925,0.03553806617856026,0.041164807975292206,0.003847008105367422,-0.040446460247039795,-0.018332842737436295,0.07276033610105515,0.02861141413450241,0.02270738035440445,0.13790982961654663,0.1134025976061821,-0.17912887036800385,0.1173989325761795,0.2952527403831482,-0.03512097895145416,-0.00033573812106624246,0.0001538768265163526,9.900879376800731e-05,0.00023886800045147538,6.649480201303959e-05,-0.0001096684136427939,-0.0002071954368147999,-0.1570928394794464,-0.1495499312877655,-0.00014854222536087036,0.1465488076210022,0.0730953961610794,-0.3172954320907593,-0.13114415109157562,-0.13438545167446136,-0.011640096083283424,0.11325405538082123,-0.03258005529642105,0.1904943287372589,-0.02204267866909504,-0.16626513004302979,-0.13438545167446136,-0.011640096083283424,0.11325405538082123,-0.03258005529642105,0.1904943287372589,-0.02204267866909504,-0.16626513004302979,-0.13438545167446136,-0.011640096083283424,0.11325405538082123,-0.03258005529642105,0.1904943287372589,-0.02204267866909504,-0.16626513004302979
27.985999999999997,0.003998058848083019,0.003998058848083019,nan,nan,nan,nan,-0.155673086643219,0.0,2.7939677238464355e-09,0.70316082239151,0.0,0.0,0.0,0.0,0.0010000000474974513,0.028999999165534973,64.0,0.12340518832206726,4.329579830169678,0.015428289771080017,18.443071365356445,0.0033167554065585136,-0.001534617505967617,-0.004851370118558407,0.0,0.11865096539258957,0.015375182032585144,0.1190301701426506,9.0,1.0,0.0,0.0,0.003998045809566975,-1.30385160446167e-08,nan,0.010725598782300949,0.04845251515507698,0.010353827849030495,0.019053345546126366,-0.15439312160015106,0.03967994451522827,0.2478894591331482,-0.017922189086675644,0.050338391214609146,0.010756822302937508,0.019794942811131477,-0.16040244698524475,0.04122437536716461,0.2575378715991974,-0.018619760870933533,0.06294813007116318,0.09294454753398895,0.07531658560037613,-0.2319735288619995,0.0870712548494339,0.37893351912498474,-0.023493468761444092,-0.0001630692568141967,-0.00029862349038012326,0.00012441592116374522,0.00012112761760363355,-0.000365373125532642,-0.00022829952649772167,0.00020614874665625393,-0.19977638125419617,-0.11509063839912415,0.027842886745929718,0.19887568056583405,0.09574809670448303,-0.3986963629722595,-0.14911949634552002,-0.1368282437324524,-0.022146087139844894,0.10315947234630585,-0.033097848296165466,0.18281935155391693,-0.019762836396694183,-0.1726129651069641,-0.1368282437324524,-0.022146087139844894,0.10315947234630585,-0.033097848296165466,0.18281935155391693,-0.019762836396694183,-0.1726129651069641,-0.1368282437324524,-0.022146087139844894,0.10315947234630585,-0.033097848296165466,0.18281935155391693,-0.019762836396694183,-0.1726129651069641
28.031,0.004118124954402447,0.004118124954402447,nan,nan,nan,nan,-0.05209957808256149,0.0,1.1641532182693481e-09,0.5480571389198303,0.0,0.0,0.0,0.0,0.004000000189989805,0.007000000216066837,64.0,0.12350872904062271,0.5264207720756531,0.009509734809398651,9.966462135314941,0.0015614212024956942,0.0022072456777095795,0.0006458256393671036,0.025194935500621796,0.18797892332077026,0.014307756908237934,0.17267106473445892,9.0,1.0,0.0,0.0,0.004118121229112148,-3.725290298461914e-09,nan,0.013598271645605564,0.005012610461562872,0.20057742297649384,0.1246376559138298,-0.062116589397192,0.1166914626955986,0.11029446125030518,0.06759284436702728,0.0040046353824436665,0.16024373471736908,0.09957453608512878,-0.0496256984770298,0.09322623163461685,0.08811558783054352,0.054000746458768845,0.04126221686601639,0.194447860121727,0.1313735991716385,-0.18222454190254211,0.13293933868408203,0.3037678599357605,0.032613322138786316,-6.234665488591418e-05,0.0002908012247644365,-0.00022469161194749177,0.0002566634793765843,0.0002899086393881589,-0.00018471921794116497,-0.00034282595152035356,-0.1639677882194519,-0.21363334357738495,-0.02475670725107193,0.14421606063842773,0.04727491736412048,-0.32780247926712036,-0.17611737549304962,-0.12270556390285492,-0.019185485318303108,0.10661689192056656,-0.03800848498940468,0.18021425604820251,-0.024034608155488968,-0.1435040533542633,-0.12270556390285492,-0.019185485318303108,0.10661689192056656,-0.03800848498940468,0.18021425604820251,-0.024034608155488968,-0.1435040533542633,-0.12270556390285492,-0.019185485318303108,0.10661689192056656,-0.03800848498940468,0.18021425604820251,-0.024034608155488968,-0.1435040533542633
28.091,0.004126573912799358,0.004126573912799358,nan,nan,nan,nan,-0.17623363435268402,0.0,1.1641532182693481e-09,0.7068255543708801,0.0,0.0,0.0,0.0,0.003000000026077032,0.023000000044703484,64.0,0.12383697926998138,0.9336163997650146,0.015827827155590057,28.921899795532227,0.0012813073117285967,0.00030813273042440414,-0.0009731734171509743,0.00036734601599164307,0.26791930198669434,0.016831614077091217,0.1595594435930252,9.0,1.0,0.0,0.0,0.0041265590116381645,-1.4901161193847656e-08,nan,0.009401754476130009,-0.03578443080186844,0.046594519168138504,0.09079469740390778,-0.10911507159471512,0.11668965220451355,0.19460134208202362,-0.12211671471595764,-0.023185009136795998,0.030188949778676033,0.05882658436894417,-0.07069649547338486,0.07560412585735321,0.12608371675014496,-0.07912036776542664,0.004020102322101593,0.1665201038122177,0.1445177048444748,-0.17485126852989197,0.15892340242862701,0.2996521294116974,-0.04072720184922218,-0.00031361685250885785,0.0001599916722625494,7.737978739896789e-05,0.00023760572366882116,7.20591124263592e-05,-0.00011739790352294222,-0.00020705028146039695,-0.16113460063934326,-0.16697099804878235,-0.0235045924782753,0.16445468366146088,0.04808790981769562,-0.36074885725975037,-0.1244918555021286,-0.15711450576782227,-0.00045090168714523315,0.1210131123661995,-0.010396590456366539,0.20701131224632263,-0.06109671667218208,-0.16521905362606049,-0.15711450576782227,-0.00045090168714523315,0.1210131123661995,-0.010396590456366539,0.20701131224632263,-0.06109671667218208,-0.16521905362606049,-0.15711450576782227,-0.00045090168714523315,0.1210131123661995,-0.010396590456366539,0.20701131224632263,-0.06109671667218208,-0.16521905362606049
28.190999999999995,0.00407732930034399,0.00407732930034399,nan,nan,nan,nan,-0.15125419199466705,1.0,1.3969838619232178e-09,0.7088837623596191,0.0,0.0,0.0,0.0,0.004000000189989805,0.009999999776482582,64.0,0.1241215318441391,2.7949419021606445,0.016485340893268585,16.502925872802734,-0.0009260517545044422,0.0006400244310498238,0.001566077582538128,-0.0023070722818374634,0.00816450733691454,0.015493940562009811,0.20527112483978271,9.0,1.0,0.0,0.0,0.004077321849763393,-7.450580596923828e-09,nan,0.006835161242634058,0.13321948051452637,0.06443308293819427,-0.0514984056353569,-0.08041743189096451,-0.12040599435567856,0.160620778799057,0.1366940438747406,0.09316869080066681,0.045062072575092316,-0.03601604700088501,-0.056240927428007126,-0.08420742303133011,0.11233212798833847,0.09559866786003113,0.05502176657319069,0.13447651267051697,0.07963453978300095,-0.16249865293502808,0.062230434268713,0.29102349281311035,0.009707726538181305,-0.00029816245660185814,0.00016647913435008377,5.946464807493612e-05,0.00023795684683136642,8.112665818771347e-05,-0.0001227862958330661,-0.00021218096662778407,-0.19282574951648712,-0.13975347578525543,0.03643832355737686,0.1423354148864746,0.13199196755886078,-0.33872783184051514,-0.1617925763130188,-0.13780398666858673,-0.005276963580399752,0.11607286334037781,-0.02016323432326317,0.19422240555286407,-0.04770433157682419,-0.1520848572254181,-0.13780398666858673,-0.005276963580399752,0.11607286334037781,-0.02016323432326317,0.19422240555286407,-0.04770433157682419,-0.1520848572254181,-0.13780398666858673,-0.005276963114738464,0.11607286334037781,-0.02016323432326317,0.19422240555286407,-0.04770433157682419,-0.1520848572254181
28.259,0.0035663628950715065,0.0035663628950715065,nan,nan,nan,nan,-0.17093424499034882,0.0,-9.313225746154785e-10,0.7085410356521606,0.0,0.0,0.0,0.0,0.004000000189989805,0.012000000104308128,64.0,0.12491051107645035,0.688557505607605,0.01375935971736908,13.500661849975586,0.006103968247771263,-0.0022183964028954506,-0.008322365581989288,-0.012470564804971218,-0.6628101468086243,0.010912943631410599,0.1926415115594864,9.0,1.0,0.0,0.0,0.0035663405433297157,-2.2351741790771484e-08,nan,0.010680210776627064,0.13321948051452637,0.06443308293819427,-0.0514984056353569,-0.08041743189096451,-0.12040599435567856,0.160620778799057,0.1366940438747406,0.19153961539268494,0.09264027327299118,-0.07404311746358871,-0.11562217026948929,-0.17311671376228333,0.23093651235103607,0.19653525948524475,0.17735344171524048,0.14078837633132935,-0.017099503427743912,-0.17299218475818634,-0.10319702327251434,0.3284183144569397,0.1581377238035202,0.0003018557617906481,-4.893862205790356e-05,-0.00044611236080527306,0.00015863151929806918,3.6093901144340634e-05,-0.0003597110044211149,-4.331025775172748e-05,-0.2841162085533142,-0.14358696341514587,0.08768421411514282,0.16893622279167175,0.2297486662864685,-0.3842375874519348,-0.26814234256744385,-0.10676277428865433,-0.002798588015139103,0.07058471441268921,-0.004055969417095184,0.12655164301395416,-0.05581925809383392,-0.11000463366508484,-0.10676277428865433,-0.002798588015139103,0.07058471441268921,-0.004055969417095184,0.12655164301395416,-0.05581925809383392,-0.11000463366508484,-0.10676277428865433,-0.002798588015139103,0.07058471441268921,-0.004055969417095184,0.12655164301395416,-0.05581925809383392,-0.11000463366508484
28.333,0.003510325215756893,0.003510325215756893,nan,nan,nan,nan,-0.18388967216014862,0.0,-4.656612873077393e-10,0.7088866829872131,0.0,0.0,0.0,0.0,0.004999999888241291,0.006000000052154064,64.0,0.12518970668315887,1.419549822807312,0.01856684684753418,17.87131690979004,0.00019189110025763512,-0.0013913908042013645,-0.001583282370120287,0.0,-0.795482873916626,0.0035309954546391964,0.15308335423469543,9.0,1.0,0.0,0.0,0.003510301001369953,-2.421438694000244e-08,nan,0.00440925732254982,0.13321948051452637,0.06443308293819427,-0.0514984056353569,-0.08041743189096451,-0.12040599435567856,0.160620778799057,0.1366940438747406,0.23401948809623718,0.11318612843751907,-0.09046447277069092,-0.14126497507095337,-0.21151073276996613,0.2821538746356964,0.24012306332588196,0.2554750442504883,0.15417583286762238,-0.07012145966291428,-0.19090819358825684,-0.1991278976202011,0.37178897857666016,0.2488706260919571,0.00012061282177455723,-0.0001325639896094799,-0.0002349985297769308,0.00014933898637536913,-0.00010604144335957244,-0.00031111272983253,4.224506119498983e-05,-0.2877862751483917,-0.16159090399742126,0.08896645903587341,0.174288809299469,0.23703262209892273,-0.4072253108024597,-0.2726222574710846,-0.032311223447322845,-0.0074150655418634415,0.018844997510313988,-0.016619376838207245,0.03790472075343132,-0.03543631732463837,-0.023751623928546906,-0.032311223447322845,-0.0074150655418634415,0.018844997510313988,-0.016619376838207245,0.03790472075343132,-0.03543631732463837,-0.023751623928546906,-0.032311223447322845,-0.0074150655418634415,0.018844997510313988,-0.016619376838207245,0.03790472075343132,-0.03543631732463837,-0.023751623928546906
28.5,0.0035861963406205177,0.0035861963406205177,nan,nan,nan,nan,-0.1601620316505432,0.0,-6.984919309616089e-10,0.7104023694992065,0.0,0.0,0.0,0.0,0.0020000000949949026,0.019999999552965164,64.0,0.1261780858039856,0.8442122340202332,0.01107342541217804,17.573074340820312,-0.0022879585158079863,0.0002282478380948305,0.002516205655410886,0.0,0.3961620032787323,0.0029625564347952604,0.07200364023447037,9.0,1.0,0.0,0.0,0.003586188890039921,-7.450580596923828e-09,nan,0.002365709515288472,0.02932584099471569,-0.00802628230303526,0.033496029675006866,-0.1553177386522293,0.0658695176243782,0.23820197582244873,-0.052450116723775864,0.028925955295562744,-0.007916836068034172,0.03303927555680275,-0.15319983661174774,0.06497132033109665,0.2349538505077362,-0.051734909415245056,0.19237124919891357,0.09473777562379837,-0.02697691321372986,-0.2328091263771057,-0.0915285274386406,0.4093727767467499,0.13231229782104492,0.0003659597714431584,-8.907712981454097e-06,-0.0005311971181072295,0.00016793535905890167,9.517719445284456e-05,-0.0003819917037617415,-8.218616858357564e-05,-0.1742248833179474,-0.11990735679864883,0.015267228707671165,0.1909191608428955,0.08372142910957336,-0.41497802734375,-0.10857227444648743,0.018146369606256485,-0.025169581174850464,-0.011709684506058693,-0.04188995808362961,-0.007807097397744656,-0.005605243146419525,0.023740027099847794,0.018146369606256485,-0.025169581174850464,-0.011709684506058693,-0.04188995808362961,-0.007807097397744656,-0.005605243146419525,0.023740027099847794,0.018146369606256485,-0.025169581174850464,-0.011709684506058693,-0.04188995808362961,-0.007807097397744656,-0.005605243146419525,0.023740027099847794
28.647,0.003853744827210903,0.003853744827210903,nan,nan,nan,nan,-0.1369582712650299,0.0,-9.313225746154785e-10,0.7100639939308167,0.0,0.0,0.0,0.0,0.0,0.03400000184774399,64.0,0.12574471533298492,1.2819935083389282,0.03494136035442352,12.177127838134766,-0.004809758625924587,3.869557986035943e-05,0.004848453216254711,0.00047585100401192904,0.7264935374259949,0.005291380919516087,0.028217315673828125,9.0,1.0,0.0,0.0,0.00385372806340456,-1.6763806343078613e-08,nan,0.0015245479298755527,0.13859881460666656,0.042669810354709625,-0.06660966575145721,-0.07166306674480438,-0.13640780746936798,0.1501845419406891,0.13503602147102356,0.1371592879295349,0.042226627469062805,-0.06591784209012985,-0.07091875374317169,-0.13499103486537933,0.14862468838691711,0.13363350927829742,0.2125043123960495,0.08711156249046326,-0.062140773981809616,-0.191311776638031,-0.14941520988941193,0.3529750108718872,0.17338237166404724,0.000329111295286566,-2.5867822841973975e-05,-0.0004861087363678962,0.00016558787319809198,6.536968430737033e-05,-0.0003702737740240991,-6.312975892797112e-05,-0.1658323109149933,-0.12184512615203857,0.0332975909113884,0.13310472667217255,0.11704349517822266,-0.3322038948535919,-0.12738825380802155,0.046671994030475616,-0.03473356366157532,-0.02884318120777607,-0.05820704996585846,-0.03237171098589897,0.020771102979779243,0.045994121581315994,0.046671994030475616,-0.03473356366157532,-0.02884318120777607,-0.05820704996585846,-0.03237171098589897,0.020771102979779243,0.045994121581315994,0.046671994030475616,-0.03473356366157532,-0.02884318120777607,-0.05820704996585846,-0.03237171098589897,0.020771102979779243,0.045994121581315994
28.814,0.003321507014334202,0.003321507014334202,nan,nan,nan,nan,-0.031376708298921585,1.0,0.004313409328460693,0.5271762013435364,0.0,0.0,0.0,0.0,-0.0010000000474974513,0.052000001072883606,64.0,0.12502609193325043,3.5012717247009277,0.054566189646720886,19.984851837158203,0.001420091139152646,-0.005014306865632534,-0.002120988443493843,-0.006183909717947245,0.8160021305084229,0.00726421270519495,0.08260748535394669,9.0,1.0,0.0,0.0,0.003321499563753605,-7.450580596923828e-09,nan,0.004686693660914898,0.13859881460666656,0.042669810354709625,-0.06660966575145721,-0.07166306674480438,-0.13640780746936798,0.1501845419406891,0.13503602147102356,0.22723990678787231,0.06995934993028641,-0.10920998454093933,-0.11749529838562012,-0.22364763915538788,0.24623531103134155,0.22139853239059448,0.27541130781173706,0.09556754678487778,-0.11248978227376938,-0.1828705221414566,-0.24137581884860992,0.3594106435775757,0.25160518288612366,0.0003842826699838042,-4.63174683318357e-06,-0.0005492634954862297,0.00016849090752657503,0.00010251258208882064,-0.00038608734030276537,-8.530895138392225e-05,-0.2133135199546814,-0.12303388863801956,0.0509687103331089,0.13902679085731506,0.1631052941083908,-0.3345159590244293,-0.18801404535770416,0.06209779158234596,-0.027466341853141785,-0.06152107194066048,-0.04384373873472214,-0.07827052474021912,0.02489469200372696,0.0635911375284195,0.06209779158234596,-0.027466341853141785,-0.06152107194066048,-0.04384373873472214,-0.07827052474021912,0.02489469200372696,0.0635911375284195,0.06209779158234596,-0.027466343715786934,-0.06152107194066048,-0.04384373873472214,-0.07827052474021912,0.02489469014108181,0.0635911375284195
28.97,0.0032526059076189995,0.0032526059076189995,nan,nan,nan,nan,-0.12951909005641937,0.0,-1.862645149230957e-09,0.700993001461029,0.0,0.0,0.0,0.0,0.003000000026077032,0.01600000075995922,64.0,0.12434452772140503,1.401045322418213,0.04621967673301697,17.076906204223633,-0.0004765857011079788,-0.00217386893928051,-0.0016972851008176804,0.0,0.8166257739067078,0.008665588684380054,0.0701977089047432,9.0,1.0,0.0,0.0,0.0032525798305869102,-2.60770320892334e-08,nan,0.0023273774422705173,0.13446830213069916,0.0439966656267643,-0.0622234120965004,-0.07876414805650711,-0.1265723556280136,0.16506998240947723,0.1289897859096527,0.1146988496184349,0.037528302520513535,-0.053075361996889114,-0.06718429177999496,-0.10796376317739487,0.14080148935317993,0.11002577841281891,0.2574823498725891,0.08743873983621597,-0.11039480566978455,-0.1634315699338913,-0.23190800845623016,0.3285585343837738,0.23962609469890594,0.0008691065013408661,0.0002214996056864038,-0.001119893160648644,0.00020285678328946233,0.00047783294576220214,-0.0005250582471489906,-0.0003150342090521008,-0.18738427758216858,-0.10602680593729019,0.02976759523153305,0.1311137080192566,0.1264960765838623,-0.30143553018569946,-0.1662418097257614,0.07009807974100113,-0.01858806423842907,-0.0806272104382515,-0.032317861914634705,-0.10541193932294846,0.027122994884848595,0.07338428497314453,0.07009807974100113,-0.01858806423842907,-0.0806272104382515,-0.032317861914634705,-0.10541193932294846,0.027122994884848595,0.07338428497314453,0.07009807974100113,-0.01858806423842907,-0.0806272104382515,-0.032317861914634705,-0.10541193932294846,0.027122994884848595,0.07338428497314453
29.092,0.003207310102880001,0.003207310102880001,nan,nan,nan,nan,-0.14379993081092834,1.0,1.862645149230957e-09,0.6983541250228882,0.0,0.0,0.0,0.0,0.00800000037997961,0.027000000700354576,64.0,0.12441089749336243,0.8049970269203186,0.015247613191604614,21.22894859313965,0.006687702611088753,-0.0014395201578736305,-0.008127220906317234,-0.007347100414335728,0.7801706194877625,0.011020718142390251,0.1006297767162323,9.0,1.0,0.0,0.0,0.0032072914764285088,-1.862645149230957e-08,nan,0.00927453488111496,0.13446830213069916,0.0439966656267643,-0.0622234120965004,-0.07876414805650711,-0.1265723556280136,0.16506998240947723,0.1289897859096527,0.18147125840187073,0.05937555432319641,-0.08397340029478073,-0.10629589855670929,-0.17081530392169952,0.22276964783668518,0.17407773435115814,0.2831975817680359,0.0940965861082077,-0.12710683047771454,-0.1715584397315979,-0.261862576007843,0.35326334834098816,0.2683442234992981,0.0004059362690895796,-1.8047273897536797e-06,-0.000569361203815788,0.00017097056843340397,0.0001092831080313772,-0.00039291169377975166,-8.94855402293615e-05,-0.19584348797798157,-0.11655445396900177,0.022109568119049072,0.15070980787277222,0.12214627861976624,-0.3332374691963196,-0.1731257438659668,0.08735409379005432,-0.022457867860794067,-0.10499726235866547,-0.020848626270890236,-0.13971629738807678,0.02002587914466858,0.0952184796333313,0.08735409379005432,-0.022457867860794067,-0.10499726235866547,-0.020848626270890236,-0.13971629738807678,0.02002587914466858,0.0952184796333313,0.08735407888889313,-0.02245786413550377,-0.10499726235866547,-0.02084861882030964,-0.13971629738807678,0.02002587355673313,0.0952184647321701
29.184999999999995,0.0030535897240042686,0.0030535897240042686,nan,nan,nan,nan,-0.12498789280653,0.0,0.0,0.6952857375144958,0.0,0.0,0.0,0.0,0.007000000216066837,0.014999999664723873,64.0,0.12473739683628082,1.9068588018417358,0.012550503015518188,12.76699447631836,0.0021020974963903427,-0.001188694965094328,-0.0032907924614846706,0.0,0.8124284148216248,0.012452410534024239,0.13154670596122742,9.0,1.0,0.0,0.0,0.0030535636469721794,-2.60770320892334e-08,nan,0.003804890438914299,0.1329895704984665,0.047851063311100006,-0.05640164017677307,-0.08293341845273972,-0.11874919384717941,0.17066504061222076,0.12937165796756744,0.027442706748843193,0.009874177165329456,-0.011638608761131763,-0.01711350306868553,-0.024504169821739197,0.035217124968767166,0.026696141809225082,0.2548162639141083,0.08565440773963928,-0.11398522555828094,-0.1541023552417755,-0.23506031930446625,0.3184358477592468,0.24323704838752747,0.0007140936213545501,0.0001447764807380736,-0.0009311609901487827,0.0001935409673023969,0.0003515424323268235,-0.0004800143069587648,-0.00024001217389013618,-0.1535027176141739,-0.10100864619016647,-0.0013742893934249878,0.1323402225971222,0.07798442244529724,-0.2843785285949707,-0.13410131633281708,0.10131354629993439,-0.015354241244494915,-0.11535951495170593,-0.021762140095233917,-0.157075896859169,0.03405731916427612,0.10913573205471039,0.10131354629993439,-0.015354241244494915,-0.11535951495170593,-0.021762140095233917,-0.157075896859169,0.03405731916427612,0.10913573205471039,0.10131354629993439,-0.015354241244494915,-0.11535951495170593,-0.021762140095233917,-0.157075896859169,0.03405731916427612,0.10913573205471039
29.302,0.0034834155812859535,0.0034834155812859535,nan,nan,nan,nan,-0.1258138120174408,1.0,0.0,0.6967047452926636,0.0,0.0,0.0,0.0,0.004999999888241291,0.014999999664723873,64.0,0.12492377310991287,0.4157973527908325,0.007342547178268433,11.390507698059082,0.00874282605946064,-0.0002687368541955948,-0.009011562913656235,-0.016639133915305138,0.7597337961196899,0.011769551783800125,0.12439102679491043,9.0,1.0,0.0,0.0,0.0034834081307053566,-7.450580596923828e-09,nan,0.013096554204821587,0.1329895704984665,0.047851063311100006,-0.05640164017677307,-0.08293341845273972,-0.11874919384717941,0.17066504061222076,0.12937165796756744,0.08968973904848099,0.03227132186293602,-0.03803793340921402,-0.05593127757310867,-0.0800858587026596,0.11509852111339569,0.08724977821111679,0.23821651935577393,0.08247005194425583,-0.10420995950698853,-0.14597128331661224,-0.21675695478916168,0.3010951578617096,0.2292373776435852,0.0003222501836717129,-4.382054612506181e-05,-0.0004661653656512499,0.00016538159979972988,4.0736980736255646e-05,-0.00036789110163226724,-4.759412695420906e-05,-0.14779256284236908,-0.09983722865581512,-0.009874895215034485,0.13570405542850494,0.06423741579055786,-0.2812771797180176,-0.12846356630325317,0.09042395651340485,-0.017367176711559296,-0.11408485472202301,-0.010267224162817001,-0.15251953899860382,0.019817989319562912,0.10077380388975143,0.09042395651340485,-0.017367176711559296,-0.11408485472202301,-0.010267224162817001,-0.15251953899860382,0.019817989319562912,0.10077380388975143,0.09042395651340485,-0.017367178574204445,-0.11408485472202301,-0.010267223231494427,-0.15251953899860382,0.019817987456917763,0.10077380388975143
29.458999999999996,0.003702686168253422,0.003702686168253422,nan,nan,nan,nan,-0.12101457267999649,0.0,9.313225746154785e-10,0.6935216784477234,0.0,0.0,0.0,0.0,0.0,0.035999998450279236,64.0,0.1258167177438736,0.9615514278411865,0.01743808388710022,23.376415252685547,-0.0007199021056294441,0.002932002767920494,0.003651905804872513,0.005211681127548218,0.8338243365287781,0.014098303392529488,0.21272501349449158,9.0,1.0,0.0,0.0,0.0037026582285761833,-2.7939677238464355e-08,nan,0.005083841271698475,0.1329895704984665,0.047851063311100006,-0.05640164017677307,-0.08293341845273972,-0.11874919384717941,0.17066504061222076,0.12937165796756744,0.1388523131608963,0.04996054247021675,-0.058888062834739685,-0.08658947050571442,-0.12398415803909302,0.17818868160247803,0.1350749135017395,0.24758382141590118,0.08736442029476166,-0.10668783634901047,-0.15302646160125732,-0.22321872413158417,0.31528133153915405,0.23952403664588928,0.0005956412060186267,8.701648039277643e-05,-0.0007853293791413307,0.00018422259017825127,0.0002577435807324946,-0.00044264254393056035,-0.00018391816411167383,-0.12090827524662018,-0.10914406180381775,-0.010432802140712738,0.12126588076353073,0.056611910462379456,-0.2693294286727905,-0.10392047464847565,0.126675546169281,-0.021779639646410942,-0.1171206384897232,-0.03176058083772659,-0.1666068136692047,0.04595189541578293,0.13560356199741364,0.126675546169281,-0.021779639646410942,-0.1171206384897232,-0.03176058083772659,-0.1666068136692047,0.04595189541578293,0.13560356199741364,0.126675546169281,-0.021779639646410942,-0.1171206384897232,-0.03176058083772659,-0.1666068136692047,0.04595189541578293,0.13560356199741364
29.607,0.004336644895374775,0.004336644895374775,nan,nan,nan,nan,-0.11506343632936478,0.0,0.0,0.6918777823448181,0.0,0.0,0.0,0.0,0.006000000052154064,0.01899999938905239,64.0,0.1263604760169983,1.4839507341384888,0.009422190487384796,17.12670135498047,-0.005550583824515343,0.0017563402652740479,0.0073069240897893906,0.0,0.8195688128471375,0.014472686685621738,0.14778704941272736,9.0,1.0,0.0,0.0,0.004336626268923283,-1.862645149230957e-08,nan,0.004256502725183964,0.116241954267025,0.060886673629283905,-0.030592791736125946,-0.10797227174043655,-0.07620830833911896,0.20607826113700867,0.10913632065057755,0.0707787498831749,0.03707338497042656,-0.018627693876624107,-0.06574340909719467,-0.04640259966254234,0.1254793256521225,0.06645219027996063,0.2146403193473816,0.08840972185134888,-0.08005844056606293,-0.1557016670703888,-0.17528307437896729,0.31034916639328003,0.20553487539291382,-2.23609572458372e-06,-0.00022126561088953167,-6.822053546784446e-05,0.00014192894741427153,-0.0002399708318989724,-0.0002799422654788941,0.00012758986849803478,-0.07850565016269684,-0.11172144114971161,-0.0302506685256958,0.11239781975746155,0.013212144374847412,-0.24983686208724976,-0.06153647601604462,0.13613466918468475,-0.02331172116100788,-0.11030910909175873,-0.043303851038217545,-0.16207093000411987,0.060512300580739975,0.1439983993768692,0.13613466918468475,-0.02331172116100788,-0.11030910909175873,-0.043303851038217545,-0.16207093000411987,0.060512300580739975,0.1439983993768692,0.13613466918468475,-0.02331172116100788,-0.11030910909175873,-0.043303851038217545,-0.16207093000411987,0.060512300580739975,0.1439983993768692
29.656,0.004229391925036907,0.004229391925036907,nan,nan,nan,nan,-0.13052967190742493,0.0,6.51925802230835e-09,0.6888632774353027,0.0,0.0,0.0,0.0,0.004000000189989805,0.012000000104308128,64.0,0.1262349635362625,0.5215182900428772,0.009270384907722473,14.260856628417969,0.0029676491394639015,-0.0005003921687602997,-0.003468034788966179,-0.01197789516299963,0.7456302642822266,0.011997386813163757,0.20590288937091827,9.0,1.0,0.0,0.0,0.004229371435940266,-2.0489096641540527e-08,nan,0.01217975839972496,0.116241954267025,0.060886673629283905,-0.030592791736125946,-0.10797227174043655,-0.07620830833911896,0.20607826113700867,0.10913632065057755,0.08106745034456253,0.042462531477212906,-0.02133549563586712,-0.07530015707015991,-0.05314788222312927,0.14371953904628754,0.07611196488142014,0.20681177079677582,0.09472641348838806,-0.06777533888816833,-0.16737085580825806,-0.1551586091518402,0.32690736651420593,0.1964433640241623,-3.462999302428216e-05,-0.00024078245041891932,-2.8191139790578745e-05,0.00013899184705223888,-0.0002701154153328389,-0.00027146819047629833,0.00014685123460367322,-0.09785959869623184,-0.12350506335496902,-0.029847659170627594,0.13409391045570374,0.018572986125946045,-0.2843588888645172,-0.07908699661493301,0.10895217210054398,-0.028778649866580963,-0.09762299805879593,-0.03327694535255432,-0.13658562302589417,0.04254847764968872,0.11735636740922928,0.10895217210054398,-0.028778649866580963,-0.09762299805879593,-0.03327694535255432,-0.13658562302589417,0.04254847764968872,0.11735636740922928,0.10895217210054398,-0.028778649866580963,-0.09762299805879593,-0.03327694535255432,-0.13658562302589417,0.04254847764968872,0.11735636740922928
29.876999999999995,0.004242275841534138,0.004242275841534138,nan,nan,nan,nan,-0.14555945992469788,1.0,2.7939677238464355e-09,0.6838806867599487,0.0,0.0,0.0,0.0,-0.0010000000474974513,0.10300000011920929,64.0,0.12587276101112366,2.0858030319213867,0.015103258192539215,25.611528396606445,-0.004180264659225941,0.0009546494111418724,0.005134916864335537,0.0015568278031423688,0.5793739557266235,0.009968076832592487,0.1803073137998581,9.0,1.0,0.0,0.0,0.004242264665663242,-1.1175870895385742e-08,nan,0.0052369399927556515,-0.0014486819272860885,0.17730724811553955,0.10343610495328903,-0.05918252468109131,0.12939073145389557,0.14485061168670654,0.08145418763160706,-0.0019641281105577946,0.24039378762245178,0.14023904502391815,-0.08023987710475922,0.17542842030525208,0.19638897478580475,0.11043588072061539,0.11505521833896637,0.10574457794427872,0.019206173717975616,-0.2185649573802948,0.001077011227607727,0.38547393679618835,0.0681648999452591,-6.50580259389244e-05,-0.0002663245250005275,1.1555983292055316e-05,0.0001356886641588062,-0.00030634916038252413,-0.0002657459699548781,0.00017001265950966626,-0.020538613200187683,-0.14731642603874207,-0.08795778453350067,0.15005245804786682,-0.08714798092842102,-0.30927687883377075,0.012136615812778473,0.09451660513877869,-0.041571855545043945,-0.06875161081552505,-0.06851249933242798,-0.0860709697008133,0.0761970579624176,0.08030151575803757,0.09451660513877869,-0.041571855545043945,-0.06875161081552505,-0.06851249933242798,-0.0860709697008133,0.0761970579624176,0.08030151575803757,0.09451660513877869,-0.041571859270334244,-0.06875161081552505,-0.06851249188184738,-0.0860709697008133,0.076197050511837,0.08030151575803757
29.983999999999995,0.004171998240053654,0.004171998240053654,nan,nan,nan,nan,-0.13549070060253143,0.0,4.656612873077393e-10,0.6817233562469482,0.0,0.0,0.0,0.0,0.0020000000949949026,0.027000000700354576,64.0,0.12442182749509811,0.45069214701652527,0.008623115718364716,41.05775833129883,-0.006578905042260885,-0.001548195257782936,0.0050307102501392365,-0.0008467446896247566,0.8178863525390625,0.007860220968723297,0.07606222480535507,9.0,1.0,0.0,0.0,0.004171975888311863,-2.2351741790771484e-08,nan,0.0024529986549168825,0.014010293409228325,0.022669365629553795,0.036116041243076324,-0.15176653861999512,0.05949683487415314,0.23932062089443207,-0.06432828307151794,0.013425378128886223,0.02172294445335865,0.03460823372006416,-0.14543044567108154,0.057012904435396194,0.22932922840118408,-0.06164264678955078,0.05746133625507355,0.07068590074777603,0.05204474925994873,-0.2533699572086334,0.07225081324577332,0.41646692156791687,-0.04641157388687134,-0.00022101776266936213,-0.00036523689050227404,0.0002042868873104453,0.00012123243504902348,-0.0004587039293255657,-0.0002276474260725081,0.00026915239868685603,-0.025065626949071884,-0.1296343207359314,-0.06406514346599579,0.1537741869688034,-0.05832865089178085,-0.31772300601005554,0.03295159339904785,0.03239570930600166,-0.058948416262865067,-0.012020392343401909,-0.09959577023983002,0.013922164216637611,0.09874391555786133,-0.013459981419146061,0.03239570930600166,-0.058948416262865067,-0.012020392343401909,-0.09959577023983002,0.013922164216637611,0.09874391555786133,-0.013459981419146061,0.03239570930600166,-0.058948416262865067,-0.012020392343401909,-0.09959577023983002,0.013922164216637611,0.09874391555786133,-0.013459981419146061
30.046999999999997,0.004053414799273014,0.004053414799273014,nan,nan,nan,nan,-0.14160507917404175,1.0,-1.862645149230957e-09,0.680883526802063,0.0,0.0,0.0,0.0,0.00800000037997961,0.009999999776482582,64.0,0.12438708543777466,0.5063079595565796,0.010028481483459473,12.336713790893555,-0.00647100992500782,-0.0019643695559352636,0.004506638273596764,0.0,0.8351576924324036,0.0104428231716156,0.055567290633916855,9.0,1.0,0.0,0.0,0.0040534017607569695,-1.30385160446167e-08,nan,0.0018407463794574142,0.014010293409228325,0.022669365629553795,0.036116041243076324,-0.15176653861999512,0.05949683487415314,0.23932062089443207,-0.06432828307151794,0.01653135195374489,0.026748567819595337,0.042614880949258804,-0.1790759116411209,0.07020289450883865,0.2823847532272339,-0.07590372860431671,0.044355109333992004,0.05995403230190277,0.06341105699539185,-0.28484153747558594,0.09731334447860718,0.45813944935798645,-0.08840931951999664,-0.0001415234582964331,-0.0003248509601689875,0.00011031684698536992,0.00012634802260436118,-0.0003931555256713182,-0.00024786798167042434,0.0002274181169923395,-0.03494395688176155,-0.1379372477531433,-0.05290579795837402,0.15921281278133392,-0.04041585326194763,-0.3377765417098999,0.02649608626961708,0.009411152452230453,-0.07798322290182114,0.010505260899662971,-0.12562872469425201,0.056897491216659546,0.12036290019750595,-0.06191323325037956,0.009411152452230453,-0.07798322290182114,0.010505260899662971,-0.12562872469425201,0.056897491216659546,0.12036290019750595,-0.06191323325037956,0.009411151520907879,-0.07798322290182114,0.010505260899662971,-0.12562872469425201,0.056897491216659546,0.12036289274692535,-0.06191323325037956
30.207,0.0034377658739686012,0.0034377658739686012,nan,nan,nan,nan,-0.17871391773223877,1.0,-1.862645149230957e-09,0.677092432975769,0.0,0.0,0.0,0.0,-0.0010000000474974513,0.03999999910593033,64.0,0.12367941439151764,2.3802053928375244,0.017163343727588654,20.375354766845703,-0.001187194138765335,-0.002180298790335655,-0.0009931065142154694,0.0012100674211978912,0.5510649085044861,0.011316903866827488,0.1394723802804947,9.0,1.0,0.0,0.0,0.003437754698097706,-1.1175870895385742e-08,nan,0.0033715320751070976,-0.034419987350702286,0.1333068460226059,0.11255718767642975,-0.09587971121072769,0.12821730971336365,0.17064987123012543,-0.060178518295288086,-0.014898617751896381,0.057701580226421356,0.048720136284828186,-0.041501328349113464,0.05549858510494232,0.07386542856693268,-0.026048142462968826,0.011000242084264755,0.17111437022686005,0.126211017370224,-0.20919930934906006,0.16188251972198486,0.3685012757778168,-0.020880205556750298,4.7733359679114074e-05,-0.0002331669966224581,-0.00011332929716445506,0.00013861636398360133,-0.00024438294349238276,-0.00029752522823400795,0.00013406657672021538,-0.07191851735115051,-0.2286151945590973,-0.07539848983287811,0.12006014585494995,-0.033610984683036804,-0.3009646534919739,-0.09167730063199997,-0.060918278992176056,-0.05750083178281784,0.050812527537345886,-0.08913916349411011,0.12827153503894806,0.06753663718700409,-0.11255750805139542,-0.060918278992176056,-0.05750083178281784,0.050812527537345886,-0.08913916349411011,0.12827153503894806,0.06753663718700409,-0.11255750805139542,-0.060918282717466354,-0.05750083550810814,0.050812527537345886,-0.08913916349411011,0.12827153503894806,0.06753662973642349,-0.11255750805139542
30.287,0.0036672456189990044,0.0036672456189990044,nan,nan,nan,nan,-0.15794172883033752,1.0,-9.313225746154785e-10,0.680254340171814,0.0,0.0,0.0,0.0,0.0010000000474974513,0.024000000208616257,64.0,0.12474194169044495,0.7065050601959229,0.008934177458286285,14.772774696350098,0.006112945266067982,0.0017296280711889267,-0.00438331812620163,0.0004693089867942035,0.47755423188209534,0.012340761721134186,0.13298073410987854,9.0,1.0,0.0,0.0,0.003667226992547512,-1.862645149230957e-08,nan,0.012026872485876083,0.023641034960746765,0.030965439975261688,0.03503211587667465,-0.1472560465335846,0.05631820857524872,0.2459815889596939,-0.04349672421813011,0.01908690296113491,0.025000358000397682,0.02828364260494709,-0.11888911575078964,0.0454692505300045,0.19859647750854492,-0.035117655992507935,0.02827104926109314,0.10182172060012817,0.08733668923377991,-0.23426154255867004,0.12344525754451752,0.39919397234916687,-0.05228045582771301,0.00025106509565375745,-0.00012310566671658307,-0.0003544084611348808,0.0001533402974018827,-7.088270649546757e-05,-0.00034675648203119636,2.3267653887160122e-05,-0.09993834793567657,-0.16888311505317688,-0.02306429296731949,0.15056781470775604,0.02948935329914093,-0.3555157780647278,-0.06958711892366409,-0.07166729867458344,-0.0670613944530487,0.06427239626646042,-0.083693727850914,0.15293461084365845,0.04367818683385849,-0.1218675747513771,-0.07166729867458344,-0.0670613944530487,0.06427239626646042,-0.083693727850914,0.15293461084365845,0.04367818683385849,-0.1218675747513771,-0.07166729867458344,-0.0670613944530487,0.06427239626646042,-0.083693727850914,0.15293461084365845,0.04367818310856819,-0.1218675747513771
30.412,0.00356405321508646,0.00356405321508646,nan,nan,nan,nan,-0.19380325078964233,1.0,0.0,0.6810488700866699,0.0,0.0,0.0,0.0,0.006000000052154064,0.039000000804662704,64.0,0.12475619465112686,26.21476936340332,0.022456049919128418,30.852886199951172,0.006466367281973362,0.0005076145753264427,-0.005958752706646919,-0.00264595914632082,0.3559439778327942,0.013100385665893555,0.18653441965579987,9.0,1.0,0.0,0.0,0.0035640252754092216,-2.7939677238464355e-08,nan,0.011715478263795376,-0.00856767501682043,0.18174399435520172,0.11645343154668808,-0.049369245767593384,0.13707207143306732,0.1334647536277771,0.06553925573825836,-0.00891568511724472,0.18912623822689056,0.12118364870548248,-0.05137457326054573,0.14263980090618134,0.13888594508171082,0.06820139288902283,0.010034630075097084,0.2038024663925171,0.1437099128961563,-0.17807038128376007,0.18141642212867737,0.3423493206501007,0.02063409797847271,0.0003591017739381641,-6.772793858544901e-05,-0.0004813906562048942,0.00016054660954978317,1.765218985383399e-05,-0.00037340589915402234,-3.286042556283064e-05,-0.10176973789930344,-0.2540798485279083,-0.06385114789009094,0.11604355275630951,-0.0030282586812973022,-0.32784539461135864,-0.1449214369058609,-0.0917351096868515,-0.050277382135391235,0.07985876500606537,-0.06202683225274086,0.17838816344738007,0.014503927901387215,-0.12428733706474304,-0.0917351096868515,-0.050277382135391235,0.07985876500606537,-0.06202683225274086,0.17838816344738007,0.014503927901387215,-0.12428733706474304,-0.0917351171374321,-0.050277385860681534,0.07985876500606537,-0.06202682852745056,0.17838816344738007,0.014503922313451767,-0.12428734451532364
30.576,0.0035541215911507607,0.0035541215911507607,nan,nan,nan,nan,-0.19338615238666534,0.0,-2.7939677238464355e-09,0.6837911009788513,0.0,0.0,0.0,0.0,0.0020000000949949026,0.03700000047683716,64.0,0.1255744993686676,1.034206748008728,0.01106318086385727,10.429801940917969,0.003192150965332985,0.0023779748007655144,-0.0008141789585351944,0.004180531017482281,-0.06598003208637238,0.01129756961017847,0.18371228873729706,9.0,1.0,0.0,0.0,0.003554106689989567,-1.4901161193847656e-08,nan,0.008310635574162006,0.09560612589120865,0.1854516863822937,0.012456756085157394,-0.05798923969268799,-0.0868697315454483,0.13772106170654297,0.12820208072662354,0.06527779996395111,0.12662240862846375,0.008505204692482948,-0.03959380090236664,-0.05931277945637703,0.09403296560049057,0.0875336155295372,0.0609060674905777,0.22767721116542816,0.09231448918581009,-0.14090585708618164,0.05085432901978493,0.28511473536491394,0.07536512613296509,0.0004012179560959339,-4.219855691189878e-05,-0.0005370259168557823,0.00016918654728215188,5.144895112607628e-05,-0.00038847894757054746,-5.493563730851747e-05,-0.14292198419570923,-0.254032701253891,-0.009902946650981903,0.10675215721130371,0.11264215409755707,-0.31757187843322754,-0.16419047117233276,-0.08201591670513153,-0.026355501264333725,0.08241154253482819,-0.03415369614958763,0.1634964793920517,-0.0324571318924427,-0.08882535248994827,-0.08201591670513153,-0.026355501264333725,0.08241154253482819,-0.03415369614958763,0.1634964793920517,-0.0324571318924427,-0.08882535248994827,-0.08201591670513153,-0.026355501264333725,0.08241154253482819,-0.03415369614958763,0.1634964793920517,-0.0324571318924427,-0.08882535248994827
30.704,0.0037260474637150764,0.0037260474637150764,nan,nan,nan,nan,-0.1946353316307068,1.0,6.51925802230835e-09,0.6889985203742981,0.0,0.0,0.0,0.0,0.007000000216066837,0.020999999716877937,64.0,0.12531432509422302,2.7340855598449707,0.010627321898937225,14.180402755737305,0.003093671053647995,0.0010743262246251106,-0.002019338309764862,0.002612315583974123,-0.013002168387174606,0.012702928856015205,0.15558162331581116,9.0,1.0,0.0,0.0,0.0037260400131344795,-7.450580596923828e-09,nan,0.00915649812668562,-0.0027164926286786795,0.1700614094734192,0.1120101734995842,-0.06935030221939087,0.13356542587280273,0.14971289038658142,0.058841489255428314,-0.00216894899494946,0.1357833594083786,0.08943309634923935,-0.05537186563014984,0.10664360970258713,0.11953634768724442,0.04698123410344124,0.039237212389707565,0.22196602821350098,0.11749020963907242,-0.15112408995628357,0.11056524515151978,0.29572081565856934,0.06359551101922989,0.001008965540677309,0.00025377230485901237,-0.0012457354459911585,0.0002080674603348598,0.0005239905440248549,-0.0005428057629615068,-0.00035240891156718135,-0.1530745029449463,-0.2160002589225769,-0.03359678387641907,0.15094804763793945,0.05807246267795563,-0.363393634557724,-0.17080935835838318,-0.11383728682994843,0.005965772084891796,0.08389342576265335,-0.00017604418098926544,0.1686377078294754,-0.06767281144857407,-0.10721385478973389,-0.11383728682994843,0.005965772084891796,0.08389342576265335,-0.00017604418098926544,0.1686377078294754,-0.06767281144857407,-0.10721385478973389,-0.11383729428052902,0.005965774413198233,0.08389342576265335,-0.00017604028107598424,0.1686377078294754,-0.06767281144857407,-0.10721386224031448
30.793,0.0034551406279206276,0.0034551406279206276,nan,nan,nan,nan,-0.1674635112285614,0.0,9.313225746154785e-10,0.6897873282432556,0.0,0.0,0.0,0.0,0.00800000037997961,0.00800000037997961,64.0,0.12449093908071518,0.5448293089866638,0.015417113900184631,10.12450122833252,0.0014079241082072258,-0.0022111176513135433,-0.0036190408281981945,-0.042721159756183624,0.2256442755460739,0.013792179524898529,0.1659427136182785,9.0,1.0,0.0,0.0,0.003455136902630329,-3.725290298461914e-09,nan,0.005757869221270084,-0.03199881687760353,0.06081663817167282,0.09218928217887878,-0.11364401876926422,0.10645177215337753,0.19529183208942413,-0.11996960639953613,-0.02445555292069912,0.04647998884320259,0.07045697420835495,-0.08685407042503357,0.08135729283094406,0.14925459027290344,-0.09168849140405655,-0.007095278240740299,0.1623803973197937,0.13619445264339447,-0.1710490584373474,0.14466114342212677,0.3120262622833252,-0.06853371858596802,0.0011270629474893212,0.00030901527497917414,-0.0013847923837602139,0.00021706530242227018,0.0006082801846787333,-0.0005761479842476547,-0.00040327844908460975,-0.11547679454088211,-0.15276749432086945,-0.04283582419157028,0.1712135374546051,0.03377625346183777,-0.3819834887981415,-0.05606023222208023,-0.12257207185029984,0.009612899273633957,0.09335862845182419,0.00016447342932224274,0.17843739688396454,-0.06995721906423569,-0.12459395080804825,-0.12257207185029984,0.009612899273633957,0.09335862845182419,0.00016447342932224274,0.17843739688396454,-0.06995721906423569,-0.12459395080804825,-0.12257207185029984,0.009612899273633957,0.09335862845182419,0.00016447342932224274,0.17843739688396454,-0.06995721906423569,-0.12459395080804825
30.839999999999996,0.003301111049950123,0.003301111049950123,nan,nan,nan,nan,-0.15403908491134644,0.0,-1.862645149230957e-09,0.6896108388900757,0.0,0.0,0.0,0.0,0.004000000189989805,0.010999999940395355,64.0,0.1248379573225975,1.0030707120895386,0.02329982817173004,12.35452938079834,0.0025663860142230988,-0.002716182731091976,-0.005282570607960224,0.0,-0.3880148231983185,0.011466491967439651,0.16143426299095154,9.0,1.0,0.0,0.0,0.003301086835563183,-2.421438694000244e-08,nan,0.005958061199635267,0.13036227226257324,0.0970582515001297,-0.05067762732505798,-0.04468948021531105,-0.15366733074188232,0.1215527132153511,0.14363597333431244,0.09190686047077179,0.06842715293169022,-0.035728294402360916,-0.03150658309459686,-0.10833718627691269,0.0856960192322731,0.10126496851444244,0.08258426934480667,0.15980969369411469,0.04614746570587158,-0.13004624843597412,-0.017418410629034042,0.2638663053512573,0.05538716912269592,0.0012204357190057635,0.0003542937629390508,-0.00149684795178473,0.00022717297542840242,0.0006792969652451575,-0.0006070343079045415,-0.0004486900579649955,-0.18120646476745605,-0.1535434126853943,0.02923697978258133,0.1316179484128952,0.16119520366191864,-0.33643659949302673,-0.16123276948928833,-0.09862218797206879,0.006266286130994558,0.07538444548845291,0.001571696368046105,0.1437767893075943,-0.07257030159235,-0.10584559291601181,-0.09862218797206879,0.006266286130994558,0.07538444548845291,0.001571696368046105,0.1437767893075943,-0.07257030159235,-0.10584559291601181,-0.09862218797206879,0.006266286130994558,0.07538444548845291,0.001571696368046105,0.1437767893075943,-0.07257030159235,-0.10584559291601181
30.876999999999995,0.0033246828243136406,0.0033246828243136406,nan,nan,nan,nan,-0.15540361404418945,1.0,-4.656612873077393e-10,0.6907151341438293,0.0,0.0,0.0,0.0,0.007000000216066837,0.010999999940395355,64.0,0.12495903670787811,1.3563437461853027,0.01277681440114975,12.64504337310791,0.0036004954017698765,-0.001245131716132164,-0.004845627583563328,0.0,-0.728032648563385,0.009217895567417145,0.1752644181251526,9.0,1.0,0.0,0.0,0.0033246735110878944,-9.313225746154785e-09,nan,0.007111883722245693,0.13036227226257324,0.0970582515001297,-0.05067762732505798,-0.04468948021531105,-0.15366733074188232,0.1215527132153511,0.14363597333431244,0.12360546737909317,0.09202762693166733,-0.048050954937934875,-0.042373176664114,-0.14570260047912598,0.11525250971317291,0.13619117438793182,0.1341916024684906,0.166432186961174,0.0007766317576169968,-0.11483363807201385,-0.10410310328006744,0.25154948234558105,0.12376518547534943,0.001214711694046855,0.00035335522261448205,-0.0014922948321327567,0.00022807635832577944,0.0006750320899300277,-0.0006073205731809139,-0.00044575886568054557,-0.21543174982070923,-0.15319101512432098,0.05176551640033722,0.1284714788198471,0.20637530088424683,-0.3318922817707062,-0.20950555801391602,-0.08124015480279922,0.013241168111562729,0.052542150020599365,0.013637841679155827,0.10227219760417938,-0.08034280687570572,-0.08574037998914719,-0.08124015480279922,0.013241168111562729,0.052542150020599365,0.013637841679155827,0.10227219760417938,-0.08034280687570572,-0.08574037998914719,-0.08124015480279922,0.013241165317595005,0.052542150020599365,0.013637845404446125,0.10227219760417938,-0.08034281432628632,-0.08574037998914719
30.992999999999995,0.003424528054893017,0.003424528054893017,nan,nan,nan,nan,-0.16788694262504578,0.0,-9.313225746154785e-10,0.6932892203330994,0.0,0.0,0.0,0.0,0.003000000026077032,0.03700000047683716,64.0,0.1251613050699234,0.9752604961395264,0.011201947927474976,12.917436599731445,0.00015693437308073044,0.0008994252420961857,0.0007424899376928806,0.0015334603376686573,-0.7252047657966614,0.0049890922382473946,0.14678847789764404,9.0,1.0,0.0,0.0,0.0034245094284415245,-1.862645149230957e-08,nan,0.0042280033230781555,0.13036227226257324,0.0970582515001297,-0.05067762732505798,-0.04468948021531105,-0.15366733074188232,0.1215527132153511,0.14363597333431244,0.19783690571784973,0.14729495346546173,-0.07690802961587906,-0.06782045215368271,-0.23320451378822327,0.18446756899356842,0.2179809808731079,0.2038266658782959,0.18971745669841766,-0.04902331903576851,-0.10915418714284897,-0.20940402150154114,0.26220086216926575,0.21083307266235352,0.0010374326957389712,0.00027369492454454303,-0.0012894952669739723,0.00021852065401617438,0.0005437294603325427,-0.0005616475245915353,-0.0003640254435595125,-0.23344308137893677,-0.16824960708618164,0.05996903032064438,0.13201838731765747,0.2290898561477661,-0.34600862860679626,-0.2345895916223526,-0.02961641177535057,0.02146785706281662,0.010945712216198444,0.022864200174808502,0.019685836508870125,-0.08380777388811111,-0.023756524547934532,-0.02961641177535057,0.02146785706281662,0.010945712216198444,0.022864200174808502,0.019685836508870125,-0.08380777388811111,-0.023756524547934532,-0.02961641177535057,0.02146785706281662,0.010945712216198444,0.022864200174808502,0.019685836508870125,-0.08380777388811111,-0.023756524547934532
31.123999999999995,0.0036292439326643944,0.0036292439326643944,nan,nan,nan,nan,-0.1696373075246811,0.0,-9.313225746154785e-10,0.6954331398010254,0.0,0.0,0.0,0.0,0.006000000052154064,0.027000000700354576,64.0,0.1266472190618515,0.8630352020263672,0.010988675057888031,15.81416130065918,-0.003338565118610859,0.0024542969185858965,0.005792860873043537,0.0071355863474309444,-0.04171149060130119,0.006480864714831114,0.05198914185166359,9.0,1.0,0.0,0.0,0.0036292271688580513,-1.6763806343078613e-08,nan,0.0019583813846111298,0.023124104365706444,0.047321997582912445,0.04082898795604706,-0.13937044143676758,0.06299308687448502,0.24759414792060852,-0.02939021587371826,0.017905717715620995,0.036642901599407196,0.03161516413092613,-0.1079188883304596,0.048777516931295395,0.1917198747396469,-0.022757763043045998,0.166680246591568,0.1607407182455063,-0.016274891793727875,-0.17013689875602722,-0.11744668334722519,0.35143837332725525,0.1374674141407013,0.001271996065042913,0.00039194742566905916,-0.0015664211241528392,0.0002378246426815167,0.0007267635082826018,-0.0006285806302912533,-0.0004801780451089144,-0.12509259581565857,-0.14555417001247406,-0.02390376105904579,0.18524403870105743,0.048696793615818024,-0.42439356446266174,-0.08316396176815033,0.041587650775909424,0.015186548233032227,-0.040178652852773666,0.015107134357094765,-0.06874988973140717,-0.0729551911354065,0.054303452372550964,0.041587650775909424,0.015186548233032227,-0.040178652852773666,0.015107134357094765,-0.06874988973140717,-0.0729551911354065,0.054303452372550964,0.041587650775909424,0.015186548233032227,-0.040178652852773666,0.015107134357094765,-0.06874988973140717,-0.0729551911354065,0.054303452372550964
31.269,0.0035612927749753,0.0035612927749753,nan,nan,nan,nan,-0.15118244290351868,1.0,0.0,0.6930838227272034,0.0,0.0,0.0,0.0,-0.0020000000949949026,0.032999999821186066,64.0,0.12578080594539642,2.9152660369873047,0.016069971024990082,28.69011116027832,0.003377019427716732,-0.0010030735284090042,-0.004380092956125736,-0.0015736529603600502,-0.024594955146312714,0.0059618642553687096,0.11485166847705841,9.0,1.0,0.0,0.0,0.003561285324394703,-7.450580596923828e-09,nan,0.008308003656566143,0.13640455901622772,0.056957416236400604,-0.06377004832029343,-0.0579909086227417,-0.144985169172287,0.1346106380224228,0.14689914882183075,0.12315317243337631,0.05142413452267647,-0.05757493898272514,-0.05235722288489342,-0.13090018928050995,0.12153352797031403,0.13262824714183807,0.1906980276107788,0.1365273892879486,-0.05066528543829918,-0.14304983615875244,-0.16541191935539246,0.30490219593048096,0.17912647128105164,0.0011795138707384467,0.00035040656803175807,-0.001458107610233128,0.0002294422301929444,0.000657091848552227,-0.0006009053904563189,-0.0004359201993793249,-0.1704005002975464,-0.11792029440402985,0.0040668100118637085,0.16947437822818756,0.10067307204008102,-0.3788834810256958,-0.14870834350585938,0.02029753476381302,0.018607091158628464,-0.04659847542643547,0.02642454393208027,-0.06473884731531143,-0.07398127019405365,0.03041812591254711,0.02029753476381302,0.018607091158628464,-0.04659847542643547,0.02642454393208027,-0.06473884731531143,-0.07398127019405365,0.03041812591254711,0.02029753103852272,0.018607089295983315,-0.04659847542643547,0.026424545794725418,-0.06473884731531143,-0.07398127764463425,0.030418124049901962
31.354999999999997,0.0035392092540860176,0.0035392092540860176,nan,nan,nan,nan,-0.14483846724033356,1.0,-4.656612873077393e-10,0.6921966075897217,0.0,0.0,0.0,0.0,0.008999999612569809,0.0020000000949949026,64.0,0.12533342838287354,0.7682656645774841,0.010120682418346405,11.62003231048584,0.002471416722983122,-0.0006390698254108429,-0.003110487014055252,0.0,0.4229966104030609,0.007532380986958742,0.12437935918569565,9.0,1.0,0.0,0.0,0.003539196215569973,-1.30385160446167e-08,nan,0.0072865597903728485,0.13640455901622772,0.056957416236400604,-0.06377004832029343,-0.0579909086227417,-0.144985169172287,0.1346106380224228,0.14689914882183075,0.1586429327726364,0.06624332815408707,-0.07416664063930511,-0.067445307970047,-0.1686224490404129,0.15655654668807983,0.17084848880767822,0.23028166592121124,0.1301429271697998,-0.08466964215040207,-0.13492055237293243,-0.22249896824359894,0.2969655692577362,0.23232367634773254,0.001033261651173234,0.0002834926126524806,-0.0012884731404483318,0.00021977268625050783,0.0005481765256263316,-0.0005611577071249485,-0.00036811374593526125,-0.18300282955169678,-0.11795233935117722,0.019863255321979523,0.15374135971069336,0.12773829698562622,-0.35248780250549316,-0.1715429723262787,0.047278840094804764,0.012190586887300014,-0.06480638682842255,0.018820803612470627,-0.09476066380739212,-0.05552222207188606,0.060780707746744156,0.047278840094804764,0.012190586887300014,-0.06480638682842255,0.018820803612470627,-0.09476066380739212,-0.05552222207188606,0.060780707746744156,0.047278840094804764,0.01219058595597744,-0.06480638682842255,0.018820803612470627,-0.09476066380739212,-0.05552222579717636,0.060780707746744156
31.443999999999996,0.0036821188405156136,0.0036821188405156136,nan,nan,nan,nan,-0.15095509588718414,1.0,0.0,0.6914559602737427,0.0,0.0,0.0,0.0,0.00800000037997961,0.010999999940395355,64.0,0.12638166546821594,0.8689034581184387,0.008928589522838593,10.983646392822266,-0.0020811986178159714,0.0011567119508981705,0.003237910568714142,0.0,0.7278904914855957,0.012294556014239788,0.12559203803539276,9.0,1.0,0.0,0.0,0.0036821002140641212,-1.862645149230957e-08,nan,0.003645646385848522,0.13640455901622772,0.056957416236400604,-0.06377004832029343,-0.0579909086227417,-0.144985169172287,0.1346106380224228,0.14689914882183075,0.2210972160100937,0.09232188761234283,-0.10336443781852722,-0.093997061252594,-0.2350054532289505,0.21818946301937103,0.238107830286026,0.2965787351131439,0.13841241598129272,-0.12879563868045807,-0.14195990562438965,-0.30568695068359375,0.3225691318511963,0.3126755356788635,0.0009170838166028261,0.00023567162861581892,-0.0011548985494300723,0.00021391229529399425,0.00046826887410134077,-0.0005297153838910162,-0.0003197879996150732,-0.1998782455921173,-0.12594106793403625,0.026804909110069275,0.15498031675815582,0.14691327512264252,-0.350825697183609,-0.19277256727218628,0.09670048952102661,0.012471354566514492,-0.1019907295703888,0.013020412996411324,-0.15877367556095123,-0.028256557881832123,0.11990297585725784,0.09670048952102661,0.012471354566514492,-0.1019907295703888,0.013020412996411324,-0.15877367556095123,-0.028256557881832123,0.11990297585725784,0.09670048952102661,0.012471351772546768,-0.1019907295703888,0.013020414859056473,-0.15877367556095123,-0.02825656346976757,0.11990297585725784
31.59499999999999,0.004066663794219494,0.004066663794219494,nan,nan,nan,nan,-0.11411084234714508,0.0,2.7939677238464355e-09,0.6936431527137756,0.0,0.0,0.0,0.0,0.0020000000949949026,0.010999999940395355,64.0,0.12675651907920837,3.432756185531616,0.04791375249624252,16.111812591552734,-0.005741761066019535,0.0033915648236870766,0.009133328683674335,0.0,0.7704532146453857,0.014810402877628803,0.07050158083438873,9.0,1.0,0.0,0.0,0.004066647030413151,-1.6763806343078613e-08,nan,0.002333805663511157,0.12489533424377441,0.02799098566174507,-0.0501355342566967,-0.09988492727279663,-0.09616552293300629,0.19668640196323395,0.11486400663852692,0.06694276630878448,0.01500291470438242,-0.026872193440794945,-0.05353741720318794,-0.05154385045170784,0.10542213171720505,0.0615660697221756,0.23424768447875977,0.0866655483841896,-0.09865877777338028,-0.1421145498752594,-0.21708829700946808,0.30027806758880615,0.2343904972076416,0.000536140869371593,5.457912993733771e-05,-0.0007115785265341401,0.00018942536553367972,0.0001798945595510304,-0.0004276330291759223,-0.00013761071022599936,-0.1015191525220871,-0.0911579504609108,-0.014104150235652924,0.1311751902103424,0.03676459193229675,-0.29235154390335083,-0.07726722955703735,0.13272853195667267,-0.004492404870688915,-0.1127629280090332,-0.010939366184175014,-0.18032370507717133,0.00792652927339077,0.15712326765060425,0.13272853195667267,-0.004492404870688915,-0.1127629280090332,-0.010939366184175014,-0.18032370507717133,0.00792652927339077,0.15712326765060425,0.13272853195667267,-0.004492404870688915,-0.1127629280090332,-0.010939366184175014,-0.18032370507717133,0.00792652927339077,0.15712326765060425
31.750999999999998,0.0037419265136122704,0.0037419265136122704,nan,nan,nan,nan,-0.11998246610164642,0.0,9.313225746154785e-10,0.68793785572052,0.0,0.0,0.0,0.0,0.004999999888241291,0.020999999716877937,64.0,0.1261116862297058,1.1601839065551758,0.015247613191604614,20.79060935974121,-0.0034770341590046883,-0.001306077465415001,0.002170957624912262,-0.006667471490800381,0.7946369647979736,0.015921209007501602,0.10521351546049118,9.0,1.0,0.0,0.0,0.003741915337741375,-1.1175870895385742e-08,nan,0.002711558248847723,0.12489533424377441,0.02799098566174507,-0.0501355342566967,-0.09988492727279663,-0.09616552293300629,0.19668640196323395,0.11486400663852692,0.1461908221244812,0.032763633877038956,-0.05868397653102875,-0.11691597104072571,-0.1125623881816864,0.23022273182868958,0.1344490796327591,0.2485698014497757,0.07231657952070236,-0.10203011333942413,-0.1768101453781128,-0.209242582321167,0.3580959141254425,0.23782002925872803,0.00022973224986344576,-0.00010629361349856481,-0.0003486310306470841,0.00016568410501349717,-6.674149335594848e-05,-0.00034610938746482134,1.9678478565765545e-05,-0.09742617607116699,-0.09918254613876343,-0.01518595963716507,0.14159730076789856,0.029557690024375916,-0.31563299894332886,-0.06823638081550598,0.1511436253786087,-0.026865968480706215,-0.1172160729765892,-0.035212837159633636,-0.17968489229679108,0.04246290773153305,0.16958364844322205,0.1511436253786087,-0.026865968480706215,-0.1172160729765892,-0.035212837159633636,-0.17968489229679108,0.04246290773153305,0.16958364844322205,0.1511436253786087,-0.026865968480706215,-0.1172160729765892,-0.035212837159633636,-0.17968489229679108,0.04246290773153305,0.16958364844322205
31.877999999999993,0.0035936208441853523,0.0035936208441853523,nan,nan,nan,nan,-0.11270783096551895,0.0,9.313225746154785e-10,0.6830172538757324,0.0,0.0,0.0,0.0,0.007000000216066837,0.01899999938905239,64.0,0.12463118880987167,2.3571810722351074,0.1873178482055664,12.769221305847168,-0.002609346993267536,-0.0002351636067032814,0.0023741843178868294,0.0,0.7977707386016846,0.014182152226567268,0.09045751392841339,9.0,1.0,0.0,0.0,0.003593611530959606,-9.313225746154785e-09,nan,0.002775351284071803,0.1077994778752327,0.022570479661226273,-0.030193442478775978,-0.12017937004566193,-0.05848138779401779,0.2286602258682251,0.08251999318599701,0.0651741698384285,0.013645820319652557,-0.018254565075039864,-0.07265888899564743,-0.03535709157586098,0.13824501633644104,0.04989051818847656,0.22238951921463013,0.05837969854474068,-0.08324651420116425,-0.1843414604663849,-0.1676756888628006,0.36417046189308167,0.20047858357429504,0.00015563653141725808,-0.00016073219012469053,-0.00025309898774139583,0.00015490190708078444,-0.00014252439723350108,-0.00032559948158450425,7.01817189110443e-05,-0.09346891939640045,-0.08514343947172165,-0.02748682349920273,0.14377130568027496,0.008633509278297424,-0.29706844687461853,-0.061152562499046326,0.12892059981822968,-0.026763739064335823,-0.11073333770036697,-0.040570151060819626,-0.15904217958450317,0.06710201501846313,0.13932602107524872,0.12892059981822968,-0.026763739064335823,-0.11073333770036697,-0.040570151060819626,-0.15904217958450317,0.06710201501846313,0.13932602107524872,0.12892059981822968,-0.026763739064335823,-0.11073333770036697,-0.040570151060819626,-0.15904217958450317,0.06710201501846313,0.13932602107524872
31.984,0.003477831371128559,0.003477831371128559,nan,nan,nan,nan,-0.12231164425611496,1.0,0.0,0.6815832853317261,0.0,0.0,0.0,0.0,0.006000000052154064,0.02800000086426735,64.0,0.12456721067428589,1.0544071197509766,0.011214055120944977,14.544259071350098,0.0018179714679718018,-0.001941820839419961,-0.0037597923073917627,-0.008275864645838737,0.8244242668151855,0.012411168776452541,0.07607370615005493,9.0,1.0,0.0,0.0,0.003477822057902813,-9.313225746154785e-09,nan,0.006514836102724075,0.1077994778752327,0.022570479661226273,-0.030193442478775978,-0.12017937004566193,-0.05848138779401779,0.2286602258682251,0.08251999318599701,0.1079387441277504,0.022599639371037483,-0.030232449993491173,-0.12033463269472122,-0.058556944131851196,0.22895562648773193,0.0826265960931778,0.21195848286151886,0.04887166619300842,-0.06733553111553192,-0.2121235430240631,-0.1328687071800232,0.40870535373687744,0.17375093698501587,1.0034891602117568e-05,-0.0002341533254366368,-8.29180353321135e-05,0.00014525938604492694,-0.000257445644820109,-0.0002882440167013556,0.0001437449682271108,-0.10480469465255737,-0.09595724940299988,-0.02780495584011078,0.15212120115756989,0.011579960584640503,-0.30921900272369385,-0.07052764296531677,0.10715378820896149,-0.047085583209991455,-0.0951404869556427,-0.06000233814120293,-0.12128874659538269,0.0994863510131836,0.1032232940196991,0.10715378820896149,-0.047085583209991455,-0.0951404869556427,-0.06000233814120293,-0.12128874659538269,0.0994863510131836,0.1032232940196991,0.1071537584066391,-0.04708557948470116,-0.0951404795050621,-0.060002315789461136,-0.1212887316942215,0.0994863212108612,0.10322326421737671
32.097,0.003382907249033451,0.003382907249033451,nan,nan,nan,nan,-0.13450153172016144,1.0,0.0,0.6773671507835388,0.0,0.0,0.0,0.0,0.003000000026077032,0.03099999949336052,64.0,0.12488234043121338,0.4520965814590454,0.008537434041500092,21.101463317871094,-0.0006464775651693344,-0.0003052419051527977,0.0003412356600165367,0.008416812866926193,0.8805501461029053,0.012663555331528187,0.12243171036243439,9.0,1.0,0.0,0.0,0.003382897935807705,-9.313225746154785e-09,nan,0.003562513506039977,0.1077994778752327,0.022570479661226273,-0.030193442478775978,-0.12017937004566193,-0.05848138779401779,0.2286602258682251,0.08251999318599701,0.15235768258571625,0.031899839639663696,-0.04267370328307152,-0.16985471546649933,-0.08265428990125656,0.32317543029785156,0.11662908643484116,0.23174232244491577,0.05054464191198349,-0.06849748641252518,-0.2474665343761444,-0.13377435505390167,0.4731443524360657,0.18257635831832886,-3.349637336214073e-05,-0.0002679851313587278,-2.9913268008385785e-05,0.00014237116556614637,-0.0003056193527299911,-0.000281516375252977,0.00017418860807083547,-0.12987160682678223,-0.10759127885103226,-0.01945675164461136,0.16640937328338623,0.03255315124988556,-0.33661556243896484,-0.09700462222099304,0.10187071561813354,-0.05704663693904877,-0.08795423805713654,-0.08105716854333878,-0.10122120380401611,0.13652877509593964,0.08557173609733582,0.10187071561813354,-0.05704663693904877,-0.08795423805713654,-0.08105716854333878,-0.10122120380401611,0.13652877509593964,0.08557173609733582,0.10187071561813354,-0.05704663693904877,-0.08795423805713654,-0.08105716854333878,-0.10122120380401611,0.13652877509593964,0.08557173609733582
32.19899999999999,0.004019224084913731,0.004019224084913731,nan,nan,nan,nan,-0.12176135927438736,1.0,-9.313225746154785e-10,0.6773579716682434,0.0,0.0,0.0,0.0,-0.0010000000474974513,0.020999999716877937,64.0,0.12535350024700165,8.086952209472656,0.018709339201450348,13.556252479553223,-0.0038100285455584526,0.00383018609136343,0.007640213705599308,0.012827238999307156,0.8875719904899597,0.010517498478293419,0.18423226475715637,9.0,1.0,0.0,0.0,0.0040192073211073875,-1.6763806343078613e-08,nan,0.004376172553747892,0.09041579812765121,0.0333348885178566,-0.008443817496299744,-0.12989459931850433,-0.02853693999350071,0.2446500062942505,0.05569452419877052,0.0201096348464489,0.0074141076765954494,-0.001878013601526618,-0.028890227898955345,-0.006346981972455978,0.05441330745816231,0.012387177906930447,0.12462707608938217,0.04776947200298309,0.0030221629422158003,-0.23542380332946777,-0.007618147414177656,0.42893165349960327,0.047605689615011215,-1.4335455489344895e-05,-0.00026224719476886094,-4.815718057216145e-05,0.0001407826493959874,-0.00029652714147232473,-0.00028342544101178646,0.00016893346037250012,-0.07673889398574829,-0.10810871422290802,-0.05146047845482826,0.1375158578157425,-0.019458094611763954,-0.2688860297203064,-0.041869811713695526,0.04788818210363388,-0.06033924221992493,-0.048438314348459244,-0.09790794551372528,-0.027076242491602898,0.16004562377929688,0.00573587603867054,0.04788818210363388,-0.06033924221992493,-0.048438314348459244,-0.09790794551372528,-0.027076242491602898,0.16004562377929688,0.00573587603867054,0.04788818210363388,-0.060339245945215225,-0.048438314348459244,-0.09790794551372528,-0.027076242491602898,0.16004562377929688,0.005735875107347965
32.269,0.004497074522078037,0.004497074522078037,nan,nan,nan,nan,-0.10814935714006424,1.0,2.3283064365386963e-09,0.6779569983482361,0.0,0.0,0.0,0.0,0.003000000026077032,0.00800000037997961,64.0,0.1260955035686493,0.7968889474868774,0.01097656786441803,16.74944305419922,-0.0066390144638717175,0.004037774633616209,0.01067679189145565,0.0,0.8948118090629578,0.011014755815267563,0.1568242460489273,9.0,1.0,0.0,0.0,0.004497063346207142,-1.1175870895385742e-08,nan,0.004518774338066578,0.09041579812765121,0.0333348885178566,-0.008443817496299744,-0.12989459931850433,-0.02853693999350071,0.2446500062942505,0.05569452419877052,0.03610312566161156,0.013310656882822514,-0.0033716256730258465,-0.051867056638002396,-0.011394831351935863,0.09768901765346527,0.02223888412117958,0.123522087931633,0.046563226729631424,-0.003304765559732914,-0.20910868048667908,-0.021179908886551857,0.3857180178165436,0.05971532687544823,0.00014524938887916505,-0.00017779291374608874,-0.00023204540775623173,0.00015054602408781648,-0.00016739231068640947,-0.00031940938788466156,8.608900679973885e-05,-0.06746535003185272,-0.1139286458492279,-0.034547969698905945,0.09963501989841461,0.005336945876479149,-0.22110337018966675,-0.0505867525935173,0.05605674162507057,-0.06736542284488678,-0.037852734327316284,-0.10947366058826447,-0.015842963010072708,0.16461464762687683,0.009128572419285774,0.05605674162507057,-0.06736542284488678,-0.037852734327316284,-0.10947366058826447,-0.015842963010072708,0.16461464762687683,0.009128572419285774,0.05605673789978027,-0.06736543029546738,-0.037852734327316284,-0.10947365313768387,-0.01584296114742756,0.16461463272571564,0.009128570556640625
32.395999999999994,0.004219026304781437,0.004219026304781437,nan,nan,nan,nan,-0.1127363070845604,1.0,4.656612873077393e-10,0.6702760457992554,0.0,0.0,0.0,0.0,0.004000000189989805,0.04100000113248825,64.0,0.12705093622207642,1.2801690101623535,0.012726522982120514,10.08076000213623,0.00032355496659874916,-0.0039019202813506126,-0.0042254747822880745,-0.0057208645157516,0.8516803979873657,0.010336502455174923,0.2270452231168747,9.0,1.0,0.0,0.0,0.0042189983651041985,-2.7939677238464355e-08,nan,0.009935567155480385,0.09041579812765121,0.0333348885178566,-0.008443817496299744,-0.12989459931850433,-0.02853693999350071,0.2446500062942505,0.05569452419877052,0.047295842319726944,0.01743723638355732,-0.004416899289935827,-0.0679469183087349,-0.014927464537322521,0.12797462940216064,0.029133399948477745,0.12930543720722198,0.04819019138813019,-0.007911860942840576,-0.20177720487117767,-0.031803522258996964,0.3759256601333618,0.07136751711368561,0.0003134744183626026,-9.985201177187264e-05,-0.0004260079876985401,0.00015918994904495776,-4.3626612750813365e-05,-0.000359851197572425,4.644892214855645e-06,-0.06948002427816391,-0.12806285917758942,-0.026311378926038742,0.09666840732097626,0.021120550110936165,-0.23350366950035095,-0.058647383004426956,0.059825412929058075,-0.07987266778945923,-0.03422323986887932,-0.10510879755020142,-0.010682972148060799,0.14242199063301086,0.012720133177936077,0.059825412929058075,-0.07987266778945923,-0.03422323986887932,-0.10510879755020142,-0.010682972148060799,0.14242199063301086,0.012720133177936077,0.059825412929058075,-0.07987267524003983,-0.03422323986887932,-0.10510879755020142,-0.010682971216738224,0.14242199063301086,0.012720132246613503
32.46699999999999,0.004216310568153858,0.004216310568153858,nan,nan,nan,nan,-0.132124125957489,1.0,-4.656612873077393e-10,0.6667788624763489,0.0,0.0,0.0,0.0,0.003000000026077032,0.023000000044703484,64.0,0.1270192712545395,1.115699291229248,0.024518929421901703,12.005278587341309,-0.00456193694844842,-0.0035009169951081276,0.0010610194876790047,0.0,0.7517868280410767,0.0093654440715909,0.1766156107187271,9.0,1.0,0.0,0.0,0.004216284491121769,-2.60770320892334e-08,nan,0.005120533052831888,0.05419392138719559,0.2282593846321106,0.058510057628154755,-0.04207730293273926,-0.020060626789927483,0.12979133427143097,0.11188621819019318,0.01821245811879635,0.07670905441045761,0.019662942737340927,-0.014140536077320576,-0.006741592660546303,0.043617792427539825,0.03760058432817459,0.08671358227729797,0.11580407619476318,0.033472489565610886,-0.17469729483127594,0.007730694953352213,0.33959081768989563,0.05002361908555031,0.000669801898766309,6.716363714076579e-05,-0.0008318229811266065,0.00018060767615679651,0.00022344233002513647,-0.0004450278065633029,-0.00016854402201715857,-0.03486111760139465,-0.18408727645874023,-0.055085793137550354,0.07393847405910492,-0.0033513372763991356,-0.20896299183368683,-0.04452129825949669,0.05185246467590332,-0.06828320026397705,-0.02161330357193947,-0.10075882077217102,0.004379357676953077,0.1306278258562088,0.005502320826053619,0.05185246467590332,-0.06828320026397705,-0.02161330357193947,-0.10075882077217102,0.004379357676953077,0.1306278258562088,0.005502320826053619,0.05185246467590332,-0.06828320026397705,-0.02161330357193947,-0.10075882077217102,0.004379357676953077,0.1306278258562088,0.005502320826053619
