{
  "duration_s": 69.80817079544067,
  "cycles": 497,
  "pct_dummy_selection": 0.2012072434607646,
  "min_h": 0.00016595236957073212,
  "min_h_corr": 0.00016595236957073212,
  "pct_cbf_active": 100.0,
  "pct_escape": 0.0,
  "pct_cap_active": 0.0,
  "pct_recovery": 0.0,
  "pct_repair": 48.99193548387097,
  "worst_final_constraint": -1.2111850082874298e-05,
  "mean_total_ms": 14.549938961773572,
  "p99_total_ms": 44.50882034301758,
  "sampled_margin_mean": 0.0037596416105145063,
  "sampled_margin_std": 0.0027697797849461866,
  "sampled_margin_p95": 0.008605137653648851,
  "sampled_margin_max": 0.015580927953124046,
  "reflex_L_configured": 5.0,
  "reflex_L_emp_median": 0.49439825117588043,
  "reflex_L_emp_p95": 11.764439344406133,
  "reflex_L_emp_p99": 19.23490333557129,
  "reflex_L_emp_max": 19.23490333557129,
  "reflex_L_exceed_pct": 12.195121951219512,
  "reflex_alpha_min": 0.0,
  "reflex_alpha_braking_pct": 90.5625166622234,
  "reflex_mean_compute_ms": 0.014891178823843183,
  "reflex_p99_compute_ms": 0.0422670799999988,
  "reflex_median_period_ms": 1.0,
  "reflex_achieved_rate_hz": 1000.0,
  "rms_meas_vs_cmd_radps": 0.096529592351537,
  "accel_rms_in_before": 2.41120539651709,
  "accel_rms_in_after": 0.8133722868388316,
  "accel_rms_in_reduction": 2.9644548204220618,
  "accel_rms_out_before": 0.7846539236276799,
  "accel_rms_out_after": 0.3282918515801374,
  "accel_rms_out_reduction": 2.390110871929889,
  "min_h_real": 0.0005885491556807121,
  "median_abs_gap_h_real_soft": 0.0030733589830972807,
  "p95_abs_gap_h_real_soft": 0.006563738230985384,
  "max_abs_gap_h_real_soft": 0.008169234143726768,
  "min_h_real_link": "panda_rightfinger",
  "hdot_execution_ratio": 0.3744427463603586,
  "mean_alignment_active": 0.6364046041834949,
  "mean_active_constraints": 9.0,
  "monitor_only": false,
  "contact_time_s": null
}