{
  "duration_s": 48.973,
  "cycles": 521,
  "pct_dummy_selection": 0.19193857965451055,
  "min_h": 0.0013760318979620934,
  "min_h_corr": 0.010586372576653957,
  "pct_cbf_active": 100.0,
  "pct_escape": 18.076923076923077,
  "pct_cap_active": 0.0,
  "pct_recovery": 0.0,
  "pct_repair": 1.5384615384615385,
  "worst_final_constraint": -1.1175870895385742e-08,
  "mean_total_ms": 8.536103236698143,
  "p99_total_ms": 22.49606628417965,
  "accel_rms_in_before": 3.44288375671006,
  "accel_rms_in_after": 1.521113889640749,
  "accel_rms_in_reduction": 2.2633964360967,
  "accel_rms_out_before": 1.7050378496076735,
  "accel_rms_out_after": 0.9818023394884492,
  "accel_rms_out_reduction": 1.7366406465236712,
  "hdot_execution_ratio": 0.942593840150861,
  "mean_alignment_active": 0.7950206035873495,
  "mean_active_constraints": 9.0,
  "monitor_only": false,
  "contact_time_s": null
}