{
  "duration_s": 50.9002480506897,
  "cycles": 345,
  "pct_dummy_selection": 0.5797101449275363,
  "min_h": -0.004512296989560127,
  "min_h_corr": -0.0022097118198871613,
  "pct_cbf_active": 100.0,
  "pct_escape": 0.0,
  "pct_cap_active": 0.0,
  "pct_recovery": 0.0,
  "pct_repair": 43.14868804664723,
  "worst_final_constraint": -0.2023720145225525,
  "mean_total_ms": 19.23387454903644,
  "p99_total_ms": 58.09240737915041,
  "accel_rms_in_before": 1.8549903763506923,
  "accel_rms_in_after": 0.7605365301728031,
  "accel_rms_in_reduction": 2.43905493392831,
  "accel_rms_out_before": 1.3115670999440003,
  "accel_rms_out_after": 0.6354206903029802,
  "accel_rms_out_reduction": 2.0640925294998205,
  "hdot_execution_ratio": 0.9055122006794357,
  "mean_alignment_active": 0.8468756709171801,
  "mean_active_constraints": 9.0,
  "monitor_only": false,
  "contact_time_s": null
}