{
  "duration_s": 73.53090143203735,
  "cycles": 4666,
  "pct_dummy_selection": 0.06429489927132448,
  "min_h": -0.013536166399717331,
  "min_h_corr": -0.008930996060371399,
  "pct_cbf_active": 42.376152691400385,
  "pct_escape": 22.903710057902636,
  "pct_cap_active": 0.0,
  "pct_recovery": 0.0,
  "pct_repair": 74.41561226678104,
  "worst_final_constraint": -0.06819212436676025,
  "mean_total_ms": 12.121771048181209,
  "p99_total_ms": 32.195753479003926,
  "accel_rms_in_before": 15.900554626508285,
  "accel_rms_in_after": 3.635280417913814,
  "accel_rms_in_reduction": 4.37395545833385,
  "accel_rms_out_before": 5.574872899299685,
  "accel_rms_out_after": 0.8814396974718045,
  "accel_rms_out_reduction": 6.3247354473480755,
  "hdot_execution_ratio": -0.9423218585191717,
  "mean_alignment_active": 0.9724479180342152,
  "mean_active_constraints": 1.0,
  "monitor_only": false,
  "contact_time_s": null
}