{
  "duration_s": 36.61402153968811,
  "cycles": 348,
  "pct_dummy_selection": 0.5747126436781609,
  "min_h": -0.0021070484071969986,
  "min_h_corr": 0.02091880328953266,
  "pct_cbf_active": 41.61849710982659,
  "pct_escape": 0.0,
  "pct_cap_active": 0.0,
  "pct_recovery": 0.0,
  "pct_repair": 27.167630057803464,
  "worst_final_constraint": -0.0013932440197095275,
  "mean_total_ms": 11.11774779256733,
  "p99_total_ms": 37.268855781555146,
  "accel_rms_in_before": 1.340809826616149,
  "accel_rms_in_after": 0.5238707733925756,
  "accel_rms_in_reduction": 2.5594285742132437,
  "accel_rms_out_before": 0.5363481078882837,
  "accel_rms_out_after": 0.21887431071105326,
  "accel_rms_out_reduction": 2.4504845093325875,
  "hdot_execution_ratio": 0.4184134888684304,
  "mean_alignment_active": 0.9887844336529573,
  "mean_active_constraints": 1.0,
  "monitor_only": false,
  "contact_time_s": null
}