{
  "duration_s": 45.80640244483948,
  "cycles": 323,
  "pct_dummy_selection": 0.6191950464396285,
  "min_h": -6.798841059207916e-05,
  "min_h_corr": 0.009142352268099785,
  "pct_cbf_active": 100.0,
  "pct_escape": 11.838006230529595,
  "pct_cap_active": 0.0,
  "pct_recovery": 0.0,
  "pct_repair": 12.461059190031152,
  "worst_final_constraint": -1.30385160446167e-08,
  "mean_total_ms": 8.384901833608055,
  "p99_total_ms": 31.28698623657225,
  "accel_rms_in_before": 3.2872801387610107,
  "accel_rms_in_after": 1.1441361593383297,
  "accel_rms_in_reduction": 2.8731546607722738,
  "accel_rms_out_before": 1.2999416256031895,
  "accel_rms_out_after": 0.6175150434915173,
  "accel_rms_out_reduction": 2.1051173397382126,
  "hdot_execution_ratio": 0.9491128355528026,
  "mean_alignment_active": 0.7017896190028916,
  "mean_active_constraints": 9.0,
  "monitor_only": false,
  "contact_time_s": null
}