{
  "duration_s": 59.762656450271606,
  "cycles": 651,
  "pct_dummy_selection": 0.30721966205837176,
  "min_h": -0.018403273075819016,
  "min_h_corr": 0.00462257768958807,
  "pct_cbf_active": 48.07395993836672,
  "pct_escape": 0.0,
  "pct_cap_active": 0.0,
  "pct_recovery": 0.0,
  "pct_repair": 57.473035439137135,
  "worst_final_constraint": -0.06212306767702103,
  "mean_total_ms": 9.777165897430912,
  "p99_total_ms": 36.77431297302246,
  "accel_rms_in_before": 3.422397615005106,
  "accel_rms_in_after": 1.2773078721925177,
  "accel_rms_in_reduction": 2.679383482645034,
  "accel_rms_out_before": 1.2894980579593658,
  "accel_rms_out_after": 0.11433317479279442,
  "accel_rms_out_reduction": 11.278424309447526,
  "hdot_execution_ratio": 0.08115338237430736,
  "mean_alignment_active": 0.9360541718510481,
  "mean_active_constraints": 1.0,
  "monitor_only": false,
  "contact_time_s": null
}