{
  "duration_s": 31.134999999999998,
  "cycles": 371,
  "pct_dummy_selection": 0.5390835579514826,
  "min_h": -0.005143328569829464,
  "min_h_corr": 0.004067011643201113,
  "pct_cbf_active": 99.7289972899729,
  "pct_escape": 0.0,
  "pct_cap_active": 0.0,
  "pct_recovery": 0.0,
  "pct_repair": 44.44444444444444,
  "worst_final_constraint": -0.0019238442182540894,
  "mean_total_ms": 10.323492510299477,
  "p99_total_ms": 32.145019149780275,
  "reflex_mean_compute_ms": 0.2579068673045275,
  "reflex_p99_compute_ms": 1.475784676149493,
  "reflex_median_period_ms": 1.1524176225066185,
  "reflex_achieved_rate_hz": 867.7409824963491,
  "rms_meas_vs_cmd_radps": 0.018989140821021475,
  "accel_rms_in_before": 5.271961381903887,
  "accel_rms_in_after": 2.3181558488074905,
  "accel_rms_in_reduction": 2.274204896368766,
  "accel_rms_out_before": 3.365675102315156,
  "accel_rms_out_after": 1.691924319388766,
  "accel_rms_out_reduction": 1.9892586587626202,
  "hdot_execution_ratio": 0.2970698682527936,
  "mean_alignment_active": 0.8021388604704597,
  "mean_active_constraints": 9.0,
  "monitor_only": false,
  "contact_time_s": null
}