{
  "duration_s": 102.337566614151,
  "cycles": 681,
  "pct_dummy_selection": 0.14684287812041116,
  "min_h": -0.005253925919532776,
  "min_h_corr": -0.005253925919532776,
  "pct_cbf_active": 100.0,
  "pct_escape": 0.0,
  "pct_cap_active": 0.0,
  "pct_recovery": 0.0,
  "pct_repair": 47.35294117647059,
  "worst_final_constraint": -3.725290298461914e-09,
  "mean_total_ms": 15.351295793284054,
  "p99_total_ms": 43.32020568847659,
  "sampled_margin_mean": 0.0025237828952395748,
  "sampled_margin_std": 0.0027946072801084795,
  "sampled_margin_p95": 0.009600048884749413,
  "sampled_margin_max": 0.01296214573085308,
  "reflex_L_configured": 5.0,
  "reflex_L_emp_median": 2.2546164989471436,
  "reflex_L_emp_p95": 17.904823303222656,
  "reflex_L_emp_p99": 24.680866241455078,
  "reflex_L_emp_max": 24.680866241455078,
  "reflex_L_exceed_pct": 35.84632113084451,
  "reflex_alpha_min": 0.0,
  "reflex_alpha_braking_pct": 75.75976845151953,
  "reflex_mean_compute_ms": 0.675901900807565,
  "reflex_p99_compute_ms": 5.098641095682995,
  "reflex_median_period_ms": 1.355432439595461,
  "reflex_achieved_rate_hz": 737.7719248762097,
  "rms_meas_vs_cmd_radps": 0.04418152223178682,
  "accel_rms_in_before": 3.1266267170823037,
  "accel_rms_in_after": 0.9626550381589639,
  "accel_rms_in_reduction": 3.247920171967148,
  "accel_rms_out_before": 1.0411929900496197,
  "accel_rms_out_after": 0.37549484374592484,
  "accel_rms_out_reduction": 2.772855626092521,
  "min_h_real": 0.0012774280398211123,
  "median_abs_gap_h_real_soft": 0.003011916391140476,
  "p95_abs_gap_h_real_soft": 0.0056608302933569945,
  "max_abs_gap_h_real_soft": 0.00996001916097846,
  "hdot_execution_ratio": 0.04343840490833098,
  "mean_alignment_active": 0.4306639131391421,
  "mean_active_constraints": 9.0,
  "monitor_only": false,
  "contact_time_s": null
}