{
  "duration_s": 32.901763916015625,
  "cycles": 393,
  "pct_dummy_selection": 0.5089058524173028,
  "min_h": -0.02000204659998417,
  "min_h_corr": 0.00302380439825356,
  "pct_cbf_active": 22.25063938618926,
  "pct_escape": 0.0,
  "pct_cap_active": 0.0,
  "pct_recovery": 0.0,
  "pct_repair": 20.716112531969312,
  "worst_final_constraint": -0.012608444318175316,
  "mean_total_ms": 8.443938435792317,
  "p99_total_ms": 30.882024612426758,
  "accel_rms_in_before": 1.847026509884538,
  "accel_rms_in_after": 0.8583948588908568,
  "accel_rms_in_reduction": 2.151721309551067,
  "accel_rms_out_before": 0.8936329154053061,
  "accel_rms_out_after": 0.41789131826802284,
  "accel_rms_out_reduction": 2.138433789696863,
  "min_h_real": -0.007902979307561904,
  "median_abs_gap_h_real_soft": 0.011481020233805844,
  "p95_abs_gap_h_real_soft": 0.027166118576850976,
  "max_abs_gap_h_real_soft": 0.04916615945808339,
  "hdot_execution_ratio": 0.1704726389508001,
  "mean_alignment_active": 0.9688308026598788,
  "mean_active_constraints": 1.0,
  "monitor_only": false,
  "contact_time_s": null
}