{
  "duration_s": 64.66569423675537,
  "cycles": 441,
  "pct_dummy_selection": 0.45351473922902497,
  "min_h": 0.0034202327951788902,
  "min_h_corr": 0.005722817964851856,
  "pct_cbf_active": 94.30523917995444,
  "pct_escape": 0.0,
  "pct_cap_active": 0.0,
  "pct_recovery": 0.0,
  "pct_repair": 3.189066059225513,
  "worst_final_constraint": -0.08416666835546494,
  "mean_total_ms": 19.034024977089327,
  "p99_total_ms": 56.300116729736345,
  "accel_rms_in_before": 2.7427392288652426,
  "accel_rms_in_after": 1.4036393295613452,
  "accel_rms_in_reduction": 1.9540199331137171,
  "accel_rms_out_before": 1.5785884754080395,
  "accel_rms_out_after": 0.7746542793933304,
  "accel_rms_out_reduction": 2.037797398659321,
  "hdot_execution_ratio": 0.6618409163680763,
  "mean_alignment_active": 0.9269957767736509,
  "mean_active_constraints": 9.0,
  "monitor_only": false,
  "contact_time_s": null
}