{
    "agent_pos": {
        "min": [
            0.39339202642440796,
            -0.03775550797581673,
            0.12770560383796692,
            0.2761285901069641,
            -0.8950457572937012,
            -0.06120103597640991,
            -0.9597903490066528,
            -0.9999989867210388,
            -0.215264230966568
        ],
        "max": [
            0.507503867149353,
            0.08634933829307556,
            0.33159971237182617,
            1.0,
            0.875789999961853,
            0.4113183617591858,
            0.9436346292495728,
            -0.2745269238948822,    
            0.1321968138217926
        ]
    },
    "action": {
        "min": [
            0.39339202642440796,
            -0.03775550797581673,
            0.12770560383796692,
            0.2761285901069641,
            -0.8950457572937012,
            -0.06120103597640991,
            -0.9597903490066528,
            -0.9999989867210388,
            -0.215264230966568
        ],
        "max": [
            0.507449209690094,
            0.08634933829307556,
            0.3740307092666626,
            1.0,
            0.875789999961853,
            0.4113183617591858,
            0.9436346292495728,
            -0.2745269238948822,
            0.1321968138217926
        ]
    }
}