{"agent_pos": {"min": [0.3798656165599823, -0.13221661746501923, 0.08785514533519745], "max": [0.5895155072212219, 0.5238355398178101, 0.35395076870918274]}, "action": {"min": [0.3760465085506439, -0.13221661746501923, 0.08785514533519745], "max": [0.5895155072212219, 0.5649309754371643, 0.35395076870918274]}}