{"min": [0.26566988229751587, -0.11374162137508392, 0.0018662144429981709, -0.9152043461799622, -0.9119537472724915, 0.37256288528442383, -1.0179402828216553, -1.0095794200897217, -0.2017647922039032], "max": [0.529302179813385, 0.6907782554626465, 0.33030927181243896, 0.2130032777786255, 0.8943962454795837, 1.0062109231948853, 0.9914891719818115, -0.032473839819431305, 0.15429234504699707]}