{"agent_pos": {"min": [0.28537994623184204, -0.10585416853427887, 0.00508624454960227], "max": [0.5267175436019897, 0.6434361934661865, 0.24934346973896027]}, "action": {"min": [0.28537994623184204, -0.10585416853427887, 0.00508624454960227], "max": [0.5267175436019897, 0.6828908324241638, 0.2506883442401886]}}