{"agent_pos": {"min": [0.26825451850891113, -0.10585416853427887, 0.00508624454960227], "max": [0.5267175436019897, 0.6828908324241638, 0.32708925008773804]}, "action": {"min": [0.26825451850891113, -0.10585416853427887, 0.00508624454960227], "max": [0.5267175436019897, 0.6828908324241638, 0.32708925008773804]}}