{
  "duration_s": 44.11300000000001,
  "cycles": 3177,
  "pct_dummy_selection": 1.9515265974189486,
  "min_h": -0.0011823531240224838,
  "min_h_corr": 0.0034228169824928045,
  "pct_cbf_active": 8.828250401284109,
  "pct_escape": 0.0,
  "pct_cap_active": 0.0,
  "pct_recovery": 0.0,
  "pct_repair": 16.436597110754413,
  "worst_final_constraint": -0.002108275890350342,
  "mean_total_ms": 10.570455159336507,
  "p99_total_ms": 27.444426269531228,
  "accel_rms_in_before": 13.31199881479402,
  "accel_rms_in_after": 5.864624711282928,
  "accel_rms_in_reduction": 2.2698807630747657,
  "accel_rms_out_before": 5.8574645327675166,
  "accel_rms_out_after": 0.41241364078244835,
  "accel_rms_out_reduction": 14.202887473979985,
  "min_h_real": -0.001566541148309607,
  "median_abs_gap_h_real_soft": 0.001743500984040013,
  "p95_abs_gap_h_real_soft": 0.0262648113456545,
  "max_abs_gap_h_real_soft": 0.031136755994887688,
  "hdot_execution_ratio": -1.0733519242471634,
  "mean_alignment_active": 0.9864405827088789,
  "mean_active_constraints": 1.0,
  "monitor_only": false,
  "contact_time_s": null
}