{
  "duration_s": 58.910709619522095,
  "cycles": 420,
  "pct_dummy_selection": 0.2380952380952381,
  "min_h": 0.0009081671014428139,
  "min_h_corr": 0.0009081671014428139,
  "pct_cbf_active": 100.0,
  "pct_escape": 0.0,
  "pct_cap_active": 0.0,
  "pct_recovery": 0.0,
  "pct_repair": 19.331742243436754,
  "worst_final_constraint": -2.382555976510048e-06,
  "mean_total_ms": 15.56270768528893,
  "p99_total_ms": 42.11115303039551,
  "sampled_margin_mean": 0.0048128992692606214,
  "sampled_margin_std": 0.003558279908604449,
  "sampled_margin_p95": 0.010603332985192535,
  "sampled_margin_max": 0.019471323117613792,
  "reflex_L_configured": 5.0,
  "reflex_L_emp_median": 1.3267956376075745,
  "reflex_L_emp_p95": 51.72064294815051,
  "reflex_L_emp_p99": 71.55529022216797,
  "reflex_L_emp_max": 71.55529022216797,
  "reflex_L_exceed_pct": 14.000000000000002,
  "reflex_alpha_min": 0.0,
  "reflex_alpha_braking_pct": 87.64880952380952,
  "reflex_mean_compute_ms": 0.013861813866984079,
  "reflex_p99_compute_ms": 0.0383418,
  "reflex_median_period_ms": 1.0,
  "reflex_achieved_rate_hz": 1000.0,
  "rms_meas_vs_cmd_radps": 0.07738468285626987,
  "accel_rms_in_before": 2.110776879405491,
  "accel_rms_in_after": 0.7118298202859363,
  "accel_rms_in_reduction": 2.965283020255612,
  "accel_rms_out_before": 0.502143630388673,
  "accel_rms_out_after": 0.502143630388673,
  "accel_rms_out_reduction": 1.0,
  "min_h_real": 0.002259879043520468,
  "median_abs_gap_h_real_soft": 0.002409118966612004,
  "p95_abs_gap_h_real_soft": 0.005585700447801761,
  "max_abs_gap_h_real_soft": 0.008341284131225979,
  "min_h_real_link": "panda_link4",
  "hdot_execution_ratio": 0.4833143868715462,
  "mean_alignment_active": 0.6497952222986911,
  "mean_active_constraints": 9.0,
  "monitor_only": false,
  "contact_time_s": null
}