{
  "duration_s": 27.491999999999997,
  "cycles": 445,
  "pct_dummy_selection": 0.22471910112359553,
  "min_h": -0.0005222698673605919,
  "min_h_corr": 0.007795496378093958,
  "pct_cbf_active": 100.0,
  "pct_escape": 44.5945945945946,
  "pct_cap_active": 0.0,
  "pct_recovery": 0.0,
  "pct_repair": 34.68468468468468,
  "worst_final_constraint": -1.4319084584712982e-08,
  "mean_total_ms": 8.77453452871087,
  "p99_total_ms": 27.28387649536133,
  "reflex_L_configured": 5.0,
  "reflex_L_emp_median": 0.9952958822250366,
  "reflex_L_emp_p95": 22.23965072631836,
  "reflex_L_emp_p99": 26.2412166595459,
  "reflex_L_emp_max": 26.2412166595459,
  "reflex_L_exceed_pct": 8.728179551122196,
  "reflex_alpha_min": 0.0,
  "reflex_alpha_braking_pct": 47.85123966942149,
  "reflex_mean_compute_ms": 0.47633133190693866,
  "reflex_p99_compute_ms": 3.085320554673704,
  "reflex_median_period_ms": 1.2189419940114021,
  "reflex_achieved_rate_hz": 820.3835825764863,
  "rms_meas_vs_cmd_radps": 0.0609206763731933,
  "accel_rms_in_before": 5.371359511389234,
  "accel_rms_in_after": 1.8715934124137907,
  "accel_rms_in_reduction": 2.8699393125464154,
  "accel_rms_out_before": 2.3806786894396073,
  "accel_rms_out_after": 0.9939281479008722,
  "accel_rms_out_reduction": 2.395222123920612,
  "hdot_execution_ratio": 0.9006660425304266,
  "mean_alignment_active": 0.8250488906612133,
  "mean_active_constraints": 9.0,
  "monitor_only": false,
  "contact_time_s": null
}