{
  "duration_s": 44.125527143478394,
  "cycles": 411,
  "pct_dummy_selection": 0.24330900243309003,
  "min_h": -0.0009921826422214508,
  "min_h_corr": 0.008218158036470413,
  "pct_cbf_active": 42.4390243902439,
  "pct_escape": 0.0,
  "pct_cap_active": 0.0,
  "pct_recovery": 0.0,
  "pct_repair": 15.121951219512194,
  "worst_final_constraint": -8.59028659760952e-07,
  "mean_total_ms": 10.754423200649066,
  "p99_total_ms": 30.8013275146484,
  "accel_rms_in_before": 2.2479805446632684,
  "accel_rms_in_after": 0.7862059080908272,
  "accel_rms_in_reduction": 2.8592770946254045,
  "accel_rms_out_before": 0.7887102496242931,
  "accel_rms_out_after": 0.5217094433408058,
  "accel_rms_out_reduction": 1.5117806658314012,
  "hdot_execution_ratio": -0.20365819145609976,
  "mean_alignment_active": 0.8928443902525408,
  "mean_active_constraints": 9.0,
  "monitor_only": false,
  "contact_time_s": null
}