{
  "duration_s": 45.63499999999999,
  "cycles": 503,
  "pct_dummy_selection": 0.19880715705765406,
  "min_h": 0.00012910645455121994,
  "min_h_corr": 0.00012910645455121994,
  "pct_cbf_active": 100.0,
  "pct_escape": 0.0,
  "pct_cap_active": 0.0,
  "pct_recovery": 0.0,
  "pct_repair": 55.97609561752988,
  "worst_final_constraint": -6.403349107131362e-05,
  "mean_total_ms": 15.288887310217673,
  "p99_total_ms": 39.000047607421884,
  "sampled_margin_mean": 0.003790572134202307,
  "sampled_margin_std": 0.0029213973379888475,
  "sampled_margin_p95": 0.008537495974451303,
  "sampled_margin_max": 0.014145854860544205,
  "reflex_L_configured": 5.0,
  "reflex_L_emp_median": 0.7946451306343079,
  "reflex_L_emp_p95": 10.260529279708862,
  "reflex_L_emp_p99": 34.26062774658203,
  "reflex_L_emp_max": 34.26062774658203,
  "reflex_L_exceed_pct": 15.909090909090908,
  "reflex_alpha_min": 0.0,
  "reflex_alpha_braking_pct": 90.99769171582457,
  "reflex_mean_compute_ms": 0.01510931909160893,
  "reflex_p99_compute_ms": 0.04330067999999985,
  "reflex_median_period_ms": 1.0,
  "reflex_achieved_rate_hz": 1000.0,
  "rms_meas_vs_cmd_radps": 0.07405470050584688,
  "accel_rms_in_before": 4.558065864955816,
  "accel_rms_in_after": 1.520190953639896,
  "accel_rms_in_reduction": 2.998350867726275,
  "accel_rms_out_before": 1.4764084145550305,
  "accel_rms_out_after": 0.5853133646197247,
  "accel_rms_out_reduction": 2.5224238908575853,
  "min_h_real": -0.000746205767225271,
  "median_abs_gap_h_real_soft": 0.0022001725892279514,
  "p95_abs_gap_h_real_soft": 0.004935146368832984,
  "max_abs_gap_h_real_soft": 0.006113096839694132,
  "min_h_real_link": "panda_hand",
  "hdot_execution_ratio": 0.2572475166637518,
  "mean_alignment_active": 0.6333625702079816,
  "mean_active_constraints": 9.0,
  "monitor_only": false,
  "contact_time_s": null
}