{
  "duration_s": 46.27163767814636,
  "cycles": 426,
  "pct_dummy_selection": 0.2347417840375587,
  "min_h": -0.0008058147504925728,
  "min_h_corr": -0.0008058147504925728,
  "pct_cbf_active": 100.0,
  "pct_escape": 20.941176470588236,
  "pct_cap_active": 0.0,
  "pct_recovery": 0.0,
  "pct_repair": 15.294117647058824,
  "worst_final_constraint": -1.4901161193847656e-08,
  "mean_total_ms": 8.70154003917891,
  "p99_total_ms": 21.827457904815674,
  "reflex_mean_compute_ms": 0.3761314700591625,
  "reflex_p99_compute_ms": 1.896586827933794,
  "reflex_median_period_ms": 1.215069554746151,
  "reflex_achieved_rate_hz": 822.998153557487,
  "rms_meas_vs_cmd_radps": 0.04949192121257675,
  "accel_rms_in_before": 3.6867022266930243,
  "accel_rms_in_after": 1.3714894086832012,
  "accel_rms_in_reduction": 2.6881011281251617,
  "accel_rms_out_before": 1.5645939397430844,
  "accel_rms_out_after": 0.7938732077312289,
  "accel_rms_out_reduction": 1.9708360535487275,
  "hdot_execution_ratio": 0.8982015357693662,
  "mean_alignment_active": 0.7461195390890626,
  "mean_active_constraints": 9.0,
  "monitor_only": false,
  "contact_time_s": null
}