{
  "duration_s": 23.827758073806763,
  "cycles": 1773,
  "pct_dummy_selection": 0.0,
  "min_h": -0.021631374955177307,
  "min_h_corr": -0.017026204615831375,
  "pct_cbf_active": 58.093626621545404,
  "pct_escape": 0.0,
  "pct_cap_active": 0.0,
  "pct_recovery": 0.0,
  "pct_repair": 0.0,
  "worst_final_constraint": 0.0,
  "mean_total_ms": 7.119650102710563,
  "p99_total_ms": 18.31056274414062,
  "accel_rms_in_before": 13.109772579373137,
  "accel_rms_in_after": 2.7132575514906057,
  "accel_rms_in_reduction": 4.831746463645115,
  "accel_rms_out_before": 2.7347840101972887,
  "accel_rms_out_after": 0.3903705835776527,
  "accel_rms_out_reduction": 7.005609862130619,
  "min_h_real": -0.0148910431698544,
  "median_abs_gap_h_real_soft": 0.003595744036114925,
  "p95_abs_gap_h_real_soft": 0.012423359268937992,
  "max_abs_gap_h_real_soft": 0.013750576769820295,
  "hdot_execution_ratio": 0.000950806712150335,
  "mean_alignment_active": 0.9999999989583654,
  "mean_active_constraints": 1.0,
  "monitor_only": true,
  "contact_time_s": 16.53819179534912
}