{
  "duration_s": 32.017,
  "cycles": 2425,
  "pct_dummy_selection": 0.12371134020618556,
  "min_h": -0.0022338228300213814,
  "min_h_corr": 0.002371347276493907,
  "pct_cbf_active": 3.137902559867878,
  "pct_escape": 0.0,
  "pct_cap_active": 0.0,
  "pct_recovery": 0.0,
  "pct_repair": 14.781172584640792,
  "worst_final_constraint": -0.04713523015379906,
  "mean_total_ms": 8.907721857483853,
  "p99_total_ms": 25.284595489501946,
  "accel_rms_in_before": 11.00534529434,
  "accel_rms_in_after": 2.2723969656471374,
  "accel_rms_in_reduction": 4.843055795581859,
  "accel_rms_out_before": 2.2776654715874662,
  "accel_rms_out_after": 0.4572315648249077,
  "accel_rms_out_reduction": 4.981426582960596,
  "hdot_execution_ratio": -1.4368770710314942,
  "mean_alignment_active": 0.9778969523153807,
  "mean_active_constraints": 1.0,
  "monitor_only": false,
  "contact_time_s": null
}