{
  "duration_s": 70.429,
  "cycles": 1018,
  "pct_dummy_selection": 0.09823182711198428,
  "min_h": -0.0003035813570022583,
  "min_h_corr": 0.0227222703397274,
  "pct_cbf_active": 34.316617502458215,
  "pct_escape": 0.0,
  "pct_cap_active": 0.0,
  "pct_recovery": 0.0,
  "pct_repair": 32.743362831858406,
  "worst_final_constraint": -2.4994369596242905e-07,
  "mean_total_ms": 6.263615499076768,
  "p99_total_ms": 26.607886543273946,
  "accel_rms_in_before": 5.467862037771355,
  "accel_rms_in_after": 1.9773542683023322,
  "accel_rms_in_reduction": 2.76524147717132,
  "accel_rms_out_before": 1.9600241132600515,
  "accel_rms_out_after": 0.8249998112371871,
  "accel_rms_out_reduction": 2.375787347539823,
  "min_h_real": 0.0026307327343154385,
  "median_abs_gap_h_real_soft": 0.010763336493703177,
  "p95_abs_gap_h_real_soft": 0.013849172286422459,
  "max_abs_gap_h_real_soft": 0.017686933503833005,
  "hdot_execution_ratio": 0.8384255350777143,
  "mean_alignment_active": 0.9614971114434622,
  "mean_active_constraints": 1.0,
  "monitor_only": false,
  "contact_time_s": null
}