{
  "duration_s": 26.495000000000005,
  "cycles": 428,
  "pct_dummy_selection": 0.0,
  "min_h": 0.0023166807368397713,
  "min_h_corr": 0.0023166807368397713,
  "pct_cbf_active": 100.0,
  "pct_escape": 22.429906542056074,
  "pct_cap_active": 0.0,
  "pct_recovery": 0.0,
  "pct_repair": 18.457943925233643,
  "worst_final_constraint": -2.2817403078079224e-08,
  "mean_total_ms": 8.128004803835788,
  "p99_total_ms": 22.48227386474611,
  "sampled_margin_mean": 0.014110345385463312,
  "sampled_margin_std": 0.012287910976348562,
  "sampled_margin_p95": 0.0349209990352392,
  "sampled_margin_max": 0.07999999821186066,
  "reflex_L_configured": 5.0,
  "reflex_L_emp_median": 1.536897897720337,
  "reflex_L_emp_p95": 9.83447551727295,
  "reflex_L_emp_p99": 27.35817527770996,
  "reflex_L_emp_max": 27.35817527770996,
  "reflex_L_exceed_pct": 9.900090826521344,
  "reflex_alpha_min": 0.0,
  "reflex_alpha_braking_pct": 28.99050905953408,
  "reflex_mean_compute_ms": 0.49040914045071415,
  "reflex_p99_compute_ms": 3.630881579592854,
  "reflex_median_period_ms": 1.1973888613283634,
  "reflex_achieved_rate_hz": 835.1505783097201,
  "rms_meas_vs_cmd_radps": 0.028389767644558115,
  "accel_rms_in_before": 5.424776773959891,
  "accel_rms_in_after": 2.0068937501381034,
  "accel_rms_in_reduction": 2.703071238119401,
  "accel_rms_out_before": 2.542726550612404,
  "accel_rms_out_after": 1.277985389777326,
  "accel_rms_out_reduction": 1.9896366350913015,
  "hdot_execution_ratio": 0.9791381927801288,
  "mean_alignment_active": 0.8300559630138238,
  "mean_active_constraints": 9.0,
  "monitor_only": false,
  "contact_time_s": null
}