{
  "duration_s": 38.16,
  "cycles": 539,
  "pct_dummy_selection": 0.1855287569573284,
  "min_h": -0.002087707631289959,
  "min_h_corr": 0.007122632581740618,
  "pct_cbf_active": 53.71747211895911,
  "pct_escape": 0.0,
  "pct_cap_active": 0.0,
  "pct_recovery": 0.0,
  "pct_repair": 15.055762081784389,
  "worst_final_constraint": -5.579786375164986e-07,
  "mean_total_ms": 7.574560637819081,
  "p99_total_ms": 23.23910972595215,
  "accel_rms_in_before": 4.090188866517656,
  "accel_rms_in_after": 1.4280866357854507,
  "accel_rms_in_reduction": 2.864104154485028,
  "accel_rms_out_before": 1.3581983262533166,
  "accel_rms_out_after": 0.6150632652367418,
  "accel_rms_out_reduction": 2.208225402195882,
  "hdot_execution_ratio": -0.3131382450721813,
  "mean_alignment_active": 0.8526194968025577,
  "mean_active_constraints": 9.0,
  "monitor_only": false,
  "contact_time_s": null
}