{
  "duration_s": 37.135000000000005,
  "cycles": 421,
  "pct_dummy_selection": 0.23752969121140144,
  "min_h": 0.0003587258979678154,
  "min_h_corr": 0.0003587258979678154,
  "pct_cbf_active": 100.0,
  "pct_escape": 0.0,
  "pct_cap_active": 0.0,
  "pct_recovery": 0.0,
  "pct_repair": 45.476190476190474,
  "worst_final_constraint": -1.6736797988414764e-05,
  "mean_total_ms": 15.119036493278738,
  "p99_total_ms": 52.14931411743166,
  "sampled_margin_mean": 0.004263048476471528,
  "sampled_margin_std": 0.0032784239540882745,
  "sampled_margin_p95": 0.010256539098918438,
  "sampled_margin_max": 0.013205641880631447,
  "reflex_L_configured": 32.0,
  "reflex_L_emp_median": 0.6325965523719788,
  "reflex_L_emp_p95": 5.224088191986084,
  "reflex_L_emp_p99": 7.356608390808102,
  "reflex_L_emp_max": 8.926302909851074,
  "reflex_L_exceed_pct": 0.0,
  "reflex_alpha_min": 0.0,
  "reflex_alpha_braking_pct": 85.8252427184466,
  "reflex_mean_compute_ms": 0.013820878601489155,
  "reflex_p99_compute_ms": 0.04159909999999976,
  "reflex_median_period_ms": 1.0,
  "reflex_achieved_rate_hz": 1000.0,
  "rms_meas_vs_cmd_radps": 0.06614131590889133,
  "accel_rms_in_before": 3.5180321146109548,
  "accel_rms_in_after": 1.2443587769359732,
  "accel_rms_in_reduction": 2.827184715386928,
  "accel_rms_out_before": 1.3060301125528595,
  "accel_rms_out_after": 0.519949317537178,
  "accel_rms_out_reduction": 2.5118411900972912,
  "min_h_real": 0.001564191833440514,
  "median_abs_gap_h_real_soft": 0.002840707768340162,
  "p95_abs_gap_h_real_soft": 0.006485088273564186,
  "max_abs_gap_h_real_soft": 0.008951551832530914,
  "min_h_real_link": "panda_link4",
  "hdot_execution_ratio": 0.5382508675634129,
  "mean_alignment_active": 0.661286280243214,
  "mean_active_constraints": 9.0,
  "monitor_only": false,
  "contact_time_s": null
}