{
  "duration_s": 36.485800981521606,
  "cycles": 240,
  "pct_dummy_selection": 0.8333333333333334,
  "min_h": -0.0030494974926114082,
  "min_h_corr": -0.0007469123811461031,
  "pct_cbf_active": 90.33613445378151,
  "pct_escape": 0.0,
  "pct_cap_active": 0.0,
  "pct_recovery": 0.0,
  "pct_repair": 18.907563025210084,
  "worst_final_constraint": -8.195638656616211e-08,
  "mean_total_ms": 18.784968787431715,
  "p99_total_ms": 45.92350101470945,
  "accel_rms_in_before": 1.7588167340959586,
  "accel_rms_in_after": 0.6891961989987834,
  "accel_rms_in_reduction": 2.551982638109505,
  "accel_rms_out_before": 1.045148916154521,
  "accel_rms_out_after": 0.46969590340051054,
  "accel_rms_out_reduction": 2.225160808488723,
  "hdot_execution_ratio": 1.1059451629721126,
  "mean_alignment_active": 0.9300941183470016,
  "mean_active_constraints": 9.0,
  "monitor_only": false,
  "contact_time_s": null
}