{
  "duration_s": 39.043,
  "cycles": 574,
  "pct_dummy_selection": 0.17421602787456447,
  "min_h": 0.00018311571329832077,
  "min_h_corr": 0.023208966478705406,
  "pct_cbf_active": 24.60732984293194,
  "pct_escape": 0.0,
  "pct_cap_active": 0.0,
  "pct_recovery": 0.0,
  "pct_repair": 18.673647469458988,
  "worst_final_constraint": -0.00021608720999211073,
  "mean_total_ms": 6.268328336057762,
  "p99_total_ms": 19.01273614883423,
  "accel_rms_in_before": 5.241429547185457,
  "accel_rms_in_after": 2.402066517774799,
  "accel_rms_in_reduction": 2.182050125756283,
  "accel_rms_out_before": 2.4004009062713685,
  "accel_rms_out_after": 1.3942793214053837,
  "accel_rms_out_reduction": 1.721606904312294,
  "hdot_execution_ratio": 0.13369068488693,
  "mean_alignment_active": 0.987905944915528,
  "mean_active_constraints": 1.0,
  "monitor_only": false,
  "contact_time_s": null
}