{
  "duration_s": 43.03297972679138,
  "cycles": 296,
  "pct_dummy_selection": 0.6756756756756757,
  "min_h": -0.027762137353420258,
  "min_h_corr": -0.02545955218374729,
  "pct_cbf_active": 81.29251700680273,
  "pct_escape": 0.0,
  "pct_cap_active": 0.0,
  "pct_recovery": 0.0,
  "pct_repair": 20.74829931972789,
  "worst_final_constraint": -0.3031219244003296,
  "mean_total_ms": 18.740484527639442,
  "p99_total_ms": 52.92388000488284,
  "accel_rms_in_before": 2.572927452123466,
  "accel_rms_in_after": 1.1991911172873078,
  "accel_rms_in_reduction": 2.14555246034818,
  "accel_rms_out_before": 3.797247146399761,
  "accel_rms_out_after": 1.886927692479655,
  "accel_rms_out_reduction": 2.0123967450017712,
  "hdot_execution_ratio": 0.9236818929628651,
  "mean_alignment_active": 0.6268336005841585,
  "mean_active_constraints": 9.0,
  "monitor_only": false,
  "contact_time_s": null
}