{
  "duration_s": 30.167,
  "cycles": 247,
  "pct_dummy_selection": 0.4048582995951417,
  "min_h": -0.0010386398062109947,
  "min_h_corr": -0.0010386398062109947,
  "pct_cbf_active": 99.59349593495935,
  "pct_escape": 30.081300813008134,
  "pct_cap_active": 0.0,
  "pct_recovery": 0.0,
  "pct_repair": 26.82926829268293,
  "worst_final_constraint": -1.9441358745098114e-08,
  "mean_total_ms": 21.988903173068273,
  "p99_total_ms": 60.555628280639574,
  "accel_rms_in_before": 3.5599164317645298,
  "accel_rms_in_after": 1.3457315230994928,
  "accel_rms_in_reduction": 2.6453392602153807,
  "accel_rms_out_before": 1.5486057237288093,
  "accel_rms_out_after": 0.8941876139884078,
  "accel_rms_out_reduction": 1.7318577214701671,
  "hdot_execution_ratio": 0.9882235801026271,
  "mean_alignment_active": 0.8853981948020507,
  "mean_active_constraints": 9.0,
  "monitor_only": false,
  "contact_time_s": null
}