{
  "duration_s": 23.415000000000003,
  "cycles": 241,
  "pct_dummy_selection": 0.4149377593360996,
  "min_h": -0.0005295118317008018,
  "min_h_corr": 0.008680828846991062,
  "pct_cbf_active": 100.0,
  "pct_escape": 15.833333333333332,
  "pct_cap_active": 0.0,
  "pct_recovery": 0.0,
  "pct_repair": 10.416666666666668,
  "worst_final_constraint": -1.210719347000122e-08,
  "mean_total_ms": 9.08210200194996,
  "p99_total_ms": 28.1365123748779,
  "accel_rms_in_before": 3.41458228442743,
  "accel_rms_in_after": 1.2946175045389727,
  "accel_rms_in_reduction": 2.637522103984991,
  "accel_rms_out_before": 1.4515210534598442,
  "accel_rms_out_after": 0.6041396269359253,
  "accel_rms_out_reduction": 2.402625136215062,
  "hdot_execution_ratio": 0.9340852822039958,
  "mean_alignment_active": 0.8041223420606305,
  "mean_active_constraints": 9.0,
  "monitor_only": false,
  "contact_time_s": null
}