{
  "duration_s": 56.461999999999996,
  "cycles": 749,
  "pct_dummy_selection": 0.13351134846461948,
  "min_h": -0.006011142395436764,
  "min_h_corr": 0.01701470836997032,
  "pct_cbf_active": 43.716577540106954,
  "pct_escape": 0.0,
  "pct_cap_active": 0.0,
  "pct_recovery": 0.0,
  "pct_repair": 35.160427807486634,
  "worst_final_constraint": -0.012785538099706173,
  "mean_total_ms": 7.018020853977178,
  "p99_total_ms": 26.730071716308554,
  "accel_rms_in_before": 2.9562624623704545,
  "accel_rms_in_after": 1.312914480088655,
  "accel_rms_in_reduction": 2.251679379886824,
  "accel_rms_out_before": 1.3051408302737324,
  "accel_rms_out_after": 0.6841180471680286,
  "accel_rms_out_reduction": 1.907771379042676,
  "hdot_execution_ratio": -0.06280690354955829,
  "mean_alignment_active": 0.8876339258221676,
  "mean_active_constraints": 0.0,
  "monitor_only": false,
  "contact_time_s": null
}