{
  "duration_s": 34.535,
  "cycles": 479,
  "pct_dummy_selection": 0.41753653444676403,
  "min_h": -0.01189902238547802,
  "min_h_corr": -0.009596437215805054,
  "pct_cbf_active": 13.417190775681343,
  "pct_escape": 0.0,
  "pct_cap_active": 0.0,
  "pct_recovery": 0.0,
  "pct_repair": 7.756813417190776,
  "worst_final_constraint": -0.041560351848602295,
  "mean_total_ms": 9.710262474784772,
  "p99_total_ms": 34.91618705749509,
  "accel_rms_in_before": 2.0871598860213214,
  "accel_rms_in_after": 0.967309906347906,
  "accel_rms_in_reduction": 2.157695142295634,
  "accel_rms_out_before": 1.1426218601757605,
  "accel_rms_out_after": 0.6599265982112394,
  "accel_rms_out_reduction": 1.7314378042541219,
  "hdot_execution_ratio": 0.1428119111306237,
  "mean_alignment_active": 0.9476820379495621,
  "mean_active_constraints": 8.0,
  "monitor_only": false,
  "contact_time_s": null
}