{
  "duration_s": 21.584,
  "cycles": 360,
  "pct_dummy_selection": 0.0,
  "min_h": 0.0011303042992949486,
  "min_h_corr": 0.0011303042992949486,
  "pct_cbf_active": 100.0,
  "pct_escape": 33.05555555555556,
  "pct_cap_active": 0.0,
  "pct_recovery": 0.0,
  "pct_repair": 23.61111111111111,
  "worst_final_constraint": -2.468004822731018e-08,
  "mean_total_ms": 8.568210861417983,
  "p99_total_ms": 25.432849388122573,
  "sampled_margin_mean": 0.01070678963377658,
  "sampled_margin_std": 0.008171105449020099,
  "sampled_margin_p95": 0.02255864990875126,
  "sampled_margin_max": 0.06755019724369049,
  "reflex_L_configured": 5.0,
  "reflex_L_emp_median": 1.0078816413879395,
  "reflex_L_emp_p95": 4.981411457061768,
  "reflex_L_emp_p99": 8.007386207580566,
  "reflex_L_emp_max": 8.007386207580566,
  "reflex_L_exceed_pct": 4.842105263157895,
  "reflex_alpha_min": 0.15508517622947693,
  "reflex_alpha_braking_pct": 3.5532994923857872,
  "reflex_mean_compute_ms": 0.39333364814519883,
  "reflex_p99_compute_ms": 2.219425626099109,
  "reflex_median_period_ms": 1.3137026689946651,
  "reflex_achieved_rate_hz": 761.2072530577016,
  "rms_meas_vs_cmd_radps": 0.015200711176659765,
  "accel_rms_in_before": 5.276756631437775,
  "accel_rms_in_after": 1.77967519023428,
  "accel_rms_in_reduction": 2.9650110651613524,
  "accel_rms_out_before": 2.1777919366565985,
  "accel_rms_out_after": 0.9490481507560384,
  "accel_rms_out_reduction": 2.294711743468135,
  "hdot_execution_ratio": 0.9179127531099813,
  "mean_alignment_active": 0.7982312162089834,
  "mean_active_constraints": 9.0,
  "monitor_only": false,
  "contact_time_s": null
}