{
  "duration_s": 43.001999999999995,
  "cycles": 3250,
  "pct_dummy_selection": 2.0307692307692307,
  "min_h": -0.0011630719527602196,
  "min_h_corr": 0.0034420981537550688,
  "pct_cbf_active": 8.134422110552764,
  "pct_escape": 0.0,
  "pct_cap_active": 0.0,
  "pct_recovery": 0.0,
  "pct_repair": 18.530150753768844,
  "worst_final_constraint": -0.0036650579422712326,
  "mean_total_ms": 9.141921502993657,
  "p99_total_ms": 26.363749961853024,
  "hdot_execution_ratio": -1.2965780428308973,
  "mean_alignment_active": 0.9891854236945222,
  "mean_active_constraints": 1.0
}