{
  "duration_s": 44.336530923843384,
  "cycles": 279,
  "pct_dummy_selection": 0.35842293906810035,
  "min_h": -0.00024653133004903793,
  "min_h_corr": 0.008963809348642826,
  "pct_cbf_active": 100.0,
  "pct_escape": 16.546762589928058,
  "pct_cap_active": 0.0,
  "pct_recovery": 0.0,
  "pct_repair": 19.06474820143885,
  "worst_final_constraint": -1.4901161193847656e-08,
  "mean_total_ms": 11.3396498994588,
  "p99_total_ms": 33.000245056152124,
  "reflex_mean_compute_ms": 0.2818076879355132,
  "reflex_p99_compute_ms": 1.7582044936716659,
  "reflex_median_period_ms": 1.3666949234902859,
  "reflex_achieved_rate_hz": 731.6921888069834,
  "rms_meas_vs_cmd_radps": 0.0464490904493022,
  "accel_rms_in_before": 2.552538929801401,
  "accel_rms_in_after": 0.8754726765768845,
  "accel_rms_in_reduction": 2.9156123293097833,
  "accel_rms_out_before": 1.0275385720026486,
  "accel_rms_out_after": 0.47617501654089267,
  "accel_rms_out_reduction": 2.1579010580333677,
  "hdot_execution_ratio": 0.9831602711834011,
  "mean_alignment_active": 0.7015798608035438,
  "mean_active_constraints": 9.0,
  "monitor_only": false,
  "contact_time_s": null
}