{
  "duration_s": 35.334752798080444,
  "cycles": 257,
  "pct_dummy_selection": 0.38910505836575876,
  "min_h": -0.0008795391768217087,
  "min_h_corr": 0.008330801501870155,
  "pct_cbf_active": 100.0,
  "pct_escape": 50.0,
  "pct_cap_active": 0.0,
  "pct_recovery": 0.0,
  "pct_repair": 30.078125,
  "worst_final_constraint": -2.9336661100387573e-08,
  "mean_total_ms": 11.876292551537896,
  "p99_total_ms": 34.29894577026367,
  "reflex_L_configured": 5.0,
  "reflex_L_emp_median": 1.2006434202194214,
  "reflex_L_emp_p95": 6.7491960525512695,
  "reflex_L_emp_p99": 7.990182399749756,
  "reflex_L_emp_max": 10.391749382019043,
  "reflex_L_exceed_pct": 7.869884575026233,
  "reflex_alpha_min": 0.0,
  "reflex_alpha_braking_pct": 68.70466321243524,
  "reflex_mean_compute_ms": 0.5513503885533336,
  "reflex_p99_compute_ms": 3.5780390445143078,
  "reflex_median_period_ms": 1.4345720410346985,
  "reflex_achieved_rate_hz": 697.0719987535381,
  "rms_meas_vs_cmd_radps": 0.09758620179157576,
  "accel_rms_in_before": 2.5227073515968144,
  "accel_rms_in_after": 0.8407978098784725,
  "accel_rms_in_reduction": 3.0003733620113047,
  "accel_rms_out_before": 1.054986237832243,
  "accel_rms_out_after": 0.4938760563032452,
  "accel_rms_out_reduction": 2.136135624247534,
  "hdot_execution_ratio": 0.7376851362283009,
  "mean_alignment_active": 0.8503962955728639,
  "mean_active_constraints": 9.0,
  "monitor_only": false,
  "contact_time_s": null
}