{
  "duration_s": 51.93006706237793,
  "cycles": 357,
  "pct_dummy_selection": 0.2801120448179272,
  "min_h": 0.00015167612582445145,
  "min_h_corr": 0.00015167612582445145,
  "pct_cbf_active": 100.0,
  "pct_escape": 0.0,
  "pct_cap_active": 0.0,
  "pct_recovery": 0.0,
  "pct_repair": 52.52808988764045,
  "worst_final_constraint": -6.97840005159378e-05,
  "mean_total_ms": 15.562702531574153,
  "p99_total_ms": 48.486010742187496,
  "sampled_margin_mean": 0.003806670295405241,
  "sampled_margin_std": 0.003614954759351444,
  "sampled_margin_p95": 0.010387101024389266,
  "sampled_margin_max": 0.013304755091667175,
  "reflex_L_configured": 5.0,
  "reflex_L_emp_median": 1.1545801162719727,
  "reflex_L_emp_p95": 13.491433143615723,
  "reflex_L_emp_p99": 13.491433143615723,
  "reflex_L_emp_max": 46.64472961425781,
  "reflex_L_exceed_pct": 26.14173228346457,
  "reflex_alpha_min": 0.0,
  "reflex_alpha_braking_pct": 74.85163204747775,
  "reflex_mean_compute_ms": 0.8247043408459063,
  "reflex_p99_compute_ms": 6.883833035826659,
  "reflex_median_period_ms": 1.4061247929930687,
  "reflex_achieved_rate_hz": 711.1744313044976,
  "rms_meas_vs_cmd_radps": 0.07006966115349804,
  "accel_rms_in_before": 2.4659176858324843,
  "accel_rms_in_after": 0.8114509344753336,
  "accel_rms_in_reduction": 3.0388993111787994,
  "accel_rms_out_before": 0.7905260372870765,
  "accel_rms_out_after": 0.351734379306939,
  "accel_rms_out_reduction": 2.2475085854409143,
  "min_h_real": -0.01469757223933268,
  "median_abs_gap_h_real_soft": 0.003049027150219232,
  "p95_abs_gap_h_real_soft": 0.013856176906630085,
  "max_abs_gap_h_real_soft": 0.014910572231405262,
  "hdot_execution_ratio": 0.3136046684603304,
  "mean_alignment_active": 0.6361582322553679,
  "mean_active_constraints": 9.0,
  "monitor_only": false,
  "contact_time_s": null
}