{
  "duration_s": 41.66,
  "cycles": 3091,
  "pct_dummy_selection": 1.7470074409576188,
  "min_h": -0.0007992368191480637,
  "min_h_corr": 0.0038059332873672247,
  "pct_cbf_active": 8.692788936450444,
  "pct_escape": 0.0,
  "pct_cap_active": 0.0,
  "pct_recovery": 0.0,
  "pct_repair": 19.03193941389529,
  "worst_final_constraint": -0.00048579450231045485,
  "mean_total_ms": 11.168170049135757,
  "p99_total_ms": 45.330470275878895,
  "hdot_execution_ratio": -0.7348522680918077,
  "mean_alignment_active": 0.9864629172917568,
  "mean_active_constraints": 1.0,
  "monitor_only": false,
  "contact_time_s": null
}