t,h,h_corr,lam,cap_active,recovery_used,grad_degenerate,constr_pre,repair_applied,constr_final,grad_h_norm,escape_active,ema_applied,velocity_filter_active,vel_source,velocity_age,dt,selected_count,min_obs_dist,cbf_ms,q_cmd_ms,total_ms,cmd_hdot,real_hdot,real_constr,h_rate,alignment,q_lead,dq_real_norm,active_constraints,solver_mode,monitor_only,contact_stop,h_hard,softmin_gap,h_food,sampled_margin,dq_ff_0,dq_ff_1,dq_ff_2,dq_ff_3,dq_ff_4,dq_ff_5,dq_ff_6,dq_fb_0,dq_fb_1,dq_fb_2,dq_fb_3,dq_fb_4,dq_fb_5,dq_fb_6,dq_base_0,dq_base_1,dq_base_2,dq_base_3,dq_base_4,dq_base_5,dq_base_6,dq_escape_0,dq_escape_1,dq_escape_2,dq_escape_3,dq_escape_4,dq_escape_5,dq_escape_6,dq_cbf_delta_0,dq_cbf_delta_1,dq_cbf_delta_2,dq_cbf_delta_3,dq_cbf_delta_4,dq_cbf_delta_5,dq_cbf_delta_6,dq_pre_filter_0,dq_pre_filter_1,dq_pre_filter_2,dq_pre_filter_3,dq_pre_filter_4,dq_pre_filter_5,dq_pre_filter_6,dq_post_filter_0,dq_post_filter_1,dq_post_filter_2,dq_post_filter_3,dq_post_filter_4,dq_post_filter_5,dq_post_filter_6,dq_final_0,dq_final_1,dq_final_2,dq_final_3,dq_final_4,dq_final_5,dq_final_6
0.0,nan,nan,nan,nan,nan,nan,nan,nan,nan,nan,0.0,0.0,0.0,0.0,-0.0010000000474974513,0.07900000363588333,0.0,nan,6.707858085632324,0.01947302371263504,15.24156379699707,nan,nan,nan,nan,nan,4.395583164296113e-05,0.006174685433506966,0.0,1.0,0.0,0.0,nan,nan,nan,8.90275543952157e-07,0.0,0.0,0.0,0.0,0.0,0.0,0.0,-0.004231931641697884,3.0174851417541504e-05,0.003119988366961479,-0.0001418590545654297,-0.00029433678719215095,-2.1457672119140625e-05,0.00026345252990722656,-0.004231931641697884,3.0174851417541504e-05,0.003119988366961479,-0.0001418590545654297,-0.00029433678719215095,-2.1457672119140625e-05,0.00026345252990722656,0.0,0.0,0.0,0.0,0.0,0.0,0.0,0.0035266096238046885,-2.514570951461792e-05,-0.002599990228191018,0.00011821587395388633,0.0002452806511428207,1.7881393432617188e-05,-0.0002195437700720504,-0.0007053220178931952,5.029141902923584e-06,0.0005199981387704611,-2.3643180611543357e-05,-4.9056136049330235e-05,-3.5762786865234375e-06,4.390875983517617e-05,-0.0007053220178931952,5.029141902923584e-06,0.0005199981387704611,-2.3643180611543357e-05,-4.9056136049330235e-05,-3.5762786865234375e-06,4.390875983517617e-05,-0.0007053220178931952,5.029141902923584e-06,0.0005199981387704611,-2.3643180611543357e-05,-4.9056136049330235e-05,-3.5762786865234375e-06,4.390875983517617e-05
0.0589999999999975,0.08768801391124725,0.08768801391124725,nan,nan,nan,nan,0.15236951410770416,0.0,0.15239186584949493,0.5185595154762268,0.0,0.0,0.0,0.0,-0.0010000000474974513,0.00800000037997961,100.0,0.10316891968250275,1.168009877204895,0.013066455721855164,12.040226936340332,-1.8821512639988214e-05,-8.632037497591227e-05,0.1523243635892868,nan,0.9999526739120483,0.00015702233940828592,0.008133680559694767,9.0,1.0,0.0,0.0,0.08768800646066666,-7.450580596923828e-09,0.25,1.3677985180038377e-06,0.0,0.0,0.0,0.0,0.0,0.0,0.0,0.0,0.0,0.0,0.0,0.0,0.0,0.0,-0.003627513302490115,1.3162720279069617e-05,0.0026852309238165617,-0.0001179839891847223,-0.0002703721693251282,-2.4242383005912416e-05,0.0002278323081554845,3.5242892408859916e-06,-0.00014285283396020532,-3.4791905818565283e-06,4.2792311433004215e-05,-2.995744807776646e-07,-0.00018594499852042645,1.4228429279228294e-07,0.0011107742320746183,-2.1155257854843512e-05,-0.0008245611097663641,4.1280887671746314e-05,8.637976134195924e-05,-1.7040774764609523e-05,-7.012116839177907e-05,-0.002516739070415497,-7.992537575773895e-06,0.0018606698140501976,-7.670310151297599e-05,-0.00018399240798316896,-4.128315777052194e-05,0.00015771113976370543,-0.002516739070415497,-7.992537575773895e-06,0.0018606698140501976,-7.670310151297599e-05,-0.00018399240798316896,-4.128315777052194e-05,0.00015771113976370543,-0.002516739070415497,-7.992537575773895e-06,0.0018606698140501976,-7.670310151297599e-05,-0.00018399240798316896,-4.128315777052194e-05,0.00015771113976370543
0.1319999999999979,0.08770060539245605,0.08770060539245605,nan,nan,nan,nan,0.15241985023021698,0.0,0.1524675339460373,0.5186740756034851,0.0,0.0,0.0,0.0,0.0020000000949949026,0.009999999776482582,100.0,0.10317278653383255,1.0264674425125122,0.011788681149482727,10.261953353881836,3.368211764609441e-05,5.933116699452512e-05,0.1524931937456131,0.001259148120880127,0.9977812170982361,0.00012564932694658637,0.003912073560059071,9.0,1.0,0.0,0.0,0.08770060539245605,0.0,0.25,4.880379265159718e-07,0.0,0.0,0.0,0.0,0.0,0.0,0.0,0.0,0.0,0.0,0.0,0.0,0.0,0.0,-0.001239229692146182,4.496644123719307e-06,0.0009173277067020535,-4.0305647416971624e-05,-9.23644402064383e-05,-8.281674126919825e-06,7.783198816468939e-05,5.815442364109913e-06,-0.00014291472325567156,-5.709770448447671e-06,4.282202280592173e-05,-6.079101808609266e-07,-0.00018602564523462206,3.553458043370483e-07,-0.0007699641864746809,-9.713946201372892e-05,0.0005694393767043948,4.945006367051974e-06,-5.5715820053592324e-05,-0.0001359444431727752,4.7825473302509636e-05,-0.002009193878620863,-9.264281834475696e-05,0.0014867670834064484,-3.536064104991965e-05,-0.00014808026026003063,-0.00014422611275222152,0.00012565746146719903,-0.002009193878620863,-9.264281834475696e-05,0.0014867670834064484,-3.536064104991965e-05,-0.00014808026026003063,-0.00014422611275222152,0.00012565746146719903,-0.002009193878620863,-9.264281834475696e-05,0.0014867670834064484,-3.536064104991965e-05,-0.00014808026026003063,-0.00014422611275222152,0.00012565746146719903
0.23499999999999943,0.08800644427537918,0.08800644427537918,nan,nan,nan,nan,0.15299707651138306,0.0,0.153062641620636,0.5204570293426514,0.0,0.0,0.0,0.0,0.004000000189989805,0.02500000037252903,100.0,0.10339885950088501,9.336040496826172,0.01748744398355484,12.804717063903809,6.134230352472514e-05,9.131846127274912e-06,0.15301042795181274,0.012233555316925049,0.9839178919792175,6.043157554813661e-05,0.005573413800448179,9.0,1.0,0.0,0.0,0.08800643682479858,-7.450580596923828e-09,0.25,1.6681696024534176e-07,0.0,0.0,0.0,0.0,0.0,0.0,0.0,0.0,0.0,0.0,0.0,0.0,0.0,0.0,-0.00035715961712412536,1.295982428928255e-06,0.0002643839397933334,-1.1616531082836445e-05,-2.662044789758511e-05,-2.386869709880557e-06,2.2432035621022806e-05,1.1132984582218342e-05,-0.0001397052255924791,-1.0382841537648346e-05,4.415992952999659e-05,-1.313469738306594e-06,-0.00018411633209325373,1.3959441957922536e-06,-0.0005956863751634955,-0.0001262190198758617,0.0004409851098898798,2.064514410449192e-05,-4.384196290629916e-05,-0.00017283415945712477,3.745523645193316e-05,-0.0009528460213914514,-0.00012492304085753858,0.0007053690496832132,9.028612112160772e-06,-7.046241080388427e-05,-0.00017522102280054241,5.9887272072955966e-05,-0.0009528460213914514,-0.00012492304085753858,0.0007053690496832132,9.028612112160772e-06,-7.046241080388427e-05,-0.00017522102280054241,5.9887272072955966e-05,-0.0009528460213914514,-0.00012492304085753858,0.0007053690496832132,9.028612112160772e-06,-7.046241080388427e-05,-0.00017522102280054241,5.9887272072955966e-05
0.2919999999999945,0.08800459653139114,0.08800459653139114,nan,nan,nan,nan,0.15299683809280396,0.0,0.15306924283504486,0.520425021648407,0.0,0.0,0.0,0.0,0.0020000000949949026,0.01899999938905239,100.0,0.10339531302452087,0.5255444049835205,0.009017065167427063,10.242727279663086,7.071524305501953e-05,-1.4798681149841286e-05,0.15298372507095337,-9.724968549562618e-05,0.9419167041778564,3.390090569155291e-05,0.0033994209952652454,9.0,1.0,0.0,0.0,0.08800459653139114,0.0,0.25,4.62823450675387e-08,0.0,0.0,0.0,0.0,0.0,0.0,0.0,0.0,0.0,0.0,0.0,0.0,0.0,0.0,-0.0001426429080311209,5.175912747290567e-07,0.00010559003567323089,-4.6394266064453404e-06,-1.0631712029862683e-05,-9.532714670967835e-07,8.958938451542053e-06,-2.202224095526617e-05,-0.0001397372834617272,2.1779553208034486e-05,4.4236738176550716e-05,3.27810198541556e-06,-0.00018424801237415522,-2.0618729195120977e-06,-0.0003679539368022233,-0.00013390430831350386,0.00027580876485444605,3.103635026491247e-05,-2.4130484234774485e-05,-0.00018045707838609815,2.0967694581486285e-05,-0.0005105968448333442,-0.00013338671124074608,0.00038139880052767694,2.6396925022709183e-05,-3.476219717413187e-05,-0.000181410345248878,2.992663394252304e-05,-0.0005105968448333442,-0.00013338671124074608,0.00038139880052767694,2.6396925022709183e-05,-3.476219717413187e-05,-0.000181410345248878,2.992663394252304e-05,-0.0005105968448333442,-0.00013338671124074608,0.00038139880052767694,2.6396925022709183e-05,-3.476219717413187e-05,-0.000181410345248878,2.992663394252304e-05
0.33899999999999864,0.08772222697734833,0.08772222697734833,nan,nan,nan,nan,0.1524553745985031,0.0,0.15253081917762756,0.5195631384849548,0.0,0.0,0.0,0.0,0.0010000000474974513,0.01899999938905239,100.0,0.10348241776227951,0.7129125595092773,0.008974224328994751,11.921941757202148,7.544246909674257e-05,1.1150386853842065e-05,0.1524665206670761,-0.014861555770039558,1.0,1.9738425180548802e-05,0.0023071165196597576,9.0,1.0,0.0,0.0,0.08772221952676773,-7.450580596923828e-09,0.25,1.625903323088096e-08,0.0,0.0,0.0,0.0,0.0,0.0,0.0,0.0,0.0,0.0,0.0,0.0,0.0,0.0,-0.0,0.0,0.0,-0.0,-0.0,-0.0,0.0,-4.067780082550598e-06,-0.00014133781951386482,4.630918283510255e-06,4.37261005572509e-05,8.726822784410615e-07,-0.0001853376452345401,4.434664191421689e-08,-0.0002539580746088177,-0.00013757465058006346,0.00019038282334804535,3.527041553752497e-05,-1.6818845324451104e-05,-0.0001836684823501855,1.4853910215606447e-05,-0.0002539580746088177,-0.00013757465058006346,0.00019038282334804535,3.527041553752497e-05,-1.6818845324451104e-05,-0.0001836684823501855,1.4853910215606447e-05,-0.0002539580746088177,-0.00013757465058006346,0.00019038282334804535,3.527041553752497e-05,-1.6818845324451104e-05,-0.0001836684823501855,1.4853910215606447e-05,-0.0002539580746088177,-0.00013757465058006346,0.00019038282334804535,3.527041553752497e-05,-1.6818845324451104e-05,-0.0001836684823501855,1.4853910215606447e-05
0.4649999999999963,0.08773308247327805,0.08773308247327805,nan,nan,nan,nan,0.15247678756713867,0.0,0.15255512297153473,0.5195749998092651,0.0,0.0,0.0,0.0,0.003000000026077032,0.02800000086426735,100.0,0.10348781198263168,1.6966965198516846,0.011719763278961182,30.51070785522461,7.83426730777137e-05,7.085579272825271e-05,0.15254764258861542,0.0003876962582580745,1.0,1.284107202081941e-05,0.0008716817246749997,9.0,1.0,0.0,0.0,0.08773306757211685,-1.4901161193847656e-08,0.25,5.472937658623778e-09,0.0,0.0,0.0,0.0,0.0,0.0,0.0,0.0,0.0,0.0,0.0,0.0,0.0,0.0,0.0,0.0,0.0,0.0,0.0,0.0,0.0,1.2240358046256006e-05,-0.00014121450658421963,-1.1167348020535428e-05,4.384538988233544e-05,-1.3322400036486215e-06,-0.0001853366702562198,1.7113762851295178e-06,-8.00249254098162e-05,-0.00013995813787914813,5.892602712265216e-05,4.091026130481623e-05,-6.4847044995985925e-06,-0.00018476035620551556,6.097851837694179e-06,-8.00249254098162e-05,-0.00013995813787914813,5.892602712265216e-05,4.091026130481623e-05,-6.4847044995985925e-06,-0.00018476035620551556,6.097851837694179e-06,-8.00249254098162e-05,-0.00013995813787914813,5.892602712265216e-05,4.091026130481623e-05,-6.4847044995985925e-06,-0.00018476035620551556,6.097851837694179e-06,-8.00249254098162e-05,-0.00013995813787914813,5.892602712265216e-05,4.091026130481623e-05,-6.4847044995985925e-06,-0.00018476035620551556,6.097851837694179e-06
0.5239999999999938,0.08798442780971527,0.08798442780971527,nan,nan,nan,nan,0.1529066562652588,0.0,0.1529858112335205,0.5224884152412415,0.0,0.0,0.0,0.0,0.0010000000474974513,0.00800000037997961,100.0,0.10349976271390915,1.124695897102356,0.01203920692205429,17.40825080871582,7.914999150671065e-05,8.018992957659066e-05,0.15298683941364288,0.03141816332936287,1.0,1.1946855920541566e-05,0.0006536019500344992,9.0,1.0,0.0,0.0,0.08798442035913467,-7.450580596923828e-09,0.25,3.814462967710597e-09,0.0,0.0,0.0,0.0,0.0,0.0,0.0,0.0,0.0,0.0,0.0,0.0,0.0,0.0,0.0,0.0,0.0,0.0,0.0,0.0,0.0,1.2384604815451894e-05,-0.00013927917461842299,-1.19977621579892e-05,4.462716242414899e-05,-1.4211552752385614e-06,-0.000184186443220824,1.070208440978604e-06,-2.6412479201098904e-05,-0.00014004859258420765,1.797469667508267e-05,4.28601197199896e-05,-3.512073590172804e-06,-0.00018470118811819702,3.337194812047528e-06,-2.6412479201098904e-05,-0.00014004859258420765,1.797469667508267e-05,4.28601197199896e-05,-3.512073590172804e-06,-0.00018470118811819702,3.337194812047528e-06,-2.6412479201098904e-05,-0.00014004859258420765,1.797469667508267e-05,4.28601197199896e-05,-3.512073590172804e-06,-0.00018470118811819702,3.337194812047528e-06,-2.6412479201098904e-05,-0.00014004859258420765,1.797469667508267e-05,4.28601197199896e-05,-3.512073590172804e-06,-0.00018470118811819702,3.337194812047528e-06
0.6319999999999979,0.08799231797456741,0.08799231797456741,nan,nan,nan,nan,0.15292228758335114,0.0,0.15300153195858002,0.5224936008453369,0.0,0.0,0.0,0.0,-0.01600000075995922,0.014999999664723873,100.0,0.10350917279720306,13.160650253295898,0.02265721559524536,16.55318260192871,7.924224337330088e-05,9.469525684835389e-05,0.15301698446273804,0.0005260110483504832,1.0,1.1901587640750222e-05,0.0005077466485090554,9.0,1.0,0.0,0.0,0.08799231797456741,0.0,0.25,3.7528637975015045e-09,0.0,0.0,0.0,0.0,0.0,0.0,0.0,0.0,0.0,0.0,0.0,0.0,0.0,0.0,0.0,0.0,0.0,0.0,0.0,0.0,0.0,-1.5888723282841966e-05,-0.00013919619959779084,1.5399749827338383e-05,4.466149039217271e-05,2.4263533759949496e-06,-0.00018413600628264248,-1.8510506833990803e-06,-2.1483043383341283e-05,-0.000139533105539158,1.7859842046163976e-05,4.393540802993812e-05,3.278978510934394e-07,-0.00018433475634083152,2.955857780762017e-10,-2.1483043383341283e-05,-0.000139533105539158,1.7859842046163976e-05,4.393540802993812e-05,3.278978510934394e-07,-0.00018433475634083152,2.955857780762017e-10,-2.1483043383341283e-05,-0.000139533105539158,1.7859842046163976e-05,4.393540802993812e-05,3.278978510934394e-07,-0.00018433475634083152,2.955857780762017e-10,-2.1483043383341283e-05,-0.000139533105539158,1.7859842046163976e-05,4.393540802993812e-05,3.278978510934394e-07,-0.00018433475634083152,2.955857780762017e-10
0.7619999999999933,0.08799935132265091,0.08799935132265091,nan,nan,nan,nan,0.1529366374015808,0.0,0.15301591157913208,0.5224822759628296,0.0,0.0,0.0,0.0,0.006000000052154064,0.023000000044703484,100.0,0.10351482778787613,1.9704997539520264,0.023786909878253937,26.981853485107422,7.927217666292563e-05,5.7257504522567615e-05,0.15299388766288757,0.0003057977301068604,1.0,1.1833032658614684e-05,0.00020096325897611678,9.0,1.0,0.0,0.0,0.08799935132265091,0.0,0.25,3.7044791678653155e-09,0.0,0.0,0.0,0.0,0.0,0.0,0.0,0.0,0.0,0.0,0.0,0.0,0.0,0.0,0.0,0.0,0.0,0.0,0.0,0.0,0.0,-5.605198566627223e-06,-0.00013910882989875972,5.442513156594941e-06,4.472265936783515e-05,1.0317978649254655e-06,-0.00018413251382298768,-7.88381953498174e-07,-9.956586836779024e-06,-0.0001392750273225829,8.480807082378305e-06,4.441726559889503e-05,4.876789603258658e-07,-0.0001842115307226777,-2.7440023586677853e-07,-9.956586836779024e-06,-0.0001392750273225829,8.480807082378305e-06,4.441726559889503e-05,4.876789603258658e-07,-0.0001842115307226777,-2.7440023586677853e-07,-9.956586836779024e-06,-0.0001392750273225829,8.480807082378305e-06,4.441726559889503e-05,4.876789603258658e-07,-0.0001842115307226777,-2.7440023586677853e-07,-9.956586836779024e-06,-0.0001392750273225829,8.480807082378305e-06,4.441726559889503e-05,4.876789603258658e-07,-0.0001842115307226777,-2.7440023586677853e-07
0.8499999999999943,0.08801793307065964,0.08801793307065964,nan,nan,nan,nan,0.15301723778247833,0.0,0.1530967801809311,0.5207451581954956,0.0,0.0,0.0,0.0,0.004999999888241291,0.007000000216066837,100.0,0.10325299948453903,5.428939342498779,0.010418705642223358,22.40384864807129,7.954788452479988e-05,9.62490084930323e-05,0.1531134843826294,0.0026545352302491665,1.0,1.1932495908695273e-05,0.0003665328840725124,9.0,1.0,0.0,0.0,0.08801793307065964,0.0,0.25,3.938402493020021e-09,0.0,0.0,0.0,0.0,0.0,0.0,0.0,0.0,0.0,0.0,0.0,0.0,0.0,0.0,0.0,0.0,0.0,0.0,0.0,0.0,0.0,-4.122623795410618e-05,-0.00014043794362805784,4.032485230709426e-05,4.3800751882372424e-05,5.922131094848737e-06,-0.00018454503151588142,-4.132659341848921e-06,-2.208935075032059e-05,-0.00013989991566631943,2.1177254893700592e-05,4.4105621782364324e-05,2.874537130992394e-06,-0.00018438816186971962,-1.944093128258828e-06,-2.208935075032059e-05,-0.00013989991566631943,2.1177254893700592e-05,4.4105621782364324e-05,2.874537130992394e-06,-0.00018438816186971962,-1.944093128258828e-06,-2.208935075032059e-05,-0.00013989991566631943,2.1177254893700592e-05,4.4105621782364324e-05,2.874537130992394e-06,-0.00018438816186971962,-1.944093128258828e-06,-2.208935075032059e-05,-0.00013989991566631943,2.1177254893700592e-05,4.4105621782364324e-05,2.874537130992394e-06,-0.00018438816186971962,-1.944093128258828e-06
0.8929999999999936,0.08788600564002991,0.08788600564002991,nan,nan,nan,nan,0.15278418362140656,0.0,0.1528637856245041,0.519512951374054,0.0,0.0,0.0,0.0,0.0,0.010999999940395355,100.0,0.10329533368349075,2.854372262954712,0.01971796154975891,10.227270126342773,7.960097718751058e-05,8.748307300265878e-05,0.15287166833877563,-0.011993402615189552,1.0,1.1876693861267995e-05,0.00025571498554199934,9.0,1.0,0.0,0.0,0.08788599818944931,-7.450580596923828e-09,0.25,3.731456921229892e-09,0.0,0.0,0.0,0.0,0.0,0.0,0.0,0.0,0.0,0.0,0.0,0.0,0.0,0.0,0.0,0.0,0.0,0.0,0.0,0.0,0.0,-9.765296454133932e-06,-0.00014041631948202848,9.838423466135282e-06,4.376169454189949e-05,1.639380570850335e-06,-0.0001844597572926432,-8.747874744585715e-07,-1.3004359061596915e-05,-0.00014019179798197,1.2703633728960995e-05,4.3936674046562985e-05,1.8753843278318527e-06,-0.0001844636135501787,-1.1071736025769496e-06,-1.3004359061596915e-05,-0.00014019179798197,1.2703633728960995e-05,4.3936674046562985e-05,1.8753843278318527e-06,-0.0001844636135501787,-1.1071736025769496e-06,-1.3004359061596915e-05,-0.00014019179798197,1.2703633728960995e-05,4.3936674046562985e-05,1.8753843278318527e-06,-0.0001844636135501787,-1.1071736025769496e-06,-1.3004359061596915e-05,-0.00014019179798197,1.2703633728960995e-05,4.3936674046562985e-05,1.8753843278318527e-06,-0.0001844636135501787,-1.1071736025769496e-06
0.9299999999999997,0.08788588643074036,0.08788588643074036,nan,nan,nan,nan,0.15278397500514984,0.0,0.1528637856245041,0.5195118188858032,0.0,0.0,0.0,0.0,0.008999999612569809,0.010999999940395355,100.0,0.10329446941614151,1.157399296760559,0.015053898096084595,12.034732818603516,7.981006638146937e-05,5.675742795574479e-05,0.1528407335281372,-1.0837207810254768e-05,1.0,1.1924328646273352e-05,0.00020431233861017972,9.0,1.0,0.0,0.0,0.08788588643074036,0.0,0.25,3.971234896482656e-09,0.0,0.0,0.0,0.0,0.0,0.0,0.0,0.0,0.0,0.0,0.0,0.0,0.0,0.0,0.0,0.0,0.0,0.0,0.0,0.0,0.0,-4.20090182160493e-05,-0.0001416937302565202,3.918941365554929e-05,4.310007352614775e-05,5.848461569257779e-06,-0.00018510075460653752,-6.060317446099361e-06,-1.7464393749833107e-05,-0.00014089440810494125,1.6202848200919107e-05,4.356016870588064e-05,2.496703018550761e-06,-0.00018476418335922062,-2.556094841565937e-06,-1.7464393749833107e-05,-0.00014089440810494125,1.6202848200919107e-05,4.356016870588064e-05,2.496703018550761e-06,-0.00018476418335922062,-2.556094841565937e-06,-1.7464393749833107e-05,-0.00014089440810494125,1.6202848200919107e-05,4.356016870588064e-05,2.496703018550761e-06,-0.00018476418335922062,-2.556094841565937e-06,-1.7464393749833107e-05,-0.00014089440810494125,1.6202848200919107e-05,4.356016870588064e-05,2.496703018550761e-06,-0.00018476418335922062,-2.556094841565937e-06
1.0039999999999978,0.08789154142141342,0.08789154142141342,nan,nan,nan,nan,0.1527952253818512,0.0,0.152875155210495,0.5195141434669495,0.0,0.0,0.0,0.0,0.003000000026077032,0.006000000052154064,100.0,0.10329915583133698,1.9371649026870728,0.0393381342291832,11.4917573928833,7.992807513801381e-05,7.225079025374725e-05,0.15286748111248016,0.0009424984455108643,1.0,1.1914419701497536e-05,0.00022599991643801332,9.0,1.0,0.0,0.0,0.08789154142141342,0.0,0.25,3.7702880817391815e-09,0.0,0.0,0.0,0.0,0.0,0.0,0.0,0.0,0.0,0.0,0.0,0.0,0.0,0.0,0.0,0.0,0.0,0.0,0.0,0.0,0.0,1.7636373286222806e-06,-0.0001415377773810178,-3.2118223316501826e-06,4.328263457864523e-05,-1.0273754469380947e-07,-0.00018512587121222168,-1.4908516732248245e-06,-1.4754439689568244e-05,-0.00014126986206974834,1.314985092903953e-05,4.337734208093025e-05,2.1361715880630072e-06,-0.0001849548425525427,-2.7840387701871805e-06,-1.4754439689568244e-05,-0.00014126986206974834,1.314985092903953e-05,4.337734208093025e-05,2.1361715880630072e-06,-0.0001849548425525427,-2.7840387701871805e-06,-1.4754439689568244e-05,-0.00014126986206974834,1.314985092903953e-05,4.337734208093025e-05,2.1361715880630072e-06,-0.0001849548425525427,-2.7840387701871805e-06,-1.4754439689568244e-05,-0.00014126986206974834,1.314985092903953e-05,4.337734208093025e-05,2.1361715880630072e-06,-0.0001849548425525427,-2.7840387701871805e-06
1.0699999999999932,0.08789677172899246,0.08789677172899246,nan,nan,nan,nan,0.15280559659004211,0.0,0.1528855711221695,0.5195176601409912,0.0,0.0,0.0,0.0,0.0010000000474974513,0.009999999776482582,100.0,0.10330409556627274,0.5475226640701294,0.008900649845600128,10.535545349121094,7.996729982551187e-05,7.697298133280128e-05,0.15288257598876953,0.0005230307579040527,1.0,1.1915905815840233e-05,0.0003138144966214895,9.0,1.0,0.0,0.0,0.08789677172899246,0.0,0.25,3.7745264691579905e-09,0.0,0.0,0.0,0.0,0.0,0.0,0.0,0.0,0.0,0.0,0.0,0.0,0.0,0.0,0.0,0.0,0.0,0.0,0.0,0.0,0.0,-1.606002797416295e-06,-0.00014151862706057727,5.151525428459536e-08,4.322339009377174e-05,3.5299385103826353e-07,-0.00018502048624213785,-1.850623220889247e-06,-1.4329493751574773e-05,-0.0001414053695043549,1.2552098269225098e-05,4.330241426941939e-05,2.0812776710954495e-06,-0.0001850034313974902,-2.962288135677227e-06,-1.4329493751574773e-05,-0.0001414053695043549,1.2552098269225098e-05,4.330241426941939e-05,2.0812776710954495e-06,-0.0001850034313974902,-2.962288135677227e-06,-1.4329493751574773e-05,-0.0001414053695043549,1.2552098269225098e-05,4.330241426941939e-05,2.0812776710954495e-06,-0.0001850034313974902,-2.962288135677227e-06,-1.4329493751574773e-05,-0.0001414053695043549,1.2552098269225098e-05,4.330241426941939e-05,2.0812776710954495e-06,-0.0001850034313974902,-2.962288135677227e-06
1.1309999999999931,0.08790276944637299,0.08790276944637299,nan,nan,nan,nan,0.15281760692596436,0.0,0.15289759635925293,0.5195179581642151,0.0,0.0,0.0,0.0,0.004999999888241291,0.010999999940395355,100.0,0.10330703109502792,0.7369145750999451,0.009899958968162537,9.661110877990723,7.99870103946887e-05,8.932843047659844e-05,0.15290693938732147,0.0005452469922602177,1.0,1.19803207780933e-05,0.00027429498732089996,9.0,1.0,0.0,0.0,0.08790276944637299,0.0,0.25,3.883156463047044e-09,0.0,0.0,0.0,0.0,0.0,0.0,0.0,0.0,0.0,0.0,0.0,0.0,0.0,0.0,0.0,0.0,0.0,0.0,0.0,0.0,0.0,-3.339551039971411e-05,-0.00014151119103189558,3.085950811509974e-05,4.323853863752447e-05,4.676107437262544e-06,-0.00018503126921132207,-5.133139893587213e-06,-2.3013473764876835e-05,-0.00014147456386126578,2.087019856844563e-05,4.3263749830657616e-05,3.263357939431444e-06,-0.00018502416787669063,-3.975100753450533e-06,-2.3013473764876835e-05,-0.00014147456386126578,2.087019856844563e-05,4.3263749830657616e-05,3.263357939431444e-06,-0.00018502416787669063,-3.975100753450533e-06,-2.3013473764876835e-05,-0.00014147456386126578,2.087019856844563e-05,4.3263749830657616e-05,3.263357939431444e-06,-0.00018502416787669063,-3.975100753450533e-06,-2.3013473764876835e-05,-0.00014147456386126578,2.087019856844563e-05,4.3263749830657616e-05,3.263357939431444e-06,-0.00018502416787669063,-3.975100753450533e-06
1.2249999999999943,0.08784385025501251,0.08784385025501251,nan,nan,nan,nan,0.1527450680732727,0.0,0.15282568335533142,0.5177053809165955,0.0,0.0,0.0,0.0,-0.004999999888241291,0.012000000104308128,100.0,0.10328906029462814,39.05906295776367,0.019635073840618134,43.6109504699707,8.06158859631978e-05,8.286614320240915e-05,0.1528279334306717,-0.004909932613372803,1.0,1.1918137715838384e-05,0.0003125380608253181,9.0,1.0,0.0,0.0,0.08784385025501251,0.0,0.25,3.8073442176767e-09,0.0,0.0,0.0,0.0,0.0,0.0,0.0,0.0,0.0,0.0,0.0,0.0,0.0,0.0,0.0,0.0,0.0,0.0,0.0,0.0,0.0,3.999020918854512e-06,-0.00014396476035472006,-3.601245225581806e-06,4.177398659521714e-05,-1.890840479745748e-07,-0.00018603783973958343,4.0713496218813816e-07,-2.698907337617129e-06,-0.0001427061652066186,2.004861926252488e-06,4.253143197274767e-05,6.080784373807546e-07,-0.00018553476547822356,-1.1089427971455734e-06,-2.698907337617129e-06,-0.0001427061652066186,2.004861926252488e-06,4.253143197274767e-05,6.080784373807546e-07,-0.00018553476547822356,-1.1089427971455734e-06,-2.698907337617129e-06,-0.0001427061652066186,2.004861926252488e-06,4.253143197274767e-05,6.080784373807546e-07,-0.00018553476547822356,-1.1089427971455734e-06,-2.698907337617129e-06,-0.0001427061652066186,2.004861926252488e-06,4.253143197274767e-05,6.080784373807546e-07,-0.00018553476547822356,-1.1089427971455734e-06
1.2759999999999962,0.08785122632980347,0.08785122632980347,nan,nan,nan,nan,0.15275976061820984,0.0,0.15284055471420288,0.5177072882652283,0.0,0.0,0.0,0.0,0.0020000000949949026,0.009999999776482582,100.0,0.10329698771238327,0.8323006629943848,0.016165897250175476,12.965118408203125,8.078910468611866e-05,8.692010305821896e-05,0.15284667909145355,0.000737607479095459,1.0,1.1944362086069304e-05,0.0003219454374630004,9.0,1.0,0.0,0.0,0.08785122632980347,0.0,0.25,3.8075449459995525e-09,0.0,0.0,0.0,0.0,0.0,0.0,0.0,0.0,0.0,0.0,0.0,0.0,0.0,0.0,0.0,0.0,0.0,0.0,0.0,0.0,0.0,4.589206582750194e-06,-0.00014391844160854816,-4.180006271781167e-06,4.180437099421397e-05,-2.655639264048659e-07,-0.00018604903016239405,4.534365416475339e-07,-6.887165909574833e-06,-0.00014331596321426332,6.517406745842891e-06,4.218022513668984e-05,1.2392559938234626e-06,-0.00018580436881165951,-1.1230413292651065e-06,-6.887165909574833e-06,-0.00014331596321426332,6.517406745842891e-06,4.218022513668984e-05,1.2392559938234626e-06,-0.00018580436881165951,-1.1230413292651065e-06,-6.887165909574833e-06,-0.00014331596321426332,6.517406745842891e-06,4.218022513668984e-05,1.2392559938234626e-06,-0.00018580436881165951,-1.1230413292651065e-06,-6.887165909574833e-06,-0.00014331596321426332,6.517406745842891e-06,4.218022513668984e-05,1.2392559938234626e-06,-0.00018580436881165951,-1.1230413292651065e-06
1.3639999999999972,0.08780339360237122,0.08780339360237122,nan,nan,nan,nan,0.1527220606803894,0.0,0.15280310809612274,0.5153886079788208,0.0,0.0,0.0,0.0,0.004999999888241291,0.01899999938905239,100.0,0.10330022871494293,2.0198729038238525,0.020979903638362885,14.954873085021973,8.104737935354933e-05,6.67370914015919e-05,0.15278880298137665,-0.0025175120681524277,1.0,1.1966689271503128e-05,0.00023835750471334904,9.0,1.0,0.0,0.0,0.08780338615179062,-7.450580596923828e-09,0.25,3.842203444293091e-09,0.0,0.0,0.0,0.0,0.0,0.0,0.0,0.0,0.0,0.0,0.0,0.0,0.0,0.0,0.0,0.0,0.0,0.0,0.0,0.0,0.0,7.287591188287479e-07,-0.00014538927644025534,-1.1005247415596386e-06,4.0885788621380925e-05,1.8386710110007698e-07,-0.00018660454952623695,-5.696449534298154e-07,1.725101924421324e-06,-0.00014431831368710846,-1.8151656604459276e-06,4.156802242505364e-05,7.350600128575024e-08,-0.00018620655464474112,-2.2294267409961321e-07,1.725101924421324e-06,-0.00014431831368710846,-1.8151656604459276e-06,4.156802242505364e-05,7.350600128575024e-08,-0.00018620655464474112,-2.2294267409961321e-07,1.725101924421324e-06,-0.00014431831368710846,-1.8151656604459276e-06,4.156802242505364e-05,7.350600128575024e-08,-0.00018620655464474112,-2.2294267409961321e-07,1.725101924421324e-06,-0.00014431831368710846,-1.8151656604459276e-06,4.156802242505364e-05,7.350600128575024e-08,-0.00018620655464474112,-2.2294267409961321e-07
1.4259999999999948,0.08781224489212036,0.08781224489212036,nan,nan,nan,nan,0.1527397483587265,0.0,0.15282097458839417,0.5153895616531372,0.0,0.0,0.0,0.0,0.00800000037997961,0.010999999940395355,100.0,0.10330525785684586,0.8540786504745483,0.01369137316942215,10.197311401367188,8.122774306684732e-05,7.464536611223593e-05,0.15281438827514648,0.0008046627044677734,1.0,1.199418147734832e-05,0.00023662073363084346,9.0,1.0,0.0,0.0,0.08781224489212036,0.0,0.25,3.871198028804201e-09,0.0,0.0,0.0,0.0,0.0,0.0,0.0,0.0,0.0,0.0,0.0,0.0,0.0,0.0,0.0,0.0,0.0,0.0,0.0,0.0,0.0,-1.481863364460878e-05,-0.00014545759768225253,1.3960409887658898e-05,4.081506631337106e-05,2.308430566699826e-06,-0.00018660009664017707,-2.1839055079908576e-06,-7.120707778085489e-06,-0.0001450181007385254,6.5993485804938246e-06,4.111029193154536e-05,1.2664456789934775e-06,-0.0001864531368482858,-1.2913827731608762e-06,-7.120707778085489e-06,-0.0001450181007385254,6.5993485804938246e-06,4.111029193154536e-05,1.2664456789934775e-06,-0.0001864531368482858,-1.2913827731608762e-06,-7.120707778085489e-06,-0.0001450181007385254,6.5993485804938246e-06,4.111029193154536e-05,1.2664456789934775e-06,-0.0001864531368482858,-1.2913827731608762e-06,-7.120707778085489e-06,-0.0001450181007385254,6.5993485804938246e-06,4.111029193154536e-05,1.2664456789934775e-06,-0.0001864531368482858,-1.2913827731608762e-06
1.5009999999999977,0.08826857060194016,0.08826857060194016,nan,nan,nan,nan,0.15350869297981262,0.0,0.15358972549438477,0.5211374759674072,0.0,0.0,0.0,0.0,0.0010000000474974513,0.017000000923871994,100.0,0.10350702702999115,1.8873019218444824,0.019540078938007355,11.551179885864258,8.103232539724559e-05,7.013016875134781e-05,0.15357881784439087,0.026842687278985977,1.0,1.2080202395736706e-05,0.0002645071072038263,9.0,1.0,0.0,0.0,0.08826857060194016,0.0,0.25,4.210879200883255e-09,0.0,0.0,0.0,0.0,0.0,0.0,0.0,0.0,0.0,0.0,0.0,0.0,0.0,0.0,0.0,0.0,0.0,0.0,0.0,0.0,0.0,-5.340187999536283e-05,-0.0001452925498597324,5.134891398483887e-05,4.09111162298359e-05,7.554063358838903e-06,-0.0001865365047706291,-6.175557700771606e-06,-2.1318443032214418e-05,-0.00014519649266730994,2.0299663447076455e-05,4.099688521819189e-05,3.1913282327877823e-06,-0.0001865201920736581,-2.8147535431344295e-06,-2.1318443032214418e-05,-0.00014519649266730994,2.0299663447076455e-05,4.099688521819189e-05,3.1913282327877823e-06,-0.0001865201920736581,-2.8147535431344295e-06,-2.1318443032214418e-05,-0.00014519649266730994,2.0299663447076455e-05,4.099688521819189e-05,3.1913282327877823e-06,-0.0001865201920736581,-2.8147535431344295e-06,-2.1318443032214418e-05,-0.00014519649266730994,2.0299663447076455e-05,4.099688521819189e-05,3.1913282327877823e-06,-0.0001865201920736581,-2.8147535431344295e-06
1.6119999999999948,0.0882774218916893,0.0882774218916893,nan,nan,nan,nan,0.15352626144886017,0.0,0.15360614657402039,0.5211429595947266,0.0,0.0,0.0,0.0,-0.003000000026077032,0.02199999988079071,100.0,0.10351119190454483,2.9933676719665527,0.018863938748836517,30.03744125366211,7.988811557879671e-05,8.420300582656637e-05,0.1536104679107666,0.0004023313522338867,1.0,1.1891340363945346e-05,0.0003113935817964375,9.0,1.0,0.0,0.0,0.0882774144411087,-7.450580596923828e-09,0.25,3.975825890734086e-09,0.0,0.0,0.0,0.0,0.0,0.0,0.0,0.0,0.0,0.0,0.0,0.0,0.0,0.0,0.0,0.0,0.0,0.0,0.0,0.0,0.0,4.823880226467736e-05,-0.0001397289161104709,-4.497972986428067e-05,4.3738004023907706e-05,-6.1101309256628156e-06,-0.00018376838124822825,6.472323548223358e-06,-7.826522050891072e-06,-0.00014139909762889147,8.691327820997685e-06,4.290812648832798e-05,1.4724587344971951e-06,-0.00018461629224475473,1.451871867175214e-08,-7.826522050891072e-06,-0.00014139909762889147,8.691327820997685e-06,4.290812648832798e-05,1.4724587344971951e-06,-0.00018461629224475473,1.451871867175214e-08,-7.826522050891072e-06,-0.00014139909762889147,8.691327820997685e-06,4.290812648832798e-05,1.4724587344971951e-06,-0.00018461629224475473,1.451871867175214e-08,-7.826522050891072e-06,-0.00014139909762889147,8.691327820997685e-06,4.290812648832798e-05,1.4724587344971951e-06,-0.00018461629224475473,1.451871867175214e-08
1.6539999999999964,0.08828593790531158,0.08828593790531158,nan,nan,nan,nan,0.15354326367378235,0.0,0.15362288057804108,0.521144449710846,0.0,0.0,0.0,0.0,0.003000000026077032,0.00800000037997961,100.0,0.10351911932229996,1.7369436025619507,0.010102055966854095,11.726320266723633,7.961133815115318e-05,0.00010510852007428184,0.15364837646484375,0.0010645015863701701,1.0,1.1859689038828947e-05,0.0004089886206202209,9.0,1.0,0.0,0.0,0.08828593790531158,0.0,0.25,3.714040852642597e-09,0.0,0.0,0.0,0.0,0.0,0.0,0.0,0.0,0.0,0.0,0.0,0.0,0.0,0.0,0.0,0.0,0.0,0.0,0.0,0.0,0.0,-1.5086076928128023e-05,-0.00013979105278849602,1.6367934222216718e-05,4.365042332210578e-05,2.513501840439858e-06,-0.00018374406499788165,-1.1752521089647416e-07,-5.9949625210720114e-06,-0.00014051450125407428,7.268069566634949e-06,4.3321331759216264e-05,1.2516204606072279e-06,-0.00018414128862787038,5.451743163575884e-07,-5.9949625210720114e-06,-0.00014051450125407428,7.268069566634949e-06,4.3321331759216264e-05,1.2516204606072279e-06,-0.00018414128862787038,5.451743163575884e-07,-5.9949625210720114e-06,-0.00014051450125407428,7.268069566634949e-06,4.3321331759216264e-05,1.2516204606072279e-06,-0.00018414128862787038,5.451743163575884e-07,-5.9949625210720114e-06,-0.00014051450125407428,7.268069566634949e-06,4.3321331759216264e-05,1.2516204606072279e-06,-0.00018414128862787038,5.451743163575884e-07
1.7019999999999982,0.08775357902050018,0.08775357902050018,nan,nan,nan,nan,0.15252424776554108,0.0,0.15260429680347443,0.5193169116973877,0.0,0.0,0.0,0.0,0.008999999612569809,0.009999999776482582,100.0,0.10313083976507187,2.0672223567962646,0.010097399353981018,13.087531089782715,8.00437992438674e-05,6.880821456434205e-05,0.15259306132793427,-0.05323588848114014,1.0,1.1930526852665935e-05,0.0002591276715975255,9.0,1.0,0.0,0.0,0.08775357902050018,0.0,0.25,3.8843572802704784e-09,0.0,0.0,0.0,0.0,0.0,0.0,0.0,0.0,0.0,0.0,0.0,0.0,0.0,0.0,0.0,0.0,0.0,0.0,0.0,0.0,0.0,-2.821568341460079e-05,-0.00014241199824027717,2.8598387871170416e-05,4.303106834413484e-05,4.2858246160903946e-06,-0.00018573153647594154,-1.984509026442538e-06,-1.6694462829036638e-05,-0.00014118768740445375,1.758081816660706e-05,4.325097688706592e-05,2.7143532861373387e-06,-0.0001847351377364248,-6.303952204689267e-07,-1.6694462829036638e-05,-0.00014118768740445375,1.758081816660706e-05,4.325097688706592e-05,2.7143532861373387e-06,-0.0001847351377364248,-6.303952204689267e-07,-1.6694462829036638e-05,-0.00014118768740445375,1.758081816660706e-05,4.325097688706592e-05,2.7143532861373387e-06,-0.0001847351377364248,-6.303952204689267e-07,-1.6694462829036638e-05,-0.00014118768740445375,1.758081816660706e-05,4.325097688706592e-05,2.7143532861373387e-06,-0.0001847351377364248,-6.303952204689267e-07
1.7999999999999972,0.08776149153709412,0.08776149153709412,nan,nan,nan,nan,0.15254010260105133,0.0,0.15262052416801453,0.5193150043487549,0.0,0.0,0.0,0.0,-0.003000000026077032,0.020999999716877937,100.0,0.10313428193330765,1.14862060546875,0.011743977665901184,26.946075439453125,8.042024273891002e-05,0.0001008800754789263,0.15264098346233368,0.00037678651278838515,1.0,1.2019012501696125e-05,0.0003743592242244631,9.0,1.0,0.0,0.0,0.08776149153709412,0.0,0.25,3.906442280765532e-09,0.0,0.0,0.0,0.0,0.0,0.0,0.0,0.0,0.0,0.0,0.0,0.0,0.0,0.0,0.0,0.0,0.0,0.0,0.0,0.0,0.0,-3.032429958693683e-05,-0.00014265366189647466,3.062270116060972e-05,4.2851930629694834e-05,4.565084509522421e-06,-0.00018581510812509805,-2.2066785732022254e-06,-2.353081072214991e-05,-0.0001421520864823833,2.4090957595035434e-05,4.302014713175595e-05,3.6421583899937104e-06,-0.00018548141815699637,-1.4561469470208976e-06,-2.353081072214991e-05,-0.0001421520864823833,2.4090957595035434e-05,4.302014713175595e-05,3.6421583899937104e-06,-0.00018548141815699637,-1.4561469470208976e-06,-2.353081072214991e-05,-0.0001421520864823833,2.4090957595035434e-05,4.302014713175595e-05,3.6421583899937104e-06,-0.00018548141815699637,-1.4561469470208976e-06,-2.353081072214991e-05,-0.0001421520864823833,2.4090957595035434e-05,4.302014713175595e-05,3.6421583899937104e-06,-0.00018548141815699637,-1.4561469470208976e-06
1.847999999999999,0.08776573836803436,0.08776573836803436,nan,nan,nan,nan,0.15254861116409302,0.0,0.15262913703918457,0.5193148851394653,0.0,0.0,0.0,0.0,0.00800000037997961,0.010999999940395355,100.0,0.10313975065946579,1.5676496028900146,0.01846347004175186,12.631389617919922,8.052156044868752e-05,7.11187458364293e-05,0.15261973440647125,0.00038607552414759994,1.0,1.2043778951920103e-05,0.00022146011178847402,9.0,1.0,0.0,0.0,0.08776573836803436,0.0,0.25,3.860741060179862e-09,0.0,0.0,0.0,0.0,0.0,0.0,0.0,0.0,0.0,0.0,0.0,0.0,0.0,0.0,0.0,0.0,0.0,0.0,0.0,0.0,0.0,-2.3721640900475904e-05,-0.00014265508798416704,2.422750367259141e-05,4.2876323277596384e-05,3.672590310088708e-06,-0.00018583609198685735,-1.5322158333219704e-06,-2.5113626179518178e-05,-0.00014242225734051317,2.5599565560696647e-05,4.294408063287847e-05,3.858800027956022e-06,-0.00018567281949799508,-1.6492690519953612e-06,-2.5113626179518178e-05,-0.00014242225734051317,2.5599565560696647e-05,4.294408063287847e-05,3.858800027956022e-06,-0.00018567281949799508,-1.6492690519953612e-06,-2.5113626179518178e-05,-0.00014242225734051317,2.5599565560696647e-05,4.294408063287847e-05,3.858800027956022e-06,-0.00018567281949799508,-1.6492690519953612e-06,-2.5113626179518178e-05,-0.00014242225734051317,2.5599565560696647e-05,4.294408063287847e-05,3.858800027956022e-06,-0.00018567281949799508,-1.6492690519953612e-06
1.891999999999996,0.08776867389678955,0.08776867389678955,nan,nan,nan,nan,0.15255434811115265,0.0,0.1526349037885666,0.5193198919296265,0.0,0.0,0.0,0.0,0.007000000216066837,0.009999999776482582,100.0,0.10314248502254486,0.9886836409568787,0.01590140163898468,18.941381454467773,8.054942009039223e-05,7.337269926210865e-05,0.15262772142887115,0.00029355287551879883,1.0,1.1951764463447034e-05,0.00023438435164280236,9.0,1.0,0.0,0.0,0.08776867389678955,0.0,0.25,3.81267595273016e-09,0.0,0.0,0.0,0.0,0.0,0.0,0.0,0.0,0.0,0.0,0.0,0.0,0.0,0.0,0.0,0.0,0.0,0.0,0.0,0.0,0.0,-2.8964509510842618e-06,-0.0001423990906914696,4.054308192280587e-06,4.314493708079681e-05,8.351572660103557e-07,-0.00018584368808660656,6.391869646904524e-07,-1.3964527170173824e-05,-0.0001424125803168863,1.4787789041292854e-05,4.3044994527008384e-05,2.3415036594087724e-06,-0.00018576064030639827,-5.007732397643849e-07,-1.3964527170173824e-05,-0.0001424125803168863,1.4787789041292854e-05,4.3044994527008384e-05,2.3415036594087724e-06,-0.00018576064030639827,-5.007732397643849e-07,-1.3964527170173824e-05,-0.0001424125803168863,1.4787789041292854e-05,4.3044994527008384e-05,2.3415036594087724e-06,-0.00018576064030639827,-5.007732397643849e-07,-1.3964527170173824e-05,-0.0001424125803168863,1.4787789041292854e-05,4.3044994527008384e-05,2.3415036594087724e-06,-0.00018576064030639827,-5.007732397643849e-07
1.9209999999999994,0.08801943808794022,0.08801943808794022,nan,nan,nan,nan,0.15303866565227509,0.0,0.1531188189983368,0.520008385181427,0.0,0.0,0.0,0.0,0.0010000000474974513,0.00800000037997961,100.0,0.10334837436676025,1.0115504264831543,0.019249506294727325,11.579924583435059,8.015245111892e-05,0.00010872568236663938,0.1531473845243454,0.03134552016854286,1.0,1.1976547284575645e-05,0.00039106846088543534,9.0,1.0,0.0,0.0,0.08801943808794022,0.0,0.25,3.939583770318222e-09,0.0,0.0,0.0,0.0,0.0,0.0,0.0,0.0,0.0,0.0,0.0,0.0,0.0,0.0,0.0,0.0,0.0,0.0,0.0,0.0,0.0,-4.156537397648208e-05,-0.00014097326493356377,3.8569269236177206e-05,4.32995984738227e-05,5.76823549636174e-06,-0.0001845497463364154,-6.187634880916448e-06,-2.0319086615927517e-05,-0.0001419307227479294,1.9942039216402918e-05,4.3118121539009735e-05,3.0968949431553483e-06,-0.00018534068658482283,-2.120915723935468e-06,-2.0319086615927517e-05,-0.0001419307227479294,1.9942039216402918e-05,4.3118121539009735e-05,3.0968949431553483e-06,-0.00018534068658482283,-2.120915723935468e-06,-2.0319086615927517e-05,-0.0001419307227479294,1.9942039216402918e-05,4.3118121539009735e-05,3.0968949431553483e-06,-0.00018534068658482283,-2.120915723935468e-06,-2.0319086615927517e-05,-0.0001419307227479294,1.9942039216402918e-05,4.3118121539009735e-05,3.0968949431553483e-06,-0.00018534068658482283,-2.120915723935468e-06
2.0219999999999985,0.08802035450935364,0.08802035450935364,nan,nan,nan,nan,0.15304048359394073,0.0,0.15312044322490692,0.5200087428092957,0.0,0.0,0.0,0.0,0.010999999940395355,0.03200000151991844,100.0,0.10335288196802139,4.056780815124512,0.013280659914016724,26.253665924072266,7.99665940576233e-05,6.958065205253661e-05,0.1531100571155548,2.863816735043656e-05,1.0,1.1964318218815606e-05,0.0002046588051598519,9.0,1.0,0.0,0.0,0.08802035450935364,0.0,0.25,3.846067908597206e-09,0.0,0.0,0.0,0.0,0.0,0.0,0.0,0.0,0.0,0.0,0.0,0.0,0.0,0.0,0.0,0.0,0.0,0.0,0.0,0.0,0.0,1.6230111214099452e-05,-0.00014088957686908543,-1.7414842659491114e-05,4.3409454519860446e-05,-2.1004041173000587e-06,-0.0001845863735070452,-1.6624478860194358e-07,-2.082262290059589e-05,-0.00014144853048492223,1.9484696167637594e-05,4.3224586988799274e-05,3.0583535135519924e-06,-0.00018495952826924622,-3.0701548894285224e-06,-2.082262290059589e-05,-0.00014144853048492223,1.9484696167637594e-05,4.3224586988799274e-05,3.0583535135519924e-06,-0.00018495952826924622,-3.0701548894285224e-06,-2.082262290059589e-05,-0.00014144853048492223,1.9484696167637594e-05,4.3224586988799274e-05,3.0583535135519924e-06,-0.00018495952826924622,-3.0701548894285224e-06,-2.082262290059589e-05,-0.00014144853048492223,1.9484696167637594e-05,4.3224586988799274e-05,3.0583535135519924e-06,-0.00018495952826924622,-3.0701548894285224e-06
2.1329999999999956,0.08802773803472519,0.08802773803472519,nan,nan,nan,nan,0.1530553102493286,0.0,0.15313515067100525,0.5200062394142151,0.0,0.0,0.0,0.0,0.00800000037997961,0.024000000208616257,100.0,0.10335908085107803,1.5708543062210083,0.01348927617073059,16.288644790649414,7.98414257587865e-05,6.283136463025585e-05,0.15311814844608307,0.0003076469001825899,1.0,1.1902741789526772e-05,0.00021114146511536092,9.0,1.0,0.0,0.0,0.08802773803472519,0.0,0.25,3.758507727269489e-09,0.0,0.0,0.0,0.0,0.0,0.0,0.0,0.0,0.0,0.0,0.0,0.0,0.0,0.0,0.0,0.0,0.0,0.0,0.0,0.0,0.0,-1.7832448065746576e-05,-0.0001409664109814912,1.5580386389046907e-05,4.32828237535432e-05,2.5355284378747456e-06,-0.00018453119264449924,-3.7080503716424573e-06,-1.3533181117963977e-05,-0.00014113674114923924,1.1784484740928747e-05,4.327667920733802e-05,1.9925489596062107e-06,-0.00018469449423719198,-2.913856405939441e-06,-1.3533181117963977e-05,-0.00014113674114923924,1.1784484740928747e-05,4.327667920733802e-05,1.9925489596062107e-06,-0.00018469449423719198,-2.913856405939441e-06,-1.3533181117963977e-05,-0.00014113674114923924,1.1784484740928747e-05,4.327667920733802e-05,1.9925489596062107e-06,-0.00018469449423719198,-2.913856405939441e-06,-1.3533181117963977e-05,-0.00014113674114923924,1.1784484740928747e-05,4.327667920733802e-05,1.9925489596062107e-06,-0.00018469449423719198,-2.913856405939441e-06
2.289999999999999,0.08796500414609909,0.08796500414609909,nan,nan,nan,nan,0.15291692316532135,0.0,0.15299656987190247,0.5205230712890625,0.0,0.0,0.0,0.0,-0.024000000208616257,0.014000000432133675,100.0,0.10340536385774612,10.779330253601074,0.0263359397649765,28.870460510253906,7.965070108184591e-05,8.190544758690521e-05,0.15299883484840393,-0.0044809915125370026,1.0,1.2061025699949823e-05,0.0002990754146594554,9.0,1.0,0.0,0.0,0.08796500414609909,0.0,0.25,3.891591493498936e-09,0.0,0.0,0.0,0.0,0.0,0.0,0.0,0.0,0.0,0.0,0.0,0.0,0.0,0.0,0.0,0.0,0.0,0.0,0.0,0.0,0.0,-3.836486939690076e-05,-0.00014035221829544753,3.436541010159999e-05,4.383294435683638e-05,5.226027496973984e-06,-0.00018446070316713303,-6.920732175785815e-06,-3.252874012105167e-05,-0.0001407019590260461,2.93429839075543e-05,4.35747679148335e-05,4.4960161176277325e-06,-0.00018455146346241236,-5.70244446862489e-06,-3.252874012105167e-05,-0.0001407019590260461,2.93429839075543e-05,4.35747679148335e-05,4.4960161176277325e-06,-0.00018455146346241236,-5.70244446862489e-06,-3.252874012105167e-05,-0.0001407019590260461,2.93429839075543e-05,4.35747679148335e-05,4.4960161176277325e-06,-0.00018455146346241236,-5.70244446862489e-06,-3.252874012105167e-05,-0.0001407019590260461,2.93429839075543e-05,4.35747679148335e-05,4.4960161176277325e-06,-0.00018455146346241236,-5.70244446862489e-06
2.3319999999999936,0.0880926176905632,0.0880926176905632,nan,nan,nan,nan,0.15318912267684937,0.0,0.15326879918575287,0.5198444724082947,0.0,0.0,0.0,0.0,0.007000000216066837,0.009999999776482582,100.0,0.1035507544875145,1.3756630420684814,0.01033395528793335,14.149304389953613,7.96776803326793e-05,8.310916746268049e-05,0.15327222645282745,0.012761354446411133,1.0,1.1868351975863334e-05,0.0003219615900889039,9.0,1.0,0.0,0.0,0.0880926176905632,0.0,0.25,3.741805976176238e-09,0.0,0.0,0.0,0.0,0.0,0.0,0.0,0.0,0.0,0.0,0.0,0.0,0.0,0.0,0.0,0.0,0.0,0.0,0.0,0.0,0.0,1.4489620298263617e-05,-0.00014078761159908026,-1.5336705473600887e-05,4.328412251197733e-05,-1.8291857486474328e-06,-0.00018434724188409746,3.398555747935461e-08,-8.846567652653903e-06,-0.0001407044182997197,6.710266461595893e-06,4.3498108425410464e-05,1.296363507208298e-06,-0.00018447247566655278,-2.9387263111857465e-06,-8.846567652653903e-06,-0.0001407044182997197,6.710266461595893e-06,4.3498108425410464e-05,1.296363507208298e-06,-0.00018447247566655278,-2.9387263111857465e-06,-8.846567652653903e-06,-0.0001407044182997197,6.710266461595893e-06,4.3498108425410464e-05,1.296363507208298e-06,-0.00018447247566655278,-2.9387263111857465e-06,-8.846567652653903e-06,-0.0001407044182997197,6.710266461595893e-06,4.3498108425410464e-05,1.296363507208298e-06,-0.00018447247566655278,-2.9387263111857465e-06
2.445999999999998,0.08809824287891388,0.08809824287891388,nan,nan,nan,nan,0.15320032835006714,0.0,0.15327997505664825,0.5198459029197693,0.0,0.0,0.0,0.0,-0.004999999888241291,0.017999999225139618,100.0,0.10355163365602493,9.605828285217285,0.03185588866472244,39.751380920410156,7.964933320181444e-05,0.00010032227874035016,0.15330065786838531,0.0003125104703940451,1.0,1.185765904665459e-05,0.0003462194581516087,9.0,1.0,0.0,0.0,0.08809824287891388,0.0,0.25,3.749633492589055e-09,0.0,0.0,0.0,0.0,0.0,0.0,0.0,0.0,0.0,0.0,0.0,0.0,0.0,0.0,0.0,0.0,0.0,0.0,0.0,0.0,0.0,-1.818392047425732e-05,-0.00014053327322471887,1.6334926840499975e-05,4.35418332926929e-05,2.6244485979987076e-06,-0.00018434617959428579,-3.334807843202725e-06,-4.120628545933869e-06,-0.00014068422024138272,2.45839237322798e-06,4.344350236351602e-05,6.83946154822479e-07,-0.00018439967243466526,-2.126327672158368e-06,-4.120628545933869e-06,-0.00014068422024138272,2.45839237322798e-06,4.344350236351602e-05,6.83946154822479e-07,-0.00018439967243466526,-2.126327672158368e-06,-4.120628545933869e-06,-0.00014068422024138272,2.45839237322798e-06,4.344350236351602e-05,6.83946154822479e-07,-0.00018439967243466526,-2.126327672158368e-06,-4.120628545933869e-06,-0.00014068422024138272,2.45839237322798e-06,4.344350236351602e-05,6.83946154822479e-07,-0.00018439967243466526,-2.126327672158368e-06
2.5289999999999964,0.08810663223266602,0.08810663223266602,nan,nan,nan,nan,0.15321706235408783,0.0,0.15329670906066895,0.5198479294776917,0.0,0.0,0.0,0.0,0.003000000026077032,0.009999999776482582,100.0,0.10355936735868454,0.5414131879806519,0.007230788469314575,10.669032096862793,7.964174437802285e-05,0.00010521315562073141,0.1533222794532776,0.000838935375213623,1.0,1.1948084647883661e-05,0.0004349322698544711,9.0,1.0,0.0,0.0,0.08810662478208542,-7.450580596923828e-09,0.25,3.899978562316164e-09,0.0,0.0,0.0,0.0,0.0,0.0,0.0,0.0,0.0,0.0,0.0,0.0,0.0,0.0,0.0,0.0,0.0,0.0,0.0,0.0,0.0,-3.8549842429347336e-05,-0.00014074378123041242,3.606246173148975e-05,4.330132287577726e-05,5.407626758824335e-06,-0.00018431010539643466,-5.4595152505498845e-06,-2.184595723520033e-05,-0.00014072126941755414,1.976009298232384e-05,4.336981146479957e-05,3.115989784419071e-06,-0.000184359319973737,-3.841257239400875e-06,-2.184595723520033e-05,-0.00014072126941755414,1.976009298232384e-05,4.336981146479957e-05,3.115989784419071e-06,-0.000184359319973737,-3.841257239400875e-06,-2.184595723520033e-05,-0.00014072126941755414,1.976009298232384e-05,4.336981146479957e-05,3.115989784419071e-06,-0.000184359319973737,-3.841257239400875e-06,-2.184595723520033e-05,-0.00014072126941755414,1.976009298232384e-05,4.336981146479957e-05,3.115989784419071e-06,-0.000184359319973737,-3.841257239400875e-06
2.5899999999999963,0.08791214972734451,0.08791214972734451,nan,nan,nan,nan,0.15286830067634583,0.0,0.152948260307312,0.5182399153709412,0.0,0.0,0.0,0.0,0.006000000052154064,0.009999999776482582,100.0,0.1032337173819542,2.66845703125,0.012267380952835083,12.82229995727539,7.996431668289006e-05,7.257151446538046e-05,0.15294086933135986,-0.01944825053215027,1.0,1.1955220543313771e-05,0.00023274908016901463,9.0,1.0,0.0,0.0,0.08791214972734451,0.0,0.25,3.799400793980112e-09,0.0,0.0,0.0,0.0,0.0,0.0,0.0,0.0,0.0,0.0,0.0,0.0,0.0,0.0,0.0,0.0,0.0,0.0,0.0,0.0,0.0,-1.6936932297539897e-05,-0.00014231987006496638,1.5743784388178028e-05,4.2744577513076365e-05,2.542269385230611e-06,-0.00018536658899392933,-2.645926770128426e-06,-1.9896489902748726e-05,-0.00014139051199890673,1.8201011698693037e-05,4.310589065426029e-05,2.892219526984263e-06,-0.00018478630227036774,-3.335749624966411e-06,-1.9896489902748726e-05,-0.00014139051199890673,1.8201011698693037e-05,4.310589065426029e-05,2.892219526984263e-06,-0.00018478630227036774,-3.335749624966411e-06,-1.9896489902748726e-05,-0.00014139051199890673,1.8201011698693037e-05,4.310589065426029e-05,2.892219526984263e-06,-0.00018478630227036774,-3.335749624966411e-06,-1.9896489902748726e-05,-0.00014139051199890673,1.8201011698693037e-05,4.310589065426029e-05,2.892219526984263e-06,-0.00018478630227036774,-3.335749624966411e-06
2.648999999999994,0.08792037516832352,0.08792037516832352,nan,nan,nan,nan,0.15288467705249786,0.0,0.15296483039855957,0.518242597579956,0.0,0.0,0.0,0.0,0.004000000189989805,0.008999999612569809,100.0,0.10323911905288696,1.1722865104675293,0.16465502977371216,10.749747276306152,8.01507048890926e-05,8.535815140930936e-05,0.15297003090381622,0.0009139379253610969,1.0,1.19460528367199e-05,0.0002661768812686205,9.0,1.0,0.0,0.0,0.08792037516832352,0.0,0.25,3.784684565744101e-09,0.0,0.0,0.0,0.0,0.0,0.0,0.0,0.0,0.0,0.0,0.0,0.0,0.0,0.0,0.0,0.0,0.0,0.0,0.0,0.0,0.0,-1.1168103810632601e-05,-0.0001424252550350502,1.015962607198162e-05,4.265275856596418e-05,1.7616220020499895e-06,-0.00018538195581641048,-2.0483867047005333e-06,-1.6153000615304336e-05,-0.00014195500989444554,1.4808880223426968e-05,4.2867679439950734e-05,2.414352138657705e-06,-0.00018512022506911308,-2.730282858465216e-06,-1.6153000615304336e-05,-0.00014195500989444554,1.4808880223426968e-05,4.2867679439950734e-05,2.414352138657705e-06,-0.00018512022506911308,-2.730282858465216e-06,-1.6153000615304336e-05,-0.00014195500989444554,1.4808880223426968e-05,4.2867679439950734e-05,2.414352138657705e-06,-0.00018512022506911308,-2.730282858465216e-06,-1.6153000615304336e-05,-0.00014195500989444554,1.4808880223426968e-05,4.2867679439950734e-05,2.414352138657705e-06,-0.00018512022506911308,-2.730282858465216e-06
2.6939999999999955,0.08792534470558167,0.08792534470558167,nan,nan,nan,nan,0.15289448201656342,0.0,0.1529747098684311,0.5182478427886963,0.0,0.0,0.0,0.0,0.010999999940395355,0.00800000037997961,100.0,0.10324171185493469,1.300215721130371,0.01813843846321106,11.547045707702637,8.022629481274635e-05,0.00010735766409197822,0.1530018448829651,0.0006211920990608633,1.0,1.1930018445127644e-05,0.0003822003200184554,9.0,1.0,0.0,0.0,0.08792534470558167,0.0,0.25,3.777955726036453e-09,0.0,0.0,0.0,0.0,0.0,0.0,0.0,0.0,0.0,0.0,0.0,0.0,0.0,0.0,0.0,0.0,0.0,0.0,0.0,0.0,0.0,-9.677691195975058e-06,-0.00014235021080821753,8.711774171388242e-06,4.270222780178301e-05,1.5533676105405902e-06,-0.00018535058188717812,-1.891155875455297e-06,-1.252828587894328e-05,-0.0001421804481651634,1.1395222827559337e-05,4.277559128240682e-05,1.9323347260069568e-06,-0.00018525384075473994,-2.2611934582528193e-06,-1.252828587894328e-05,-0.0001421804481651634,1.1395222827559337e-05,4.277559128240682e-05,1.9323347260069568e-06,-0.00018525384075473994,-2.2611934582528193e-06,-1.252828587894328e-05,-0.0001421804481651634,1.1395222827559337e-05,4.277559128240682e-05,1.9323347260069568e-06,-0.00018525384075473994,-2.2611934582528193e-06,-1.252828587894328e-05,-0.0001421804481651634,1.1395222827559337e-05,4.277559128240682e-05,1.9323347260069568e-06,-0.00018525384075473994,-2.2611934582528193e-06
2.7609999999999957,0.08793021738529205,0.08793021738529205,nan,nan,nan,nan,0.15282610058784485,0.0,0.15290604531764984,0.5213728547096252,0.0,0.0,0.0,0.0,0.003000000026077032,0.007000000216066837,100.0,0.10329887270927429,1.8017646074295044,0.01842435449361801,13.276634216308594,7.994962652446702e-05,6.763637065887451e-05,0.15289373695850372,0.0006960970349609852,1.0,1.1919163625861984e-05,0.00023826054530218244,9.0,1.0,0.0,0.0,0.08793021738529205,0.0,0.25,3.766326361898109e-09,0.0,0.0,0.0,0.0,0.0,0.0,0.0,0.0,0.0,0.0,0.0,0.0,0.0,0.0,0.0,0.0,0.0,0.0,0.0,0.0,0.0,-1.8444183297106065e-05,-0.00014034156629350036,1.7583764929440804e-05,4.396649092086591e-05,2.7735036383091938e-06,-0.00018458059639669955,-2.4188077532016905e-06,-1.4505387298413552e-05,-0.00014134420780465007,1.3525843314710073e-05,4.333723700256087e-05,2.219459020125214e-06,-0.00018497066048439592,-2.251574869660544e-06,-1.4505387298413552e-05,-0.00014134420780465007,1.3525843314710073e-05,4.333723700256087e-05,2.219459020125214e-06,-0.00018497066048439592,-2.251574869660544e-06,-1.4505387298413552e-05,-0.00014134420780465007,1.3525843314710073e-05,4.333723700256087e-05,2.219459020125214e-06,-0.00018497066048439592,-2.251574869660544e-06,-1.4505387298413552e-05,-0.00014134420780465007,1.3525843314710073e-05,4.333723700256087e-05,2.219459020125214e-06,-0.00018497066048439592,-2.251574869660544e-06
2.875,0.08793866634368896,0.08793866634368896,nan,nan,nan,nan,0.1528429090976715,0.0,0.15292266011238098,0.5213766694068909,0.0,0.0,0.0,0.0,0.007000000216066837,0.023000000044703484,100.0,0.10330718010663986,2.816495418548584,0.02484302967786789,12.519843101501465,7.97572938608937e-05,6.271280290093273e-05,0.1529056280851364,0.00036734601599164307,1.0,1.1861109669553116e-05,0.00019287812756374478,9.0,1.0,0.0,0.0,0.08793866634368896,0.0,0.25,3.756189137504862e-09,0.0,0.0,0.0,0.0,0.0,0.0,0.0,0.0,0.0,0.0,0.0,0.0,0.0,0.0,0.0,0.0,0.0,0.0,0.0,0.0,0.0,1.102776968764374e-05,-0.00014020808157511055,-1.097100721381139e-05,4.4106469431426376e-05,-1.2501651553975535e-06,-0.00018459810235071927,6.36560855582502e-07,-7.388372068817262e-06,-0.00014058285159990191,6.7977962316945195e-06,4.383995110401884e-05,1.257236476703838e-06,-0.00018470293434802443,-1.3473165836330736e-06,-7.388372068817262e-06,-0.00014058285159990191,6.7977962316945195e-06,4.383995110401884e-05,1.257236476703838e-06,-0.00018470293434802443,-1.3473165836330736e-06,-7.388372068817262e-06,-0.00014058285159990191,6.7977962316945195e-06,4.383995110401884e-05,1.257236476703838e-06,-0.00018470293434802443,-1.3473165836330736e-06,-7.388372068817262e-06,-0.00014058285159990191,6.7977962316945195e-06,4.383995110401884e-05,1.257236476703838e-06,-0.00018470293434802443,-1.3473165836330736e-06
2.9339999999999975,0.0880056694149971,0.0880056694149971,nan,nan,nan,nan,0.15306666493415833,0.0,0.153146892786026,0.5177868604660034,0.0,0.0,0.0,0.0,0.0020000000949949026,0.014999999664723873,100.0,0.10350649803876877,0.9846677780151367,0.01949351280927658,9.99303913116455,8.022587280720472e-05,6.678204954368994e-05,0.15313345193862915,0.004466871730983257,1.0,1.1899610399268568e-05,0.00022777463891543448,9.0,1.0,0.0,0.0,0.08800565451383591,-1.4901161193847656e-08,0.25,3.786676749939488e-09,0.0,0.0,0.0,0.0,0.0,0.0,0.0,0.0,0.0,0.0,0.0,0.0,0.0,0.0,0.0,0.0,0.0,0.0,0.0,0.0,0.0,-1.0139961887034588e-05,-0.00014298100722953677,9.27417931961827e-06,4.211518171359785e-05,1.6347488553947187e-06,-0.00018544010526966304,-1.832135808399471e-06,-9.618512194720097e-06,-0.00014156856923364103,8.895483915694058e-06,4.314768739277497e-05,1.5617431472492171e-06,-0.0001850167172960937,-1.6432676375188748e-06,-9.618512194720097e-06,-0.00014156856923364103,8.895483915694058e-06,4.314768739277497e-05,1.5617431472492171e-06,-0.0001850167172960937,-1.6432676375188748e-06,-9.618512194720097e-06,-0.00014156856923364103,8.895483915694058e-06,4.314768739277497e-05,1.5617431472492171e-06,-0.0001850167172960937,-1.6432676375188748e-06,-9.618512194720097e-06,-0.00014156856923364103,8.895483915694058e-06,4.314768739277497e-05,1.5617431472492171e-06,-0.0001850167172960937,-1.6432676375188748e-06
3.056999999999995,0.0880131721496582,0.0880131721496582,nan,nan,nan,nan,0.1530815213918686,0.0,0.15316195785999298,0.5177929401397705,0.0,0.0,0.0,0.0,0.004999999888241291,0.020999999716877937,100.0,0.10350649803876877,14.402999877929688,0.020517967641353607,52.392852783203125,8.043953130254522e-05,0.00010184723942074925,0.15318337082862854,0.00035727309295907617,1.0,1.1927048944926355e-05,0.0003602091164793819,9.0,1.0,0.0,0.0,0.08801315724849701,-1.4901161193847656e-08,0.25,3.785475044537634e-09,0.0,0.0,0.0,0.0,0.0,0.0,0.0,0.0,0.0,0.0,0.0,0.0,0.0,0.0,0.0,0.0,0.0,0.0,0.0,0.0,0.0,-9.81164430413628e-06,-0.00014297135930974036,8.95512039278401e-06,4.211722261970863e-05,1.5898207266218378e-06,-0.0001854325528256595,-1.798863308977161e-06,-9.86112718237564e-06,-0.00014248590741772205,9.047833373188041e-06,4.247561446391046e-05,1.5960175687723677e-06,-0.00018529030785430223,-1.7564736936037662e-06,-9.86112718237564e-06,-0.00014248590741772205,9.047833373188041e-06,4.247561446391046e-05,1.5960175687723677e-06,-0.00018529030785430223,-1.7564736936037662e-06,-9.86112718237564e-06,-0.00014248590741772205,9.047833373188041e-06,4.247561446391046e-05,1.5960175687723677e-06,-0.00018529030785430223,-1.7564736936037662e-06,-9.86112718237564e-06,-0.00014248590741772205,9.047833373188041e-06,4.247561446391046e-05,1.5960175687723677e-06,-0.00018529030785430223,-1.7564736936037662e-06
3.107999999999997,0.0879298746585846,0.0879298746585846,nan,nan,nan,nan,0.15286467969417572,0.0,0.1529448926448822,0.5198028087615967,0.0,0.0,0.0,0.0,0.004999999888241291,0.00800000037997961,100.0,0.10330681502819061,0.6968807578086853,0.009533017873764038,16.840389251708984,8.020809764275327e-05,7.978018402354792e-05,0.15294446051120758,-0.010412185452878475,1.0,1.1916234143427573e-05,0.00023314579448197037,9.0,1.0,0.0,0.0,0.0879298746585846,0.0,0.25,3.775628698576838e-09,0.0,0.0,0.0,0.0,0.0,0.0,0.0,0.0,0.0,0.0,0.0,0.0,0.0,0.0,0.0,0.0,0.0,0.0,0.0,0.0,0.0,1.2125648936489597e-05,-0.00014103279681876302,-1.0996850505762268e-05,4.35712281614542e-05,-1.287089958168508e-06,-0.00018491018272470683,1.7487558352513588e-06,-4.4364205677993596e-06,-0.0001425392838427797,3.948657649743836e-06,4.2453266360098496e-05,8.710404699741048e-07,-0.00018531807290855795,-1.0402656016594847e-06,-4.4364205677993596e-06,-0.0001425392838427797,3.948657649743836e-06,4.2453266360098496e-05,8.710404699741048e-07,-0.00018531807290855795,-1.0402656016594847e-06,-4.4364205677993596e-06,-0.0001425392838427797,3.948657649743836e-06,4.2453266360098496e-05,8.710404699741048e-07,-0.00018531807290855795,-1.0402656016594847e-06,-4.4364205677993596e-06,-0.0001425392838427797,3.948657649743836e-06,4.2453266360098496e-05,8.710404699741048e-07,-0.00018531807290855795,-1.0402656016594847e-06
3.1499999999999986,0.0879320353269577,0.0879320353269577,nan,nan,nan,nan,0.1528690606355667,0.0,0.15294910967350006,0.5198009014129639,0.0,0.0,0.0,0.0,0.003000000026077032,0.007000000216066837,100.0,0.10330764949321747,0.6324658393859863,0.024884939193725586,10.453607559204102,8.004222763702273e-05,7.750712393317372e-05,0.1529465615749359,0.0003086668730247766,1.0,1.1890264431713149e-05,0.0002912991039920598,9.0,1.0,0.0,0.0,0.0879320353269577,0.0,0.25,3.750646904165933e-09,0.0,0.0,0.0,0.0,0.0,0.0,0.0,0.0,0.0,0.0,0.0,0.0,0.0,0.0,0.0,0.0,0.0,0.0,0.0,0.0,0.0,-3.867392024403671e-06,-0.00014104148431215435,4.5071828935761005e-06,4.3559015466598794e-05,8.915066018744255e-07,-0.00018490182992536575,8.823454322737234e-08,-8.905549293558579e-07,-0.0001418017054675147,1.0566429864411475e-06,4.299925421946682e-05,4.3615307276922977e-07,-0.00018511558300815523,-1.4669041092929547e-07,-8.905549293558579e-07,-0.0001418017054675147,1.0566429864411475e-06,4.299925421946682e-05,4.3615307276922977e-07,-0.00018511558300815523,-1.4669041092929547e-07,-8.905549293558579e-07,-0.0001418017054675147,1.0566429864411475e-06,4.299925421946682e-05,4.3615307276922977e-07,-0.00018511558300815523,-1.4669041092929547e-07,-8.905549293558579e-07,-0.0001418017054675147,1.0566429864411475e-06,4.299925421946682e-05,4.3615307276922977e-07,-0.00018511558300815523,-1.4669041092929547e-07
3.2509999999999977,0.08793734014034271,0.08793734014034271,nan,nan,nan,nan,0.15287970006465912,0.0,0.15295961499214172,0.5197994709014893,0.0,0.0,0.0,0.0,0.00800000037997961,0.01899999938905239,100.0,0.10331504046916962,1.3178205490112305,0.016721896827220917,11.695596694946289,7.991746679181233e-05,6.404436862794682e-05,0.15294374525547028,0.00027920069987885654,1.0,1.1918998097826261e-05,0.00023727247025817633,9.0,1.0,0.0,0.0,0.08793732523918152,-1.4901161193847656e-08,0.25,3.7763925320177805e-09,0.0,0.0,0.0,0.0,0.0,0.0,0.0,0.0,0.0,0.0,0.0,0.0,0.0,0.0,0.0,0.0,0.0,0.0,0.0,0.0,0.0,-1.84906784852501e-05,-0.00014100049156695604,1.8673474187380634e-05,4.356151839601807e-05,2.8851789011241635e-06,-0.00018484093016013503,-1.428648829460144e-06,-1.4720484614372253e-05,-0.00014127243775874376,1.4860435840091668e-05,4.337689824751578e-05,2.3569366476294817e-06,-0.00018494881805963814,-1.1916887387997122e-06,-1.4720484614372253e-05,-0.00014127243775874376,1.4860435840091668e-05,4.337689824751578e-05,2.3569366476294817e-06,-0.00018494881805963814,-1.1916887387997122e-06,-1.4720484614372253e-05,-0.00014127243775874376,1.4860435840091668e-05,4.337689824751578e-05,2.3569366476294817e-06,-0.00018494881805963814,-1.1916887387997122e-06,-1.4720484614372253e-05,-0.00014127243775874376,1.4860435840091668e-05,4.337689824751578e-05,2.3569366476294817e-06,-0.00018494881805963814,-1.1916887387997122e-06
3.3259999999999934,0.08804984390735626,0.08804984390735626,nan,nan,nan,nan,0.153075709939003,0.0,0.15315552055835724,0.5209589004516602,0.0,0.0,0.0,0.0,0.009999999776482582,0.009999999776482582,100.0,0.10349399596452713,1.4809584617614746,0.016946345567703247,11.309565544128418,7.980739610502496e-05,9.066696657100692e-05,0.15316638350486755,0.01125037670135498,1.0,1.1902590813406277e-05,0.0002881344116758555,9.0,1.0,0.0,0.0,0.08804984390735626,0.0,0.25,3.766489786727334e-09,0.0,0.0,0.0,0.0,0.0,0.0,0.0,0.0,0.0,0.0,0.0,0.0,0.0,0.0,0.0,0.0,0.0,0.0,0.0,0.0,0.0,-2.926719616880291e-06,-0.00014000986993778497,3.2755947358964477e-06,4.401049227453768e-05,7.338126692957303e-07,-0.00018431524222251028,-1.302460788110693e-07,-1.3416417459666263e-05,-0.00014094225480221212,1.3640810720971785e-05,4.3573487346293405e-05,2.183352307838504e-06,-0.00018481563893146813,-1.0172194606639096e-06,-1.3416417459666263e-05,-0.00014094225480221212,1.3640810720971785e-05,4.3573487346293405e-05,2.183352307838504e-06,-0.00018481563893146813,-1.0172194606639096e-06,-1.3416417459666263e-05,-0.00014094225480221212,1.3640810720971785e-05,4.3573487346293405e-05,2.183352307838504e-06,-0.00018481563893146813,-1.0172194606639096e-06,-1.3416417459666263e-05,-0.00014094225480221212,1.3640810720971785e-05,4.3573487346293405e-05,2.183352307838504e-06,-0.00018481563893146813,-1.0172194606639096e-06
3.4579999999999984,0.0880579724907875,0.0880579724907875,nan,nan,nan,nan,0.1530919075012207,0.0,0.15317149460315704,0.5209614634513855,0.0,0.0,0.0,0.0,0.0010000000474974513,0.026000000536441803,100.0,0.10350191593170166,1.2270333766937256,0.01697428524494171,19.973037719726562,7.958888454595581e-05,7.072059088386595e-05,0.1531626284122467,0.0003126377996522933,1.0,1.185338624054566e-05,0.0002201748575316742,9.0,1.0,0.0,0.0,0.0880579724907875,0.0,0.25,3.725234343221473e-09,0.0,0.0,0.0,0.0,0.0,0.0,0.0,0.0,0.0,0.0,0.0,0.0,0.0,0.0,0.0,0.0,0.0,0.0,0.0,0.0,0.0,-2.745512347246404e-06,-0.0001398851745761931,3.1091708478925284e-06,4.4161421101307496e-05,7.070229344208201e-07,-0.0001843595819082111,-8.998199518828187e-08,-7.359633855230641e-06,-0.0001401789195369929,7.632335837115534e-06,4.3997504690196365e-05,1.3422916254057782e-06,-0.00018448533955961466,-5.205563411436742e-07,-7.359633855230641e-06,-0.0001401789195369929,7.632335837115534e-06,4.3997504690196365e-05,1.3422916254057782e-06,-0.00018448533955961466,-5.205563411436742e-07,-7.359633855230641e-06,-0.0001401789195369929,7.632335837115534e-06,4.3997504690196365e-05,1.3422916254057782e-06,-0.00018448533955961466,-5.205563411436742e-07,-7.359633855230641e-06,-0.0001401789195369929,7.632335837115534e-06,4.3997504690196365e-05,1.3422916254057782e-06,-0.00018448533955961466,-5.205563411436742e-07
3.505999999999993,0.08802846074104309,0.08802846074104309,nan,nan,nan,nan,0.15311267971992493,0.0,0.1531926840543747,0.5177695155143738,0.0,0.0,0.0,0.0,0.003000000026077032,0.010999999940395355,100.0,0.10332993417978287,0.5766013860702515,0.00989716500043869,10.867927551269531,7.999822264537215e-05,9.624849917599931e-05,0.153208926320076,-0.0026828863192349672,1.0,1.195713866763981e-05,0.0003056620480492711,9.0,1.0,0.0,0.0,0.08802846074104309,0.0,0.25,3.9541081520155785e-09,0.0,0.0,0.0,0.0,0.0,0.0,0.0,0.0,0.0,0.0,0.0,0.0,0.0,0.0,0.0,0.0,0.0,0.0,0.0,0.0,0.0,-3.772578565985896e-05,-0.00014265085337683558,3.6670939152827486e-05,4.236563836457208e-05,5.472581506182905e-06,-0.00018534586706664413,-4.058324520883616e-06,-2.0583032892318442e-05,-0.00014109197945799679,2.0288049199734814e-05,4.3390053178882226e-05,3.1408094400831033e-06,-0.00018479814752936363,-2.0495954231591895e-06,-2.0583032892318442e-05,-0.00014109197945799679,2.0288049199734814e-05,4.3390053178882226e-05,3.1408094400831033e-06,-0.00018479814752936363,-2.0495954231591895e-06,-2.0583032892318442e-05,-0.00014109197945799679,2.0288049199734814e-05,4.3390053178882226e-05,3.1408094400831033e-06,-0.00018479814752936363,-2.0495954231591895e-06,-2.0583032892318442e-05,-0.00014109197945799679,2.0288049199734814e-05,4.3390053178882226e-05,3.1408094400831033e-06,-0.00018479814752936363,-2.0495954231591895e-06
3.5749999999999957,0.08802949637174606,0.08802949637174606,nan,nan,nan,nan,0.15311476588249207,0.0,0.15319497883319855,0.5177686214447021,0.0,0.0,0.0,0.0,0.00800000037997961,0.013000000268220901,100.0,0.1033359169960022,0.5953795909881592,0.009803101420402527,14.341906547546387,8.0210724263452e-05,7.779207226121798e-05,0.15319256484508514,7.966389239300042e-05,1.0,1.2018634151900187e-05,0.0002798683999571949,9.0,1.0,0.0,0.0,0.08802949637174606,0.0,0.25,3.8361975818190786e-09,0.0,0.0,0.0,0.0,0.0,0.0,0.0,0.0,0.0,0.0,0.0,0.0,0.0,0.0,0.0,0.0,0.0,0.0,0.0,0.0,0.0,-1.768583206285257e-05,-0.00014262928743846714,1.7261070752283558e-05,4.231770071783103e-05,2.727513674471993e-06,-0.00018528150394558907,-1.9578149021981517e-06,-2.443747507641092e-05,-0.00014194399409461766,2.3899734514998272e-05,4.281285509932786e-05,3.6597425605577882e-06,-0.00018508169159758836,-2.5702311177155934e-06,-2.443747507641092e-05,-0.00014194399409461766,2.3899734514998272e-05,4.281285509932786e-05,3.6597425605577882e-06,-0.00018508169159758836,-2.5702311177155934e-06,-2.443747507641092e-05,-0.00014194399409461766,2.3899734514998272e-05,4.281285509932786e-05,3.6597425605577882e-06,-0.00018508169159758836,-2.5702311177155934e-06,-2.443747507641092e-05,-0.00014194399409461766,2.3899734514998272e-05,4.281285509932786e-05,3.6597425605577882e-06,-0.00018508169159758836,-2.5702311177155934e-06
3.6569999999999965,0.08803312480449677,0.08803312480449677,nan,nan,nan,nan,0.15312208235263824,0.0,0.15320241451263428,0.5177668333053589,0.0,0.0,0.0,0.0,0.0020000000949949026,0.013000000268220901,100.0,0.10333815217018127,1.0338183641433716,0.015573576092720032,12.534525871276855,8.033858466660604e-05,5.7326542446389794e-05,0.15317940711975098,0.0002791101869661361,1.0,1.1916496987396386e-05,0.00020629461505450308,9.0,1.0,0.0,0.0,0.08803312480449677,0.0,0.25,3.770703749239601e-09,0.0,0.0,0.0,0.0,0.0,0.0,0.0,0.0,0.0,0.0,0.0,0.0,0.0,0.0,0.0,0.0,0.0,0.0,0.0,0.0,0.0,4.825794803764438e-06,-0.0001427334500476718,-4.5425053940562066e-06,4.226418604957871e-05,-3.4352385114289063e-07,-0.00018531939713284373,3.7949052966723684e-07,-6.3262200455938e-06,-0.00014248098887037486,6.293388196354499e-06,4.24314166593831e-05,1.1816916867246618e-06,-0.00018523228936828673,-7.473366849808372e-07,-6.3262200455938e-06,-0.00014248098887037486,6.293388196354499e-06,4.24314166593831e-05,1.1816916867246618e-06,-0.00018523228936828673,-7.473366849808372e-07,-6.3262200455938e-06,-0.00014248098887037486,6.293388196354499e-06,4.24314166593831e-05,1.1816916867246618e-06,-0.00018523228936828673,-7.473366849808372e-07,-6.3262200455938e-06,-0.00014248098887037486,6.293388196354499e-06,4.24314166593831e-05,1.1816916867246618e-06,-0.00018523228936828673,-7.473366849808372e-07
3.701999999999998,0.08813438564538956,0.08813438564538956,nan,nan,nan,nan,0.1532742977142334,0.0,0.1533544510602951,0.5197784900665283,0.0,0.0,0.0,0.0,0.003000000026077032,0.009999999776482582,100.0,0.1035335436463356,0.8658580780029297,0.013626180589199066,11.86304759979248,8.015826460905373e-05,6.156557356007397e-05,0.15333586931228638,0.010126084089279175,1.0,1.19326123240171e-05,0.00028393411776050925,9.0,1.0,0.0,0.0,0.08813437819480896,-7.450580596923828e-09,0.25,3.882613341943397e-09,0.0,0.0,0.0,0.0,0.0,0.0,0.0,0.0,0.0,0.0,0.0,0.0,0.0,0.0,0.0,0.0,0.0,0.0,0.0,0.0,0.0,-3.022685632458888e-05,-0.00014260444731917232,2.9421895305858925e-05,4.230059130350128e-05,4.439304120751331e-06,-0.0001852139102993533,-3.2587681744189467e-06,-9.811359632294625e-06,-0.00014262220065575093,9.657871487434022e-06,4.231734783388674e-05,1.6562632936256705e-06,-0.00018525471386965364,-1.1188201369805029e-06,-9.811359632294625e-06,-0.00014262220065575093,9.657871487434022e-06,4.231734783388674e-05,1.6562632936256705e-06,-0.00018525471386965364,-1.1188201369805029e-06,-9.811359632294625e-06,-0.00014262220065575093,9.657871487434022e-06,4.231734783388674e-05,1.6562632936256705e-06,-0.00018525471386965364,-1.1188201369805029e-06,-9.811359632294625e-06,-0.00014262220065575093,9.657871487434022e-06,4.231734783388674e-05,1.6562632936256705e-06,-0.00018525471386965364,-1.1188201369805029e-06
3.763999999999996,0.0881420448422432,0.0881420448422432,nan,nan,nan,nan,0.1532895863056183,0.0,0.15336938202381134,0.5197799205780029,0.0,0.0,0.0,0.0,0.007000000216066837,0.008999999612569809,100.0,0.10353559255599976,2.1107168197631836,0.023146159946918488,11.708656311035156,7.980311056599021e-05,0.00010335707338526845,0.1533929407596588,0.000851021904964,1.0,1.1901574907824397e-05,0.00035916134947910905,9.0,1.0,0.0,0.0,0.0881420448422432,0.0,0.25,3.7537963848421896e-09,0.0,0.0,0.0,0.0,0.0,0.0,0.0,0.0,0.0,0.0,0.0,0.0,0.0,0.0,0.0,0.0,0.0,0.0,0.0,0.0,0.0,-5.12493033966166e-06,-0.0001402582711307332,5.1203046496084426e-06,4.3718966480810195e-05,9.959278486348921e-07,-0.00018427020404487848,-6.158734322525561e-07,-1.085691292246338e-05,-0.00014134353841654956,1.0671783456928097e-05,4.3063180783065036e-05,1.7868036366053275e-06,-0.0001847084640758112,-1.2193409020255785e-06,-1.085691292246338e-05,-0.00014134353841654956,1.0671783456928097e-05,4.3063180783065036e-05,1.7868036366053275e-06,-0.0001847084640758112,-1.2193409020255785e-06,-1.085691292246338e-05,-0.00014134353841654956,1.0671783456928097e-05,4.3063180783065036e-05,1.7868036366053275e-06,-0.0001847084640758112,-1.2193409020255785e-06,-1.085691292246338e-05,-0.00014134353841654956,1.0671783456928097e-05,4.3063180783065036e-05,1.7868036366053275e-06,-0.0001847084640758112,-1.2193409020255785e-06
3.8149999999999977,0.0881456732749939,0.0881456732749939,nan,nan,nan,nan,0.15329688787460327,0.0,0.1533765196800232,0.519778311252594,0.0,0.0,0.0,0.0,0.004000000189989805,0.006000000052154064,100.0,0.10354059934616089,0.534830629825592,0.00779423862695694,11.32441520690918,7.963033567648381e-05,8.708542009117082e-05,0.15338397026062012,0.000604738830588758,1.0,1.1889974302903283e-05,0.0002726231177803129,9.0,1.0,0.0,0.0,0.0881456732749939,0.0,0.25,3.734611730976667e-09,0.0,0.0,0.0,0.0,0.0,0.0,0.0,0.0,0.0,0.0,0.0,0.0,0.0,0.0,0.0,0.0,0.0,0.0,0.0,0.0,0.0,-1.2507630344771314e-05,-0.00014042732072994113,1.2273631000425667e-05,4.3487638322403654e-05,2.00714566744864e-06,-0.0001841984922066331,-1.3745900560024893e-06,-1.2131321454944555e-05,-0.00014079574611969292,1.1906307918252423e-05,4.33204768341966e-05,1.9576023078116123e-06,-0.00018440891290083528,-1.344511701972806e-06,-1.2131321454944555e-05,-0.00014079574611969292,1.1906307918252423e-05,4.33204768341966e-05,1.9576023078116123e-06,-0.00018440891290083528,-1.344511701972806e-06,-1.2131321454944555e-05,-0.00014079574611969292,1.1906307918252423e-05,4.33204768341966e-05,1.9576023078116123e-06,-0.00018440891290083528,-1.344511701972806e-06,-1.2131321454944555e-05,-0.00014079574611969292,1.1906307918252423e-05,4.33204768341966e-05,1.9576023078116123e-06,-0.00018440891290083528,-1.344511701972806e-06
3.9949999999999974,0.08815382421016693,0.08815382421016693,nan,nan,nan,nan,0.15331313014030457,0.0,0.15339268743991852,0.5197808146476746,0.0,0.0,0.0,0.0,0.010999999940395355,0.027000000700354576,100.0,0.10354413092136383,0.9749475717544556,0.009511597454547882,18.117095947265625,7.955745240906253e-05,7.049820123938844e-05,0.15338362753391266,0.0003018864954356104,1.0,1.1953135071962606e-05,0.0002199028094764799,9.0,1.0,0.0,0.0,0.08815382421016693,0.0,0.25,3.806149173612994e-09,0.0,0.0,0.0,0.0,0.0,0.0,0.0,0.0,0.0,0.0,0.0,0.0,0.0,0.0,0.0,0.0,0.0,0.0,0.0,0.0,0.0,-2.791551196423825e-05,-0.0001404028298566118,2.71980188699672e-05,4.3527954403543845e-05,4.1023254198080394e-06,-0.00018422771245241165,-2.9853295018256176e-06,-2.221871545771137e-05,-0.00014054789789952338,2.1678810298908502e-05,4.345369234215468e-05,3.3282278764090734e-06,-0.000184296935913153,-2.3932720978336874e-06,-2.221871545771137e-05,-0.00014054789789952338,2.1678810298908502e-05,4.345369234215468e-05,3.3282278764090734e-06,-0.000184296935913153,-2.3932720978336874e-06,-2.221871545771137e-05,-0.00014054789789952338,2.1678810298908502e-05,4.345369234215468e-05,3.3282278764090734e-06,-0.000184296935913153,-2.3932720978336874e-06,-2.221871545771137e-05,-0.00014054789789952338,2.1678810298908502e-05,4.345369234215468e-05,3.3282278764090734e-06,-0.000184296935913153,-2.3932720978336874e-06
4.0489999999999995,0.08816511183977127,0.08816511183977127,nan,nan,nan,nan,0.15333542227745056,0.0,0.15341494977474213,0.5197919607162476,0.0,0.0,0.0,0.0,0.004000000189989805,0.010999999940395355,100.0,0.1035623773932457,1.7937291860580444,0.022765249013900757,19.90477180480957,7.952941814437509e-05,8.241942123277113e-05,0.15341784060001373,0.0010261480929329991,1.0,1.1858725883939769e-05,0.00024197326274588704,9.0,1.0,0.0,0.0,0.08816511183977127,0.0,0.25,3.725998176662415e-09,0.0,0.0,0.0,0.0,0.0,0.0,0.0,0.0,0.0,0.0,0.0,0.0,0.0,0.0,0.0,0.0,0.0,0.0,0.0,0.0,0.0,1.3486685929819942e-05,-0.00014049417222850025,-1.2928037904202938e-05,4.339884253568016e-05,-1.5462527471754584e-06,-0.00018415959493722767,1.3139417660568142e-06,-6.287069481913932e-06,-0.00014049651508685201,6.237622073967941e-06,4.344301487435587e-05,1.152581830865529e-06,-0.00018422082939650863,-7.405801625282038e-07,-6.287069481913932e-06,-0.00014049651508685201,6.237622073967941e-06,4.344301487435587e-05,1.152581830865529e-06,-0.00018422082939650863,-7.405801625282038e-07,-6.287069481913932e-06,-0.00014049651508685201,6.237622073967941e-06,4.344301487435587e-05,1.152581830865529e-06,-0.00018422082939650863,-7.405801625282038e-07,-6.287069481913932e-06,-0.00014049651508685201,6.237622073967941e-06,4.344301487435587e-05,1.152581830865529e-06,-0.00018422082939650863,-7.405801625282038e-07
4.102999999999994,0.08816738426685333,0.08816738426685333,nan,nan,nan,nan,0.15334002673625946,0.0,0.15341955423355103,0.5197892785072327,0.0,0.0,0.0,0.0,0.004000000189989805,0.008999999612569809,100.0,0.10356346517801285,1.4802850484848022,0.010686926543712616,11.303075790405273,7.952415762702003e-05,7.997481588972732e-05,0.15342000126838684,0.0002524919109418988,1.0,1.1912960871995892e-05,0.00029535897192545235,9.0,1.0,0.0,0.0,0.08816738426685333,0.0,0.25,3.852611119015137e-09,0.0,0.0,0.0,0.0,0.0,0.0,0.0,0.0,0.0,0.0,0.0,0.0,0.0,0.0,0.0,0.0,0.0,0.0,0.0,0.0,0.0,-3.3607648219913244e-05,-0.00014041575195733458,3.270166052971035e-05,4.351593815954402e-05,4.88554360345006e-06,-0.00018423698202241212,-3.5964669677923666e-06,-1.7286143702222034e-05,-0.00014046400610823184,1.6891861378098838e-05,4.34723733633291e-05,2.655446223798208e-06,-0.00018422731955070049,-1.8903401723946445e-06,-1.7286143702222034e-05,-0.00014046400610823184,1.6891861378098838e-05,4.34723733633291e-05,2.655446223798208e-06,-0.00018422731955070049,-1.8903401723946445e-06,-1.7286143702222034e-05,-0.00014046400610823184,1.6891861378098838e-05,4.34723733633291e-05,2.655446223798208e-06,-0.00018422731955070049,-1.8903401723946445e-06,-1.7286143702222034e-05,-0.00014046400610823184,1.6891861378098838e-05,4.34723733633291e-05,2.655446223798208e-06,-0.00018422731955070049,-1.8903401723946445e-06
4.158999999999999,0.0881735309958458,0.0881735309958458,nan,nan,nan,nan,0.15335217118263245,0.0,0.15343166887760162,0.5197954773902893,0.0,0.0,0.0,0.0,0.009999999776482582,0.007000000216066837,100.0,0.10356869548559189,8.686980247497559,0.027474015951156616,11.699298858642578,7.949960127007216e-05,8.971543138613924e-05,0.1534418910741806,0.0008781040669418871,1.0,1.1885239473485854e-05,0.0003450482035987079,9.0,1.0,0.0,0.0,0.0881735309958458,0.0,0.25,3.736898790407395e-09,0.0,0.0,0.0,0.0,0.0,0.0,0.0,0.0,0.0,0.0,0.0,0.0,0.0,0.0,0.0,0.0,0.0,0.0,0.0,0.0,0.0,-1.653643630561419e-05,-0.00014032350736670196,1.6170190065167844e-05,4.357338912086561e-05,2.5518518214084907e-06,-0.00018417235696688294,-1.8033209698842256e-06,-1.3718573427468073e-05,-0.0001403699570801109,1.3436375411401968e-05,4.353307667770423e-05,2.1684977582481224e-06,-0.000184192496817559,-1.518161525382311e-06,-1.3718573427468073e-05,-0.0001403699570801109,1.3436375411401968e-05,4.353307667770423e-05,2.1684977582481224e-06,-0.000184192496817559,-1.518161525382311e-06,-1.3718573427468073e-05,-0.0001403699570801109,1.3436375411401968e-05,4.353307667770423e-05,2.1684977582481224e-06,-0.000184192496817559,-1.518161525382311e-06,-1.3718573427468073e-05,-0.0001403699570801109,1.3436375411401968e-05,4.353307667770423e-05,2.1684977582481224e-06,-0.000184192496817559,-1.518161525382311e-06
4.227999999999994,0.08818010240793228,0.08818010240793228,nan,nan,nan,nan,0.15336517989635468,0.0,0.15344464778900146,0.5198009014129639,0.0,0.0,0.0,0.0,0.004000000189989805,0.006000000052154064,100.0,0.1035737618803978,0.8996995091438293,0.015255063772201538,31.0716552734375,7.947395351948217e-05,0.00010063700028695166,0.15346582233905792,0.0010952353477478027,1.0,1.195716413349146e-05,0.0004189380561001599,9.0,1.0,0.0,0.0,0.08818010240793228,0.0,0.25,4.144493637170399e-09,0.0,0.0,0.0,0.0,0.0,0.0,0.0,0.0,0.0,0.0,0.0,0.0,0.0,0.0,0.0,0.0,0.0,0.0,0.0,0.0,0.0,-5.823986793984659e-05,-0.0001402095367666334,5.6578028306830674e-05,4.3635169276967645e-05,8.252206498582382e-06,-0.00018413561338093132,-6.138602202554466e-06,-2.3576696548843756e-05,-0.0001402709458488971,2.299365951330401e-05,4.359603190096095e-05,3.517549885145854e-06,-0.00018416272359900177,-2.5387987534486456e-06,-2.3576696548843756e-05,-0.0001402709458488971,2.299365951330401e-05,4.359603190096095e-05,3.517549885145854e-06,-0.00018416272359900177,-2.5387987534486456e-06,-2.3576696548843756e-05,-0.0001402709458488971,2.299365951330401e-05,4.359603190096095e-05,3.517549885145854e-06,-0.00018416272359900177,-2.5387987534486456e-06,-2.3576696548843756e-05,-0.0001402709458488971,2.299365951330401e-05,4.359603190096095e-05,3.517549885145854e-06,-0.00018416272359900177,-2.5387987534486456e-06
4.274999999999999,0.08818166702985764,0.08818166702985764,nan,nan,nan,nan,0.15336839854717255,0.0,0.15344786643981934,0.5197974443435669,0.0,0.0,0.0,0.0,0.006000000052154064,0.009999999776482582,100.0,0.1035795584321022,1.3050082921981812,0.017801299691200256,20.498151779174805,7.946881669340655e-05,6.951874820515513e-05,0.15343791246414185,0.0001564621925354004,1.0,1.1888178960361984e-05,0.00026307080406695604,9.0,1.0,0.0,0.0,0.08818166702985764,0.0,0.25,3.746007504190629e-09,0.0,0.0,0.0,0.0,0.0,0.0,0.0,0.0,0.0,0.0,0.0,0.0,0.0,0.0,0.0,0.0,0.0,0.0,0.0,0.0,0.0,4.345757588453125e-06,-0.0001402469351887703,-4.056825673615094e-06,4.359915328677744e-05,-2.992466932028037e-07,-0.00018416410603094846,3.7142655173738603e-07,-1.4951611774449702e-05,-0.0001402762864017859,1.4636160813097376e-05,4.357359284767881e-05,2.3366749246633844e-06,-0.00018414721125736833,-1.640256186874467e-06,-1.4951611774449702e-05,-0.0001402762864017859,1.4636160813097376e-05,4.357359284767881e-05,2.3366749246633844e-06,-0.00018414721125736833,-1.640256186874467e-06,-1.4951611774449702e-05,-0.0001402762864017859,1.4636160813097376e-05,4.357359284767881e-05,2.3366749246633844e-06,-0.00018414721125736833,-1.640256186874467e-06,-1.4951611774449702e-05,-0.0001402762864017859,1.4636160813097376e-05,4.357359284767881e-05,2.3366749246633844e-06,-0.00018414721125736833,-1.640256186874467e-06
4.337999999999994,0.08818921446800232,0.08818921446800232,nan,nan,nan,nan,0.15338340401649475,0.0,0.15346287190914154,0.51980060338974,0.0,0.0,0.0,0.0,0.003000000026077032,0.009999999776482582,100.0,0.10358685255050659,0.651326060295105,0.009830109775066376,11.830190658569336,7.94625811977312e-05,9.192268043989316e-05,0.1534753292798996,0.0007547438144683838,1.0,1.1917836673092097e-05,0.000313402502797544,9.0,1.0,0.0,0.0,0.08818921446800232,0.0,0.25,3.7446121758932804e-09,0.0,0.0,0.0,0.0,0.0,0.0,0.0,0.0,0.0,0.0,0.0,0.0,0.0,0.0,0.0,0.0,0.0,0.0,0.0,0.0,0.0,-1.8338501831749454e-05,-0.00014025277050677687,1.7904754713526927e-05,4.3522974010556936e-05,2.794807187456172e-06,-0.0001840761542553082,-1.998676680159406e-06,-1.8539431039243937e-05,-0.00014029709564056247,1.8107497453456745e-05,4.352403630036861e-05,2.82400560536189e-06,-0.00018411774362903088,-2.0167133243376156e-06,-1.8539431039243937e-05,-0.00014029709564056247,1.8107497453456745e-05,4.352403630036861e-05,2.82400560536189e-06,-0.00018411774362903088,-2.0167133243376156e-06,-1.8539431039243937e-05,-0.00014029709564056247,1.8107497453456745e-05,4.352403630036861e-05,2.82400560536189e-06,-0.00018411774362903088,-2.0167133243376156e-06,-1.8539431039243937e-05,-0.00014029709564056247,1.8107497453456745e-05,4.352403630036861e-05,2.82400560536189e-06,-0.00018411774362903088,-2.0167133243376156e-06
4.425999999999995,0.08797068893909454,0.08797068893909454,nan,nan,nan,nan,0.15294025838375092,0.0,0.15301989018917084,0.5200443267822266,0.0,0.0,0.0,0.0,0.003000000026077032,0.02199999988079071,100.0,0.10335177928209305,4.588573455810547,0.010717660188674927,13.204390525817871,7.963154348544776e-05,8.88460417627357e-05,0.15302909910678864,-0.009932978078722954,1.0,1.192003401229158e-05,0.00030913116643205285,9.0,1.0,0.0,0.0,0.08797068893909454,0.0,0.25,3.763820810576135e-09,0.0,0.0,0.0,0.0,0.0,0.0,0.0,0.0,0.0,0.0,0.0,0.0,0.0,0.0,0.0,0.0,0.0,0.0,0.0,0.0,0.0,-1.0013443898060359e-05,-0.00014105004083830863,7.580922556371661e-06,4.3479267333168536e-05,1.4422289495996665e-06,-0.0001848204410634935,-3.3043575058400165e-06,-1.8596489098854363e-05,-0.00014051239122636616,1.7469486920163035e-05,4.351278766989708e-05,2.7654332370730117e-06,-0.00018431790522299707,-2.685962499526795e-06,-1.8596489098854363e-05,-0.00014051239122636616,1.7469486920163035e-05,4.351278766989708e-05,2.7654332370730117e-06,-0.00018431790522299707,-2.685962499526795e-06,-1.8596489098854363e-05,-0.00014051239122636616,1.7469486920163035e-05,4.351278766989708e-05,2.7654332370730117e-06,-0.00018431790522299707,-2.685962499526795e-06,-1.8596489098854363e-05,-0.00014051239122636616,1.7469486920163035e-05,4.351278766989708e-05,2.7654332370730117e-06,-0.00018431790522299707,-2.685962499526795e-06
4.492999999999995,0.08797147870063782,0.08797147870063782,nan,nan,nan,nan,0.15294183790683746,0.0,0.15302161872386932,0.5200448036193848,0.0,0.0,0.0,0.0,0.003000000026077032,0.013000000268220901,100.0,0.10335633903741837,0.9337682127952576,0.010089017450809479,12.389302253723145,7.97746324678883e-05,5.691096521331929e-05,0.15299874544143677,6.0750884586013854e-05,1.0,1.1871184142364655e-05,0.0002405687264399603,9.0,1.0,0.0,0.0,0.08797147870063782,0.0,0.25,3.732993913985183e-09,0.0,0.0,0.0,0.0,0.0,0.0,0.0,0.0,0.0,0.0,0.0,0.0,0.0,0.0,0.0,0.0,0.0,0.0,0.0,0.0,0.0,3.0795231396041345e-06,-0.00014089656178839505,-5.08355788042536e-06,4.362543404567987e-05,-3.4532334325376723e-07,-0.00018481924780644476,-1.9363260435056873e-06,-8.188771971617825e-06,-0.0001407795207342133,6.426341315091122e-06,4.355036435299553e-05,1.2513387446233537e-06,-0.00018462410662323236,-2.5308324893558165e-06,-8.188771971617825e-06,-0.0001407795207342133,6.426341315091122e-06,4.355036435299553e-05,1.2513387446233537e-06,-0.00018462410662323236,-2.5308324893558165e-06,-8.188771971617825e-06,-0.0001407795207342133,6.426341315091122e-06,4.355036435299553e-05,1.2513387446233537e-06,-0.00018462410662323236,-2.5308324893558165e-06,-8.188771971617825e-06,-0.0001407795207342133,6.426341315091122e-06,4.355036435299553e-05,1.2513387446233537e-06,-0.00018462410662323236,-2.5308324893558165e-06
4.547999999999995,0.08820746093988419,0.08820746093988419,nan,nan,nan,nan,0.15346112847328186,0.0,0.15354086458683014,0.5181513428688049,0.0,0.0,0.0,0.0,0.0,0.009999999776482582,100.0,0.1035202145576477,1.5677986145019531,0.015924684703350067,11.377267837524414,7.97396496636793e-05,9.197660256177187e-05,0.1535530984401703,0.02359822392463684,1.0,1.1894624549313448e-05,0.00039564419421367347,9.0,1.0,0.0,0.0,0.08820746093988419,0.0,0.25,3.813873217239916e-09,0.0,0.0,0.0,0.0,0.0,0.0,0.0,0.0,0.0,0.0,0.0,0.0,0.0,0.0,0.0,0.0,0.0,0.0,0.0,0.0,0.0,2.434002817608416e-05,-0.00014103393186815083,-2.568756644905079e-05,4.350472954683937e-05,-3.2468342396896333e-06,-0.00018482953601051122,2.7665976176649565e-07,-1.3783759641228244e-05,-0.00014082971028983593,1.147693365055602e-05,4.3601670768111944e-05,1.9814851839328185e-06,-0.0001847309322329238,-3.4719200812105555e-06,-1.3783759641228244e-05,-0.00014082971028983593,1.147693365055602e-05,4.3601670768111944e-05,1.9814851839328185e-06,-0.0001847309322329238,-3.4719200812105555e-06,-1.3783759641228244e-05,-0.00014082971028983593,1.147693365055602e-05,4.3601670768111944e-05,1.9814851839328185e-06,-0.0001847309322329238,-3.4719200812105555e-06,-1.3783759641228244e-05,-0.00014082971028983593,1.147693365055602e-05,4.3601670768111944e-05,1.9814851839328185e-06,-0.0001847309322329238,-3.4719200812105555e-06
4.622,0.0882129967212677,0.0882129967212677,nan,nan,nan,nan,0.1534721404314041,0.0,0.15355184674263,0.5181539058685303,0.0,0.0,0.0,0.0,0.00800000037997961,0.013000000268220901,100.0,0.10352560877799988,1.0929889678955078,0.010983087122440338,11.405255317687988,7.970601291162893e-05,7.967067358549684e-05,0.15355181694030762,0.0004258293192833662,1.0,1.1868526598846074e-05,0.00028141954680904746,9.0,1.0,0.0,0.0,0.0882129967212677,0.0,0.25,3.721025265690514e-09,0.0,0.0,0.0,0.0,0.0,0.0,0.0,0.0,0.0,0.0,0.0,0.0,0.0,0.0,0.0,0.0,0.0,0.0,0.0,0.0,0.0,-1.6821858253024402e-06,-0.00014119775732979178,2.5535728127579205e-06,4.283109956304543e-05,5.751294338551816e-07,-0.00018433328659739345,5.150031938683242e-07,-1.6924331021073158e-06,-0.00014116161037236452,1.7962320271180943e-06,4.299750435166061e-05,5.104545266476634e-07,-0.00018445013847667724,-2.3267529059012304e-07,-1.6924331021073158e-06,-0.00014116161037236452,1.7962320271180943e-06,4.299750435166061e-05,5.104545266476634e-07,-0.00018445013847667724,-2.3267529059012304e-07,-1.6924331021073158e-06,-0.00014116161037236452,1.7962320271180943e-06,4.299750435166061e-05,5.104545266476634e-07,-0.00018445013847667724,-2.3267529059012304e-07,-1.6924331021073158e-06,-0.00014116161037236452,1.7962320271180943e-06,4.299750435166061e-05,5.104545266476634e-07,-0.00018445013847667724,-2.3267529059012304e-07
4.662999999999997,0.08821606636047363,0.08821606636047363,nan,nan,nan,nan,0.15347832441329956,0.0,0.15355801582336426,0.5181522965431213,0.0,0.0,0.0,0.0,0.003000000026077032,0.009999999776482582,100.0,0.10352648049592972,0.6688283681869507,0.010728836059570312,13.68872356414795,7.969819125719368e-05,7.478182669728994e-05,0.15355311334133148,0.0003069639205932617,1.0,1.1872442883031908e-05,0.0002849286247510463,9.0,1.0,0.0,0.0,0.08821606636047363,0.0,0.25,3.724186292686227e-09,0.0,0.0,0.0,0.0,0.0,0.0,0.0,0.0,0.0,0.0,0.0,0.0,0.0,0.0,0.0,0.0,0.0,0.0,0.0,0.0,0.0,-5.466155016620178e-06,-0.00014131948410067707,6.219435363163939e-06,4.27547529397998e-05,1.0982175808749162e-06,-0.0001843741920311004,1.2217981293360936e-07,1.1118427210021764e-06,-0.00014125299639999866,-4.400167199491989e-07,4.2835068597923964e-05,1.7224039083885145e-07,-0.00018438277766108513,5.252840082903276e-07,1.1118427210021764e-06,-0.00014125299639999866,-4.400167199491989e-07,4.2835068597923964e-05,1.7224039083885145e-07,-0.00018438277766108513,5.252840082903276e-07,1.1118427210021764e-06,-0.00014125299639999866,-4.400167199491989e-07,4.2835068597923964e-05,1.7224039083885145e-07,-0.00018438277766108513,5.252840082903276e-07,1.1118427210021764e-06,-0.00014125299639999866,-4.400167199491989e-07,4.2835068597923964e-05,1.7224039083885145e-07,-0.00018438277766108513,5.252840082903276e-07
4.725999999999999,0.08822133392095566,0.08822133392095566,nan,nan,nan,nan,0.15348875522613525,0.0,0.15356844663619995,0.5181565284729004,0.0,0.0,0.0,0.0,0.0020000000949949026,0.012000000104308128,100.0,0.10353373736143112,1.3448214530944824,0.016633421182632446,20.837631225585938,7.969036232680082e-05,8.200744196074083e-05,0.153570756316185,0.00043896338320337236,1.0,1.187492125609424e-05,0.0003337188682053238,9.0,1.0,0.0,0.0,0.08822132647037506,-7.450580596923828e-09,0.25,3.7241074668514784e-09,0.0,0.0,0.0,0.0,0.0,0.0,0.0,0.0,0.0,0.0,0.0,0.0,0.0,0.0,0.0,0.0,0.0,0.0,0.0,0.0,0.0,-7.306664429052034e-06,-0.00014115274825599045,7.984032890817616e-06,4.2866166040766984e-05,1.3512378700397676e-06,-0.00018433945660945028,-9.709091841614281e-08,-3.1271656553144567e-06,-0.00014124638983048499,3.825142357527511e-06,4.281903966329992e-05,7.673418735976156e-07,-0.00018436861864756793,2.3709839069852023e-07,-3.1271656553144567e-06,-0.00014124638983048499,3.825142357527511e-06,4.281903966329992e-05,7.673418735976156e-07,-0.00018436861864756793,2.3709839069852023e-07,-3.1271656553144567e-06,-0.00014124638983048499,3.825142357527511e-06,4.281903966329992e-05,7.673418735976156e-07,-0.00018436861864756793,2.3709839069852023e-07,-3.1271656553144567e-06,-0.00014124638983048499,3.825142357527511e-06,4.281903966329992e-05,7.673418735976156e-07,-0.00018436861864756793,2.3709839069852023e-07
4.802,0.08823062479496002,0.08823062479496002,nan,nan,nan,nan,0.15346647799015045,0.0,0.15354597568511963,0.5197904706001282,0.0,0.0,0.0,0.0,0.0020000000949949026,0.02500000037252903,100.0,0.10359351336956024,44.938194274902344,0.01799594610929489,46.99171829223633,7.949222344905138e-05,8.861364767653868e-05,0.15355509519577026,0.00037163496017456055,1.0,1.1861941857205238e-05,0.00030491649522446096,9.0,1.0,0.0,0.0,0.08823062479496002,0.0,0.25,3.7127139140835652e-09,0.0,0.0,0.0,0.0,0.0,0.0,0.0,0.0,0.0,0.0,0.0,0.0,0.0,0.0,0.0,0.0,0.0,0.0,0.0,0.0,0.0,-7.007776730461046e-06,-0.00014023655967321247,7.0293435783241875e-06,4.33684945164714e-05,1.2238599538250128e-06,-0.00018388382159173489,-6.93692982167704e-07,-5.695239906344796e-06,-0.00014064826245885342,6.018026397214271e-06,4.317770799389109e-05,1.0763486670839484e-06,-0.00018410962366033345,-3.0947401796765917e-07,-5.695239906344796e-06,-0.00014064826245885342,6.018026397214271e-06,4.317770799389109e-05,1.0763486670839484e-06,-0.00018410962366033345,-3.0947401796765917e-07,-5.695239906344796e-06,-0.00014064826245885342,6.018026397214271e-06,4.317770799389109e-05,1.0763486670839484e-06,-0.00018410962366033345,-3.0947401796765917e-07,-5.695239906344796e-06,-0.00014064826245885342,6.018026397214271e-06,4.317770799389109e-05,1.0763486670839484e-06,-0.00018410962366033345,-3.0947401796765917e-07
4.858999999999995,0.08823422342538834,0.08823422342538834,nan,nan,nan,nan,0.15347371995449066,0.0,0.15355314314365387,0.5197890400886536,0.0,0.0,0.0,0.0,0.008999999612569809,0.008999999612569809,100.0,0.10359722375869751,1.375098705291748,0.02143625169992447,11.778573036193848,7.942491356516257e-05,7.033439032966271e-05,0.15354405343532562,0.00039984783506952226,1.0,1.1852299394377042e-05,0.00021966209169477224,9.0,1.0,0.0,0.0,0.08823421597480774,-7.450580596923828e-09,0.25,3.7120682083724432e-09,0.0,0.0,0.0,0.0,0.0,0.0,0.0,0.0,0.0,0.0,0.0,0.0,0.0,0.0,0.0,0.0,0.0,0.0,0.0,0.0,0.0,1.2491449524532072e-05,-0.00014028868463356048,-1.1862924111483153e-05,4.335506309871562e-05,-1.433395027561346e-06,-0.000183901734999381,1.332867441306007e-06,5.749341198679758e-06,-0.00014037398796062917,-5.231058821664192e-06,4.336572965257801e-05,-5.037608730162901e-07,-0.00018401753914076835,7.273986852851522e-07,5.749341198679758e-06,-0.00014037398796062917,-5.231058821664192e-06,4.336572965257801e-05,-5.037608730162901e-07,-0.00018401753914076835,7.273986852851522e-07,5.749341198679758e-06,-0.00014037398796062917,-5.231058821664192e-06,4.336572965257801e-05,-5.037608730162901e-07,-0.00018401753914076835,7.273986852851522e-07,5.749341198679758e-06,-0.00014037398796062917,-5.231058821664192e-06,4.336572965257801e-05,-5.037608730162901e-07,-0.00018401753914076835,7.273986852851522e-07
4.927,0.0882389172911644,0.0882389172911644,nan,nan,nan,nan,0.15348294377326965,0.0,0.15356233716011047,0.5197951197624207,0.0,0.0,0.0,0.0,0.009999999776482582,0.004000000189989805,100.0,0.10359722375869751,1.175710916519165,0.016483478248119354,10.412288665771484,7.939361967146397e-05,8.859726221999153e-05,0.15357154607772827,0.001173466327600181,1.0,1.184614757221425e-05,0.00031233459594659507,9.0,1.0,0.0,0.0,0.0882389172911644,0.0,0.25,3.7216139059381703e-09,0.0,0.0,0.0,0.0,0.0,0.0,0.0,0.0,0.0,0.0,0.0,0.0,0.0,0.0,0.0,0.0,0.0,0.0,0.0,0.0,0.0,-1.5099006304808427e-05,-0.00014010179438628256,1.4859253496979363e-05,4.35509136877954e-05,2.3332368073170073e-06,-0.00018396301311440766,-1.5487210021092324e-06,-4.660334525397047e-06,-0.00014024230767972767,4.8006204451667145e-06,4.3457879655761644e-05,9.128324336415972e-07,-0.00018399421242065728,-4.086347189513617e-07,-4.660334525397047e-06,-0.00014024230767972767,4.8006204451667145e-06,4.3457879655761644e-05,9.128324336415972e-07,-0.00018399421242065728,-4.086347189513617e-07,-4.660334525397047e-06,-0.00014024230767972767,4.8006204451667145e-06,4.3457879655761644e-05,9.128324336415972e-07,-0.00018399421242065728,-4.086347189513617e-07,-4.660334525397047e-06,-0.00014024230767972767,4.8006204451667145e-06,4.3457879655761644e-05,9.128324336415972e-07,-0.00018399421242065728,-4.086347189513617e-07
5.018999999999998,0.08801758289337158,0.08801758289337158,nan,nan,nan,nan,0.15307334065437317,0.0,0.15315335988998413,0.5184727907180786,0.0,0.0,0.0,0.0,0.006000000052154064,0.01600000075995922,100.0,0.10334859043359756,4.423487186431885,0.02458970993757248,23.725351333618164,8.00186098786071e-05,8.218293078243732e-05,0.15315552055835724,-0.013833398930728436,1.0,1.188180067401845e-05,0.0002812121238093823,9.0,1.0,0.0,0.0,0.08801758289337158,0.0,0.25,3.7627030380349424e-09,0.0,0.0,0.0,0.0,0.0,0.0,0.0,0.0,0.0,0.0,0.0,0.0,0.0,0.0,0.0,0.0,0.0,0.0,0.0,0.0,0.0,-2.6132822767976904e-06,-0.00014246173668652773,2.8287649911362678e-06,4.248556069796905e-05,6.742073423993133e-07,-0.00018526964413467795,-2.125871247926625e-07,-4.796176199306501e-06,-0.0001413654099451378,4.934081971441628e-06,4.296988117857836e-05,9.516589898339589e-07,-0.00018464814638718963,-4.339866848113161e-07,-4.796176199306501e-06,-0.0001413654099451378,4.934081971441628e-06,4.296988117857836e-05,9.516589898339589e-07,-0.00018464814638718963,-4.339866848113161e-07,-4.796176199306501e-06,-0.0001413654099451378,4.934081971441628e-06,4.296988117857836e-05,9.516589898339589e-07,-0.00018464814638718963,-4.339866848113161e-07,-4.796176199306501e-06,-0.0001413654099451378,4.934081971441628e-06,4.296988117857836e-05,9.516589898339589e-07,-0.00018464814638718963,-4.339866848113161e-07
5.065999999999995,0.08802174776792526,0.08802174776792526,nan,nan,nan,nan,0.15308141708374023,0.0,0.15316160023212433,0.5184831619262695,0.0,0.0,0.0,0.0,0.004999999888241291,0.008999999612569809,100.0,0.10335642099380493,4.376605033874512,0.01898501068353653,11.11540699005127,8.017606887733564e-05,8.135912503348663e-05,0.15316277742385864,0.00046276385546661913,1.0,1.1901523976121098e-05,0.00035709358053281903,9.0,1.0,0.0,0.0,0.08802174776792526,0.0,0.25,3.767217204853068e-09,0.0,0.0,0.0,0.0,0.0,0.0,0.0,0.0,0.0,0.0,0.0,0.0,0.0,0.0,0.0,0.0,0.0,0.0,0.0,0.0,0.0,-8.699048521521036e-06,-0.00014220518642105162,8.724984581931494e-06,4.2689363908721134e-05,1.5038542642287211e-06,-0.00018522626487538218,-8.523219889866596e-07,-8.584935130784288e-06,-0.00014175740943755955,8.613486897957046e-06,4.28876155638136e-05,1.4830516192887444e-06,-0.00018497311975806952,-8.296459554912872e-07,-8.584935130784288e-06,-0.00014175740943755955,8.613486897957046e-06,4.28876155638136e-05,1.4830516192887444e-06,-0.00018497311975806952,-8.296459554912872e-07,-8.584935130784288e-06,-0.00014175740943755955,8.613486897957046e-06,4.28876155638136e-05,1.4830516192887444e-06,-0.00018497311975806952,-8.296459554912872e-07,-8.584935130784288e-06,-0.00014175740943755955,8.613486897957046e-06,4.28876155638136e-05,1.4830516192887444e-06,-0.00018497311975806952,-8.296459554912872e-07
5.2039999999999935,0.08802489936351776,0.08802489936351776,nan,nan,nan,nan,0.15308794379234314,0.0,0.1531682312488556,0.5184743404388428,0.0,0.0,0.0,0.0,-0.00800000037997961,0.010999999940395355,100.0,0.10335785150527954,0.7828725576400757,0.011106021702289581,37.17781066894531,8.028243610169739e-05,7.337488932535052e-05,0.15316131711006165,0.00028650867170654237,1.0,1.1906124200322665e-05,0.0002469428873155266,9.0,1.0,0.0,0.0,0.08802489936351776,0.0,0.25,3.7680707443144e-09,0.0,0.0,0.0,0.0,0.0,0.0,0.0,0.0,0.0,0.0,0.0,0.0,0.0,0.0,0.0,0.0,0.0,0.0,0.0,0.0,0.0,6.5685076151567046e-06,-0.0001424947549821809,-6.065775323804701e-06,4.248373079462908e-05,-5.794777848677768e-07,-0.00018528520013205707,7.492445206480625e-07,-5.738043455494335e-06,-0.00014210096560418606,5.856243205926148e-06,4.272080695955083e-05,1.0979908893204993e-06,-0.00018514777184464037,-5.380093739404401e-07,-5.738043455494335e-06,-0.00014210096560418606,5.856243205926148e-06,4.272080695955083e-05,1.0979908893204993e-06,-0.00018514777184464037,-5.380093739404401e-07,-5.738043455494335e-06,-0.00014210096560418606,5.856243205926148e-06,4.272080695955083e-05,1.0979908893204993e-06,-0.00018514777184464037,-5.380093739404401e-07,-5.738043455494335e-06,-0.00014210096560418606,5.856243205926148e-06,4.272080695955083e-05,1.0979908893204993e-06,-0.00018514777184464037,-5.380093739404401e-07
5.258999999999993,0.08835010975599289,0.08835010975599289,nan,nan,nan,nan,0.15366791188716888,0.0,0.15374746918678284,0.5212919116020203,0.0,0.0,0.0,0.0,0.0,0.009999999776482582,100.0,0.103779137134552,0.5641048550605774,0.012427568435668945,12.481154441833496,7.955326873343438e-05,8.335391612490639e-05,0.15375126898288727,0.03252103924751282,1.0,1.1879557860083878e-05,0.00028038141317665577,9.0,1.0,0.0,0.0,0.08835010975599289,0.0,0.25,3.735654896530605e-09,0.0,0.0,0.0,0.0,0.0,0.0,0.0,0.0,0.0,0.0,0.0,0.0,0.0,0.0,0.0,0.0,0.0,0.0,0.0,0.0,0.0,-1.014293866319349e-05,-0.00013889407273381948,8.041968612815253e-06,4.4026764953741804e-05,1.4681445463793352e-06,-0.00018317034118808806,-2.966197826026473e-06,-1.0105131877935492e-05,-0.00014077129890210927,9.210017196892295e-06,4.325587360654026e-05,1.5975446103766444e-06,-0.00018431924399919808,-1.822769149839587e-06,-1.0105131877935492e-05,-0.00014077129890210927,9.210017196892295e-06,4.325587360654026e-05,1.5975446103766444e-06,-0.00018431924399919808,-1.822769149839587e-06,-1.0105131877935492e-05,-0.00014077129890210927,9.210017196892295e-06,4.325587360654026e-05,1.5975446103766444e-06,-0.00018431924399919808,-1.822769149839587e-06,-1.0105131877935492e-05,-0.00014077129890210927,9.210017196892295e-06,4.325587360654026e-05,1.5975446103766444e-06,-0.00018431924399919808,-1.822769149839587e-06
5.306999999999995,0.08835621923208237,0.08835621923208237,nan,nan,nan,nan,0.15368010103702545,0.0,0.15375927090644836,0.5212931632995605,0.0,0.0,0.0,0.0,0.0020000000949949026,0.012000000104308128,100.0,0.10378590226173401,1.2791286706924438,0.019570812582969666,12.832090377807617,7.917343464214355e-05,9.7734882729128e-05,0.1537778377532959,0.0005091230268590152,1.0,1.1873447874677368e-05,0.00031563403899781406,9.0,1.0,0.0,0.0,0.08835621923208237,0.0,0.25,3.720078023405904e-09,0.0,0.0,0.0,0.0,0.0,0.0,0.0,0.0,0.0,0.0,0.0,0.0,0.0,0.0,0.0,0.0,0.0,0.0,0.0,0.0,0.0,-1.179581340693403e-05,-0.00013878846948500723,9.639882591727655e-06,4.4148415327072144e-05,1.6975388916762313e-06,-0.00018322010873816907,-3.1577576464769663e-06,-1.6611182218184695e-05,-0.00013953681627754122,1.4780745004827622e-05,4.3845393520314246e-05,2.4059793304331833e-06,-0.0001836722221923992,-3.202061861884431e-06,-1.6611182218184695e-05,-0.00013953681627754122,1.4780745004827622e-05,4.3845393520314246e-05,2.4059793304331833e-06,-0.0001836722221923992,-3.202061861884431e-06,-1.6611182218184695e-05,-0.00013953681627754122,1.4780745004827622e-05,4.3845393520314246e-05,2.4059793304331833e-06,-0.0001836722221923992,-3.202061861884431e-06,-1.6611182218184695e-05,-0.00013953681627754122,1.4780745004827622e-05,4.3845393520314246e-05,2.4059793304331833e-06,-0.0001836722221923992,-3.202061861884431e-06
5.369999999999997,0.08812509477138519,0.08812509477138519,nan,nan,nan,nan,0.15326614677906036,0.0,0.15334537625312805,0.5193620920181274,0.0,0.0,0.0,0.0,0.004000000189989805,0.009999999776482582,100.0,0.10350880771875381,2.5673229694366455,0.020734965801239014,18.739612579345703,7.923504745122045e-05,7.60855691623874e-05,0.15334223210811615,-0.023112446069717407,1.0,1.18284242489608e-05,0.00023635872639715672,9.0,1.0,0.0,0.0,0.08812509477138519,0.0,0.25,3.75557229759238e-09,0.0,0.0,0.0,0.0,0.0,0.0,0.0,0.0,0.0,0.0,0.0,0.0,0.0,0.0,0.0,0.0,0.0,0.0,0.0,0.0,0.0,1.8268297935719602e-05,-0.0001407266827300191,-1.8767163055599667e-05,4.329598232288845e-05,-2.3449069885828067e-06,-0.00018429096962790936,6.628463893321168e-07,-1.1674874258460477e-06,-0.0001397004525642842,-2.412907633697614e-07,4.37530325143598e-05,2.8551380637509283e-07,-0.0001837328600231558,-1.6520482404303038e-06,-1.1674874258460477e-06,-0.0001397004525642842,-2.412907633697614e-07,4.37530325143598e-05,2.8551380637509283e-07,-0.0001837328600231558,-1.6520482404303038e-06,-1.1674874258460477e-06,-0.0001397004525642842,-2.412907633697614e-07,4.37530325143598e-05,2.8551380637509283e-07,-0.0001837328600231558,-1.6520482404303038e-06,-1.1674874258460477e-06,-0.0001397004525642842,-2.412907633697614e-07,4.37530325143598e-05,2.8551380637509283e-07,-0.0001837328600231558,-1.6520482404303038e-06
5.444999999999993,0.08813121914863586,0.08813121914863586,nan,nan,nan,nan,0.15327833592891693,0.0,0.15335772931575775,0.519364058971405,0.0,0.0,0.0,0.0,0.0010000000474974513,0.006000000052154064,100.0,0.10351575911045074,0.7475419044494629,0.012323260307312012,12.298480033874512,7.939932402223349e-05,7.355345587711781e-05,0.15335188806056976,0.0010207295417785645,1.0,1.1850300325022545e-05,0.0002863630361389369,9.0,1.0,0.0,0.0,0.08813121914863586,0.0,0.25,3.7290477372664554e-09,0.0,0.0,0.0,0.0,0.0,0.0,0.0,0.0,0.0,0.0,0.0,0.0,0.0,0.0,0.0,0.0,0.0,0.0,0.0,0.0,0.0,1.2364256690489128e-05,-0.00014067757001612335,-1.3047904758423101e-05,4.32977540185675e-05,-1.5363066268037073e-06,-0.00018424264271743596,5.2758640123329315e-08,5.911770585953491e-06,-0.00014022244431544095,-6.938813839951763e-06,4.35114634456113e-05,-6.673608936580422e-07,-0.0001840068434830755,-7.578616418868478e-07,5.911770585953491e-06,-0.00014022244431544095,-6.938813839951763e-06,4.35114634456113e-05,-6.673608936580422e-07,-0.0001840068434830755,-7.578616418868478e-07,5.911770585953491e-06,-0.00014022244431544095,-6.938813839951763e-06,4.35114634456113e-05,-6.673608936580422e-07,-0.0001840068434830755,-7.578616418868478e-07,5.911770585953491e-06,-0.00014022244431544095,-6.938813839951763e-06,4.35114634456113e-05,-6.673608936580422e-07,-0.0001840068434830755,-7.578616418868478e-07
5.500999999999998,0.08813725411891937,0.08813725411891937,nan,nan,nan,nan,0.15329037606716156,0.0,0.15336984395980835,0.5193657279014587,0.0,0.0,0.0,0.0,0.004000000189989805,0.014000000432133675,100.0,0.10351575911045074,5.54283332824707,0.01918897032737732,22.495466232299805,7.946205005282536e-05,9.145202784566209e-05,0.1533818244934082,0.0004310692602302879,1.0,1.1846375855384395e-05,0.00029976689256727695,9.0,1.0,0.0,0.0,0.08813723921775818,-1.4901161193847656e-08,0.25,3.710612039853345e-09,0.0,0.0,0.0,0.0,0.0,0.0,0.0,0.0,0.0,0.0,0.0,0.0,0.0,0.0,0.0,0.0,0.0,0.0,0.0,0.0,0.0,-7.291720976354554e-06,-0.00014052075857762247,6.004212991683744e-06,4.3399373680585995e-05,1.1480096873128787e-06,-0.00018421483400743455,-1.98560019271099e-06,-1.9424883248575497e-06,-0.00014040377573110163,7.612370609422214e-07,4.34444154961966e-05,4.1260477701143827e-07,-0.00018413408542983234,-1.4874907492412603e-06,-1.9424883248575497e-06,-0.00014040377573110163,7.612370609422214e-07,4.34444154961966e-05,4.1260477701143827e-07,-0.00018413408542983234,-1.4874907492412603e-06,-1.9424883248575497e-06,-0.00014040377573110163,7.612370609422214e-07,4.34444154961966e-05,4.1260477701143827e-07,-0.00018413408542983234,-1.4874907492412603e-06,-1.9424883248575497e-06,-0.00014040377573110163,7.612370609422214e-07,4.34444154961966e-05,4.1260477701143827e-07,-0.00018413408542983234,-1.4874907492412603e-06
5.5789999999999935,0.08859825879335403,0.08859825879335403,nan,nan,nan,nan,0.15415143966674805,0.0,0.15423054993152618,0.5218026041984558,0.0,0.0,0.0,0.0,0.00800000037997961,0.008999999612569809,100.0,0.10388793051242828,1.2244303226470947,0.013231299817562103,22.525821685791016,7.910849672043696e-05,5.945675729890354e-05,0.1542108952999115,0.05122274160385132,1.0,1.1958434697589837e-05,0.00019057559256907552,9.0,1.0,0.0,0.0,0.08859825879335403,0.0,0.25,4.0460821359999954e-09,0.0,0.0,0.0,0.0,0.0,0.0,0.0,0.0,0.0,0.0,0.0,0.0,0.0,0.0,0.0,0.0,0.0,0.0,0.0,0.0,0.0,-5.7853172620525584e-05,-0.00013768489588983357,5.542140934267081e-05,4.435146547621116e-05,8.117352990666404e-06,-0.0001823069032980129,-6.842701168352505e-06,-2.5915745936799794e-05,-0.0001396093430230394,2.4153552658390254e-05,4.3718078813981265e-05,3.7110576158738695e-06,-0.0001836069131968543,-3.827261025435291e-06,-2.5915745936799794e-05,-0.0001396093430230394,2.4153552658390254e-05,4.3718078813981265e-05,3.7110576158738695e-06,-0.0001836069131968543,-3.827261025435291e-06,-2.5915745936799794e-05,-0.0001396093430230394,2.4153552658390254e-05,4.3718078813981265e-05,3.7110576158738695e-06,-0.0001836069131968543,-3.827261025435291e-06,-2.5915745936799794e-05,-0.0001396093430230394,2.4153552658390254e-05,4.3718078813981265e-05,3.7110576158738695e-06,-0.0001836069131968543,-3.827261025435291e-06
5.640999999999998,0.08860541135072708,0.08860541135072708,nan,nan,nan,nan,0.15416570007801056,0.0,0.15424445271492004,0.5218044519424438,0.0,0.0,0.0,0.0,0.006000000052154064,0.008999999612569809,100.0,0.10388853400945663,0.4974044859409332,0.010186806321144104,13.676669120788574,7.875572191551328e-05,8.086011803243309e-05,0.15424655377864838,0.0007947286358103156,1.0,1.1607236956479028e-05,0.0003441904264036566,9.0,1.0,0.0,0.0,0.08860541135072708,0.0,0.25,3.6603091668752086e-09,0.0,0.0,0.0,0.0,0.0,0.0,0.0,0.0,0.0,0.0,0.0,0.0,0.0,0.0,0.0,0.0,0.0,0.0,0.0,0.0,0.0,1.911355684569571e-05,-0.00013777930871583521,-1.9142804376315325e-05,4.4237265683477744e-05,-2.412098638160387e-06,-0.0001822788908611983,1.1731461881936411e-06,-2.665290594450198e-06,-0.00013866406516171992,1.7983293219003826e-06,4.39868017565459e-05,5.494753168022726e-07,-0.00018292141612619162,-1.2449285122784204e-06,-2.665290594450198e-06,-0.00013866406516171992,1.7983293219003826e-06,4.39868017565459e-05,5.494753168022726e-07,-0.00018292141612619162,-1.2449285122784204e-06,-2.665290594450198e-06,-0.00013866406516171992,1.7983293219003826e-06,4.39868017565459e-05,5.494753168022726e-07,-0.00018292141612619162,-1.2449285122784204e-06,-2.665290594450198e-06,-0.00013866406516171992,1.7983293219003826e-06,4.39868017565459e-05,5.494753168022726e-07,-0.00018292141612619162,-1.2449285122784204e-06
5.7039999999999935,0.0886085107922554,0.0886085107922554,nan,nan,nan,nan,0.15417195856571198,0.0,0.15425054728984833,0.5218024253845215,0.0,0.0,0.0,0.0,0.0,0.009999999776482582,100.0,0.10389834642410278,1.0397517681121826,0.012588687241077423,17.577754974365234,7.858448225306347e-05,6.285167910391465e-05,0.15423481166362762,0.00030994415283203125,1.0,1.1599899153225124e-05,0.0002329283015569672,9.0,1.0,0.0,0.0,0.0886085107922554,0.0,0.25,3.6302594264014942e-09,0.0,0.0,0.0,0.0,0.0,0.0,0.0,0.0,0.0,0.0,0.0,0.0,0.0,0.0,0.0,0.0,0.0,0.0,0.0,0.0,0.0,-2.882463832065696e-06,-0.00013774509716313332,2.1767298221675446e-06,4.437021561898291e-05,6.002255759085529e-07,-0.00018237467156723142,-1.111841243073286e-06,-3.885286787408404e-06,-0.00013817303988616914,3.068590103794122e-06,4.4163760321680456e-05,7.271527238117415e-07,-0.00018260654178448021,-1.2891782716906164e-06,-3.885286787408404e-06,-0.00013817303988616914,3.068590103794122e-06,4.4163760321680456e-05,7.271527238117415e-07,-0.00018260654178448021,-1.2891782716906164e-06,-3.885286787408404e-06,-0.00013817303988616914,3.068590103794122e-06,4.4163760321680456e-05,7.271527238117415e-07,-0.00018260654178448021,-1.2891782716906164e-06,-3.885286787408404e-06,-0.00013817303988616914,3.068590103794122e-06,4.4163760321680456e-05,7.271527238117415e-07,-0.00018260654178448021,-1.2891782716906164e-06
5.785999999999994,0.08850596100091934,0.08850596100091934,nan,nan,nan,nan,0.15397264063358307,0.0,0.15405137836933136,0.5215712189674377,0.0,0.0,0.0,0.0,0.0010000000474974513,0.012000000104308128,100.0,0.10390345007181168,0.9112805128097534,0.02763420343399048,21.351539611816406,7.873775757616386e-05,8.624442853033543e-05,0.15405888855457306,-0.00854581594467163,1.0,1.1589622772589792e-05,0.0002760993374977261,9.0,1.0,0.0,0.0,0.08850596100091934,0.0,0.25,3.651179358854506e-09,0.0,0.0,0.0,0.0,0.0,0.0,0.0,0.0,0.0,0.0,0.0,0.0,0.0,0.0,0.0,0.0,0.0,0.0,0.0,0.0,0.0,-7.825933607819024e-06,-0.00013866653898730874,7.482120508939261e-06,4.401641490403563e-05,1.33056300910539e-06,-0.00018297971109859645,-1.12460395484959e-06,-2.7154110284755006e-06,-0.00013806758215650916,2.07984157896135e-06,4.418997559696436e-05,5.828353550896281e-07,-0.00018252698646392673,-1.0256586620016606e-06,-2.7154110284755006e-06,-0.00013806758215650916,2.07984157896135e-06,4.418997559696436e-05,5.828353550896281e-07,-0.00018252698646392673,-1.0256586620016606e-06,-2.7154110284755006e-06,-0.00013806758215650916,2.07984157896135e-06,4.418997559696436e-05,5.828353550896281e-07,-0.00018252698646392673,-1.0256586620016606e-06,-2.7154110284755006e-06,-0.00013806758215650916,2.07984157896135e-06,4.418997559696436e-05,5.828353550896281e-07,-0.00018252698646392673,-1.0256586620016606e-06
5.839999999999996,0.08851156383752823,0.08851156383752823,nan,nan,nan,nan,0.15398366749286652,0.0,0.15406252443790436,0.5215781331062317,0.0,0.0,0.0,0.0,0.004000000189989805,0.009999999776482582,100.0,0.10390684008598328,10.308265686035156,0.0313296914100647,16.955455780029297,7.886133244028315e-05,8.307956886710599e-05,0.15406674146652222,0.0005602836608886719,1.0,1.1607970918703359e-05,0.00027546362252905965,9.0,1.0,0.0,0.0,0.08851154893636703,-1.4901161193847656e-08,0.25,3.6782854540007293e-09,0.0,0.0,0.0,0.0,0.0,0.0,0.0,0.0,0.0,0.0,0.0,0.0,0.0,0.0,0.0,0.0,0.0,0.0,0.0,0.0,0.0,1.6143658285727724e-05,-0.0001386797521263361,-1.5739233276690356e-05,4.404224455356598e-05,-1.9529943529050797e-06,-0.0001829984539654106,1.3777882941212738e-06,7.052624823700171e-06,-0.00013838578888680786,-7.149440534703899e-06,4.411341069499031e-05,-7.30575948182377e-07,-0.00018277227354701608,2.1927564830548363e-07,7.052624823700171e-06,-0.00013838578888680786,-7.149440534703899e-06,4.411341069499031e-05,-7.30575948182377e-07,-0.00018277227354701608,2.1927564830548363e-07,7.052624823700171e-06,-0.00013838578888680786,-7.149440534703899e-06,4.411341069499031e-05,-7.30575948182377e-07,-0.00018277227354701608,2.1927564830548363e-07,7.052624823700171e-06,-0.00013838578888680786,-7.149440534703899e-06,4.411341069499031e-05,-7.30575948182377e-07,-0.00018277227354701608,2.1927564830548363e-07
5.895999999999994,0.08851897716522217,0.08851897716522217,nan,nan,nan,nan,0.153998464345932,0.0,0.15407739579677582,0.5215795040130615,0.0,0.0,0.0,0.0,0.004000000189989805,0.009999999776482582,100.0,0.10391262918710709,0.6124330759048462,0.009533017873764038,12.574459075927734,7.893180736573413e-05,0.00010577509965514764,0.15410423278808594,0.0007413327693939209,1.0,1.1611570698732976e-05,0.00038123002741485834,9.0,1.0,0.0,0.0,0.08851897716522217,0.0,0.25,3.6576197626203566e-09,0.0,0.0,0.0,0.0,0.0,0.0,0.0,0.0,0.0,0.0,0.0,0.0,0.0,0.0,0.0,0.0,0.0,0.0,0.0,0.0,0.0,-1.0335442311770748e-05,-0.00013859687896911055,9.91539673123043e-06,4.4128999434178695e-05,1.6771202808740782e-06,-0.00018302450189366937,-1.3816973023494938e-06,-5.163408786756918e-06,-0.00013856009172741324,4.8282850002578925e-06,4.407890446600504e-05,9.591194611857645e-07,-0.00018292460299562663,-9.163633194475551e-07,-5.163408786756918e-06,-0.00013856009172741324,4.8282850002578925e-06,4.407890446600504e-05,9.591194611857645e-07,-0.00018292460299562663,-9.163633194475551e-07,-5.163408786756918e-06,-0.00013856009172741324,4.8282850002578925e-06,4.407890446600504e-05,9.591194611857645e-07,-0.00018292460299562663,-9.163633194475551e-07,-5.163408786756918e-06,-0.00013856009172741324,4.8282850002578925e-06,4.407890446600504e-05,9.591194611857645e-07,-0.00018292460299562663,-9.163633194475551e-07
5.950999999999993,0.08805427700281143,0.08805427700281143,nan,nan,nan,nan,0.1531759351491928,0.0,0.15325547754764557,0.5173043012619019,0.0,0.0,0.0,0.0,0.007000000216066837,0.00800000037997961,100.0,0.10347294062376022,4.673077583312988,0.01948978751897812,22.43246078491211,7.954969623824582e-05,7.727625779807568e-05,0.1532532125711441,-0.05808751657605171,1.0,1.1837643796752673e-05,0.0002684267528820783,9.0,1.0,0.0,0.0,0.08805427700281143,0.0,0.25,3.789299540812863e-09,0.0,0.0,0.0,0.0,0.0,0.0,0.0,0.0,0.0,0.0,0.0,0.0,0.0,0.0,0.0,0.0,0.0,0.0,0.0,0.0,0.0,1.2680067811743356e-05,-0.000142795528518036,-1.1865118722198531e-05,4.223064024699852e-05,-1.3909766494180076e-06,-0.00018536399875301868,1.4793479294894496e-06,-1.808397428249009e-06,-0.00014014466432854533,1.8016635294770822e-06,4.336854181019589e-05,5.333554327080492e-07,-0.0001838182215578854,-3.6292919958214043e-07,-1.808397428249009e-06,-0.00014014466432854533,1.8016635294770822e-06,4.336854181019589e-05,5.333554327080492e-07,-0.0001838182215578854,-3.6292919958214043e-07,-1.808397428249009e-06,-0.00014014466432854533,1.8016635294770822e-06,4.336854181019589e-05,5.333554327080492e-07,-0.0001838182215578854,-3.6292919958214043e-07,-1.808397428249009e-06,-0.00014014466432854533,1.8016635294770822e-06,4.336854181019589e-05,5.333554327080492e-07,-0.0001838182215578854,-3.6292919958214043e-07
6.050999999999995,0.08806012570858002,0.08806012570858002,nan,nan,nan,nan,0.1531875729560852,0.0,0.15326769649982452,0.5173077583312988,0.0,0.0,0.0,0.0,0.003000000026077032,0.017000000923871994,100.0,0.1034790650010109,1.15006422996521,0.019324012100696564,14.7929105758667,8.012766193132848e-05,6.615324673475698e-05,0.1532537192106247,0.00034404147299937904,1.0,1.1925821127078962e-05,0.00018832049681805074,9.0,1.0,0.0,0.0,0.08806011080741882,-1.4901161193847656e-08,0.25,3.779589530239491e-09,0.0,0.0,0.0,0.0,0.0,0.0,0.0,0.0,0.0,0.0,0.0,0.0,0.0,0.0,0.0,0.0,0.0,0.0,0.0,0.0,0.0,-9.4527149485657e-06,-0.00014275558351073414,9.583721293893177e-06,4.2250911064911634e-05,1.6402252640546067e-06,-0.00018532402464188635,-8.145050287566846e-07,-1.2995822544326074e-05,-0.00014191330410540104,1.2888490346085746e-05,4.259430352249183e-05,2.102743565046694e-06,-0.0001848307001637295,-1.3012451063332264e-06,-1.2995822544326074e-05,-0.00014191330410540104,1.2888490346085746e-05,4.259430352249183e-05,2.102743565046694e-06,-0.0001848307001637295,-1.3012451063332264e-06,-1.2995822544326074e-05,-0.00014191330410540104,1.2888490346085746e-05,4.259430352249183e-05,2.102743565046694e-06,-0.0001848307001637295,-1.3012451063332264e-06,-1.2995822544326074e-05,-0.00014191330410540104,1.2888490346085746e-05,4.259430352249183e-05,2.102743565046694e-06,-0.0001848307001637295,-1.3012451063332264e-06
6.125,0.08832872658967972,0.08832872658967972,nan,nan,nan,nan,0.1535780131816864,0.0,0.1536579430103302,0.5231773257255554,0.0,0.0,0.0,0.0,0.0020000000949949026,0.006000000052154064,100.0,0.1037469357252121,2.7540931701660156,0.017418526113033295,11.681798934936523,7.993618783075362e-05,6.196435424499214e-05,0.15363997220993042,0.04476681351661682,1.0,1.1955543413932901e-05,0.00020622908778022975,9.0,1.0,0.0,0.0,0.08832872658967972,0.0,0.25,3.789939029275047e-09,0.0,0.0,0.0,0.0,0.0,0.0,0.0,0.0,0.0,0.0,0.0,0.0,0.0,0.0,0.0,0.0,0.0,0.0,0.0,0.0,0.0,-3.285515049356036e-05,-0.00013779780420009047,3.0174631319823675e-05,4.4946136767975986e-05,4.599245585268363e-06,-0.00018302495300304145,-5.234642685536528e-06,-1.7687887520878576e-05,-0.00014195367111824453,1.7284019122598693e-05,4.259976776666008e-05,2.729622565311729e-06,-0.0001848667161539197,-1.9389840417716186e-06,-1.7687887520878576e-05,-0.00014195367111824453,1.7284019122598693e-05,4.259976776666008e-05,2.729622565311729e-06,-0.0001848667161539197,-1.9389840417716186e-06,-1.7687887520878576e-05,-0.00014195367111824453,1.7284019122598693e-05,4.259976776666008e-05,2.729622565311729e-06,-0.0001848667161539197,-1.9389840417716186e-06,-1.7687887520878576e-05,-0.00014195367111824453,1.7284019122598693e-05,4.259976776666008e-05,2.729622565311729e-06,-0.0001848667161539197,-1.9389840417716186e-06
6.170999999999999,0.08833546191453934,0.08833546191453934,nan,nan,nan,nan,0.15359137952327728,0.0,0.1536705195903778,0.5231814980506897,0.0,0.0,0.0,0.0,0.0,0.01899999938905239,100.0,0.10375428944826126,0.629096269607544,0.009992159903049469,10.44677734375,7.914475281722844e-05,7.826176442904398e-05,0.15366964042186737,0.0003544907958712429,1.0,1.1819385690614581e-05,0.0003038193972315639,9.0,1.0,0.0,0.0,0.08833546191453934,0.0,0.25,3.7066860691936654e-09,0.0,0.0,0.0,0.0,0.0,0.0,0.0,0.0,0.0,0.0,0.0,0.0,0.0,0.0,0.0,0.0,0.0,0.0,0.0,0.0,0.0,1.2108585906389635e-05,-0.00013769473298452795,-1.3382986253418494e-05,4.5027420128462836e-05,-1.5511756146224798e-06,-0.0001830029796110466,-5.412439918472955e-07,-6.811848834331613e-06,-0.000139143958222121,5.5134669310064055e-06,4.417181116878055e-05,1.102550982068351e-06,-0.00018360555986873806,-1.978692125703674e-06,-6.811848834331613e-06,-0.000139143958222121,5.5134669310064055e-06,4.417181116878055e-05,1.102550982068351e-06,-0.00018360555986873806,-1.978692125703674e-06,-6.811848834331613e-06,-0.000139143958222121,5.5134669310064055e-06,4.417181116878055e-05,1.102550982068351e-06,-0.00018360555986873806,-1.978692125703674e-06,-6.811848834331613e-06,-0.000139143958222121,5.5134669310064055e-06,4.417181116878055e-05,1.102550982068351e-06,-0.00018360555986873806,-1.978692125703674e-06
6.221999999999994,0.0883369967341423,0.0883369967341423,nan,nan,nan,nan,0.15359452366828918,0.0,0.153673455119133,0.5231785774230957,0.0,0.0,0.0,0.0,0.004999999888241291,0.014000000432133675,100.0,0.10375592112541199,1.11542546749115,0.010717660188674927,12.61214542388916,7.892902794992551e-05,6.601694622077048e-05,0.15366053581237793,0.00010962996020680293,1.0,1.1612704838626087e-05,0.00027582599432207644,9.0,1.0,0.0,0.0,0.0883369967341423,0.0,0.25,3.707505191741234e-09,0.0,0.0,0.0,0.0,0.0,0.0,0.0,0.0,0.0,0.0,0.0,0.0,0.0,0.0,0.0,0.0,0.0,0.0,0.0,0.0,0.0,-2.45164137595566e-05,-0.0001378262968501076,2.2092604922363535e-05,4.486957914195955e-05,3.4543527362984605e-06,-0.00018298396025784314,-4.359866125014378e-06,-9.099758244701661e-06,-0.0001383861672366038,7.4135796239716e-06,4.459122646949254e-05,1.3775968454865506e-06,-0.00018326473946217448,-2.514067773518036e-06,-9.099758244701661e-06,-0.0001383861672366038,7.4135796239716e-06,4.459122646949254e-05,1.3775968454865506e-06,-0.00018326473946217448,-2.514067773518036e-06,-9.099758244701661e-06,-0.0001383861672366038,7.4135796239716e-06,4.459122646949254e-05,1.3775968454865506e-06,-0.00018326473946217448,-2.514067773518036e-06,-9.099758244701661e-06,-0.0001383861672366038,7.4135796239716e-06,4.459122646949254e-05,1.3775968454865506e-06,-0.00018326473946217448,-2.514067773518036e-06
6.273999999999994,0.08833877742290497,0.08833877742290497,nan,nan,nan,nan,0.15359821915626526,0.0,0.1536770462989807,0.5231735706329346,0.0,0.0,0.0,0.0,0.0020000000949949026,0.013000000268220901,100.0,0.10375775396823883,1.1327723264694214,0.011608004570007324,15.81985855102539,7.882287172833458e-05,5.168592178961262e-05,0.15364991128444672,0.0001369760575471446,1.0,1.1589420864765998e-05,0.00017765296797733754,9.0,1.0,0.0,0.0,0.08833877742290497,0.0,0.25,3.6450649165686855e-09,0.0,0.0,0.0,0.0,0.0,0.0,0.0,0.0,0.0,0.0,0.0,0.0,0.0,0.0,0.0,0.0,0.0,0.0,0.0,0.0,0.0,-1.1365934369678143e-05,-0.0001376224245177582,9.35245134314755e-06,4.506265395320952e-05,1.6624070440229843e-06,-0.0001829672692110762,-2.993034740939038e-06,-2.2938684196560644e-06,-0.0001379529421683401,6.781237971154042e-07,4.48820210294798e-05,4.3294483020872576e-07,-0.00018312314932700247,-1.941406480909791e-06,-2.2938684196560644e-06,-0.0001379529421683401,6.781237971154042e-07,4.48820210294798e-05,4.3294483020872576e-07,-0.00018312314932700247,-1.941406480909791e-06,-2.2938684196560644e-06,-0.0001379529421683401,6.781237971154042e-07,4.48820210294798e-05,4.3294483020872576e-07,-0.00018312314932700247,-1.941406480909791e-06,-2.2938684196560644e-06,-0.0001379529421683401,6.781237971154042e-07,4.48820210294798e-05,4.3294483020872576e-07,-0.00018312314932700247,-1.941406480909791e-06
6.314999999999998,0.08834496140480042,0.08834496140480042,nan,nan,nan,nan,0.15361040830612183,0.0,0.1536891758441925,0.5231804847717285,0.0,0.0,0.0,0.0,0.003000000026077032,0.008999999612569809,100.0,0.10376312583684921,0.6846999526023865,0.01024734228849411,11.836259841918945,7.876749441493303e-05,7.406092481687665e-05,0.15368446707725525,0.0006871091318316758,1.0,1.1625843399087898e-05,0.00027625655638985336,9.0,1.0,0.0,0.0,0.08834496140480042,0.0,0.25,3.795127767602935e-09,0.0,0.0,0.0,0.0,0.0,0.0,0.0,0.0,0.0,0.0,0.0,0.0,0.0,0.0,0.0,0.0,0.0,0.0,0.0,0.0,0.0,-3.636738983914256e-05,-0.00013759091962128878,3.356848901603371e-05,4.505912147578783e-05,5.086500550532946e-06,-0.00018291696324013174,-5.604230864264537e-06,-1.5396522940136492e-05,-0.00013777091226074845,1.3310678696143441e-05,4.4974534830544144e-05,2.220680471509695e-06,-0.0001830253895604983,-3.36388416144473e-06,-1.5396522940136492e-05,-0.00013777091226074845,1.3310678696143441e-05,4.4974534830544144e-05,2.220680471509695e-06,-0.0001830253895604983,-3.36388416144473e-06,-1.5396522940136492e-05,-0.00013777091226074845,1.3310678696143441e-05,4.4974534830544144e-05,2.220680471509695e-06,-0.0001830253895604983,-3.36388416144473e-06,-1.5396522940136492e-05,-0.00013777091226074845,1.3310678696143441e-05,4.4974534830544144e-05,2.220680471509695e-06,-0.0001830253895604983,-3.36388416144473e-06
6.391999999999996,0.08834801614284515,0.08834801614284515,nan,nan,nan,nan,0.15361657738685608,0.0,0.15369534492492676,0.5231783986091614,0.0,0.0,0.0,0.0,0.007000000216066837,0.006000000052154064,100.0,0.10376361012458801,0.5334867238998413,0.010554678738117218,14.332987785339355,7.877061580074951e-05,8.252847328549251e-05,0.1536991000175476,0.0005091230268590152,1.0,1.159344901680015e-05,0.000263233290752396,9.0,1.0,0.0,0.0,0.08834801614284515,0.0,0.25,3.6439014028388783e-09,0.0,0.0,0.0,0.0,0.0,0.0,0.0,0.0,0.0,0.0,0.0,0.0,0.0,0.0,0.0,0.0,0.0,0.0,0.0,0.0,0.0,-3.3418302791687893e-06,-0.00013775189290754497,1.5814400740055135e-06,4.501119474298321e-05,5.62154582439689e-07,-0.0001830349792726338,-2.1593041310552508e-06,-8.760638593230397e-06,-0.00013776270498055965,6.853780178062152e-06,4.499484566622414e-05,1.3076794402877567e-06,-0.00018303307297173887,-2.7009878067474347e-06,-8.760638593230397e-06,-0.00013776270498055965,6.853780178062152e-06,4.499484566622414e-05,1.3076794402877567e-06,-0.00018303307297173887,-2.7009878067474347e-06,-8.760638593230397e-06,-0.00013776270498055965,6.853780178062152e-06,4.499484566622414e-05,1.3076794402877567e-06,-0.00018303307297173887,-2.7009878067474347e-06,-8.760638593230397e-06,-0.00013776270498055965,6.853780178062152e-06,4.499484566622414e-05,1.3076794402877567e-06,-0.00018303307297173887,-2.7009878067474347e-06
6.450999999999993,0.08861123770475388,0.08861123770475388,nan,nan,nan,nan,0.15416666865348816,0.0,0.15424491465091705,0.5222323536872864,0.0,0.0,0.0,0.0,0.0,0.004000000189989805,100.0,0.1039075255393982,1.0410584211349487,0.015373341739177704,22.413341522216797,7.825129432603717e-05,6.702297105221078e-05,0.15423369407653809,0.06580538302659988,1.0,1.1585850188566837e-05,0.0002377461496507749,9.0,1.0,0.0,0.0,0.08861122280359268,-1.4901161193847656e-08,0.25,3.6249574453250943e-09,0.0,0.0,0.0,0.0,0.0,0.0,0.0,0.0,0.0,0.0,0.0,0.0,0.0,0.0,0.0,0.0,0.0,0.0,0.0,0.0,0.0,-4.357790203357581e-06,-0.00013664801372215152,1.6545836842851713e-06,4.4978136429563165e-05,5.858685199200409e-07,-0.00018189720867667347,-3.1211779969453346e-06,-9.078341463464312e-06,-0.00013729585043620318,6.762840257579228e-06,4.496750989346765e-05,1.2997749081478105e-06,-0.00018252988229505718,-3.107316615569289e-06,-9.078341463464312e-06,-0.00013729585043620318,6.762840257579228e-06,4.496750989346765e-05,1.2997749081478105e-06,-0.00018252988229505718,-3.107316615569289e-06,-9.078341463464312e-06,-0.00013729585043620318,6.762840257579228e-06,4.496750989346765e-05,1.2997749081478105e-06,-0.00018252988229505718,-3.107316615569289e-06,-9.078341463464312e-06,-0.00013729585043620318,6.762840257579228e-06,4.496750989346765e-05,1.2997749081478105e-06,-0.00018252988229505718,-3.107316615569289e-06
6.528999999999996,0.0886194035410881,0.0886194035410881,nan,nan,nan,nan,0.15418286621570587,0.0,0.15426090359687805,0.5222376585006714,0.0,0.0,0.0,0.0,0.0010000000474974513,0.01899999938905239,100.0,0.10391473025083542,2.3009684085845947,0.01603085547685623,13.838465690612793,7.804117194609717e-05,7.898569310782477e-05,0.15426185727119446,0.00042978086275979877,1.0,1.1560334314708598e-05,0.0002780496433842927,9.0,1.0,0.0,0.0,0.08861939609050751,-7.450580596923828e-09,0.25,3.736157161426945e-09,0.0,0.0,0.0,0.0,0.0,0.0,0.0,0.0,0.0,0.0,0.0,0.0,0.0,0.0,0.0,0.0,0.0,0.0,0.0,0.0,0.0,3.291099346824922e-05,-0.0001366330252494663,-3.444895628490485e-05,4.495102621149272e-05,-4.51453388450318e-06,-0.0001818305318010971,7.695187491663091e-07,4.398263627081178e-06,-0.00013683599536307156,-6.665834007435478e-06,4.496732435654849e-05,-5.919268915022258e-07,-0.0001820663019316271,-2.0538541321002413e-06,4.398263627081178e-06,-0.00013683599536307156,-6.665834007435478e-06,4.496732435654849e-05,-5.919268915022258e-07,-0.0001820663019316271,-2.0538541321002413e-06,4.398263627081178e-06,-0.00013683599536307156,-6.665834007435478e-06,4.496732435654849e-05,-5.919268915022258e-07,-0.0001820663019316271,-2.0538541321002413e-06,4.398263627081178e-06,-0.00013683599536307156,-6.665834007435478e-06,4.496732435654849e-05,-5.919268915022258e-07,-0.0001820663019316271,-2.0538541321002413e-06
6.6129999999999995,0.08841227740049362,0.08841227740049362,nan,nan,nan,nan,0.15379171073436737,0.0,0.1538701057434082,0.5213137865066528,0.0,0.0,0.0,0.0,-0.003000000026077032,0.014000000432133675,100.0,0.10390821844339371,1.8547419309616089,0.03591645509004593,16.59296417236328,7.840061152819544e-05,9.25301355891861e-05,0.15388424694538116,-0.014794723130762577,1.0,1.1604809515119996e-05,0.0003406937175896019,9.0,1.0,0.0,0.0,0.08841227740049362,0.0,0.25,3.7926883855732285e-09,0.0,0.0,0.0,0.0,0.0,0.0,0.0,0.0,0.0,0.0,0.0,0.0,0.0,0.0,0.0,0.0,0.0,0.0,0.0,0.0,0.0,3.351138366269879e-05,-0.00013867391680832952,-3.134916551061906e-05,4.424172584549524e-05,-4.188674665783765e-06,-0.00018319489026907831,4.340073701314395e-06,1.344070551567711e-05,-0.0001371794060105458,-1.4717214071424678e-05,4.4793614506488666e-05,-1.7517400010547135e-06,-0.00018223280494567007,-4.329654075263534e-07,1.344070551567711e-05,-0.0001371794060105458,-1.4717214071424678e-05,4.4793614506488666e-05,-1.7517400010547135e-06,-0.00018223280494567007,-4.329654075263534e-07,1.344070551567711e-05,-0.0001371794060105458,-1.4717214071424678e-05,4.4793614506488666e-05,-1.7517400010547135e-06,-0.00018223280494567007,-4.329654075263534e-07,1.344070551567711e-05,-0.0001371794060105458,-1.4717214071424678e-05,4.4793614506488666e-05,-1.7517400010547135e-06,-0.00018223280494567007,-4.329654075263534e-07
6.663999999999994,0.08841592818498611,0.08841592818498611,nan,nan,nan,nan,0.15379904210567474,0.0,0.15387772023677826,0.5213121771812439,0.0,0.0,0.0,0.0,0.0,0.009999999776482582,100.0,0.10390909016132355,4.749569892883301,0.014375895261764526,16.760746002197266,7.867112435633317e-05,7.485256355721503e-05,0.15387389063835144,0.0003650784492492676,1.0,1.159504427050706e-05,0.00025230724713765085,9.0,1.0,0.0,0.0,0.08841592073440552,-7.450580596923828e-09,0.25,3.65001273650023e-09,0.0,0.0,0.0,0.0,0.0,0.0,0.0,0.0,0.0,0.0,0.0,0.0,0.0,0.0,0.0,0.0,0.0,0.0,0.0,0.0,0.0,-1.6244372318396927e-06,-0.00013869053509552032,2.6789280127559323e-06,4.419232573127374e-05,6.122050990597927e-07,-0.00018317076319362968,6.630330062762368e-07,5.597544259217102e-06,-0.00013796376879327,-5.668847279594047e-06,4.4482803787104785e-05,-5.219465037953341e-07,-0.00018272084707859904,1.296336904488271e-07,5.597544259217102e-06,-0.00013796376879327,-5.668847279594047e-06,4.4482803787104785e-05,-5.219465037953341e-07,-0.00018272084707859904,1.296336904488271e-07,5.597544259217102e-06,-0.00013796376879327,-5.668847279594047e-06,4.4482803787104785e-05,-5.219465037953341e-07,-0.00018272084707859904,1.296336904488271e-07,5.597544259217102e-06,-0.00013796376879327,-5.668847279594047e-06,4.4482803787104785e-05,-5.219465037953341e-07,-0.00018272084707859904,1.296336904488271e-07
6.701999999999998,0.08841986954212189,0.08841986954212189,nan,nan,nan,nan,0.1538066864013672,0.0,0.15388548374176025,0.5213217735290527,0.0,0.0,0.0,0.0,0.004000000189989805,0.009999999776482582,100.0,0.10391668230295181,0.9667957425117493,0.00902172178030014,14.74282169342041,7.879454642534256e-05,7.724799797870219e-05,0.1538839340209961,0.0003941357135772705,1.0,1.1597714546951465e-05,0.0003017859999090433,9.0,1.0,0.0,0.0,0.08841986954212189,0.0,0.25,3.6515748202958775e-09,0.0,0.0,0.0,0.0,0.0,0.0,0.0,0.0,0.0,0.0,0.0,0.0,0.0,0.0,0.0,0.0,0.0,0.0,0.0,0.0,0.0,-6.72764008413651e-06,-0.0001384812785545364,7.636449481651653e-06,4.4331482058623806e-05,1.3094203268337878e-06,-0.0001831009576562792,1.436671084320551e-07,-1.482516836404102e-06,-0.00013830669922754169,1.9248609532951377e-06,4.436085146153346e-05,5.264689661999e-07,-0.00018294827896170318,9.111489873703249e-08,-1.482516836404102e-06,-0.00013830669922754169,1.9248609532951377e-06,4.436085146153346e-05,5.264689661999e-07,-0.00018294827896170318,9.111489873703249e-08,-1.482516836404102e-06,-0.00013830669922754169,1.9248609532951377e-06,4.436085146153346e-05,5.264689661999e-07,-0.00018294827896170318,9.111489873703249e-08,-1.482516836404102e-06,-0.00013830669922754169,1.9248609532951377e-06,4.436085146153346e-05,5.264689661999e-07,-0.00018294827896170318,9.111489873703249e-08
6.759999999999998,0.0882008895277977,0.0882008895277977,nan,nan,nan,nan,0.15342742204666138,0.0,0.15350645780563354,0.5189743041992188,0.0,0.0,0.0,0.0,0.003000000026077032,0.00800000037997961,100.0,0.10352911800146103,0.5413405895233154,0.008746981620788574,10.174242973327637,7.903343794168904e-05,7.151735917432234e-05,0.15349893271923065,-0.02737249992787838,1.0,1.1616258234425914e-05,0.00023294927086681128,9.0,1.0,0.0,0.0,0.0882008895277977,0.0,0.25,3.734679232536564e-09,0.0,0.0,0.0,0.0,0.0,0.0,0.0,0.0,0.0,0.0,0.0,0.0,0.0,0.0,0.0,0.0,0.0,0.0,0.0,0.0,0.0,1.1397682101232931e-05,-0.00014098933024797589,-1.2457125194487162e-05,4.308904317440465e-05,-1.4087393083173083e-06,-0.00018438627012073994,-4.0003141066335957e-07,2.844749360519927e-06,-0.00013877247693017125,-2.25246276386315e-06,4.417274612933397e-05,-5.888057330594165e-08,-0.00018323834228795022,5.550528499043139e-07,2.844749360519927e-06,-0.00013877247693017125,-2.25246276386315e-06,4.417274612933397e-05,-5.888057330594165e-08,-0.00018323834228795022,5.550528499043139e-07,2.844749360519927e-06,-0.00013877247693017125,-2.25246276386315e-06,4.417274612933397e-05,-5.888057330594165e-08,-0.00018323834228795022,5.550528499043139e-07,2.844749360519927e-06,-0.00013877247693017125,-2.25246276386315e-06,4.417274612933397e-05,-5.888057330594165e-08,-0.00018323834228795022,5.550528499043139e-07
6.846999999999994,0.08820648491382599,0.08820648491382599,nan,nan,nan,nan,0.153438538312912,0.0,0.15351803600788116,0.5189769864082336,0.0,0.0,0.0,0.0,0.004000000189989805,0.02199999988079071,100.0,0.10353627800941467,0.6628772020339966,0.012803822755813599,10.644465446472168,7.949600694701076e-05,6.478586146840826e-05,0.15350332856178284,0.0002543357259128243,1.0,1.1903073755092919e-05,0.00021715404000133276,9.0,1.0,0.0,0.0,0.08820648491382599,0.0,0.25,3.739859089080255e-09,0.0,0.0,0.0,0.0,0.0,0.0,0.0,0.0,0.0,0.0,0.0,0.0,0.0,0.0,0.0,0.0,0.0,0.0,0.0,0.0,0.0,-9.035305083671119e-06,-0.00014103787543717772,7.326681497943355e-06,4.2931962525472045e-05,1.3825306268699933e-06,-0.00018426876340527087,-2.544265953474678e-06,-1.698171217867639e-05,-0.00014032989565748721,1.5624531442881562e-05,4.333967808634043e-05,2.5286872187280096e-06,-0.00018395803635939956,-2.796927901727031e-06,-1.698171217867639e-05,-0.00014032989565748721,1.5624531442881562e-05,4.333967808634043e-05,2.5286872187280096e-06,-0.00018395803635939956,-2.796927901727031e-06,-1.698171217867639e-05,-0.00014032989565748721,1.5624531442881562e-05,4.333967808634043e-05,2.5286872187280096e-06,-0.00018395803635939956,-2.796927901727031e-06,-1.698171217867639e-05,-0.00014032989565748721,1.5624531442881562e-05,4.333967808634043e-05,2.5286872187280096e-06,-0.00018395803635939956,-2.796927901727031e-06
6.886999999999993,0.0882127434015274,0.0882127434015274,nan,nan,nan,nan,0.15345090627670288,0.0,0.1535305231809616,0.5189833045005798,0.0,0.0,0.0,0.0,0.004000000189989805,0.009999999776482582,100.0,0.10353627800941467,4.608418941497803,0.023570843040943146,14.19542407989502,7.961037044879049e-05,8.123596489895135e-05,0.15353214740753174,0.0006258487701416016,1.0,1.188347323477501e-05,0.00029038111097179353,9.0,1.0,0.0,0.0,0.08821273595094681,-7.450580596923828e-09,0.25,3.72392450209702e-09,0.0,0.0,0.0,0.0,0.0,0.0,0.0,0.0,0.0,0.0,0.0,0.0,0.0,0.0,0.0,0.0,0.0,0.0,0.0,0.0,0.0,-8.665399946039543e-06,-0.00014101614942774177,6.967155968595762e-06,4.2934152588713914e-05,1.3317136335899704e-06,-0.00018424945301376283,-2.506702230675728e-06,-1.2269743820070289e-05,-0.00014073672355152667,1.0707574801926967e-05,4.310125223128125e-05,1.8493594780011335e-06,-0.00018413265934213996,-2.643818334036041e-06,-1.2269743820070289e-05,-0.00014073672355152667,1.0707574801926967e-05,4.310125223128125e-05,1.8493594780011335e-06,-0.00018413265934213996,-2.643818334036041e-06,-1.2269743820070289e-05,-0.00014073672355152667,1.0707574801926967e-05,4.310125223128125e-05,1.8493594780011335e-06,-0.00018413265934213996,-2.643818334036041e-06,-1.2269743820070289e-05,-0.00014073672355152667,1.0707574801926967e-05,4.310125223128125e-05,1.8493594780011335e-06,-0.00018413265934213996,-2.643818334036041e-06
6.974999999999994,0.08821580559015274,0.08821580559015274,nan,nan,nan,nan,0.15345707535743713,0.0,0.15353673696517944,0.5189814567565918,0.0,0.0,0.0,0.0,0.003000000026077032,0.009999999776482582,100.0,0.10354544222354889,0.7135858535766602,0.013018958270549774,9.889639854431152,7.965527038322762e-05,7.269858178915456e-05,0.15352977812290192,0.00030621886253356934,1.0,1.1919058124476578e-05,0.00022974387684371322,9.0,1.0,0.0,0.0,0.08821580559015274,0.0,0.25,4.134796061094903e-09,0.0,0.0,0.0,0.0,0.0,0.0,0.0,0.0,0.0,0.0,0.0,0.0,0.0,0.0,0.0,0.0,0.0,0.0,0.0,0.0,0.0,-5.728470569010824e-05,-0.00014095698134042323,5.40625442226883e-05,4.306915434426628e-05,7.994251973286737e-06,-0.00018431588250678033,-7.587315394630423e-06,-1.6865189536474645e-05,-0.00014091168122831732,1.5028843336040154e-05,4.298667045077309e-05,2.468093953211792e-06,-0.00018418626859784126,-3.2537054721615277e-06,-1.6865189536474645e-05,-0.00014091168122831732,1.5028843336040154e-05,4.298667045077309e-05,2.468093953211792e-06,-0.00018418626859784126,-3.2537054721615277e-06,-1.6865189536474645e-05,-0.00014091168122831732,1.5028843336040154e-05,4.298667045077309e-05,2.468093953211792e-06,-0.00018418626859784126,-3.2537054721615277e-06,-1.6865189536474645e-05,-0.00014091168122831732,1.5028843336040154e-05,4.298667045077309e-05,2.468093953211792e-06,-0.00018418626859784126,-3.2537054721615277e-06
7.073999999999998,0.08834324032068253,0.08834324032068253,nan,nan,nan,nan,0.1537178009748459,0.0,0.15379783511161804,0.5187468528747559,0.0,0.0,0.0,0.0,0.0020000000949949026,0.023000000044703484,100.0,0.10378660261631012,1.7589423656463623,0.012975186109542847,11.401460647583008,8.00346679170616e-05,6.98123694746755e-05,0.15378761291503906,0.0055406405590474606,1.0,1.1934705980820581e-05,0.0002328422706341371,9.0,1.0,0.0,0.0,0.08834323287010193,-7.450580596923828e-09,0.25,3.764109024473328e-09,0.0,0.0,0.0,0.0,0.0,0.0,0.0,0.0,0.0,0.0,0.0,0.0,0.0,0.0,0.0,0.0,0.0,0.0,0.0,0.0,0.0,-1.7023976397467777e-05,-0.0001417013700120151,1.6790094377938658e-05,4.2381878301966935e-05,2.701619450817816e-06,-0.0001844016369432211,-1.7724440795063856e-06,-1.746453926898539e-05,-0.0001414051657775417,1.6627973309368826e-05,4.261741560185328e-05,2.684447053979966e-06,-0.0001843324425863102,-2.3703933038632385e-06,-1.746453926898539e-05,-0.0001414051657775417,1.6627973309368826e-05,4.261741560185328e-05,2.684447053979966e-06,-0.0001843324425863102,-2.3703933038632385e-06,-1.746453926898539e-05,-0.0001414051657775417,1.6627973309368826e-05,4.261741560185328e-05,2.684447053979966e-06,-0.0001843324425863102,-2.3703933038632385e-06,-1.746453926898539e-05,-0.0001414051657775417,1.6627973309368826e-05,4.261741560185328e-05,2.684447053979966e-06,-0.0001843324425863102,-2.3703933038632385e-06
7.134999999999998,0.0883508250117302,0.0883508250117302,nan,nan,nan,nan,0.1537327915430069,0.0,0.15381287038326263,0.5187541246414185,0.0,0.0,0.0,0.0,-0.0020000000949949026,0.00800000037997961,100.0,0.1037876307964325,1.122453212738037,0.01180451363325119,12.588399887084961,8.008322765817866e-05,9.279115329263732e-05,0.153825581073761,0.0009480863227508962,1.0,1.1913627531612292e-05,0.00033898616675287485,9.0,1.0,0.0,0.0,0.0883508250117302,0.0,0.25,3.7459653157156936e-09,0.0,0.0,0.0,0.0,0.0,0.0,0.0,0.0,0.0,0.0,0.0,0.0,0.0,0.0,0.0,0.0,0.0,0.0,0.0,0.0,0.0,-8.412462193518877e-06,-0.00014187705528456718,8.440880264970474e-06,4.221725612296723e-05,1.5209551520456444e-06,-0.00018440269923303276,-8.83485824942909e-07,-1.2492280802689493e-05,-0.0001416488375980407,1.2138781130488496e-05,4.241297938278876e-05,2.0463990040298086e-06,-0.00018437330436427146,-1.5458758753084112e-06,-1.2492280802689493e-05,-0.0001416488375980407,1.2138781130488496e-05,4.241297938278876e-05,2.0463990040298086e-06,-0.00018437330436427146,-1.5458758753084112e-06,-1.2492280802689493e-05,-0.0001416488375980407,1.2138781130488496e-05,4.241297938278876e-05,2.0463990040298086e-06,-0.00018437330436427146,-1.5458758753084112e-06,-1.2492280802689493e-05,-0.0001416488375980407,1.2138781130488496e-05,4.241297938278876e-05,2.0463990040298086e-06,-0.00018437330436427146,-1.5458758753084112e-06
7.180999999999997,0.08841327577829361,0.08841327577829361,nan,nan,nan,nan,0.1537880152463913,0.0,0.15386773645877838,0.5215412974357605,0.0,0.0,0.0,0.0,0.0,0.013000000268220901,100.0,0.10383076965808868,0.8518965840339661,0.012296251952648163,12.788535118103027,7.972160528879613e-05,6.396308162948117e-05,0.1538519710302353,0.004803904797881842,1.0,1.1873174116772134e-05,0.00028788260533474386,9.0,1.0,0.0,0.0,0.08841327577829361,0.0,0.25,3.779695667560645e-09,0.0,0.0,0.0,0.0,0.0,0.0,0.0,0.0,0.0,0.0,0.0,0.0,0.0,0.0,0.0,0.0,0.0,0.0,0.0,0.0,0.0,-2.947029861388728e-05,-0.00013954302994534373,2.7770871383836493e-05,4.359024023870006e-05,4.278924279788043e-06,-0.00018343479314353317,-4.088756213604938e-06,-9.571214832249098e-06,-0.00014072407793719321,8.989774869405665e-06,4.294370592106134e-05,1.612433152331505e-06,-0.00018397827807348222,-1.5402654298668494e-06,-9.571214832249098e-06,-0.00014072407793719321,8.989774869405665e-06,4.294370592106134e-05,1.612433152331505e-06,-0.00018397827807348222,-1.5402654298668494e-06,-9.571214832249098e-06,-0.00014072407793719321,8.989774869405665e-06,4.294370592106134e-05,1.612433152331505e-06,-0.00018397827807348222,-1.5402654298668494e-06,-9.571214832249098e-06,-0.00014072407793719321,8.989774869405665e-06,4.294370592106134e-05,1.612433152331505e-06,-0.00018397827807348222,-1.5402654298668494e-06
7.251999999999995,0.08841513097286224,0.08841513097286224,nan,nan,nan,nan,0.1537918895483017,0.0,0.15387144684791565,0.5215350985527039,0.0,0.0,0.0,0.0,0.004000000189989805,0.012000000104308128,100.0,0.1038326621055603,0.9036194682121277,0.011126510798931122,23.74458122253418,7.955052569741383e-05,5.888647137908265e-05,0.15385077893733978,0.00015459954738616943,1.0,1.1925433682336006e-05,0.00019197480287402868,9.0,1.0,0.0,0.0,0.08841513097286224,0.0,0.25,3.802333115032752e-09,0.0,0.0,0.0,0.0,0.0,0.0,0.0,0.0,0.0,0.0,0.0,0.0,0.0,0.0,0.0,0.0,0.0,0.0,0.0,0.0,0.0,-3.221759106963873e-05,-0.00013953770394437015,3.0436865927185863e-05,4.3617445044219494e-05,4.663098479795735e-06,-0.00018345701391808689,-4.374931904749246e-06,-2.0903395125060342e-05,-0.00014012088649906218,1.971742312889546e-05,4.3284591811243445e-05,3.1380081964016426e-06,-0.00018371155601926148,-2.9626928608195158e-06,-2.0903395125060342e-05,-0.00014012088649906218,1.971742312889546e-05,4.3284591811243445e-05,3.1380081964016426e-06,-0.00018371155601926148,-2.9626928608195158e-06,-2.0903395125060342e-05,-0.00014012088649906218,1.971742312889546e-05,4.3284591811243445e-05,3.1380081964016426e-06,-0.00018371155601926148,-2.9626928608195158e-06,-2.0903395125060342e-05,-0.00014012088649906218,1.971742312889546e-05,4.3284591811243445e-05,3.1380081964016426e-06,-0.00018371155601926148,-2.9626928608195158e-06
7.311,0.08842448145151138,0.08842448145151138,nan,nan,nan,nan,0.15381048619747162,0.0,0.1538899540901184,0.5215389728546143,0.0,0.0,0.0,0.0,0.0,0.008999999612569809,100.0,0.10383772104978561,0.6767716407775879,0.009207986295223236,10.902300834655762,7.946357072796673e-05,8.863932453095913e-05,0.15389911830425262,0.0010389421368017793,1.0,1.1645873200905044e-05,0.00027743831742554903,9.0,1.0,0.0,0.0,0.08842448145151138,0.0,0.25,3.687873784130602e-09,0.0,0.0,0.0,0.0,0.0,0.0,0.0,0.0,0.0,0.0,0.0,0.0,0.0,0.0,0.0,0.0,0.0,0.0,0.0,0.0,0.0,-1.2792587767762598e-05,-0.00013947233674116433,1.1625455044850241e-05,4.367476503830403e-05,2.0100735582673224e-06,-0.00018343866395298392,-2.345765324207605e-06,-4.704980710812379e-06,-0.00013980650692246854,3.900142473867163e-06,4.3468411604408175e-05,9.069633506442187e-07,-0.000183575670234859,-1.3940777989773778e-06,-4.704980710812379e-06,-0.00013980650692246854,3.900142473867163e-06,4.3468411604408175e-05,9.069633506442187e-07,-0.000183575670234859,-1.3940777989773778e-06,-4.704980710812379e-06,-0.00013980650692246854,3.900142473867163e-06,4.3468411604408175e-05,9.069633506442187e-07,-0.000183575670234859,-1.3940777989773778e-06,-4.704980710812379e-06,-0.00013980650692246854,3.900142473867163e-06,4.3468411604408175e-05,9.069633506442187e-07,-0.000183575670234859,-1.3940777989773778e-06
7.356999999999999,0.0881616622209549,0.0881616622209549,nan,nan,nan,nan,0.15334969758987427,0.0,0.1534293293952942,0.5189449787139893,0.0,0.0,0.0,0.0,0.0020000000949949026,0.003000000026077032,100.0,0.10359782725572586,1.0599279403686523,0.009988434612751007,16.259660720825195,7.963583630044013e-05,0.00010149025911232457,0.15345118939876556,-0.08760641515254974,1.0,1.1849891052406747e-05,0.0003569489053916186,9.0,1.0,0.0,0.0,0.0881616622209549,0.0,0.25,3.755589172982354e-09,0.0,0.0,0.0,0.0,0.0,0.0,0.0,0.0,0.0,0.0,0.0,0.0,0.0,0.0,0.0,0.0,0.0,0.0,0.0,0.0,0.0,-9.503396540821996e-06,-0.0001420539920218289,8.276820153696463e-06,4.2512547224760056e-05,1.53254268298042e-06,-0.00018488219939172268,-2.1397986529336777e-06,-8.073288881860208e-06,-0.00014004242257215083,7.0808723648951855e-06,4.3388292397139594e-05,1.3607707387564005e-06,-0.00018373114289715886,-1.821582827687962e-06,-8.073288881860208e-06,-0.00014004242257215083,7.0808723648951855e-06,4.3388292397139594e-05,1.3607707387564005e-06,-0.00018373114289715886,-1.821582827687962e-06,-8.073288881860208e-06,-0.00014004242257215083,7.0808723648951855e-06,4.3388292397139594e-05,1.3607707387564005e-06,-0.00018373114289715886,-1.821582827687962e-06,-8.073288881860208e-06,-0.00014004242257215083,7.0808723648951855e-06,4.3388292397139594e-05,1.3607707387564005e-06,-0.00018373114289715886,-1.821582827687962e-06
7.401999999999994,0.08816791325807571,0.08816791325807571,nan,nan,nan,nan,0.13802194595336914,0.0,0.14736424386501312,0.5189502239227295,0.0,0.0,0.0,0.0,0.004999999888241291,0.007000000216066837,100.0,0.1036081314086914,0.7203901410102844,0.01213420182466507,13.638189315795898,-0.004456549417227507,0.0001074002793757245,0.15192820131778717,0.0008930052281357348,0.9999980926513672,0.0024853642098605633,0.0003763271088246256,9.0,1.0,0.0,0.0,0.08816791325807571,0.0,0.25,0.0015412757638841867,0.02675178274512291,-0.10075630247592926,0.01753474399447441,-0.2169107347726822,0.03429017215967178,0.1691719889640808,-0.04449493810534477,0.006010294891893864,-0.022636812180280685,0.003939512651413679,-0.04873310774564743,0.007703937124460936,0.038007695227861404,-0.009996631182730198,0.013712580315768719,-0.04983226954936981,0.00907498225569725,-0.11178787797689438,0.017090480774641037,0.08772708475589752,-0.02302471548318863,-1.3291027244122233e-05,-0.00014194889809004962,1.1945558981096838e-05,4.2556792323011905e-05,2.052782292594202e-06,-0.00018480917788110673,-2.5298932087025605e-06,-0.009296615608036518,0.03375672176480293,-0.006129372864961624,0.07569722086191177,-0.011612627655267715,-0.0595102533698082,0.015572472475469112,0.004415964707732201,-0.01607554778456688,0.0029456093907356262,-0.036090657114982605,0.0054778531193733215,0.028216831386089325,-0.007452243007719517,0.004415964707732201,-0.01607554778456688,0.0029456093907356262,-0.036090657114982605,0.0054778531193733215,0.028216831386089325,-0.007452243007719517,0.004415964707732201,-0.01607554778456688,0.0029456093907356262,-0.036090657114982605,0.0054778531193733215,0.028216831386089325,-0.007452243007719517
7.507999999999996,0.08794689923524857,0.08794689923524857,nan,nan,nan,nan,0.07933888584375381,0.0,0.11420498043298721,0.5187987685203552,0.0,0.0,0.0,0.0,0.004999999888241291,0.01600000075995922,100.0,0.10356460511684418,2.869443893432617,0.014726072549819946,24.945934295654297,-0.03668161481618881,-0.0017197179840877652,0.14916688203811646,-0.013813375495374203,0.9418100118637085,0.010454903356730938,0.02480950765311718,9.0,1.0,0.0,0.0,0.08794689923524857,0.0,0.25,0.002037224592640996,0.06381837278604507,0.10457206517457962,0.0340145118534565,-0.1491914540529251,0.04551772028207779,-0.020742366090416908,-0.22152814269065857,0.02977435477077961,0.048787921667099,0.015869412571191788,-0.0696050226688385,0.02123621478676796,-0.009677316062152386,-0.1033535748720169,0.056677281856536865,0.019123289734125137,0.03191269934177399,-0.21189269423484802,0.04810529947280884,0.07314033806324005,-0.1719696968793869,5.899091320316074e-06,-0.00014247797662392259,-6.656869572907453e-06,4.258746048435569e-05,-5.883466656086966e-07,-0.00018534946138970554,-5.234365403339325e-07,-0.02523893490433693,-0.04830729588866234,-0.01327453926205635,0.0514015257358551,-0.017322370782494545,0.016857899725437164,0.08992946147918701,0.031438346952199936,-0.0291840061545372,0.018638160079717636,-0.16049116849899292,0.030782928690314293,0.08999823778867722,-0.08204023540019989,0.031438346952199936,-0.0291840061545372,0.018638160079717636,-0.16049116849899292,0.030782928690314293,0.08999823778867722,-0.08204023540019989,0.031438346952199936,-0.0291840061545372,0.018638160079717636,-0.16049116849899292,0.030782928690314293,0.08999823778867722,-0.08204023540019989
7.582999999999998,0.08628056943416595,0.08628056943416595,nan,nan,nan,nan,0.061746157705783844,0.0,0.07445567101240158,0.5026547908782959,0.0,0.0,0.0,0.0,0.0020000000949949026,0.01899999938905239,100.0,0.10308554768562317,2.0744307041168213,0.01695007085800171,13.19397258758545,-0.06684888154268265,-0.01493172999471426,0.126372829079628,-0.08770157396793365,0.9934315085411072,0.014384035021066666,0.1514037400484085,9.0,1.0,0.0,0.0,0.08628056943416595,0.0,0.25,0.008690218441188335,0.0067285033874213696,-0.04885058104991913,-0.003924059681594372,-0.1913781613111496,-0.03538963943719864,0.167806938290596,-0.1466824859380722,0.0034184204414486885,-0.02481856942176819,-0.001993621001020074,-0.09722979366779327,-0.017979728057980537,0.08525441586971283,-0.07452213019132614,0.039649493992328644,0.024972695857286453,0.012840873561799526,-0.23034442961215973,0.0202246755361557,0.1491655707359314,-0.22881583869457245,3.8355443393811584e-05,-0.00014895849744789302,-3.835671304841526e-05,4.032858123537153e-05,-5.2641680667875335e-06,-0.0001896097237477079,2.872612867577118e-06,0.0031553953886032104,-0.0015343911945819855,0.006323515437543392,0.03754746913909912,0.01868356019258499,-0.04440701752901077,0.05459257960319519,0.042804889380931854,0.023438304662704468,0.01916438899934292,-0.1927969604730606,0.03890823572874069,0.10475855320692062,-0.17422325909137726,0.042804889380931854,0.023438304662704468,0.01916438899934292,-0.1927969604730606,0.03890823572874069,0.10475855320692062,-0.17422325909137726,0.042804889380931854,0.023438304662704468,0.01916438899934292,-0.1927969604730606,0.03890823572874069,0.10475855320692062,-0.17422325909137726
7.6399999999999935,0.08316580951213837,0.08316580951213837,nan,nan,nan,nan,0.07057224959135056,0.0,0.06703650206327438,0.48514553904533386,0.0,0.0,0.0,0.0,0.0,0.009999999776482582,100.0,0.1017499640583992,1.6076899766921997,0.019985251128673553,15.560898780822754,-0.06671088188886642,-0.03872578591108322,0.09502159804105759,-0.3114759922027588,0.9893704652786255,0.017852118238806725,0.2328362911939621,9.0,1.0,0.0,0.0,0.08316579461097717,-1.4901161193847656e-08,0.25,0.010455614887177944,0.010363160632550716,-0.05214438959956169,0.0065019577741622925,-0.19901098310947418,0.010234066285192966,0.21650385856628418,-0.023393617942929268,0.0002981350990012288,-0.0015001286519691348,0.00018705315596889704,-0.005725296214222908,0.0002944212465081364,0.006228544283658266,-0.0006730050081387162,0.021485980600118637,-0.035982124507427216,0.0029620076529681683,-0.2618028223514557,-0.017043907195329666,0.21716979146003723,-0.1979067027568817,-3.649713471531868e-05,-0.00016408681403845549,3.238458521082066e-05,3.484459011815488e-05,4.960929800290614e-06,-0.00019927961693610996,-6.4248370108543895e-06,0.010335784405469894,0.028977466747164726,0.006676767487078905,0.024776563048362732,0.0222333837300539,-0.048919081687927246,-0.006562083959579468,0.03182176500558853,-0.007004657760262489,0.009638775140047073,-0.23702625930309296,0.0051894765347242355,0.16825070977210999,-0.20446878671646118,0.03182176500558853,-0.007004657760262489,0.009638775140047073,-0.23702625930309296,0.0051894765347242355,0.16825070977210999,-0.20446878671646118,0.03182176500558853,-0.007004657760262489,0.009638775140047073,-0.23702625930309296,0.0051894765347242355,0.16825070977210999,-0.20446878671646118
7.687999999999995,0.08067891746759415,0.08067891746759415,nan,nan,nan,nan,0.07919478416442871,0.0,0.07127135992050171,0.4820443093776703,0.0,0.0,0.0,0.0,0.008999999612569809,0.007000000216066837,100.0,0.09825944900512695,1.4776932001113892,0.011191703379154205,11.935138702392578,-0.05964455381035805,-0.04536742717027664,0.08554848283529282,-0.35527026653289795,0.9821767210960388,0.017639407888054848,0.23584963381290436,9.0,1.0,0.0,0.0,0.08067891746759415,0.0,0.25,0.00839080661535263,0.010363160632550716,-0.05214438959956169,0.0065019577741622925,-0.19901098310947418,0.010234066285192966,0.21650385856628418,-0.023393617942929268,0.000667506770696491,-0.0033586989156901836,0.00041880091885104775,-0.012818597257137299,0.0006591916317120194,0.013945340178906918,-0.001506818225607276,0.01565082184970379,-0.047662947326898575,0.005286038853228092,-0.23555609583854675,-0.0010350540978834033,0.22710634768009186,-0.09972286224365234,2.9300301321200095e-05,-0.0001760206068865955,-4.166779399383813e-05,3.646249751909636e-05,-6.342795131786261e-06,-0.00021261238725855947,-7.94390325609129e-06,0.007749674841761589,0.018638432025909424,0.0016043293289840221,-0.00478614866733551,0.0007372593972831964,-0.025732144713401794,-0.057462841272354126,0.023400496691465378,-0.02902451530098915,0.006890368182212114,-0.24034224450588226,-0.00029779470060020685,0.20137420296669006,-0.15718570351600647,0.023400496691465378,-0.02902451530098915,0.006890368182212114,-0.24034224450588226,-0.00029779470060020685,0.20137420296669006,-0.15718570351600647,0.023400496691465378,-0.02902451530098915,0.006890368182212114,-0.24034224450588226,-0.00029779470060020685,0.20137420296669006,-0.15718570351600647
7.732999999999997,0.07512830942869186,0.07512830942869186,nan,nan,nan,nan,0.07148531079292297,0.0,0.06618456542491913,0.5130771994590759,0.0,0.0,0.0,0.0,0.004999999888241291,0.009999999776482582,100.0,0.09300264716148376,1.9281013011932373,0.016819685697555542,11.033512115478516,-0.053627971559762955,-0.08196397125720978,0.037848569452762604,-0.5550608038902283,0.994758665561676,0.016775282099843025,0.3536345064640045,9.0,1.0,0.0,0.0,0.07512829452753067,-1.4901161193847656e-08,0.25,0.007617144845426083,0.022384926676750183,-0.01898150146007538,0.007632844615727663,-0.1850319504737854,0.006345384754240513,0.19780227541923523,-0.12520994246006012,0.0,-0.0,0.0,-0.0,0.0,0.0,-0.0,0.014760088175535202,-0.046823836863040924,0.006466016173362732,-0.21789509057998657,0.005670917686074972,0.2253655344247818,-0.07028168439865112,-5.449554737424478e-05,-0.00017097363888751715,2.82714499917347e-05,4.466297832550481e-05,4.071337571076583e-06,-0.0002156090922653675,-2.760449751804117e-05,0.0027712062001228333,0.00478493794798851,-5.6562479585409164e-05,-0.011772945523262024,-0.0029816445894539356,-0.007938012480735779,-0.031788453459739685,0.017531294375658035,-0.042038898915052414,0.006409453693777323,-0.2296680361032486,0.0026892730966210365,0.21742752194404602,-0.10207013785839081,0.017531294375658035,-0.042038898915052414,0.006409453693777323,-0.2296680361032486,0.0026892730966210365,0.21742752194404602,-0.10207013785839081,0.017531294375658035,-0.042038898915052414,0.006409453693777323,-0.2296680361032486,0.0026892730966210365,0.21742752194404602,-0.10207013785839081
7.8359999999999985,0.072200708091259,0.072200708091259,nan,nan,nan,nan,0.05648048222064972,0.0,0.05858319252729416,0.5700251460075378,0.0,0.0,0.0,0.0,0.0,0.04500000178813934,100.0,0.09049013257026672,1.2726309299468994,0.012656673789024353,22.754962921142578,-0.054874345660209656,-0.057664353400468826,0.05579318478703499,-0.06505780667066574,0.998781681060791,0.01631767302751541,0.19601406157016754,9.0,1.0,0.0,0.0,0.07220069319009781,-1.4901161193847656e-08,0.25,0.006693248637020588,0.015295530669391155,-0.0017316365847364068,0.002059150254353881,-0.17917637526988983,0.022398436442017555,0.2220640331506729,-0.08854663372039795,0.005133946426212788,-0.0005812239833176136,0.0006911539821885526,-0.060140568763017654,0.007518037687987089,0.07453581690788269,-0.02972068451344967,0.019344836473464966,-0.02781045064330101,0.0064745876006782055,-0.2105182707309723,0.01010732538998127,0.2287738025188446,-0.1038932129740715,-3.861188451992348e-05,-0.00012019833229715005,-1.969078221009113e-05,7.951048610266298e-05,-4.002816694992362e-06,-0.00019967471598647535,-5.515449811355211e-05,-0.0013186726719141006,-0.00936945155262947,0.000218286644667387,-0.006306305527687073,-0.004756059963256121,-0.009790033102035522,0.005098916590213776,0.018026163801550865,-0.03717990219593048,0.0066928742453455925,-0.21682457625865936,0.005351265426725149,0.21898376941680908,-0.09879429638385773,0.018026163801550865,-0.03717990219593048,0.0066928742453455925,-0.21682457625865936,0.005351265426725149,0.21898376941680908,-0.09879429638385773,0.018026163801550865,-0.03717990219593048,0.0066928742453455925,-0.21682457625865936,0.005351265426725149,0.21898376941680908,-0.09879429638385773
7.904999999999994,0.07097656279802322,0.07097656279802322,nan,nan,nan,nan,0.03282948583364487,0.0,0.04292260855436325,0.5844959020614624,0.0,0.0,0.0,0.0,0.0020000000949949026,0.004999999888241291,100.0,0.08767326921224594,0.7641967535018921,0.011753290891647339,13.098458290100098,-0.06381208449602127,-0.030328337103128433,0.07640635967254639,-0.24482905864715576,0.9770649671554565,0.01752486824989319,0.1792600005865097,9.0,1.0,0.0,0.0,0.07097654789686203,-1.4901161193847656e-08,0.25,0.010606029070913792,0.007271797861903906,-0.03968513756990433,0.01429350208491087,-0.20388923585414886,0.035477280616760254,0.19035328924655914,0.09541526436805725,0.004868481773883104,-0.026569273322820663,0.009569525718688965,-0.13650421798229218,0.023752102628350258,0.127441868185997,0.06388068944215775,0.015018300153315067,-0.04867051541805267,0.016013450920581818,-0.2790091037750244,0.037193506956100464,0.27428457140922546,0.04391638562083244,-0.0001847347739385441,-0.00011697906302288175,0.00011617100244620815,8.172848174581304e-05,1.5543793779215775e-05,-0.00019863212946802378,-7.68374084145762e-05,0.0017426284030079842,0.007458634674549103,-0.005165912210941315,0.03544645011425018,-0.016975151374936104,-0.029780730605125427,-0.07909603416919708,0.01676092855632305,-0.04121188074350357,0.010847538709640503,-0.24356265366077423,0.02021835558116436,0.24450384080410004,-0.03517964854836464,0.01676092855632305,-0.04121188074350357,0.010847538709640503,-0.24356265366077423,0.02021835558116436,0.24450384080410004,-0.03517964854836464,0.01676092855632305,-0.04121188074350357,0.010847538709640503,-0.24356265366077423,0.02021835558116436,0.24450384080410004,-0.03517964854836464
8.001999999999995,0.06948021799325943,0.06948021799325943,nan,nan,nan,nan,0.011754028499126434,0.0,0.025385849177837372,0.5572038888931274,0.0,0.0,0.0,0.0,-0.0010000000474974513,0.01600000075995922,100.0,0.08709093928337097,1.5129046440124512,0.014215707778930664,31.54623794555664,-0.0806085616350174,-0.026777885854244232,0.07921652495861053,-0.09352154284715652,0.9919542670249939,0.020498212426900864,0.26451414823532104,9.0,1.0,0.0,0.0,0.06948021054267883,-7.450580596923828e-09,0.25,0.009035923518240452,0.012002401985228062,-0.018573086708784103,0.029192566871643066,-0.2262679934501648,-0.04244804009795189,0.17195740342140198,0.0780409574508667,0.007714302744716406,-0.011937477625906467,0.01876293495297432,-0.14542919397354126,-0.027282623574137688,0.11052215844392776,0.050159256905317307,0.01821521297097206,-0.0363815501332283,0.03769315034151077,-0.3420654535293579,-0.035320598632097244,0.28001758456230164,0.10112254321575165,-0.00014230940723791718,-0.00013468912220560014,8.008711301954463e-05,7.641340198460966e-05,1.138589323090855e-05,-0.0002109868946718052,-6.78970172884874e-05,-0.0009415745735168457,-0.0033889636397361755,-0.011586565524339676,0.04007768630981445,0.027875076979398727,-0.012024492025375366,-0.0517411008477211,0.017273638397455215,-0.03977051377296448,0.026106584817171097,-0.30198776721954346,-0.007445521652698517,0.26799309253692627,0.04938144236803055,0.017273638397455215,-0.03977051377296448,0.026106584817171097,-0.30198776721954346,-0.007445521652698517,0.26799309253692627,0.04938144236803055,0.017273638397455215,-0.03977051377296448,0.026106584817171097,-0.30198776721954346,-0.007445521652698517,0.26799309253692627,0.04938144236803055
8.168,0.05398789793252945,0.05398789793252945,nan,nan,nan,nan,-0.010286152362823486,0.0,0.0,0.6744024157524109,0.0,0.0,0.0,0.0,-0.003000000026077032,0.06400000303983688,100.0,0.0812973827123642,1.1666361093521118,0.011890195310115814,17.54984474182129,-0.07021107524633408,-0.0800715833902359,-0.009860508143901825,-0.24206748604774475,0.9926473498344421,0.018667366355657578,0.35362544655799866,9.0,1.0,0.0,0.0,0.05398789048194885,-7.450580596923828e-09,0.25,0.010904660448431969,0.007647981401532888,-0.011393177323043346,-0.004836502484977245,-0.1851649135351181,0.004794998560100794,0.21407274901866913,-0.09824527055025101,0.0011016003554686904,-0.0016410511452704668,-0.0006966404616832733,-0.0266707930713892,0.0006906623020768166,0.0308346226811409,-0.014151058159768581,0.01138719730079174,-0.021813685074448586,0.01702926866710186,-0.2766011655330658,-0.017209792509675026,0.26681748032569885,0.016079653054475784,-5.884675556444563e-05,-0.00011020555393770337,-3.13133787130937e-05,9.566093649482355e-05,-5.748376224801177e-06,-0.00020610791398212314,-8.557854744140059e-05,-0.006422986276447773,-0.02924753539264202,-0.0017416849732398987,-0.0054000914096832275,-0.0014254450798034668,-0.03142520785331726,0.019158359616994858,0.0049642110243439674,-0.05106122046709061,0.015287583693861961,-0.282001256942749,-0.018635237589478493,0.2353922724723816,0.03523801267147064,0.0049642110243439674,-0.05106122046709061,0.015287583693861961,-0.282001256942749,-0.018635237589478493,0.2353922724723816,0.03523801267147064,0.0049642110243439674,-0.05106122046709061,0.015287583693861961,-0.282001256942749,-0.018635237589478493,0.2353922724723816,0.03523801267147064
8.235999999999997,0.044691894203424454,0.044691894203424454,nan,nan,nan,nan,-0.04350500553846359,1.0,0.0,0.6896898150444031,0.0,0.0,0.0,0.0,0.0,0.01600000075995922,100.0,0.06697888672351837,1.3690171241760254,0.013815239071846008,12.310832977294922,-0.05111970007419586,-0.07416381686925888,-0.02304411679506302,-0.5810002088546753,0.9676679372787476,0.016049278900027275,0.2394798845052719,9.0,1.0,0.0,0.0,0.04469188302755356,-1.1175870895385742e-08,0.25,0.010112972930073738,0.008568000979721546,0.024087389931082726,0.025898320600390434,-0.20196451246738434,-0.04494660720229149,0.19860945641994476,0.08012541383504868,0.005088851787149906,0.014306389726698399,0.015381968580186367,-0.1199541836977005,-0.02669544704258442,0.11796148866415024,0.047589439898729324,0.011397042311728,0.017906242981553078,0.028078552335500717,-0.27954229712486267,-0.04061926156282425,0.28303268551826477,0.07782485336065292,2.3640825020265765e-05,-0.00010774344991659746,-0.00015582663763780147,0.000112606976472307,-2.851858880603686e-05,-0.00022086202807258815,-0.00011318283941363916,-0.020352501422166824,-0.059170305728912354,-0.02704090252518654,0.03640802204608917,0.009752195328474045,-0.08088420331478119,-0.06005305051803589,-0.008955460041761398,-0.04126406088471413,0.001037650741636753,-0.2431342750787735,-0.030867066234350204,0.20214848220348358,0.017771802842617035,-0.008955460041761398,-0.04126406088471413,0.001037650741636753,-0.2431342750787735,-0.030867066234350204,0.20214848220348358,0.017771802842617035,-0.008955463767051697,-0.041264068335294724,0.0010376456193625927,-0.2431342750787735,-0.030867068096995354,0.2021484673023224,0.017771795392036438
8.305999999999997,0.04446849972009659,0.04446849972009659,nan,nan,nan,nan,-0.04416460543870926,0.0,-3.725290298461914e-09,0.6913861036300659,0.0,0.0,0.0,0.0,0.008999999612569809,0.01600000075995922,100.0,0.0665833130478859,1.9231820106506348,0.015272758901119232,13.87838077545166,-0.05496400222182274,-0.035617247223854065,0.019346751272678375,-0.013962154276669025,0.9664843082427979,0.01753421686589718,0.16674159467220306,9.0,1.0,0.0,0.0,0.04446848854422569,-1.1175870895385742e-08,0.25,0.006688349414616823,-0.00847664661705494,0.03585544228553772,0.007363931741565466,-0.15213078260421753,-0.003616709029302001,0.22297845780849457,0.12534774839878082,-0.006493287160992622,0.02746601216495037,0.005640924442559481,-0.11653533577919006,-0.0027704741805791855,0.1708061248064041,0.0960189700126648,-0.0014174836687743664,0.04518905282020569,0.023338330909609795,-0.2857447564601898,-0.029768479987978935,0.34935462474823,0.16142943501472473,-0.00028217773069627583,-0.0001087096388801001,0.0001415039732819423,0.00011075726797571406,2.208467230957467e-05,-0.0002194996632169932,-0.00015451197396032512,-0.015711653977632523,-0.06296556442975998,-0.02492085099220276,0.03723904490470886,-0.011114200577139854,-0.11571115255355835,-0.09545973688364029,-0.017129138112068176,-0.01777650974690914,-0.0015825205482542515,-0.24850571155548096,-0.04088268056511879,0.23364347219467163,0.06596969813108444,-0.017129138112068176,-0.01777650974690914,-0.0015825205482542515,-0.24850571155548096,-0.04088268056511879,0.23364347219467163,0.06596969813108444,-0.017129138112068176,-0.01777650974690914,-0.0015825205482542515,-0.24850571155548096,-0.04088268056511879,0.23364347219467163,0.06596969813108444
8.366999999999997,0.044184837490320206,0.044184837490320206,nan,nan,nan,nan,-0.04899884760379791,0.0,0.0,0.6968759298324585,0.0,0.0,0.0,0.0,0.004999999888241291,0.008999999612569809,100.0,0.06695089489221573,0.7780864834785461,0.011115334928035736,14.063887596130371,-0.04421992599964142,-0.022395219653844833,0.021824706345796585,-0.03151802718639374,0.9668899774551392,0.017789633944630623,0.268146812915802,9.0,1.0,0.0,0.0,0.04418482631444931,-1.1175870895385742e-08,0.25,0.016727851703763008,-0.00847664661705494,0.03585544228553772,0.007363931741565466,-0.15213078260421753,-0.003616709029302001,0.22297845780849457,0.12534774839878082,-0.005790627561509609,0.024493828415870667,0.00503050209954381,-0.10392467677593231,-0.0024706723634153605,0.1523226499557495,0.0856284499168396,-0.007854203693568707,0.05354595184326172,0.01828659139573574,-0.2759392559528351,-0.01847377046942711,0.36842572689056396,0.18898244202136993,-9.413329098606482e-05,-0.00010806138016050681,-4.556671410682611e-05,0.00010830131213879213,-8.856224667397328e-06,-0.0002165008190786466,-0.00013353988470043987,-0.02169637382030487,-0.06647820770740509,-0.02867748588323593,0.037942469120025635,-0.017664030194282532,-0.12427219748497009,-0.10021954029798508,-0.02955057844519615,-0.012932256795465946,-0.010390895418822765,-0.23799678683280945,-0.03613780066370964,0.24415352940559387,0.08876290172338486,-0.02955057844519615,-0.012932256795465946,-0.010390895418822765,-0.23799678683280945,-0.03613780066370964,0.24415352940559387,0.08876290172338486,-0.02955057844519615,-0.012932256795465946,-0.010390895418822765,-0.23799678683280945,-0.03613780066370964,0.24415352940559387,0.08876290172338486
8.468999999999994,0.03894191235303879,0.03894191235303879,nan,nan,nan,nan,-0.08141970634460449,0.0,3.725290298461914e-09,0.7007081508636475,0.0,0.0,0.0,0.0,0.003000000026077032,0.020999999716877937,100.0,0.06323367357254028,0.6258739233016968,0.011323019862174988,11.775379180908203,-0.03172862529754639,-0.02466435357928276,0.0070642754435539246,-0.2496631145477295,0.9173690676689148,0.01580200158059597,0.2308361977338791,9.0,1.0,0.0,0.0,0.03894190490245819,-7.450580596923828e-09,0.25,0.009669081307947636,0.0006911950767971575,0.18679891526699066,0.01556460652500391,-0.06353660672903061,0.010204814374446869,0.16507722437381744,0.15320542454719543,0.00020901040988974273,0.056486111134290695,0.004706580191850662,-0.01921282894909382,0.003085833042860031,0.049917690455913544,0.046327777206897736,0.005550052039325237,0.18155726790428162,0.01929677464067936,-0.20352958142757416,-0.009329483844339848,0.33132970333099365,0.10264129936695099,-0.00010566661512712017,-0.00011560906568774953,-6.129447865532711e-05,9.08531728782691e-05,-1.0757799827842973e-05,-0.00020618249254766852,-0.00015997388982214034,-0.04833007603883743,-0.13548174500465393,-0.049994707107543945,0.005964338779449463,-0.021316170692443848,-0.09850449860095978,-0.0742182731628418,-0.04278002306818962,0.046075522899627686,-0.030697934329509735,-0.1975652426481247,-0.03064565546810627,0.23282520473003387,0.028423024341464043,-0.04278002306818962,0.046075522899627686,-0.030697934329509735,-0.1975652426481247,-0.03064565546810627,0.23282520473003387,0.028423024341464043,-0.04278002306818962,0.046075522899627686,-0.030697934329509735,-0.1975652426481247,-0.03064565546810627,0.23282520473003387,0.028423024341464043
8.519999999999996,0.03811449557542801,0.03811449557542801,nan,nan,nan,nan,-0.07211343944072723,0.0,-3.725290298461914e-09,0.7008824944496155,0.0,0.0,0.0,0.0,0.0,0.014000000432133675,100.0,0.06145741790533066,3.6435089111328125,0.018114224076271057,13.330763816833496,-0.042942121624946594,-0.01944010518491268,0.023502012714743614,-0.05910119414329529,0.9246606826782227,0.01442211028188467,0.14406149089336395,9.0,1.0,0.0,0.0,0.038114484399557114,-1.1175870895385742e-08,0.25,0.0057648103684186935,0.0006911950767971575,0.18679891526699066,0.01556460652500391,-0.06353660672903061,0.010204814374446869,0.16507722437381744,0.15320542454719543,0.0003932433610316366,0.10627598315477371,0.008855211548507214,-0.03614804521203041,0.005805850960314274,0.09391780197620392,0.08716355264186859,0.002699452918022871,0.24017107486724854,0.02155919186770916,-0.13431638479232788,0.005975842010229826,0.27567410469055176,0.17980599403381348,-9.472423698753119e-05,-0.000113145106297452,-8.436408097622916e-05,8.686709770699963e-05,-1.6794623661553487e-05,-0.00019962234364356846,-0.00016814777336549014,-0.042138710618019104,-0.11899388581514359,-0.05154023319482803,-0.007065922021865845,-0.023681532591581345,-0.07021553814411163,-0.12026985734701157,-0.039439257234334946,0.12117718905210495,-0.029981039464473724,-0.14138230681419373,-0.01770569011569023,0.20545856654644012,0.05953613668680191,-0.039439257234334946,0.12117718905210495,-0.029981039464473724,-0.14138230681419373,-0.01770569011569023,0.20545856654644012,0.05953613668680191,-0.039439257234334946,0.12117718905210495,-0.029981039464473724,-0.14138230681419373,-0.01770569011569023,0.20545856654644012,0.05953613668680191
8.604,0.03708308935165405,0.03708308935165405,nan,nan,nan,nan,-0.08902008086442947,0.0,3.725290298461914e-09,0.7073134183883667,0.0,0.0,0.0,0.0,0.0020000000949949026,0.024000000208616257,100.0,0.06145741790533066,0.6623594164848328,0.010143965482711792,44.76812744140625,-0.031954575330019,-0.015192124992609024,0.01676245406270027,-0.04297526180744171,0.9413214325904846,0.013993502594530582,0.14825378358364105,9.0,1.0,0.0,0.0,0.03708307072520256,-1.862645149230957e-08,0.25,0.01452876627445221,0.007312805391848087,0.17508003115653992,0.010603966191411018,-0.07682361453771591,0.02223575860261917,0.22133895754814148,0.061594076454639435,0.0052119591273367405,0.12478248029947281,0.007557624485343695,-0.05475347489118576,0.01584779843688011,0.15775199234485626,0.04389913007616997,0.009125053882598877,0.27115529775619507,0.018527749925851822,-0.12766408920288086,0.027076195925474167,0.3344087302684784,0.12400099635124207,-0.00020771990239154547,-0.00010682273568818346,2.0043200493091717e-05,8.462896948913112e-05,2.4957639652711805e-06,-0.00019078326295129955,-0.00018970819655805826,-0.05813644453883171,-0.10672429203987122,-0.06561736762523651,0.03492724150419235,-0.02942441776394844,-0.14128166437149048,-0.09632152318954468,-0.049011390656232834,0.16443100571632385,-0.04708961397409439,-0.09273684769868851,-0.002348222304135561,0.19312706589698792,0.027679476886987686,-0.049011390656232834,0.16443100571632385,-0.04708961397409439,-0.09273684769868851,-0.002348222304135561,0.19312706589698792,0.027679476886987686,-0.049011390656232834,0.16443100571632385,-0.04708961397409439,-0.09273684769868851,-0.002348222304135561,0.19312706589698792,0.027679476886987686
8.690999999999995,0.03794654458761215,0.03794654458761215,nan,nan,nan,nan,-0.04810469597578049,0.0,0.0,0.6789916753768921,0.0,0.0,0.0,0.0,0.0020000000949949026,0.028999999165534973,100.0,0.06255484372377396,1.018812894821167,0.017675571143627167,19.388566970825195,-0.04059969633817673,-0.013871178030967712,0.026728518307209015,0.029774321243166924,0.9823930263519287,0.016319751739501953,0.20324094593524933,9.0,1.0,0.0,0.0,0.03794652596116066,-1.862645149230957e-08,0.25,0.008318612352013588,0.012100549414753914,0.18595720827579498,0.01139299850910902,-0.05818558111786842,0.007502781692892313,0.22738038003444672,5.3463834774447605e-05,0.004996479954570532,0.07678423821926117,0.004704322665929794,-0.024025611579418182,0.003097999608144164,0.09388842433691025,2.2075939341448247e-05,0.008486563339829445,0.24940365552902222,0.01731240749359131,-0.0921623483300209,0.02295789122581482,0.30446210503578186,0.10872664302587509,4.9542461056262255e-05,-0.00010190749890170991,-0.000241441375692375,6.986162770772353e-05,-4.4230124331079423e-05,-0.0001713491656119004,-0.00016213231720030308,-0.0388285368680954,-0.04893304407596588,-0.045666202902793884,0.01297210156917572,-0.01061957236379385,-0.07140606641769409,-0.04641000181436539,-0.030341975390911102,0.20047061145305634,-0.028353797271847725,-0.07919024676084518,0.01233831886202097,0.23305603861808777,0.062316641211509705,-0.030341975390911102,0.20047061145305634,-0.028353797271847725,-0.07919024676084518,0.01233831886202097,0.23305603861808777,0.062316641211509705,-0.030341975390911102,0.20047061145305634,-0.028353797271847725,-0.07919024676084518,0.01233831886202097,0.23305603861808777,0.062316641211509705
8.732,0.03560666739940643,0.03560666739940643,nan,nan,nan,nan,-0.0338880755007267,0.0,3.725290298461914e-09,0.518787682056427,0.0,0.0,0.0,0.0,0.0010000000474974513,0.006000000052154064,100.0,0.05989841744303703,0.9524412155151367,0.009727664291858673,15.220309257507324,-0.036970481276512146,-0.025240756571292877,0.011729728430509567,-0.3899795413017273,0.98615962266922,0.016480887308716774,0.30737462639808655,9.0,1.0,0.0,0.0,0.03560664504766464,-2.2351741790771484e-08,0.25,0.011273162439465523,0.012100549414753914,0.18595720827579498,0.01139299850910902,-0.05818558111786842,0.007502781692892313,0.22738038003444672,5.3463834774447605e-05,0.0038107060827314854,0.05856166034936905,0.0035878843627870083,-0.018323808908462524,0.002362776780501008,0.07160665094852448,1.6836836948641576e-05,0.013141945004463196,0.25270646810531616,0.01634923741221428,-0.08509517461061478,0.015695545822381973,0.30878615379333496,0.04641247168183327,-0.00010806481441250071,-0.00010603990085655823,-9.137656161328778e-05,6.503587792394683e-05,-1.7675652998150326e-05,-0.00017054899944923818,-0.00018756254576146603,-0.03706829994916916,-0.04492916166782379,-0.04276546463370323,0.014399789273738861,-0.006220419891178608,-0.06678485870361328,-0.022861003875732422,-0.023926354944705963,0.20777730643749237,-0.026416227221488953,-0.07069538533687592,0.009475125931203365,0.24200129508972168,0.023551467806100845,-0.023926354944705963,0.20777730643749237,-0.026416227221488953,-0.07069538533687592,0.009475125931203365,0.24200129508972168,0.023551467806100845,-0.023926354944705963,0.20777730643749237,-0.026416227221488953,-0.07069538533687592,0.009475125931203365,0.24200129508972168,0.023551467806100845
8.843999999999994,0.03214789554476738,0.03214789554476738,nan,nan,nan,nan,0.009874094277620316,0.0,0.0077444203197956085,0.24074389040470123,0.0,0.0,0.0,0.0,0.0,0.04699999839067459,100.0,0.0573539100587368,1.1871764659881592,0.016781501471996307,24.901975631713867,-0.03022313117980957,-0.04034890606999397,-0.002381354570388794,-0.07359088957309723,0.9916560649871826,0.017596347257494926,0.35621532797813416,9.0,1.0,0.0,0.0,0.032147884368896484,-1.1175870895385742e-08,0.25,0.010309644043445587,0.0064439778216183186,0.23743951320648193,0.021328112110495567,0.04157818481326103,-0.06406250596046448,0.11620225757360458,0.11743231862783432,0.0012255344772711396,0.04515693709254265,0.004056242294609547,0.007907460443675518,-0.012183593586087227,0.022099683061242104,0.022333620116114616,0.014401063323020935,0.2504101097583771,0.01736050471663475,-0.06906741857528687,0.0018126647919416428,0.2924065589904785,0.037066563963890076,0.00037591694854199886,-0.00011572453513508663,-0.0005374719039537013,0.00010769790969789028,-8.553385850973427e-05,-0.000223030467168428,-0.00010209107858827338,-0.0224606953561306,-0.02990296483039856,-0.02891734056174755,-0.0006304085254669189,0.006571661680936813,-0.02769652009010315,-0.03156299144029617,-0.008059632033109665,0.22050714492797852,-0.0115568358451128,-0.06969782710075378,0.008384326472878456,0.26471003890037537,0.005503572523593903,-0.008059632033109665,0.22050714492797852,-0.0115568358451128,-0.06969782710075378,0.008384326472878456,0.26471003890037537,0.005503572523593903,-0.008059632033109665,0.22050714492797852,-0.0115568358451128,-0.06969782710075378,0.008384326472878456,0.26471003890037537,0.005503572523593903
8.925999999999995,0.029789846390485764,0.029789846390485764,nan,nan,nan,nan,0.01775362715125084,0.0,0.015929346904158592,0.3626689910888672,0.0,0.0,0.0,0.0,0.006000000052154064,0.014000000432133675,100.0,0.05137522518634796,2.5058248043060303,0.010139308869838715,21.034934997558594,-0.016273753717541695,-0.029762085527181625,0.0024410150945186615,-0.1684320718050003,0.9889048337936401,0.017388125881552696,0.3431333303451538,9.0,1.0,0.0,0.0,0.029789835214614868,-1.1175870895385742e-08,0.25,0.008309869095683098,0.005174669902771711,0.11357145756483078,0.014599413610994816,-0.15048877894878387,-0.06246914342045784,0.22057251632213593,0.04074430838227272,0.0,0.0,0.0,-0.0,-0.0,0.0,0.0,0.00930858962237835,0.17508670687675476,0.015908896923065186,-0.11509530991315842,-0.03421374410390854,0.25375765562057495,0.03933384642004967,-0.0005712048150599003,-6.13616721238941e-05,0.0007869609980843961,8.102159335976467e-05,0.00010574384941719472,-0.00014228869986254722,0.00014050968457013369,-0.007263475097715855,0.031022220849990845,-0.011618563905358315,0.02650059014558792,0.023991061374545097,0.010631084442138672,-0.015232034027576447,0.0020451145246624947,0.2061089277267456,0.004290333017706871,-0.0885947197675705,-0.010222682729363441,0.2643887400627136,0.02410181239247322,0.0020451145246624947,0.2061089277267456,0.004290333017706871,-0.0885947197675705,-0.010222682729363441,0.2643887400627136,0.02410181239247322,0.0020451145246624947,0.2061089277267456,0.004290333017706871,-0.0885947197675705,-0.010222682729363441,0.2643887400627136,0.02410181239247322
9.025999999999996,0.029893815517425537,0.029893815517425537,nan,nan,nan,nan,0.030040860176086426,0.0,0.02584843710064888,0.3287598788738251,0.0,0.0,0.0,0.0,0.007000000216066837,0.023000000044703484,100.0,0.04639362916350365,1.1567744016647339,0.023062340915203094,23.233558654785156,-0.009754004888236523,-0.007776536513119936,0.02782590687274933,0.004520396701991558,0.9975706934928894,0.016122598201036453,0.1789843589067459,9.0,1.0,0.0,0.0,0.02989380434155464,-1.1175870895385742e-08,0.25,0.00596619350835681,0.020460309460759163,0.12565353512763977,0.02428596280515194,-0.08549804985523224,0.018887434154748917,0.2358604371547699,0.09952867776155472,0.004597102291882038,0.028232326731085777,0.005456665065139532,-0.019210034981369972,0.004243702627718449,0.05299404263496399,0.022362491115927696,0.013059992343187332,0.18603180348873138,0.01448726188391447,-0.08048062026500702,0.018902486190199852,0.22919771075248718,0.04010188579559326,7.52733540139161e-05,0.00013482723443303257,0.0001039801281876862,0.00023054773919284344,1.9779532522079535e-05,-9.598668839316815e-05,0.00016531572327949107,-0.005986422300338745,0.008293882012367249,-0.005212464369833469,-0.0049164146184921265,-0.016596924513578415,0.011285752058029175,-0.009335529059171677,0.007073570042848587,0.19432568550109863,0.009274797514081001,-0.08539703488349915,0.002305561676621437,0.24048346281051636,0.030766356736421585,0.007073570042848587,0.19432568550109863,0.009274797514081001,-0.08539703488349915,0.002305561676621437,0.24048346281051636,0.030766356736421585,0.007073570042848587,0.19432568550109863,0.009274797514081001,-0.08539703488349915,0.002305561676621437,0.24048346281051636,0.030766356736421585
9.075999999999993,0.02992098405957222,0.02992098405957222,nan,nan,nan,nan,0.03312857449054718,0.0,0.032842859625816345,0.14636915922164917,0.0,0.0,0.0,0.0,0.003000000026077032,0.009999999776482582,100.0,0.05029779300093651,2.0775253772735596,0.018777325749397278,13.652913093566895,-0.004847746342420578,-0.0020716211292892694,0.03561898320913315,0.002716854214668274,0.9963550567626953,0.01665666326880455,0.24004025757312775,9.0,1.0,0.0,0.0,0.029920972883701324,-1.1175870895385742e-08,0.25,0.00849213358014822,0.017155354842543602,0.14337994158267975,0.022701676934957504,-0.10064788907766342,-0.0484977662563324,0.22971074283123016,0.058167602866888046,0.006179363466799259,0.051645491272211075,0.008177150040864944,-0.036253396421670914,-0.017468908801674843,0.0827418714761734,0.02095198631286621,0.018360314890742302,0.19052621722221375,0.02294829487800598,-0.10957852751016617,-0.024983465671539307,0.2720431089401245,0.06023746356368065,-0.00028233008924871683,-4.82383111375384e-05,0.000516294501721859,5.06320757267531e-05,5.930971747147851e-05,-9.904849866870791e-05,0.0001910170540213585,-0.006191667169332504,0.0013532787561416626,-0.007595205679535866,0.015639662742614746,0.019217487424612045,-0.020975083112716675,-0.016841690987348557,0.012168647721409798,0.1918794959783554,0.015353089198470116,-0.09393886476755142,-0.005765978246927261,0.25106802582740784,0.04339577257633209,0.012168647721409798,0.1918794959783554,0.015353089198470116,-0.09393886476755142,-0.005765978246927261,0.25106802582740784,0.04339577257633209,0.012168647721409798,0.1918794959783554,0.015353089198470116,-0.09393886476755142,-0.005765978246927261,0.25106802582740784,0.04339577257633209
9.133999999999993,0.029305148869752884,0.029305148869752884,nan,nan,nan,nan,0.021970026195049286,0.0,0.021724872291088104,0.21655307710170746,0.0,0.0,0.0,0.0,0.004999999888241291,0.009999999776482582,100.0,0.05154546722769737,1.7034672498703003,0.015244819223880768,9.719106674194336,-0.012092843651771545,-0.006793808192014694,0.027023907750844955,-0.061583518981933594,0.9825448393821716,0.01753373071551323,0.25179317593574524,9.0,1.0,0.0,0.0,0.02930513024330139,-1.862645149230957e-08,0.25,0.009378756396472454,0.00906111765652895,0.13945427536964417,0.014106151647865772,-0.014899663627147675,0.029625179246068,0.19154079258441925,0.18023286759853363,0.0032384381629526615,0.04984087496995926,0.005041530355811119,-0.005325131118297577,0.010588021948933601,0.06845656782388687,0.06441511958837509,0.014892250299453735,0.19114947319030762,0.020854797214269638,-0.057303786277770996,0.01354934461414814,0.2668245732784271,0.1701589822769165,0.00060075125657022,-2.930575647042133e-06,-0.0008341986685991287,7.722186273895204e-05,-7.935601024655625e-05,-7.990378799149767e-05,-0.0001753281831042841,-0.0005274228751659393,0.0008084923028945923,-0.001953400671482086,-0.022491656243801117,-0.013258041813969612,-0.005006015300750732,-0.06697917729616165,0.014364827424287796,0.1919579654932022,0.018901396542787552,-0.07979544252157211,0.00029130280017852783,0.2618185579776764,0.10317980498075485,0.014364827424287796,0.1919579654932022,0.018901396542787552,-0.07979544252157211,0.00029130280017852783,0.2618185579776764,0.10317980498075485,0.014364827424287796,0.1919579654932022,0.018901396542787552,-0.07979544252157211,0.00029130280017852783,0.2618185579776764,0.10317980498075485
9.258999999999993,0.02587370201945305,0.02587370201945305,nan,nan,nan,nan,-0.0401034951210022,0.0,9.313225746154785e-10,0.7381139397621155,0.0,0.0,0.0,0.0,-0.0020000000949949026,0.01899999938905239,100.0,0.05095205456018448,3.0579538345336914,0.02748984843492508,14.190369606018066,-0.015489357523620129,-0.0397525429725647,-0.024263184517621994,-0.18060247600078583,0.9781962037086487,0.015621292404830456,0.36772722005844116,9.0,1.0,0.0,0.0,0.02587367594242096,-2.60770320892334e-08,0.25,0.00780519749969244,0.02508118934929371,0.1988103687763214,0.02646343782544136,-0.04798462614417076,-0.055328622460365295,0.2087680846452713,-0.014041309244930744,0.00495466822758317,0.039274029433727264,0.005227724555879831,-0.009479132480919361,-0.010929902084171772,0.041241131722927094,-0.0027737929485738277,0.03302208334207535,0.2016342580318451,0.035838205367326736,-0.05515175312757492,0.012594185769557953,0.24253228306770325,0.11013063043355942,0.0007731596706435084,-3.2240113796433434e-05,-0.0010223488789051771,1.8961389287142083e-05,-7.692090730415657e-05,-5.056110239820555e-05,-0.00019143275858368725,-0.032842691987752914,-0.015934184193611145,-0.04554029181599617,-0.0022873245179653168,0.0010265298187732697,-0.007156506180763245,-0.045754097402095795,0.00017939135432243347,0.18570007383823395,-0.009702086448669434,-0.05743907764554024,0.013620715588331223,0.23537577688694,0.06437653303146362,0.00017939135432243347,0.18570007383823395,-0.009702086448669434,-0.05743907764554024,0.013620715588331223,0.23537577688694,0.06437653303146362,0.00017939135432243347,0.18570007383823395,-0.009702086448669434,-0.05743907764554024,0.013620715588331223,0.23537577688694,0.06437653303146362
9.333999999999996,0.023789264261722565,0.023789264261722565,nan,nan,nan,nan,-0.038015857338905334,0.0,0.0,0.8179214596748352,0.0,0.0,0.0,0.0,0.0020000000949949026,0.014000000432133675,100.0,0.04890839383006096,12.820869445800781,0.028469599783420563,18.032066345214844,-0.00961710698902607,-0.03118409961462021,-0.02156699262559414,-0.14888839423656464,0.941929280757904,0.014865685254335403,0.19253045320510864,9.0,1.0,0.0,0.0,0.023789234459400177,-2.9802322387695312e-08,0.25,0.007513387128710747,0.01811564899981022,0.16924944519996643,0.02143145352602005,0.0021365184802562,-0.0444035530090332,0.13568991422653198,0.20044736564159393,0.004302729852497578,0.04019920527935028,0.005090281367301941,0.0005074541550129652,-0.010546489618718624,0.03222832828760147,0.04760916158556938,0.027467457577586174,0.20951160788536072,0.03062763251364231,-0.029304787516593933,-0.03128870576620102,0.20830044150352478,0.14838895201683044,0.0001698910491541028,-5.3970397857483476e-05,-0.0004268336051609367,6.669202321063494e-06,-2.5769149942789227e-05,-5.990466524963267e-05,-0.0002360475336899981,-0.03192421793937683,-0.018388822674751282,-0.04225631058216095,-0.015661850571632385,0.01852034032344818,0.008086159825325012,-0.09639482200145721,-0.004456758964806795,0.19112278521060944,-0.01162867620587349,-0.04496663808822632,-0.012768366374075413,0.2163866013288498,0.05199413374066353,-0.004456758964806795,0.19112278521060944,-0.01162867620587349,-0.04496663808822632,-0.012768366374075413,0.2163866013288498,0.05199413374066353,-0.004456758964806795,0.19112278521060944,-0.01162867620587349,-0.04496663808822632,-0.012768366374075413,0.2163866013288498,0.05199413374066353
9.469999999999999,0.023757684975862503,0.023757684975862503,nan,nan,nan,nan,-0.07680228352546692,0.0,0.0,0.7801976203918457,0.0,0.0,0.0,0.0,0.0,0.01600000075995922,100.0,0.049096714705228806,3.7612802982330322,0.03340747207403183,39.43669891357422,-0.010961269959807396,-0.0058012595400214195,0.005160010419785976,-0.001973705133423209,0.8007243275642395,0.013756702654063702,0.17783312499523163,9.0,1.0,0.0,0.0,0.023757658898830414,-2.60770320892334e-08,0.25,0.007049161475151777,0.06554184854030609,0.1563742458820343,0.06438931822776794,-0.0039935908280313015,-0.052430812269449234,0.040042486041784286,0.22964546084403992,0.02180384285748005,0.05202110856771469,0.0214204303920269,-0.0013285500463098288,-0.017442187294363976,0.013320956379175186,0.07639628648757935,0.06148146837949753,0.22277730703353882,0.06049797683954239,-0.04769453406333923,-0.004984475672245026,0.15029236674308777,0.15469326078891754,-0.00012266678095329553,-5.270075052976608e-05,-0.00013355656119529158,9.466937626712024e-06,-1.2703666470770258e-05,-6.143561040516943e-05,-0.00024509013746865094,-0.07107505202293396,-0.02074737846851349,-0.07608824968338013,-0.008770275861024857,0.01139055099338293,0.02655063569545746,-0.1613253802061081,-0.009593585506081581,0.20202992856502533,-0.015590272843837738,-0.05646480992436409,0.006406075321137905,0.17684300243854523,-0.00663212314248085,-0.009593585506081581,0.20202992856502533,-0.015590272843837738,-0.05646480992436409,0.006406075321137905,0.17684300243854523,-0.00663212314248085,-0.009593585506081581,0.20202992856502533,-0.015590272843837738,-0.05646480992436409,0.006406075321137905,0.17684300243854523,-0.00663212314248085
9.525999999999996,0.02384575828909874,0.02384575828909874,nan,nan,nan,nan,-0.021632634103298187,0.0,3.725290298461914e-09,0.355270653963089,0.0,0.0,0.0,0.0,0.007000000216066837,0.009999999776482582,100.0,0.04551192745566368,0.9723044633865356,0.018217600882053375,10.007768630981445,-0.021509181708097458,-0.018483340740203857,0.003025844693183899,0.008807331323623657,0.8188337087631226,0.011088008992373943,0.2607765793800354,9.0,1.0,0.0,0.0,0.023845724761486053,-3.3527612686157227e-08,0.25,0.00730056781321764,0.033857788890600204,0.13919201493263245,0.03207647427916527,0.03966403007507324,-0.01720038428902626,0.11119309067726135,0.23284617066383362,0.006293305195868015,0.02587226964533329,0.005962204188108444,0.007372538559138775,-0.0031971156131476164,0.02066797763109207,0.04328020289540291,0.05053330212831497,0.19322490692138672,0.048965130001306534,0.0012064161710441113,-0.012956560589373112,0.14095233380794525,0.21764487028121948,-0.00012732433970086277,-8.057999366428703e-05,-0.0001223402941832319,2.939266778412275e-06,-6.467732418968808e-06,-8.262854680651799e-05,-0.00024286816187668592,-0.056056633591651917,-0.019297808408737183,-0.061755865812301636,-0.028071317821741104,0.00794142670929432,-0.01420716941356659,-0.17380355298519135,-0.005523329600691795,0.17392709851264954,-0.012790736742317677,-0.026864901185035706,-0.00501513434574008,0.12674516439437866,0.043841321021318436,-0.005523329600691795,0.17392709851264954,-0.012790736742317677,-0.026864901185035706,-0.00501513434574008,0.12674516439437866,0.043841321021318436,-0.005523329600691795,0.17392709851264954,-0.012790736742317677,-0.026864901185035706,-0.00501513434574008,0.12674516439437866,0.043841321021318436
9.578999999999994,0.019394997507333755,0.019394997507333755,nan,nan,nan,nan,-0.06207232177257538,0.0,9.313225746154785e-10,0.4923652410507202,0.0,0.0,0.0,0.0,0.00800000037997961,0.020999999716877937,100.0,0.03709033131599426,2.3044216632843018,0.3909720182418823,18.620386123657227,-0.005383295938372612,-0.055142153054475784,-0.04975885525345802,-0.21194098889827728,0.5626537799835205,0.010640795342624187,0.22269485890865326,9.0,1.0,0.0,0.0,0.019394997507333755,0.0,0.25,0.007713631261140108,0.08155088126659393,0.17225705087184906,0.07855531573295593,0.012493872083723545,0.04750273376703262,0.014669169671833515,0.21184483170509338,0.03474731743335724,0.07339553534984589,0.033470962196588516,0.005323407240211964,0.02024003304541111,0.006250261329114437,0.09026315063238144,0.0850314348936081,0.248183935880661,0.08333587646484375,0.031486716121435165,0.03884165734052658,0.0706726685166359,0.18045105040073395,3.4026311368506867e-06,-0.00017991258937399834,3.3091985187638784e-06,0.00015656360483262688,3.116284119641932e-07,-0.000336829834850505,6.692233000649139e-06,-0.04875935614109039,-0.1571480631828308,-0.050147153437137604,0.07721222937107086,-0.022807661443948746,-0.18907427787780762,-0.08828972280025482,0.0362720787525177,0.0910358726978302,0.033188723027706146,0.10869894176721573,0.016033995896577835,-0.11840160936117172,0.09216132760047913,0.0362720787525177,0.0910358726978302,0.033188723027706146,0.10869894176721573,0.016033995896577835,-0.11840160936117172,0.09216132760047913,0.0362720787525177,0.0910358726978302,0.033188723027706146,0.10869894176721573,0.016033995896577835,-0.11840160936117172,0.09216132760047913
9.631999999999998,0.012434716336429119,0.012434716336429119,nan,nan,nan,nan,-0.06537380069494247,1.0,9.313225746154785e-10,0.6411229372024536,0.0,0.0,0.0,0.0,0.004999999888241291,0.007000000216066837,100.0,0.03709033131599426,1.6703158617019653,0.021821819245815277,12.13062572479248,0.008036486804485321,-0.09879220277070999,-0.10682868957519531,-0.9943258166313171,0.8488690853118896,0.016815874725580215,0.1990789771080017,9.0,1.0,0.0,0.0,0.012434716336429119,0.0,0.25,0.006652818061411381,0.06107288599014282,0.11769086122512817,0.049704913049936295,0.09228925406932831,-0.12741316854953766,-0.1363389492034912,0.16312159597873688,0.03696823492646217,0.07123985141515732,0.030087048187851906,0.055863916873931885,-0.07712489366531372,-0.08252778649330139,0.09873968362808228,0.09022288024425507,0.20880788564682007,0.07928524166345596,0.09613945335149765,-0.09861905127763748,-0.09346463531255722,0.2216426581144333,-0.0001659868867136538,-0.00023074107593856752,0.0002030980831477791,0.00014256573922466487,-5.821856348120491e-07,-0.0003740575339179486,3.746764923562296e-05,-0.016850069165229797,-0.12454434484243393,-0.010860741138458252,0.047273702919483185,0.06783702969551086,-0.11566830426454544,-0.046448782086372375,0.07337281107902527,0.08426354080438614,0.06842450052499771,0.14341315627098083,-0.03078201785683632,-0.20913293957710266,0.1751938760280609,0.07337281107902527,0.08426354080438614,0.06842450052499771,0.14341315627098083,-0.03078201785683632,-0.20913293957710266,0.1751938760280609,0.07337281107902527,0.08426353335380554,0.06842450052499771,0.14341315627098083,-0.03078201785683632,-0.20913295447826385,0.1751938760280609
9.662999999999997,0.011616420932114124,0.011616420932114124,nan,nan,nan,nan,-0.10538364946842194,1.0,-1.862645149230957e-09,0.6347773671150208,0.0,0.0,0.0,0.0,0.007000000216066837,0.004999999888241291,100.0,0.028620196506381035,0.6232894659042358,0.011986121535301208,10.127098083496094,0.0073077864944934845,-0.06252972036600113,-0.06983751058578491,-0.16365908086299896,0.28517401218414307,0.016320545226335526,0.11470343917608261,9.0,1.0,0.0,0.0,0.011616420932114124,0.0,0.25,0.004671195056289434,0.0127033069729805,0.2151631861925125,0.010442552156746387,-0.019865291193127632,-0.0549483448266983,0.1976996511220932,-0.03058241493999958,0.007622545585036278,0.12910741567611694,0.006265992298722267,-0.011920051649212837,-0.03297143429517746,0.11862852424383163,-0.01835079863667488,0.054077353328466415,0.27252402901649475,0.04694982245564461,0.031125377863645554,-0.09168581664562225,0.11125871539115906,0.08382818847894669,1.6375674022128806e-05,-0.0002464599092490971,2.0405841496540233e-05,0.00013615944772027433,1.092363504540117e-06,-0.00038314342964440584,3.575265145627782e-05,0.020529713481664658,-0.18944086134433746,0.021000023931264877,0.10898782312870026,0.029549382627010345,-0.31386345624923706,0.0740223154425621,0.07460706681013107,0.08308316767215729,0.06794984638690948,0.1401132047176361,-0.06213643401861191,-0.2026047557592392,0.1578505039215088,0.07460706681013107,0.08308316767215729,0.06794984638690948,0.1401132047176361,-0.06213643401861191,-0.2026047557592392,0.1578505039215088,0.07460706681013107,0.08308316767215729,0.06794984638690948,0.1401132047176361,-0.06213643401861191,-0.2026047557592392,0.1578505039215088
9.723999999999997,0.013797665946185589,0.013797665946185589,nan,nan,nan,nan,-0.07480490952730179,0.0,-4.656612873077393e-10,0.6199390292167664,0.0,0.0,0.0,0.0,0.004000000189989805,0.007000000216066837,100.0,0.02941320650279522,0.9006401300430298,0.010711140930652618,12.88660717010498,0.0069898818619549274,-0.015471139922738075,-0.022461023181676865,0.31160640716552734,0.4253099262714386,0.01444916520267725,0.1373230516910553,9.0,1.0,0.0,0.0,0.01379766408354044,-1.862645149230957e-09,0.25,0.009086738340556622,0.012679342180490494,0.13863475620746613,0.0023891509044915438,0.03515470027923584,0.011313198134303093,0.15740680694580078,0.21088667213916779,0.006962484680116177,0.07612716406583786,0.0013119312934577465,0.01930416002869606,0.0062123071402311325,0.08643528074026108,0.11580215394496918,0.03435072675347328,0.2349240630865097,0.02269466035068035,0.04281090945005417,-0.031103534623980522,0.17928457260131836,0.21141134202480316,2.0268074877094477e-05,-0.00024188730458263308,1.5937903299345635e-05,0.00013736427354160696,1.697677816991927e-06,-0.00037973205326125026,3.4587090340210125e-05,0.026808571070432663,-0.14961817860603333,0.029599202796816826,0.08827612549066544,-0.021611468866467476,-0.30990076065063477,-0.03048054873943329,0.061159297823905945,0.08530588448047638,0.05229386314749718,0.1310870349407196,-0.052715003490448,-0.1306161880493164,0.18093079328536987,0.061159297823905945,0.08530588448047638,0.05229386314749718,0.1310870349407196,-0.052715003490448,-0.1306161880493164,0.18093079328536987,0.061159297823905945,0.08530588448047638,0.05229386314749718,0.1310870349407196,-0.052715003490448,-0.1306161880493164,0.18093079328536987
9.839999999999996,0.017432216554880142,0.017432216554880142,nan,nan,nan,nan,-0.05641394108533859,1.0,-4.656612873077393e-10,0.5592570304870605,0.0,0.0,0.0,0.0,0.0,0.017000000923871994,100.0,0.03358792886137962,4.103353977203369,0.01893937587738037,10.443999290466309,-0.005626468453556299,-0.02454661764204502,-0.01892014965415001,0.21379707753658295,0.38029301166534424,0.01012324821203947,0.2179669439792633,9.0,1.0,0.0,0.0,0.01743219420313835,-2.2351741790771484e-08,0.25,0.00525653874501586,0.057361189275979996,0.11153377592563629,0.049032751470804214,-0.080861896276474,0.06155819073319435,0.13205556571483612,0.20999756455421448,0.02517891302704811,0.048958178609609604,0.021523112431168556,-0.03549463674426079,0.027021203190088272,0.05796629935503006,0.09217923879623413,0.04348248988389969,0.21838942170143127,0.04204236716032028,0.018885565921664238,0.057155899703502655,0.10349836945533752,0.11547574400901794,-7.313487731153145e-05,-0.00021730466687586159,4.138253643759526e-05,0.00014254884445108473,4.939100151091225e-08,-0.0003601462522055954,-3.212194496882148e-05,-0.03926936537027359,-0.10426308959722519,-0.03966796025633812,0.10888741910457611,-0.04918614402413368,-0.20502693951129913,-0.08017203956842422,0.004213124513626099,0.11412633210420609,0.0023744069039821625,0.1277729868888855,0.007969755679368973,-0.10152857005596161,0.03530370444059372,0.004213124513626099,0.11412633210420609,0.0023744069039821625,0.1277729868888855,0.007969755679368973,-0.10152857005596161,0.03530370444059372,0.0042131207883358,0.11412633210420609,0.0023744029458612204,0.1277729868888855,0.007969755679368973,-0.1015285775065422,0.03530369699001312
9.916999999999994,0.013184181414544582,0.013184181414544582,nan,nan,nan,nan,-0.042753078043460846,0.0,9.313225746154785e-10,0.7815539836883545,0.0,0.0,0.0,0.0,0.0,0.027000000700354576,100.0,0.03896930068731308,1.1807801723480225,0.04303734749555588,10.871383666992188,0.007147666998207569,-0.030585844069719315,-0.03773351013660431,-0.15733464062213898,0.9321700930595398,0.011018969118595123,0.09544394165277481,9.0,1.0,0.0,0.0,0.01318416278809309,-1.862645149230957e-08,0.25,0.003977179992944002,0.01690814085304737,0.1260247677564621,0.012877793051302433,0.16319327056407928,-0.0024631114210933447,-0.1896117776632309,0.10523924231529236,0.007813769392669201,0.058239903301000595,0.005951222497969866,0.07541660964488983,-0.001138279214501381,-0.0876254066824913,0.048634275794029236,0.033703673630952835,0.17992432415485382,0.02919180877506733,0.1402960866689682,0.009798821061849594,-0.1505112648010254,0.1035836935043335,-0.00014149512571748346,-1.0119691751242499e-06,-0.00013137726637069136,8.68739061843371e-06,-1.1119326700281817e-05,-8.686402907187585e-06,-0.00026213694945909083,-0.04086807742714882,-0.021646499633789062,-0.03930360823869705,-0.02501942217350006,-0.001969287171959877,0.05186624079942703,-0.08680892735719681,-0.0071644047275185585,0.15827782452106476,-0.010111800394952297,0.11527666449546814,0.007829533889889717,-0.09864502400159836,0.01677476428449154,-0.0071644047275185585,0.15827782452106476,-0.010111800394952297,0.11527666449546814,0.007829533889889717,-0.09864502400159836,0.01677476428449154,-0.0071644047275185585,0.15827782452106476,-0.010111800394952297,0.11527666449546814,0.007829533889889717,-0.09864502400159836,0.01677476428449154
9.967999999999996,0.013584314845502377,0.013584314845502377,nan,nan,nan,nan,-0.03881831094622612,0.0,-9.313225746154785e-10,0.7541720867156982,0.0,0.0,0.0,0.0,0.003000000026077032,0.013000000268220901,100.0,0.03896930068731308,1.7783697843551636,0.03545451909303665,15.434640884399414,0.010763401165604591,-0.012550263665616512,-0.02331366576254368,0.03077949397265911,0.9532262682914734,0.014144755899906158,0.08559957891702652,9.0,1.0,0.0,0.0,0.013584292493760586,-2.2351741790771484e-08,0.25,0.009077728725969791,0.01690814085304737,0.1260247677564621,0.012877793051302433,0.16319327056407928,-0.0024631114210933447,-0.1896117776632309,0.10523924231529236,0.010115022771060467,0.07539228349924088,0.0077039324678480625,0.09762774407863617,-0.0014735166914761066,-0.11343219131231308,0.06295768171548843,0.03002280555665493,0.18974077701568604,0.02454785630106926,0.20144635438919067,0.0026487570721656084,-0.22809118032455444,0.13616696000099182,-8.923523273551837e-05,-3.5975092487205984e-06,-0.00018430968339089304,2.8591298359970096e-06,-9.613073416403495e-06,-5.388442332332488e-06,-0.0002639594895299524,-0.039591748267412186,-0.01703345775604248,-0.038000572472810745,-0.047669753432273865,0.0007661539129912853,0.06975550949573517,-0.10150797665119171,-0.00956894364207983,0.17270731925964355,-0.013452716171741486,0.1537766009569168,0.0034149109851568937,-0.15833567082881927,0.03465897962450981,-0.00956894364207983,0.17270731925964355,-0.013452716171741486,0.1537766009569168,0.0034149109851568937,-0.15833567082881927,0.03465897962450981,-0.00956894364207983,0.17270731925964355,-0.013452716171741486,0.1537766009569168,0.0034149109851568937,-0.15833567082881927,0.03465897962450981
10.028999999999996,0.015527677722275257,0.015527677722275257,nan,nan,nan,nan,-0.0369686558842659,0.0,-1.3969838619232178e-09,0.5865883827209473,0.0,0.0,0.0,0.0,0.00800000037997961,0.009999999776482582,100.0,0.036412313580513,0.6362190246582031,0.010642223060131073,16.311017990112305,-0.0006446321494877338,0.0033998899161815643,0.004044520668685436,0.19433629512786865,0.8141944408416748,0.013882883824408054,0.1814773678779602,9.0,1.0,0.0,0.0,0.015527655370533466,-2.2351741790771484e-08,0.25,0.005746015347540379,0.03447600081562996,0.09866385161876678,0.030469652265310287,-0.11440756916999817,0.0007080167415551841,0.23962251842021942,0.08740656822919846,0.007099044509232044,0.02031613327562809,0.00627408642321825,-0.023557964712381363,0.00014578959962818772,0.04934130609035492,0.017998117953538895,0.0434524342417717,0.16981473565101624,0.03551727905869484,0.07796498388051987,-0.030537616461515427,-0.042990367859601974,0.13797371089458466,-0.0001380264147883281,-1.0849380487343296e-05,-0.00013083119119983166,1.5974432244547643e-05,-1.2733823496091645e-05,-2.591622615000233e-05,-0.00025692881899885833,-0.045588549226522446,0.004507958889007568,-0.04439360648393631,0.06808791309595108,0.011038580909371376,-0.10433904826641083,-0.08136901259422302,-0.002136114053428173,0.1743226945400238,-0.00887632742524147,0.14605289697647095,-0.01949903555214405,-0.1473294198513031,0.05660469830036163,-0.002136114053428173,0.1743226945400238,-0.00887632742524147,0.14605289697647095,-0.01949903555214405,-0.1473294198513031,0.05660469830036163,-0.002136114053428173,0.1743226945400238,-0.00887632742524147,0.14605289697647095,-0.01949903555214405,-0.1473294198513031,0.05660469830036163
10.097999999999999,0.014555278234183788,0.014555278234183788,nan,nan,nan,nan,-0.06507335603237152,0.0,1.862645149230957e-09,0.45656609535217285,0.0,0.0,0.0,0.0,0.007000000216066837,0.00800000037997961,100.0,0.03356320410966873,1.7774598598480225,0.021887943148612976,14.119187355041504,-0.0005677333101630211,-0.004959498532116413,-0.004391763359308243,-0.12154992669820786,0.3083178997039795,0.011617196723818779,0.18707174062728882,9.0,1.0,0.0,0.0,0.01455527450889349,-3.725290298461914e-09,0.25,0.007128669414669275,0.0836261734366417,0.11463043093681335,0.0667918473482132,-0.05526497960090637,-0.08775889128446579,0.10222851485013962,0.21023526787757874,0.0378812775015831,0.051925696432590485,0.030255606397986412,-0.02503412403166294,-0.03975332900881767,0.04630783200263977,0.09523311257362366,0.0887150913476944,0.16190128028392792,0.07115311920642853,-0.019638126716017723,-0.08759433776140213,0.07332349568605423,0.23353077471256256,-4.560220259008929e-05,-0.00011852312309201807,-0.00013062603829894215,0.00013266410678625107,-4.355988494353369e-06,-0.00025091299903579056,-0.000172046318766661,-0.08710503578186035,-0.05964137613773346,-0.08219295740127563,0.1372613161802292,0.028782512992620468,-0.22065430879592896,-0.1671876311302185,0.0016100592911243439,0.10225990414619446,-0.011039838194847107,0.11762319505214691,-0.05881182476878166,-0.14733082056045532,0.06634315103292465,0.0016100592911243439,0.10225990414619446,-0.011039838194847107,0.11762319505214691,-0.05881182476878166,-0.14733082056045532,0.06634315103292465,0.0016100592911243439,0.10225990414619446,-0.011039838194847107,0.11762319505214691,-0.05881182476878166,-0.14733082056045532,0.06634315103292465
10.180999999999997,0.010867471806704998,0.010867471806704998,nan,nan,nan,nan,-0.05869033932685852,0.0,1.862645149230957e-09,0.6227051019668579,0.0,0.0,0.0,0.0,0.0,0.014999999664723873,100.0,0.030629465356469154,10.460171699523926,0.022319145500659943,31.970333099365234,0.007983233779668808,-0.03072139248251915,-0.03870462626218796,-0.24585378170013428,-0.1542435586452484,0.010222997516393661,0.15423107147216797,9.0,1.0,0.0,0.0,0.010867471806704998,0.0,0.25,0.004150548484176397,-0.019044283777475357,-0.0479591079056263,-0.02471786178648472,-0.17005881667137146,-0.05334683135151863,0.23424625396728516,0.009437856264412403,-0.010816337540745735,-0.027238719165325165,-0.014038685709238052,-0.09658612310886383,-0.030298715457320213,0.1330418437719345,0.005360298324376345,0.025921914726495743,0.07335878163576126,0.015577324666082859,-0.09416623413562775,-0.05763320252299309,0.1795676350593567,0.10819276422262192,7.917073162388988e-06,-0.00018416780221741647,3.394480881979689e-05,0.00016856472939252853,5.8814234762394335e-06,-0.0003534361603669822,3.5852299333782867e-05,0.010121803730726242,-0.03615912050008774,0.008685807697474957,0.17571204900741577,0.005394350737333298,-0.2954924702644348,0.017168737947940826,0.036043718457221985,0.03719966113567352,0.024263132363557816,0.08154581487178802,-0.05223885178565979,-0.11592485010623932,0.12536150217056274,0.036043718457221985,0.03719966113567352,0.024263132363557816,0.08154581487178802,-0.05223885178565979,-0.11592485010623932,0.12536150217056274,0.036043718457221985,0.03719966113567352,0.024263132363557816,0.08154581487178802,-0.05223885178565979,-0.11592485010623932,0.12536150217056274
10.276999999999994,0.01114585343748331,0.01114585343748331,nan,nan,nan,nan,-0.031493447721004486,0.0,-4.656612873077393e-10,0.5932722091674805,0.0,0.0,0.0,0.0,0.010999999940395355,0.014000000432133675,100.0,0.029906220734119415,0.763767421245575,0.010099261999130249,10.486031532287598,0.006346972193568945,-0.0073561398312449455,-0.013703112490475178,0.019884400069713593,0.7613587975502014,0.00928991474211216,0.08896255493164062,9.0,1.0,0.0,0.0,0.011145851574838161,-1.862645149230957e-09,0.25,0.0038068739231675863,0.024199947714805603,0.02332071214914322,0.013379129581153393,-0.0413103848695755,0.017580224201083183,0.20953607559204102,0.2068103700876236,0.009113709442317486,0.008782588876783848,0.005038585513830185,-0.015557506121695042,0.006620719097554684,0.07891137152910233,0.07788486778736115,0.034451454877853394,0.055610541254282,0.020779933780431747,-0.07409913837909698,-0.014331275597214699,0.254843533039093,0.21149568259716034,4.503865784499794e-05,-0.00019365786283742636,-1.2179141776869074e-05,0.000164350145496428,9.425513781025074e-06,-0.0003586043603718281,2.3781676645739935e-05,0.005441773682832718,-0.04617999494075775,0.005980869755148888,0.0827590674161911,-0.021835850551724434,-0.2129298746585846,-0.041246458888053894,0.03989322856068611,0.00943054724484682,0.026760803535580635,0.008659930899739265,-0.03616712614893913,0.04191366583108902,0.17024922370910645,0.03989322856068611,0.00943054724484682,0.026760803535580635,0.008659930899739265,-0.03616712614893913,0.04191366583108902,0.17024922370910645,0.03989322856068611,0.00943054724484682,0.026760803535580635,0.008659930899739265,-0.03616712614893913,0.04191366583108902,0.17024922370910645
10.334999999999994,0.014039282687008381,0.014039282687008381,nan,nan,nan,nan,-0.024254515767097473,0.0,2.3283064365386963e-10,0.5027046799659729,0.0,0.0,0.0,0.0,0.0020000000949949026,0.014000000432133675,100.0,0.03089047223329544,0.9585916996002197,0.01699291169643402,12.539393424987793,-0.0005601129960268736,-0.009229235351085663,-0.008669122122228146,0.2066735029220581,0.9339665174484253,0.008616074919700623,0.14250832796096802,9.0,1.0,0.0,0.0,0.014039278961718082,-3.725290298461914e-09,0.25,0.00495083536952734,0.010335234925150871,0.15119782090187073,0.003649950958788395,0.056209858506917953,0.10379596799612045,0.008922761306166649,0.23023100197315216,0.000786161283031106,0.01150103285908699,0.00027763762045651674,0.0042756665498018265,0.007895356975495815,0.0006787198944948614,0.01751277968287468,0.03374972939491272,0.11214028298854828,0.017810506746172905,0.002225741744041443,-0.010997720062732697,0.09895553439855576,0.22464942932128906,-0.00014867559366393834,-0.00014540851407218724,2.0433348254300654e-05,0.00015460033318959177,-9.920017873810139e-06,-0.0002995530376210809,-0.00012133445125073195,-0.018039420247077942,-0.083892822265625,-0.015039567835628986,0.019567538052797318,-0.02383626252412796,-0.059037234634160995,-0.06539851427078247,0.015710309147834778,0.028247464448213577,0.0027709389105439186,0.02179327979683876,-0.03483398258686066,0.03991829976439476,0.1592509150505066,0.015710309147834778,0.028247464448213577,0.0027709389105439186,0.02179327979683876,-0.03483398258686066,0.03991829976439476,0.1592509150505066,0.015710309147834778,0.028247464448213577,0.0027709389105439186,0.02179327979683876,-0.03483398258686066,0.03991829976439476,0.1592509150505066
10.433,0.012247002683579922,0.012247002683579922,nan,nan,nan,nan,0.015174560248851776,0.0,0.004689113236963749,0.6996305584907532,0.0,0.0,0.0,0.0,0.006000000052154064,0.028999999165534973,100.0,0.03469713777303696,30.953798294067383,0.03877934068441391,45.87115478515625,0.009814317338168621,-0.025065768510103226,-0.030190972611308098,-0.06180276349186897,0.41449427604675293,0.0062087359838187695,0.17083202302455902,9.0,1.0,0.0,0.0,0.012246978469192982,-2.421438694000244e-08,0.25,0.002128444379195571,-0.04899301752448082,-0.07017024606466293,-0.037881042808294296,-0.14400625228881836,-0.05887848138809204,0.0890827402472496,-0.22158664464950562,-0.025302255526185036,-0.036239154636859894,-0.019563518464565277,-0.07437147945165634,-0.030407564714550972,0.04600644111633301,-0.11443757265806198,-0.020048389211297035,0.022323887795209885,-0.01929859258234501,-0.0871550515294075,-0.02266600728034973,0.09802331030368805,-0.026819229125976562,-0.00016005837824195623,-3.995129191025626e-06,-0.00010554723121458665,2.9522783734137192e-05,-1.7683451005723327e-05,-3.155600279569626e-05,-0.00025022169575095177,0.016090204939246178,0.02680615708231926,0.008568032644689083,0.06911791115999222,0.007912706583738327,-0.03319741040468216,0.11698198318481445,-0.0039581842720508575,0.049130044877529144,-0.010730559937655926,-0.018037140369415283,-0.014753300696611404,0.06482589989900589,0.09016275405883789,-0.0039581842720508575,0.049130044877529144,-0.010730559937655926,-0.018037140369415283,-0.014753300696611404,0.06482589989900589,0.09016275405883789,-0.0039581842720508575,0.049130044877529144,-0.010730559937655926,-0.018037140369415283,-0.014753300696611404,0.06482589989900589,0.09016275405883789
10.498999999999995,0.012485054321587086,0.012485054321587086,nan,nan,nan,nan,-0.00666049774736166,0.0,0.00016379496082663536,0.6944279670715332,0.0,0.0,0.0,0.0,-0.0010000000474974513,0.013000000268220901,100.0,0.0356016643345356,1.3521071672439575,0.020023435354232788,13.415142059326172,0.00585100008174777,-0.005406970623880625,-0.011094175279140472,0.01831166259944439,0.9242754578590393,0.006026225630193949,0.07237176597118378,9.0,1.0,0.0,0.0,0.012485030107200146,-2.421438694000244e-08,0.0014605941250920296,0.0032966139260679483,0.008465141989290714,0.09688473492860794,0.00857514888048172,0.16545569896697998,-0.0016723417211323977,-0.23034696280956268,-0.005481320898979902,0.0065262336283922195,0.07469365745782852,0.006611044518649578,0.12755872309207916,-0.001289298408664763,-0.1775868833065033,-0.0042258454486727715,0.0022024777717888355,0.11416144669055939,0.002588048577308655,0.15069925785064697,-0.00984229613095522,-0.21803981065750122,-0.015487756580114365,-0.00014097653911449015,1.4026307326275855e-05,-0.0001269007771043107,1.8023176380665973e-05,-1.582637742103543e-05,-1.5139627294047386e-06,-0.00025367122725583613,-0.005516160279512405,-0.0371982678771019,-0.00805780291557312,-0.09553203731775284,-0.003564567305147648,0.14779244363307953,0.03559385985136032,-0.00331368250772357,0.07696317881345749,-0.005469754338264465,0.055167220532894135,-0.013406863436102867,-0.07024736702442169,0.020106101408600807,-0.00331368250772357,0.07696317881345749,-0.005469754338264465,0.055167220532894135,-0.013406863436102867,-0.07024736702442169,0.020106101408600807,-0.00331368250772357,0.07696317881345749,-0.005469754338264465,0.055167220532894135,-0.013406863436102867,-0.07024736702442169,0.020106101408600807
10.593999999999994,0.012738575227558613,0.012738575227558613,nan,nan,nan,nan,-0.01075192354619503,0.0,0.01673073321580887,0.6833183169364929,0.0,0.0,0.0,0.0,0.0,0.009999999776482582,100.0,0.03553224354982376,0.6218776106834412,0.009495764970779419,10.2567777633667,0.020988157019019127,-0.0010668219765648246,-0.0053242468275129795,0.02535209059715271,0.9850043654441833,0.02524118684232235,0.049434855580329895,9.0,1.0,0.0,0.0,0.012738552875816822,-2.2351741790771484e-08,6.346497684717178e-05,0.0026516178622841835,0.009090760722756386,0.10786736011505127,0.0016140121733769774,0.1782728135585785,-0.016537457704544067,-0.20310211181640625,0.0705282911658287,0.008447451516985893,0.10023410618305206,0.0014997964026406407,0.16565729677677155,-0.015367181971669197,-0.18872956931591034,0.06553734838962555,0.010781127959489822,0.16063585877418518,0.008623699657619,0.2544975280761719,-0.010678604245185852,-0.34314778447151184,0.011896139942109585,-8.406936831306666e-05,1.112274458137108e-05,-0.00018220442871097475,2.4653038053656928e-05,-1.1201265806448646e-05,-1.1110690138593782e-05,-0.00025555642787367105,-0.02700985036790371,-0.01702435314655304,-0.02497164160013199,0.07434391975402832,-0.003278316929936409,-0.009449094533920288,-0.04408261924982071,-0.016228722408413887,0.14361150562763214,-0.016347942873835564,0.3288414478302002,-0.013956921175122261,-0.35259687900543213,-0.03218647837638855,-0.016228722408413887,0.14361150562763214,-0.016347942873835564,0.3288414478302002,-0.013956921175122261,-0.35259687900543213,-0.03218647837638855,-0.016228722408413887,0.14361150562763214,-0.016347942873835564,0.3288414478302002,-0.013956921175122261,-0.35259687900543213,-0.03218647837638855
10.668999999999997,0.014558947645127773,0.014558947645127773,nan,nan,nan,nan,-0.027578895911574364,0.0,1.862645149230957e-09,0.5812973380088806,0.0,0.0,0.0,0.0,0.00800000037997961,0.013000000268220901,100.0,0.034925758838653564,2.0206189155578613,0.010662712156772614,9.746864318847656,0.01763901300728321,0.009243682958185673,-0.008395328186452389,0.14002864062786102,0.9880341291427612,0.027473673224449158,0.2531631886959076,9.0,1.0,0.0,0.0,0.014558921568095684,-2.60770320892334e-08,0.00018597301095724106,0.02222447283565998,0.0005880322423763573,0.14147058129310608,0.008804470300674438,0.14780613780021667,0.022631121799349785,-0.20299071073532104,-0.07965023070573807,7.38259996069246e-06,0.0017761281924322248,0.00011053794878534973,0.001855669659562409,0.0002841281529981643,-0.002548498334363103,-0.0009999889880418777,0.013589344918727875,0.18112394213676453,0.010891620069742203,0.23631684482097626,-0.011637679301202297,-0.2991960346698761,0.01375751942396164,-0.0001404597278451547,-5.673101100001077e-07,-0.00011501251719892025,5.026755388826132e-05,-1.7091890185838565e-05,-4.841120608034544e-05,-0.00024099888105411083,-0.022214526310563087,-0.000708267092704773,-0.0223018079996109,0.11366169154644012,-0.006745689548552036,-0.08312049508094788,-0.027014313265681267,-0.008625181391835213,0.18041567504405975,-0.011410187929868698,0.3499785363674164,-0.018383368849754333,-0.382316529750824,-0.013256793841719627,-0.008625181391835213,0.18041567504405975,-0.011410187929868698,0.3499785363674164,-0.018383368849754333,-0.382316529750824,-0.013256793841719627,-0.008625181391835213,0.18041567504405975,-0.011410187929868698,0.3499785363674164,-0.018383368849754333,-0.382316529750824,-0.013256793841719627
10.710999999999999,0.015225985087454319,0.015225985087454319,nan,nan,nan,nan,-0.018292296677827835,0.0,3.725290298461914e-09,0.5610339045524597,0.0,0.0,0.0,0.0,0.004000000189989805,0.013000000268220901,100.0,0.034781280905008316,1.3096249103546143,0.01162756234407425,10.914482116699219,0.00433989055454731,0.009739905595779419,0.0054000187665224075,0.051310569047927856,0.9739292860031128,0.03244619071483612,0.2518583834171295,9.0,1.0,0.0,0.0,0.015225962735712528,-2.2351741790771484e-08,-0.0001031830906867981,0.010766011662781239,0.02726156823337078,0.16912321746349335,0.014016564004123211,0.1437869668006897,-0.0033071832731366158,-0.12150220572948456,0.15814316272735596,0.0003048261860385537,0.0018910571234300733,0.00015672670269850641,0.0016077590407803655,-3.697938518598676e-05,-0.0013585812412202358,0.0017682831967249513,0.014916062355041504,0.17271095514297485,0.01168883591890335,0.19106288254261017,-0.00021962553728371859,-0.22687563300132751,0.03519657626748085,0.00016299136041197926,-2.083911203953903e-05,-0.00040553646977059543,7.442518835887313e-05,1.1784187336161267e-05,-9.262951789423823e-05,-0.000250073877396062,-0.0005428465083241463,0.035546258091926575,0.0018593668937683105,0.24250183999538422,0.001093683997169137,-0.20800656080245972,-0.019658781588077545,0.014373215846717358,0.20825721323490143,0.013548202812671661,0.4335647225379944,0.0008740584016777575,-0.43488219380378723,0.01553779374808073,0.014373215846717358,0.20825721323490143,0.013548202812671661,0.4335647225379944,0.0008740584016777575,-0.43488219380378723,0.01553779374808073,0.014373215846717358,0.20825721323490143,0.013548202812671661,0.4335647225379944,0.0008740584016777575,-0.43488219380378723,0.01553779374808073
10.772999999999996,0.015842586755752563,0.015842586755752563,nan,nan,nan,nan,-0.03649217635393143,0.0,0.0011525275185704231,0.5625379681587219,0.0,0.0,0.0,0.0,0.007000000216066837,0.007000000216066837,100.0,0.03517373651266098,1.0754140615463257,0.012109987437725067,30.750097274780273,0.00704363826662302,0.011456229723989964,0.0055651189759373665,0.08808594942092896,0.6490767598152161,0.035981159657239914,0.30021384358406067,9.0,1.0,0.0,0.0,0.015842560678720474,-2.60770320892334e-08,-0.0008712923154234886,0.013512834906578064,0.03709696978330612,0.22226500511169434,0.027109092101454735,-0.030736424028873444,-0.03801695257425308,0.1785317212343216,0.0649891123175621,0.008580032736063004,0.051406923681497574,0.00626996997743845,-0.007108923047780991,-0.008792812004685402,0.04129199683666229,0.015031112357974052,0.028792621567845345,0.21172404289245605,0.020641472190618515,0.0915340706706047,-0.019369734451174736,-0.03193701058626175,0.0688905268907547,0.00026715657440945506,-2.418737130938098e-05,-0.0005065720761194825,7.48814782127738e-05,2.2410720703192055e-05,-9.610255074221641e-05,-0.000254922138992697,-0.009048417210578918,0.027237743139266968,-0.0029259249567985535,0.41847729682922363,0.02469523996114731,-0.4135173261165619,-0.030413974076509476,0.019744204357266426,0.23896178603172302,0.01771554723381996,0.5100113749504089,0.005325506441295147,-0.44545432925224304,0.038476552814245224,0.019744204357266426,0.23896178603172302,0.01771554723381996,0.5100113749504089,0.005325506441295147,-0.44545432925224304,0.038476552814245224,0.019744204357266426,0.23896178603172302,0.01771554723381996,0.5100113749504089,0.005325506441295147,-0.44545432925224304,0.038476552814245224
10.824999999999996,0.01645432412624359,0.01645432412624359,nan,nan,nan,nan,-0.023989886045455933,0.0,0.0017345370724797249,0.6739513278007507,0.0,0.0,0.0,0.0,0.003000000026077032,0.00800000037997961,100.0,0.036206066608428955,0.9281048774719238,0.012421980500221252,14.643241882324219,0.011290140450000763,0.006739933509379625,-0.0028156698681414127,0.07646716386079788,0.9375085830688477,0.022574489936232567,0.36957186460494995,9.0,1.0,0.0,0.0,0.016454298049211502,-2.60770320892334e-08,0.0013480344787240028,0.01561546791344881,-0.006078556180000305,0.11100257933139801,-0.0027068990748375654,0.17840084433555603,-0.00032194703817367554,-0.2100897580385208,-0.04085923731327057,-0.0018971820827573538,0.03464508429169655,-0.0008448520093224943,0.05568080022931099,-0.00010048309195553884,-0.06557124853134155,-0.012752601876854897,0.016500821337103844,0.1867249608039856,0.012236380949616432,0.14035679399967194,-0.005311049986630678,-0.11978413164615631,0.0409184955060482,0.0002890742907766253,-1.5816518498468213e-05,-0.0005384209216572344,4.557574811769882e-06,2.637274155858904e-05,-1.6559626601519994e-05,-0.0002666818327270448,-0.02374233305454254,0.0257645845413208,-0.024817463010549545,0.16303758323192596,-0.0030172322876751423,-0.1378246694803238,-0.04267529770731926,-0.007241511717438698,0.2124895453453064,-0.012581082992255688,0.3033943772315979,-0.00832828227430582,-0.2576088011264801,-0.0017568022012710571,-0.007241511717438698,0.2124895453453064,-0.012581082992255688,0.3033943772315979,-0.00832828227430582,-0.2576088011264801,-0.0017568022012710571,-0.007241511717438698,0.2124895453453064,-0.012581082992255688,0.3033943772315979,-0.00832828227430582,-0.2576088011264801,-0.0017568022012710571
10.867999999999995,0.015810944139957428,0.015810944139957428,nan,nan,nan,nan,-0.007912014611065388,0.0,-1.862645149230957e-09,0.6579332947731018,0.0,0.0,0.0,0.0,0.006000000052154064,0.008999999612569809,100.0,0.03934609144926071,0.7148627042770386,0.010143965482711792,10.19376277923584,0.004992300644516945,-0.005087720230221748,-0.010080022737383842,-0.07148666679859161,0.9840684533119202,0.01897214725613594,0.3262396454811096,9.0,1.0,0.0,0.0,0.01581091806292534,-2.60770320892334e-08,0.001289387233555317,0.010165859013795853,-0.006078556180000305,0.11100257933139801,-0.0027068990748375654,0.17840084433555603,-0.00032194703817367554,-0.2100897580385208,-0.04085923731327057,-0.0018325261771678925,0.03346438333392143,-0.0008160594734363258,0.053783200681209564,-9.705864067655057e-05,-0.06333658844232559,-0.012317994609475136,0.0033346805721521378,0.16574721038341522,0.003755014156922698,0.1922031193971634,-0.0026955907233059406,-0.20521247386932373,-0.010090498253703117,-0.00013073705486021936,-4.660451668314636e-05,-0.0001139472660725005,-5.28724558535032e-05,-1.9666438674903475e-05,9.882557606033515e-06,-0.00022832224203739315,-0.008327379822731018,-0.03183448314666748,-0.01096508651971817,0.041271135210990906,-0.0025614784099161625,-0.06187868118286133,0.0004844069480895996,-0.004992698784917593,0.13391272723674774,-0.007210072595626116,0.2334742546081543,-0.005257069133222103,-0.26709115505218506,-0.009606091305613518,-0.004992698784917593,0.13391272723674774,-0.007210072595626116,0.2334742546081543,-0.005257069133222103,-0.26709115505218506,-0.009606091305613518,-0.004992698784917593,0.13391272723674774,-0.007210072595626116,0.2334742546081543,-0.005257069133222103,-0.26709115505218506,-0.009606091305613518
10.925999999999995,0.01570163294672966,0.01570163294672966,nan,nan,nan,nan,-0.007076048757880926,0.0,-9.313225746154785e-10,0.6388267874717712,0.0,0.0,0.0,0.0,0.003000000026077032,0.010999999940395355,100.0,0.04014591500163078,7.602879047393799,0.028108246624469757,11.975404739379883,0.005220422521233559,-0.005632132291793823,-0.010852555744349957,-0.009937380440533161,0.630018413066864,0.031010203063488007,0.24974410235881805,9.0,1.0,0.0,0.0,0.01570161059498787,-2.2351741790771484e-08,-0.0019179731607437134,0.010653023608028889,0.004869428463280201,0.11569990962743759,-0.00287312432192266,0.19160966575145721,-0.01290807593613863,-0.1935800164937973,0.047195978462696075,0.002103340346366167,0.04997635260224342,-0.0012410404160618782,0.08276543021202087,-0.005575618240982294,-0.08361651003360748,0.020386213436722755,0.0034564509987831116,0.1615334302186966,-0.0011002940591424704,0.23616667091846466,-0.009954390116035938,-0.24821576476097107,0.021223770454525948,5.259370300336741e-05,-9.3532566097565e-05,-0.00029153467039577663,-0.00011944279685849324,2.6040916054625995e-06,3.057257708860561e-05,-0.00023846543626859784,0.0010945070534944534,-0.3631674647331238,0.006857790984213352,-0.05578528344631195,0.024375926703214645,-0.30962666869163513,-0.024231823161244392,0.004550958052277565,-0.201634019613266,0.005757496692240238,0.1803813874721527,0.014421537518501282,-0.5578424334526062,-0.003008053172379732,0.004550958052277565,-0.201634019613266,0.005757496692240238,0.1803813874721527,0.014421537518501282,-0.5578424334526062,-0.003008053172379732,0.004550958052277565,-0.201634019613266,0.005757496692240238,0.1803813874721527,0.014421537518501282,-0.5578424334526062,-0.003008053172379732
11.041999999999994,0.01586131751537323,0.01586131751537323,nan,nan,nan,nan,-0.009872234426438808,0.0,-9.313225746154785e-10,0.7954770922660828,0.0,0.0,0.0,0.0,0.012000000104308128,0.032999999821186066,100.0,0.0400872640311718,1.8871268033981323,0.018637627363204956,16.715028762817383,0.012045880779623985,0.0012290162267163396,-0.010816865600645542,0.004838926251977682,0.9052057266235352,0.022181415930390358,0.3133772313594818,9.0,1.0,0.0,0.0,0.01586129516363144,-2.2351741790771484e-08,0.0002046339213848114,0.013881589286029339,0.004853723105043173,0.15321741998195648,0.0016163397813215852,0.19272679090499878,0.005033715628087521,-0.168993279337883,0.027759192511439323,0.0025348379276692867,0.08001720160245895,0.0008441271493211389,0.10065082460641861,0.00262883841060102,-0.08825608342885971,0.014497130177915096,0.00599465798586607,0.17968986928462982,-0.0020734837744385004,0.2711910009384155,-0.011625124141573906,-0.27080440521240234,0.04893580079078674,-0.0005122606526128948,-2.4405799194937572e-05,0.0002700132899917662,-2.570321157691069e-05,-7.001899211900309e-05,3.867752639052924e-06,-0.00019013644487131387,-0.011680149473249912,-0.14797185361385345,-0.005512739531695843,-0.03900827467441559,0.006269448436796665,-0.10554373264312744,-0.03731591999530792,-0.0056854914873838425,0.031718019396066666,-0.007586223538964987,0.23218272626399994,-0.005355675704777241,-0.3763481378555298,0.011619878932833672,-0.0056854914873838425,0.031718019396066666,-0.007586223538964987,0.23218272626399994,-0.005355675704777241,-0.3763481378555298,0.011619878932833672,-0.0056854914873838425,0.031718019396066666,-0.007586223538964987,0.23218272626399994,-0.005355675704777241,-0.3763481378555298,0.011619878932833672
11.085999999999999,0.01614448055624962,0.01614448055624962,nan,nan,nan,nan,-0.00846678577363491,0.0,-9.313225746154785e-10,0.825152575969696,0.0,0.0,0.0,0.0,0.008999999612569809,0.008999999612569809,100.0,0.04239259287714958,0.6313081979751587,0.009300187230110168,14.921727180480957,0.010366846807301044,0.004525176249444485,-0.005841671489179134,0.03146256133913994,0.9840587973594666,0.021117202937602997,0.3005106449127197,9.0,1.0,0.0,0.0,0.01614445447921753,-2.60770320892334e-08,0.0038352524861693382,0.012026997283101082,-0.0027863618452101946,0.10738714039325714,0.00041048330604098737,0.17767217755317688,0.0034346282482147217,-0.21443673968315125,-0.02996251732110977,-0.0010686342138797045,0.04118545353412628,0.0001574298512423411,0.0681413933634758,0.0013172595063224435,-0.08224145323038101,-0.011491319164633751,0.0008264282951131463,0.16302993893623352,-0.0006865484756417572,0.2573464512825012,-0.0030284859240055084,-0.2837882936000824,0.001519851852208376,-0.0005158019484952092,-1.8061671653413214e-05,0.0002730819396674633,4.574898866849253e-06,-7.226581510622054e-05,-2.0055142158525996e-05,-0.00019035903096664697,-0.004505777265876532,-0.06021464616060257,-0.00500719528645277,-0.009908676147460938,-0.002757131587713957,-0.04241344332695007,0.008154820650815964,-0.003679349087178707,0.10281529277563095,-0.00569374393671751,0.24743777513504028,-0.005785617511719465,-0.32620173692703247,0.009674672037363052,-0.003679349087178707,0.10281529277563095,-0.00569374393671751,0.24743777513504028,-0.005785617511719465,-0.32620173692703247,0.009674672037363052,-0.003679349087178707,0.10281529277563095,-0.00569374393671751,0.24743777513504028,-0.005785617511719465,-0.32620173692703247,0.009674672037363052
11.131999999999998,0.016641318798065186,0.016641318798065186,nan,nan,nan,nan,-0.006738975644111633,0.0,0.0,0.8173779845237732,0.0,0.0,0.0,0.0,-0.0010000000474974513,0.010999999940395355,100.0,0.04472311586141586,1.4965357780456543,0.022571533918380737,12.604474067687988,0.008890310302376747,0.007053506560623646,-0.0018368037417531013,0.04516711086034775,0.996355414390564,0.020963968709111214,0.2843663990497589,9.0,1.0,0.0,0.0,0.016641288995742798,-2.9802322387695312e-08,0.002868988551199436,0.011738497763872147,0.0013668278697878122,0.1195874810218811,-0.003361562266945839,0.1935296505689621,-0.0021505618933588266,-0.1929895430803299,0.03134244680404663,0.0005934471264481544,0.05192229524254799,-0.001459517632611096,0.08402638882398605,-0.0009337274823337793,-0.08379188925027847,0.01360821258276701,-0.0005573757807724178,0.1604606956243515,-0.0010088556446135044,0.25836122035980225,-0.0004072169540449977,-0.2883356809616089,-0.005258550867438316,-0.0003836852265521884,-3.3940348657779396e-05,0.0001428036339348182,-4.885293492407072e-06,-5.6683129514567554e-05,-2.596306148916483e-05,-0.00020006837439723313,-0.004025480709969997,-0.028656601905822754,-0.00405943812802434,-0.006137877702713013,-0.0032165185548365116,-0.01944538950920105,0.0009573283605277538,-0.0045828563161194324,0.13180409371852875,-0.005068293772637844,0.25222334265708923,-0.003623735625296831,-0.30778107047080994,-0.0043012225069105625,-0.0045828563161194324,0.13180409371852875,-0.005068293772637844,0.25222334265708923,-0.003623735625296831,-0.30778107047080994,-0.0043012225069105625,-0.0045828563161194324,0.13180409371852875,-0.005068293772637844,0.25222334265708923,-0.003623735625296831,-0.30778107047080994,-0.0043012225069105625
11.205999999999996,0.01778322085738182,0.01778322085738182,nan,nan,nan,nan,-0.0034097933676093817,0.0,9.666522964835167e-05,0.723324179649353,0.0,0.0,0.0,0.0,-0.0010000000474974513,0.020999999716877937,100.0,0.048865679651498795,2.087459087371826,0.013774260878562927,30.51721954345703,0.00399032374843955,0.00968486163765192,0.005791203118860722,0.05437628924846649,0.9980770945549011,0.020507099106907845,0.3903534710407257,9.0,1.0,0.0,0.0,0.01778319478034973,-2.60770320892334e-08,0.005543633364140987,0.011376999318599701,0.0013668278697878122,0.1195874810218811,-0.003361562266945839,0.1935296505689621,-0.0021505618933588266,-0.1929895430803299,0.03134244680404663,0.0004112851747777313,0.035984452813863754,-0.0010115103796124458,0.05823401361703873,-0.0006471145316027105,-0.05807149037718773,0.009431094862520695,0.0009824756998568773,0.15912756323814392,-0.0032484736293554306,0.2570582628250122,-0.0019949134439229965,-0.2670752704143524,0.025159621611237526,-0.00012887643242720515,-5.9217567468294874e-05,-0.00010891792771872133,-2.6791565687744878e-05,-2.755012974375859e-05,-2.845040762622375e-05,-0.00021797527733724564,-0.0031281602568924427,-0.009962618350982666,-0.0011524362489581108,-0.0019720494747161865,-0.0005611232481896877,-0.01715552806854248,-0.016246190294623375,-0.0021456845570355654,0.14916494488716125,-0.004400909878313541,0.255086213350296,-0.0025560366921126842,-0.2842307984828949,0.008913431316614151,-0.0021456845570355654,0.14916494488716125,-0.004400909878313541,0.255086213350296,-0.0025560366921126842,-0.2842307984828949,0.008913431316614151,-0.0021456845570355654,0.14916494488716125,-0.004400909878313541,0.255086213350296,-0.0025560366921126842,-0.2842307984828949,0.008913431316614151
11.251999999999995,0.018653135746717453,0.018653135746717453,nan,nan,nan,nan,0.009095970541238785,0.0,0.0048599448055028915,0.5989093780517578,0.0,0.0,0.0,0.0,0.007000000216066837,0.008999999612569809,100.0,0.05072491988539696,0.7692845463752747,0.010858289897441864,12.927545547485352,0.0032469118013978004,0.004313313402235508,0.005926346406340599,0.09665721654891968,0.9938755035400391,0.01991235837340355,0.39324983954429626,9.0,1.0,0.0,0.0,0.018653109669685364,-2.60770320892334e-08,0.005593319423496723,0.010720507241785526,0.00364309991709888,0.050258487462997437,-0.00965189840644598,0.17143632471561432,-0.036681339144706726,-0.22503617405891418,0.0773979127407074,0.0009637746261432767,0.013295779936015606,-0.0025533901061862707,0.04535312578082085,-0.009703973308205605,-0.059532858431339264,0.02047545835375786,0.003008135361596942,0.10625464469194412,-0.008256800472736359,0.23533794283866882,-0.026775063946843147,-0.27762162685394287,0.06581496447324753,0.00027770872111432254,-0.00020839250646531582,-0.0005059344111941755,-0.00017773157742340118,2.363567728025373e-05,-2.3886070266598836e-05,-0.00024386007862631232,-0.0025678114034235477,0.026624731719493866,0.002268402837216854,0.01225823163986206,0.014176473952829838,-0.0020747482776641846,-0.030981548130512238,0.0004403239581733942,0.132879376411438,-0.0059883976355195045,0.24759617447853088,-0.01259858999401331,-0.27969637513160706,0.03483341634273529,0.0004403239581733942,0.132879376411438,-0.0059883976355195045,0.24759617447853088,-0.01259858999401331,-0.27969637513160706,0.03483341634273529,0.0004403239581733942,0.132879376411438,-0.0059883976355195045,0.24759617447853088,-0.01259858999401331,-0.27969637513160706,0.03483341634273529
11.296999999999997,0.018921099603176117,0.018921099603176117,nan,nan,nan,nan,0.008087383583188057,0.0,0.007225076202303171,0.589040219783783,0.0,0.0,0.0,0.0,0.003000000026077032,0.009999999776482582,100.0,0.05075216665863991,1.8983874320983887,0.03171991556882858,13.312785148620605,0.004408030305057764,0.005215337034314871,0.008032383397221565,0.026796385645866394,0.9964215159416199,0.01955929771065712,0.39188647270202637,9.0,1.0,0.0,0.0,0.018921073526144028,-2.60770320892334e-08,0.005471696145832539,0.010299147106707096,0.01639738865196705,0.06255710124969482,0.005113136954605579,0.1745058000087738,-0.04653891921043396,-0.2268185168504715,0.041554830968379974,0.004233598243445158,0.01615145057439804,0.0013201473047956824,0.04505518823862076,-0.012015759013593197,-0.058561671525239944,0.010728931054472923,0.011515563353896141,0.09376278519630432,-0.001243359292857349,0.22945071756839752,-0.04227175936102867,-0.283374160528183,0.059777647256851196,0.0002477821835782379,-0.00021698808996006846,-0.00047305048792622983,-0.00018958773580379784,2.1305606423993595e-05,-2.0593248336808756e-05,-0.0002391906746197492,-0.006887783762067556,0.022225618362426758,-0.0035195276141166687,0.010580003261566162,0.017526187002658844,0.0022100508213043213,-0.012344695627689362,0.004627779591828585,0.11598840355873108,-0.0047628870233893394,0.24003072082996368,-0.024745572358369827,-0.28116410970687866,0.047432951629161835,0.004627779591828585,0.11598840355873108,-0.0047628870233893394,0.24003072082996368,-0.024745572358369827,-0.28116410970687866,0.047432951629161835,0.004627779591828585,0.11598840355873108,-0.0047628870233893394,0.24003072082996368,-0.024745572358369827,-0.28116410970687866,0.047432951629161835
11.340999999999994,0.019210096448659897,0.019210096448659897,nan,nan,nan,nan,0.008147177286446095,0.0,0.008536411449313164,0.5843342542648315,0.0,0.0,0.0,0.0,0.004000000189989805,0.013000000268220901,100.0,0.04991691932082176,0.5770791172981262,0.010505318641662598,9.964694023132324,0.0044030300341546535,0.005486655980348587,0.009620037861168385,0.022230524569749832,0.9984573721885681,0.018981849774718285,0.3302523195743561,9.0,1.0,0.0,0.0,0.019210074096918106,-2.2351741790771484e-08,0.006120224483311176,0.009678459726274014,0.01639738865196705,0.06255710124969482,0.005113136954605579,0.1745058000087738,-0.04653891921043396,-0.2268185168504715,0.041554830968379974,0.004969073459506035,0.018957339227199554,0.0015494879335165024,0.05288233235478401,-0.014103179797530174,-0.06873521208763123,0.012592798098921776,0.016661450266838074,0.08391118049621582,0.0032215695828199387,0.2209649533033371,-0.05120351165533066,-0.2811371982097626,0.054716385900974274,-0.00010735131218098104,-0.0002190145169151947,-0.00011186449410161003,-0.0001956058549694717,-2.653031697263941e-05,-1.7140609998023137e-05,-0.00020103192946407944,-0.005801152437925339,0.0137968510389328,-0.004020599648356438,0.007346630096435547,0.012430492788553238,0.001618117094039917,-0.0027520321309566498,0.010860297828912735,0.09770803153514862,-0.000799030065536499,0.22831158339977264,-0.03877301886677742,-0.27951908111572266,0.051964353770017624,0.010860297828912735,0.09770803153514862,-0.000799030065536499,0.22831158339977264,-0.03877301886677742,-0.27951908111572266,0.051964353770017624,0.010860297828912735,0.09770803153514862,-0.000799030065536499,0.22831158339977264,-0.03877301886677742,-0.27951908111572266,0.051964353770017624
11.441999999999993,0.019648056477308273,0.019648056477308273,nan,nan,nan,nan,0.009853297844529152,0.0,0.009914892725646496,0.5188829898834229,0.0,0.0,0.0,0.0,0.007000000216066837,0.012000000104308128,100.0,0.049823958426713943,16.298873901367188,0.023147091269493103,30.812461853027344,0.0031090155243873596,0.0006904504261910915,0.007496327627450228,0.03649666905403137,0.9995149374008179,0.018800528720021248,0.2278524488210678,9.0,1.0,0.0,0.0,0.019648030400276184,-2.60770320892334e-08,0.005607490427792072,0.00951816514134407,0.01639738865196705,0.06255710124969482,0.005113136954605579,0.1745058000087738,-0.04653891921043396,-0.2268185168504715,0.041554830968379974,0.005789828486740589,0.02208857238292694,0.0018054209649562836,0.06161704659461975,-0.016432639211416245,-0.08008838444948196,0.014672784134745598,0.0192712415009737,0.0815182626247406,0.005233437288552523,0.22224634885787964,-0.05623430386185646,-0.28648561239242554,0.05374796316027641,9.966860670829192e-05,-0.0003120870387647301,-0.0003027274797204882,-0.0002993014350067824,4.250060555932578e-06,-4.864838956564199e-06,-0.0002056711819022894,-0.003849377855658531,0.005941540002822876,-0.0028266869485378265,0.0003596991300582886,0.008026856929063797,0.005701154470443726,-0.0010898448526859283,0.01542186364531517,0.08745980262756348,0.002406750340014696,0.22260604798793793,-0.048207446932792664,-0.2807844579219818,0.052658118307590485,0.01542186364531517,0.08745980262756348,0.002406750340014696,0.22260604798793793,-0.048207446932792664,-0.2807844579219818,0.052658118307590485,0.01542186364531517,0.08745980262756348,0.002406750340014696,0.22260604798793793,-0.048207446932792664,-0.2807844579219818,0.052658118307590485
11.549999999999997,0.01989699900150299,0.01989699900150299,nan,nan,nan,nan,0.004520530346781015,0.0,0.008542762137949467,0.592404842376709,0.0,0.0,0.0,0.0,0.004999999888241291,0.012000000104308128,100.0,0.05053136497735977,1.2355717420578003,0.01766066998243332,37.3037223815918,0.0016046054661273956,0.00557469530031085,0.012512851506471634,0.020745210349559784,0.9901385307312012,0.019814621657133102,0.1973986029624939,9.0,1.0,0.0,0.0,0.019896969199180603,-2.9802322387695312e-08,0.006977980025112629,0.008045719936490059,-0.0001480769133195281,0.14200440049171448,0.004307953640818596,0.1786845624446869,-0.006646965630352497,-0.1879551112651825,-0.05016660690307617,-9.406623576069251e-05,0.09020864963531494,0.0027366383001208305,0.11350981891155243,-0.004222501534968615,-0.11939895898103714,-0.03186846524477005,0.007026055362075567,0.17101216316223145,0.006215387489646673,0.25972679257392883,-0.027514923363924026,-0.29282012581825256,-0.029690634459257126,-0.00011873040057253093,-0.00021170498803257942,-9.88636675174348e-05,-0.0001831109548220411,-3.0476876418106258e-05,-2.191979183407966e-05,-0.00019734124362003058,0.004777307156473398,-0.04473200440406799,-0.0016494099982082844,-0.020360246300697327,-0.011713307350873947,0.0065705180168151855,0.04257733374834061,0.011803362518548965,0.12628015875816345,0.004565977491438389,0.2393665462732315,-0.039228230714797974,-0.2862496078014374,0.012886697426438332,0.011803362518548965,0.12628015875816345,0.004565977491438389,0.2393665462732315,-0.039228230714797974,-0.2862496078014374,0.012886697426438332,0.011803362518548965,0.12628015875816345,0.004565977491438389,0.2393665462732315,-0.039228230714797974,-0.2862496078014374,0.012886697426438332
11.660999999999994,0.020376242697238922,0.020376242697238922,nan,nan,nan,nan,-0.002167554572224617,0.0,0.001730884425342083,0.4550950229167938,0.0,0.0,0.0,0.0,0.0,0.01600000075995922,100.0,0.05279982462525368,2.627761125564575,0.43755024671554565,17.68903350830078,-0.007593031041324139,-0.004987910855561495,0.004336004611104727,0.029952729120850563,0.9990814328193665,0.020895469933748245,0.23828844726085663,9.0,1.0,0.0,0.0,0.02037622034549713,-2.2351741790771484e-08,0.004136375151574612,0.010051194578409195,0.002274439437314868,0.11200525611639023,0.0046040513552725315,0.18368428945541382,0.0002837674110196531,-0.20746026933193207,-0.025469398126006126,0.0011181189911440015,0.05506201088428497,0.0022633608896285295,0.0902995690703392,0.00013950062566436827,-0.10198789089918137,-0.012520807795226574,0.012222410179674625,0.18438059091567993,0.004905389621853828,0.27042680978775024,-0.010299153625965118,-0.27863603830337524,0.02918354980647564,0.000164131197379902,-0.0004701960424426943,-0.0003348139871377498,-0.0004246954631526023,1.62041269504698e-05,-3.611323336372152e-05,-0.00018241489306092262,0.000519823282957077,-0.016210168600082397,-0.00039447611197829247,-0.010645627975463867,-0.011218903586268425,0.0002537667751312256,-0.0020084623247385025,0.012742233462631702,0.16817042231559753,0.004510913509875536,0.2597811818122864,-0.021518057212233543,-0.278382271528244,0.027175087481737137,0.012742233462631702,0.16817042231559753,0.004510913509875536,0.2597811818122864,-0.021518057212233543,-0.278382271528244,0.027175087481737137,0.012742233462631702,0.16817042231559753,0.004510913509875536,0.2597811818122864,-0.021518057212233543,-0.278382271528244,0.027175087481737137
11.705999999999996,0.020379167050123215,0.020379167050123215,nan,nan,nan,nan,0.0012626699171960354,0.0,0.0019273338839411736,0.4676823616027832,0.0,0.0,0.0,0.0,0.007000000216066837,0.008999999612569809,100.0,0.05282164365053177,1.153436541557312,0.01135747879743576,10.31893253326416,-0.006750002503395081,-0.00021885719615966082,0.008458479307591915,0.0003249281144235283,0.9986715316772461,0.02131824567914009,0.24475830793380737,9.0,1.0,0.0,0.0,0.020379140973091125,-2.60770320892334e-08,0.004633028991520405,0.010388942435383797,0.002274439437314868,0.11200525611639023,0.0046040513552725315,0.18368428945541382,0.0002837674110196531,-0.20746026933193207,-0.025469398126006126,0.0012499154545366764,0.06155234947800636,0.0025301508139818907,0.10094347596168518,0.0001559440279379487,-0.1140095442533493,-0.013996676541864872,0.0076823472045362,0.17691516876220703,0.005982458125799894,0.27472159266471863,-0.004745298530906439,-0.2973560094833374,-0.005926675163209438,-0.00011576127872103825,-0.00042698808829300106,-6.085259883548133e-05,-0.0003883469325955957,-2.7434829462436028e-05,-2.8963693694095127e-05,-0.0001600524119567126,0.002538417000323534,-0.005467355251312256,-0.001357050146907568,-0.009803324937820435,-0.008995812386274338,0.011520832777023315,0.019910819828510284,0.010220764204859734,0.17144781351089478,0.004625407978892326,0.2649182677268982,-0.013741111382842064,-0.2858351767063141,0.01398414559662342,0.010220764204859734,0.17144781351089478,0.004625407978892326,0.2649182677268982,-0.013741111382842064,-0.2858351767063141,0.01398414559662342,0.010220764204859734,0.17144781351089478,0.004625407978892326,0.2649182677268982,-0.013741111382842064,-0.2858351767063141,0.01398414559662342
11.767999999999994,0.020167626440525055,0.020167626440525055,nan,nan,nan,nan,0.001050412654876709,0.0,0.00025035254657268524,0.4454869031906128,0.0,0.0,0.0,0.0,0.0020000000949949026,0.008999999612569809,100.0,0.05275925248861313,0.9935256242752075,0.010450370609760284,26.07390594482422,-0.006165424361824989,-0.003914954606443644,0.002500822301954031,-0.023504512384533882,0.9989145398139954,0.021670622751116753,0.37010979652404785,9.0,1.0,0.0,0.0,0.020167607814073563,-1.862645149230957e-08,0.004957159049808979,0.012782304547727108,0.002274439437314868,0.11200525611639023,0.0046040513552725315,0.18368428945541382,0.0002837674110196531,-0.20746026933193207,-0.025469398126006126,0.0008255409193225205,0.04065394029021263,0.0016711074858903885,0.06667088717222214,0.00010299751738784835,-0.07530073076486588,-0.00924448948353529,0.0052589233964681625,0.16908259689807892,0.006374584976583719,0.2704097628593445,-0.0018896927358582616,-0.29964232444763184,-0.0231377761811018,-0.00015998589515220374,-0.00046537801972590387,-3.1722850053483853e-06,-0.00042949264752678573,-3.422673762543127e-05,-2.6098447051481344e-05,-0.00014232892135623842,0.002457059919834137,0.0020529329776763916,-0.0008507543243467808,-0.0017587542533874512,-0.005709433928132057,0.006009191274642944,0.018800336867570877,0.0077159833163022995,0.1711355298757553,0.0055238306522369385,0.26865100860595703,-0.007599126547574997,-0.2936331331729889,-0.004337439313530922,0.0077159833163022995,0.1711355298757553,0.0055238306522369385,0.26865100860595703,-0.007599126547574997,-0.2936331331729889,-0.004337439313530922,0.0077159833163022995,0.1711355298757553,0.0055238306522369385,0.26865100860595703,-0.007599126547574997,-0.2936331331729889,-0.004337439313530922
11.832999999999998,0.019644122570753098,0.019644122570753098,nan,nan,nan,nan,-0.002627911977469921,0.0,1.862645149230957e-09,0.44105657935142517,0.0,0.0,0.0,0.0,0.008999999612569809,0.006000000052154064,100.0,0.05259842053055763,0.7588174343109131,0.009668990969657898,10.011892318725586,-0.006025872193276882,-0.005288470070809126,0.0007374039851129055,-0.08725064992904663,0.9989272356033325,0.02136405184864998,0.43024665117263794,9.0,1.0,0.0,0.0,0.019644111394882202,-1.1175870895385742e-08,0.005396316759288311,0.012235959991812706,-0.0010701118735596538,0.12471670657396317,0.006136304698884487,0.18156056106090546,0.008047325536608696,-0.19846288859844208,-0.04461417347192764,-0.00032120183459483087,0.03743462264537811,0.001841856399551034,0.05449671670794487,0.0024154630955308676,-0.0595700703561306,-0.013391267508268356,-0.00046405260218307376,0.1751912385225296,0.004423523787409067,0.2649746537208557,0.013307315297424793,-0.2779783010482788,-0.02585822157561779,9.306533320341259e-05,-0.0005317354807630181,-0.00023456657072529197,-0.0005027712322771549,1.1461217582109384e-05,-1.7999031115323305e-05,-0.00014988772454671562,0.0035826137755066156,-0.005423516035079956,-0.00028668157756328583,0.0006428956985473633,-0.010446920990943909,-0.010078132152557373,0.012315577827394009,0.003118561115115881,0.16976772248744965,0.004136842209845781,0.2656175494194031,0.002860394772142172,-0.2880564332008362,-0.013542643748223782,0.003118561115115881,0.16976772248744965,0.004136842209845781,0.2656175494194031,0.002860394772142172,-0.2880564332008362,-0.013542643748223782,0.003118561115115881,0.16976772248744965,0.004136842209845781,0.2656175494194031,0.002860394772142172,-0.2880564332008362,-0.013542643748223782
11.922999999999995,0.019420530647039413,0.019420530647039413,nan,nan,nan,nan,-0.0014564357697963715,1.0,-4.6566128730773926e-09,0.4407902956008911,0.0,0.0,0.0,0.0,0.0020000000949949026,0.012000000104308128,100.0,0.05248131603002548,11.921935081481934,0.017434358596801758,24.488794326782227,-0.005509993061423302,-0.004156509414315224,0.001353478990495205,-0.018632661551237106,0.9993329048156738,0.021233903244137764,0.3294811546802521,9.0,1.0,0.0,0.0,0.01942051574587822,-1.4901161193847656e-08,0.00564673263579607,0.012311318889260292,-0.0010701118735596538,0.12471670657396317,0.006136304698884487,0.18156056106090546,0.008047325536608696,-0.19846288859844208,-0.04461417347192764,-0.0004919952480122447,0.05733982101082802,0.0028212307952344418,0.08347438275814056,0.003699842607602477,-0.09124540537595749,-0.020511837676167488,-0.0012268148129805923,0.1788026988506317,0.00755622424185276,0.26323649287223816,0.012129728682339191,-0.2842922806739807,-0.05307330936193466,0.00012412393698468804,-0.0005367990816012025,-0.00026391909341327846,-0.0005099999834783375,1.791199974832125e-05,-1.55697634909302e-05,-0.00015211186837404966,0.0008408862631767988,-0.006986245512962341,-0.0020019281655550003,-0.002479463815689087,-0.002721223048865795,-0.0007008016109466553,0.014392994344234467,-0.000385928520699963,0.17181645333766937,0.00555429607629776,0.2607570290565491,0.009408505633473396,-0.28499308228492737,-0.038680315017700195,-0.000385928520699963,0.17181645333766937,0.00555429607629776,0.2607570290565491,0.009408505633473396,-0.28499308228492737,-0.038680315017700195,-0.00038593108183704317,0.17181643843650818,0.0055542937479913235,0.2607570290565491,0.009408504702150822,-0.28499308228492737,-0.038680318742990494
12.030999999999999,0.018603794276714325,0.018603794276714325,nan,nan,nan,nan,-0.004498870112001896,0.0,-1.862645149230957e-09,0.438229501247406,0.0,0.0,0.0,0.0,-0.0010000000474974513,0.039000000804662704,100.0,0.05193866789340973,46.36031723022461,0.0279303640127182,67.30381774902344,-0.004635057412087917,-0.004242115654051304,0.00039293989539146423,-0.02094195783138275,0.9981842637062073,0.020729584619402885,0.3413999080657959,9.0,1.0,0.0,0.0,0.018603786826133728,-7.450580596923828e-09,0.00632015336304903,0.01161679532378912,0.002210082020610571,0.1313120424747467,7.568119326606393e-05,0.19174453616142273,0.017899390310049057,-0.18664048612117767,0.028831060975790024,0.0006084049236960709,0.03614838421344757,2.0833984308410436e-05,0.05278461426496506,0.004927454050630331,-0.05137953907251358,0.007936791516840458,0.0005025954451411963,0.1745934635400772,0.004447017330676317,0.25591084361076355,0.016784533858299255,-0.2653276324272156,-0.015121834352612495,-7.033807196421549e-05,-0.0005740166525356472,-4.497016561799683e-05,-0.0005578867276199162,-1.7034139091265388e-05,-5.744642294303048e-06,-0.00010565912816673517,-0.0013669256586581469,-0.006236866116523743,0.000549905002117157,-0.0017525255680084229,-0.004699833691120148,-0.013086408376693726,-0.020353125408291817,-0.0008643302135169506,0.16835659742355347,0.004996922332793474,0.2541583180427551,0.012084700167179108,-0.2784140408039093,-0.03547495976090431,-0.0008643302135169506,0.16835659742355347,0.004996922332793474,0.2541583180427551,0.012084700167179108,-0.2784140408039093,-0.03547495976090431,-0.0008643302135169506,0.16835659742355347,0.004996922332793474,0.2541583180427551,0.012084700167179108,-0.2784140408039093,-0.03547495976090431
12.120999999999995,0.01841910183429718,0.01841910183429718,nan,nan,nan,nan,-0.0017480137757956982,0.0,-4.656612873077393e-10,0.4350595474243164,0.0,0.0,0.0,0.0,0.008999999612569809,0.013000000268220901,100.0,0.051294054836034775,1.2102891206741333,0.021624378859996796,20.591571807861328,-0.004951759707182646,-0.0027387950103729963,0.002212964231148362,-0.014207109808921814,0.9996922612190247,0.020139196887612343,0.3358426094055176,9.0,1.0,0.0,0.0,0.01841907948255539,-2.2351741790771484e-08,0.007279348559677601,0.01100995671004057,0.0008261830662377179,0.1287822723388672,0.010214949026703835,0.17794857919216156,0.014068701304495335,-0.19824214279651642,-0.046330615878105164,0.00020894013869110495,0.0325687937438488,0.002583341207355261,0.04500286281108856,0.003557948162779212,-0.050135064870119095,-0.011716925539076328,0.0007991142338141799,0.16804508864879608,0.009081972762942314,0.2388244867324829,0.01732395961880684,-0.2571302056312561,-0.038911473006010056,6.634477904299274e-05,-0.0005868012667633593,-0.00018341337272431701,-0.0005650510429404676,1.0871767699427437e-05,-1.0740866855485365e-05,-0.00012475544644985348,-0.0010289917699992657,-0.0009999573230743408,-0.0027745463885366917,0.007606372237205505,-0.0024748891592025757,-0.011468738317489624,0.004311662167310715,-0.00022987750708125532,0.16704513132572174,0.0063074263744056225,0.24643085896968842,0.014849070459604263,-0.2685989439487457,-0.03459981083869934,-0.00022987750708125532,0.16704513132572174,0.0063074263744056225,0.24643085896968842,0.014849070459604263,-0.2685989439487457,-0.03459981083869934,-0.00022987750708125532,0.16704513132572174,0.0063074263744056225,0.24643085896968842,0.014849070459604263,-0.2685989439487457,-0.03459981083869934
12.215999999999994,0.018124666064977646,0.018124666064977646,nan,nan,nan,nan,-0.002642376348376274,1.0,-2.3283064365386963e-09,0.43341735005378723,0.0,0.0,0.0,0.0,0.0,0.03200000151991844,100.0,0.0510769858956337,1.5516523122787476,0.039482489228248596,47.37944412231445,-0.00531335873529315,-0.0031038359738886356,0.0022095204330980778,-0.009201116859912872,0.9979934692382812,0.019318414852023125,0.3165816068649292,9.0,1.0,0.0,0.0,0.018124647438526154,-1.862645149230957e-08,0.0080735357478261,0.010100544430315495,0.0053619928658008575,0.13058586418628693,0.002410880522802472,0.18741467595100403,0.02132580801844597,-0.18985825777053833,0.035882677882909775,0.0016081486828625202,0.03916482254862785,0.0007230621995404363,0.05620870739221573,0.006395956035703421,-0.056941572576761246,0.010761797428131104,0.003429407486692071,0.16570022702217102,0.007251437287777662,0.23519212007522583,0.021575238555669785,-0.24841448664665222,-0.006509233266115189,-1.146254908235278e-05,-0.000586332636885345,-0.00010402705083834007,-0.0005697163287550211,-5.462415629153838e-06,-5.717009571526432e-06,-0.00011314688890706748,-0.002331783529371023,-0.002229437232017517,0.00039659859612584114,0.0005408525466918945,-0.003936955705285072,-0.007989376783370972,-0.023036489263176918,0.0010976240737363696,0.1634707897901535,0.007648035883903503,0.23573297262191772,0.017638282850384712,-0.2564038634300232,-0.029545722529292107,0.0010976240737363696,0.1634707897901535,0.007648035883903503,0.23573297262191772,0.017638282850384712,-0.2564038634300232,-0.029545722529292107,0.0010976216290146112,0.1634707748889923,0.007648034021258354,0.23573295772075653,0.017638282850384712,-0.2564038634300232,-0.029545726254582405
12.282999999999994,0.017437171190977097,0.017437171190977097,nan,nan,nan,nan,-0.0018928619101643562,0.0,2.7939677238464355e-09,0.4366375207901001,0.0,0.0,0.0,0.0,0.004999999888241291,0.012000000104308128,100.0,0.050831571221351624,1.1400868892669678,0.011941418051719666,17.721649169921875,-0.004616995342075825,-0.0053348233923316,-0.0007178252562880516,-0.057291239500045776,0.9997962117195129,0.01856423355638981,0.3266746401786804,9.0,1.0,0.0,0.0,0.017437156289815903,-1.4901161193847656e-08,0.008411453105509281,0.009341410361230373,-0.0001411229750374332,0.1233186200261116,0.009223650209605694,0.17926523089408875,0.011618377640843391,-0.20099151134490967,-0.04515331983566284,-1.908720878418535e-05,0.016679128631949425,0.0012475199764594436,0.024246037006378174,0.001571412431076169,-0.027184568345546722,-0.006107090972363949,0.003612577449530363,0.15556743741035461,0.007478213403373957,0.22319230437278748,0.016196485608816147,-0.23752857744693756,-0.010677135549485683,1.4249040759750642e-05,-0.0006131937261670828,-0.00011798281775554642,-0.0005963521543890238,1.3852446727469214e-06,-6.196066806296585e-06,-0.00010549341823207214,-0.0012580479960888624,0.00070229172706604,-0.0007162606343626976,0.0036614686250686646,0.00107586570084095,-0.010216042399406433,-0.004857838153839111,0.0023545294534415007,0.15626972913742065,0.006761952769011259,0.22685377299785614,0.017272351309657097,-0.247744619846344,-0.015534973703324795,0.0023545294534415007,0.15626972913742065,0.006761952769011259,0.22685377299785614,0.017272351309657097,-0.247744619846344,-0.015534973703324795,0.0023545294534415007,0.15626972913742065,0.006761952769011259,0.22685377299785614,0.017272351309657097,-0.247744619846344,-0.015534973703324795
12.327999999999996,0.01781788468360901,0.01781788468360901,nan,nan,nan,nan,9.743403643369675e-05,0.0,-1.3969838619232178e-09,0.4576694965362549,0.0,0.0,0.0,0.0,-0.0010000000474974513,0.009999999776482582,100.0,0.04972948133945465,1.1384179592132568,0.008970499038696289,12.544768333435059,-0.005287935491651297,-0.002612002659589052,0.0026759314350783825,0.03807134926319122,0.9994608163833618,0.018162179738283157,0.34627649188041687,9.0,1.0,0.0,0.0,0.017817862331867218,-2.2351741790771484e-08,0.00905762892216444,0.008906099013984203,-0.0001411229750374332,0.1233186200261116,0.009223650209605694,0.17926523089408875,0.011618377640843391,-0.20099151134490967,-0.04515331983566284,-1.0746312909759581e-05,0.009390536695718765,0.0007023678044788539,0.013650791719555855,0.0008847229182720184,-0.01530521735548973,-0.003438360756263137,0.0016583959804847836,0.1486773043870926,0.00911483820527792,0.21470440924167633,0.014750313013792038,-0.23459282517433167,-0.032111577689647675,-1.8691291188588366e-05,-0.0005198637372814119,-0.00012639448686968535,-0.0005052618798799813,-1.0306887816113885e-05,-4.1773610064410605e-06,-0.00013994218898005784,0.0005897477967664599,0.00457388162612915,-0.001413628924638033,0.007131412625312805,0.0014355219900608063,-0.00720939040184021,0.010778065770864487,0.0022481437772512436,0.15325118601322174,0.007701209280639887,0.22183582186698914,0.016185835003852844,-0.24180221557617188,-0.021333511918783188,0.0022481437772512436,0.15325118601322174,0.007701209280639887,0.22183582186698914,0.016185835003852844,-0.24180221557617188,-0.021333511918783188,0.0022481437772512436,0.15325118601322174,0.007701209280639887,0.22183582186698914,0.016185835003852844,-0.24180221557617188,-0.021333511918783188
12.396999999999998,0.017630234360694885,0.017630234360694885,nan,nan,nan,nan,-0.00046336371451616287,0.0,2.7939677238464355e-09,0.46497246623039246,0.0,0.0,0.0,0.0,0.004000000189989805,0.013000000268220901,100.0,0.04972948133945465,2.897266387939453,0.01804996281862259,19.568599700927734,-0.005035326816141605,-0.004163090605288744,0.0008722390048205853,-0.014434639364480972,0.9999619126319885,0.01787586323916912,0.3566568195819855,9.0,1.0,0.0,0.0,0.017630212008953094,-2.2351741790771484e-08,0.008874011225998402,0.008600827306509018,0.0017923173727467656,0.13068319857120514,-0.00030020237318240106,0.1903107911348343,0.020431876182556152,-0.18818487226963043,0.02948547899723053,0.0002610361552797258,0.019032923504710197,-4.372198600322008e-05,0.027717189863324165,0.002975733019411564,-0.027407566085457802,0.004294315353035927,0.0011347206309437752,0.14881613850593567,0.007821225561201572,0.21575182676315308,0.016283757984638214,-0.2331075817346573,-0.02587766759097576,-5.380078073358163e-05,-0.0004799850285053253,-0.00010300937719875947,-0.0004626357986126095,-2.040999970631674e-05,-7.530948550993344e-06,-0.00014599449059460312,0.0004517664201557636,0.0014280378818511963,0.0004732562229037285,0.0019843876361846924,-0.0006656842306256294,-0.005055487155914307,-0.002375919371843338,0.0015864870510995388,0.15024417638778687,0.008294481784105301,0.21773621439933777,0.015618073754012585,-0.2381630688905716,-0.0282535869628191,0.0015864870510995388,0.15024417638778687,0.008294481784105301,0.21773621439933777,0.015618073754012585,-0.2381630688905716,-0.0282535869628191,0.0015864870510995388,0.15024417638778687,0.008294481784105301,0.21773621439933777,0.015618073754012585,-0.2381630688905716,-0.0282535869628191
12.473999999999997,0.016544274985790253,0.016544274985790253,nan,nan,nan,nan,-0.005835849791765213,0.0,3.259629011154175e-09,0.5084879994392395,0.0,0.0,0.0,0.0,0.00800000037997961,0.02199999988079071,100.0,0.04870118200778961,1.6646617650985718,0.011270865797996521,13.150501251220703,-0.0023995121009647846,-0.00646567065268755,-0.004066155292093754,-0.04936178773641586,0.9988311529159546,0.01682337373495102,0.3795168697834015,9.0,1.0,0.0,0.0,0.016544245183467865,-2.9802322387695312e-08,0.009163306094706059,0.007976834662258625,0.003050451399758458,0.1333599090576172,0.017700236290693283,0.17198367416858673,0.020163750275969505,-0.19665484130382538,-0.0568721704185009,0.00010139193182112649,0.004432661458849907,0.000588326423894614,0.0057164509780704975,0.0006702094688080251,-0.006536479573696852,-0.0018903362797573209,0.002488159341737628,0.14610393345355988,0.014026438817381859,0.19809743762016296,0.02005666494369507,-0.21968163549900055,-0.0431167334318161,-6.100683458498679e-05,-0.0004084103275090456,-0.00011454173363745213,-0.0003872783563565463,-2.511872662580572e-05,-1.2027666343783494e-05,-0.00016257977404166013,-0.003948843572288752,-0.00897306203842163,-0.005830059759318829,0.0006531327962875366,-0.0030751973390579224,-0.010610327124595642,0.004229400306940079,-0.0014606842305511236,0.13713087141513824,0.00819637905806303,0.1987505704164505,0.016981467604637146,-0.2302919626235962,-0.03888733312487602,-0.0014606842305511236,0.13713087141513824,0.00819637905806303,0.1987505704164505,0.016981467604637146,-0.2302919626235962,-0.03888733312487602,-0.0014606842305511236,0.13713087141513824,0.00819637905806303,0.1987505704164505,0.016981467604637146,-0.2302919626235962,-0.03888733312487602
12.523999999999994,0.016544274985790253,0.016544274985790253,nan,nan,nan,nan,-0.007421798072755337,0.0,9.313225746154785e-10,0.5085034370422363,0.0,0.0,0.0,0.0,0.0020000000949949026,0.00800000037997961,100.0,0.048352692276239395,0.855409562587738,0.011475756764411926,18.288055419921875,-0.0022029858082532883,-0.004443989135324955,-0.002241002395749092,0.0,0.9984822869300842,0.016644828021526337,0.26083630323410034,9.0,1.0,0.0,0.0,0.016544245183467865,-2.9802322387695312e-08,0.009033157490193844,0.008172977715730667,0.003050451399758458,0.1333599090576172,0.017700236290693283,0.17198367416858673,0.020163750275969505,-0.19665484130382538,-0.0568721704185009,0.0008639957522973418,0.03777224197983742,0.0050133331678807735,0.048711858689785004,0.005711087025702,-0.055699605494737625,-0.016108209267258644,0.0031489080283790827,0.1548638790845871,0.01808210089802742,0.20417553186416626,0.022477880120277405,-0.23031607270240784,-0.05720001086592674,-7.068787090247497e-05,-0.0003697345091495663,-0.000111894027213566,-0.0003461913438513875,-2.8944859877810813e-05,-1.5028993402665947e-05,-0.0001676424581091851,-0.005241166800260544,-0.01940879225730896,-0.007467726245522499,-0.01231171190738678,-0.004028549417853355,0.0010446757078170776,0.005843527615070343,-0.002092259004712105,0.13545508682727814,0.010614374652504921,0.19186381995677948,0.01844933070242405,-0.22927139699459076,-0.0513564832508564,-0.002092259004712105,0.13545508682727814,0.010614374652504921,0.19186381995677948,0.01844933070242405,-0.22927139699459076,-0.0513564832508564,-0.002092259004712105,0.13545508682727814,0.010614374652504921,0.19186381995677948,0.01844933070242405,-0.22927139699459076,-0.0513564832508564
12.584999999999994,0.015343776904046535,0.015343776904046535,nan,nan,nan,nan,-0.015250957570970058,0.0,1.3969838619232178e-09,0.6249000430107117,0.0,0.0,0.0,0.0,0.004999999888241291,0.01899999938905239,100.0,0.04822522774338722,3.5768439769744873,0.02238154411315918,24.608909606933594,0.002959339413791895,-0.006003549788147211,-0.008962888270616531,-0.06318411231040955,0.9825080037117004,0.016346964985132217,0.35784733295440674,9.0,1.0,0.0,0.0,0.015343747101724148,-2.9802322387695312e-08,0.007584075443446636,0.008024390786886215,0.004018107429146767,0.13654176890850067,0.0008068971219472587,0.186170756816864,0.02782687358558178,-0.18402832746505737,0.045157965272665024,0.00040104289655573666,0.01362808421254158,8.053551573539153e-05,0.01858150027692318,0.0027773696929216385,-0.018367666751146317,0.004507166799157858,0.004247600212693214,0.15841057896614075,0.005983114708214998,0.21393704414367676,0.029613329097628593,-0.2198510468006134,0.020516376942396164,-0.0001204941509058699,-0.0002600320731289685,-7.490422285627574e-05,-0.0002314351440872997,-4.558779619401321e-05,-2.1835410734638572e-05,-0.00017176363326143473,-0.013965414837002754,-0.029575109481811523,-0.006044166162610054,-0.02495943009853363,-0.008563095703721046,-0.010786652565002441,-0.04962662607431412,-0.00971781462430954,0.12883546948432922,-6.105168722569942e-05,0.18897761404514313,0.021050233393907547,-0.23063769936561584,-0.029110249131917953,-0.00971781462430954,0.12883546948432922,-6.105168722569942e-05,0.18897761404514313,0.021050233393907547,-0.23063769936561584,-0.029110249131917953,-0.00971781462430954,0.12883546948432922,-6.105168722569942e-05,0.18897761404514313,0.021050233393907547,-0.23063769936561584,-0.029110249131917953
12.638999999999996,0.014996622689068317,0.014996622689068317,nan,nan,nan,nan,-0.0267581045627594,0.0,1.862645149230957e-09,0.6796422600746155,0.0,0.0,0.0,0.0,0.0020000000949949026,0.012000000104308128,100.0,0.04774791747331619,1.9970704317092896,0.01613609492778778,13.119939804077148,0.007255682721734047,-0.004949750378727913,-0.01220543123781681,-0.028929518535733223,0.9909433722496033,0.01730389893054962,0.2986416518688202,9.0,1.0,0.0,0.0,0.014996600337326527,-2.2351741790771484e-08,0.007109752856194973,0.010257869958877563,0.009010436944663525,0.12881579995155334,0.022335927933454514,0.16817601025104523,0.018318774178624153,-0.20436306297779083,-0.04943069815635681,0.004097956232726574,0.05858556181192398,0.010158403776586056,0.07648662477731705,0.00833139754831791,-0.09294454008340836,-0.022481132298707962,0.009327717125415802,0.1735089123249054,0.021253537386655807,0.22945362329483032,0.02758745476603508,-0.2623334228992462,-0.033158134669065475,-0.00010372119868407026,-0.00017090766050387174,-9.971926192520186e-05,-0.00013753252278547734,-4.399614408612251e-05,-2.7734928153222427e-05,-0.00018129592353943735,-0.024462291970849037,-0.0422632098197937,-0.02287958934903145,-0.03488653898239136,-0.008780227974057198,0.013702720403671265,-0.014655020087957382,-0.015134574845433235,0.1312457025051117,-0.0016260519623756409,0.19456708431243896,0.018807226791977882,-0.24863070249557495,-0.04781315475702286,-0.015134574845433235,0.1312457025051117,-0.0016260519623756409,0.19456708431243896,0.018807226791977882,-0.24863070249557495,-0.04781315475702286,-0.015134574845433235,0.1312457025051117,-0.0016260519623756409,0.19456708431243896,0.018807226791977882,-0.24863070249557495,-0.04781315475702286
12.689999999999998,0.014756645075976849,0.014756645075976849,nan,nan,nan,nan,-0.03279756009578705,0.0,1.862645149230957e-09,0.7540917992591858,0.0,0.0,0.0,0.0,0.0020000000949949026,0.009999999776482582,100.0,0.04760420322418213,1.4421539306640625,0.01275632530450821,12.834303855895996,0.01008886843919754,-0.0029064114205539227,-0.012995278462767601,-0.02399776130914688,0.9834331274032593,0.018492795526981354,0.37185898423194885,9.0,1.0,0.0,0.0,0.01475661713629961,-2.7939677238464355e-08,0.0057448288425803185,0.010749861598014832,0.0020462858956307173,0.14062456786632538,-0.0008489169995300472,0.18659378588199615,0.027606340125203133,-0.18100804090499878,0.04331932216882706,0.0006977109587751329,0.04794799163937569,-0.00028945060330443084,0.06362186372280121,0.009412783198058605,-0.06171732768416405,0.014770353212952614,0.0095150675624609,0.17848140001296997,0.02144618332386017,0.2349683791399002,0.028355887159705162,-0.2680935263633728,-0.032131440937519073,-9.493095421930775e-05,-0.00013829406816512346,-0.00011039052333217114,-0.00010327894415240735,-4.280054781702347e-05,-2.985888386319857e-05,-0.00018413913494441658,-0.029305506497621536,-0.04114028811454773,-0.022934559732675552,-0.03205175697803497,-0.012691490352153778,0.002010345458984375,-0.04078663885593414,-0.019790438935160637,0.13734111189842224,-0.0014883773401379585,0.20291662216186523,0.015664396807551384,-0.2660831809043884,-0.07291807979345322,-0.019790438935160637,0.13734111189842224,-0.0014883773401379585,0.20291662216186523,0.015664396807551384,-0.2660831809043884,-0.07291807979345322,-0.019790438935160637,0.13734111189842224,-0.0014883773401379585,0.20291662216186523,0.015664396807551384,-0.2660831809043884,-0.07291807979345322
12.738999999999997,0.014778819866478443,0.014778819866478443,nan,nan,nan,nan,-0.029262496158480644,0.0,0.0,0.7874208688735962,0.0,0.0,0.0,0.0,0.006000000052154064,0.008999999612569809,100.0,0.046877164393663406,1.5741037130355835,0.01246575266122818,17.278409957885742,0.011033337563276291,0.0006504547782242298,-0.010382883250713348,0.0024638657923787832,0.9749032855033875,0.019133340567350388,0.3802471160888672,9.0,1.0,0.0,0.0,0.014778788201510906,-3.166496753692627e-08,0.004468214698135853,0.01090545579791069,0.0020462858956307173,0.14062456786632538,-0.0008489169995300472,0.18659378588199615,0.027606340125203133,-0.18100804090499878,0.04331932216882706,0.0007159963715821505,0.04920460283756256,-0.00029703645850531757,0.06528925150632858,0.009659470990300179,-0.06333480030298233,0.015157450921833515,0.005944821052253246,0.18648701906204224,0.009394407272338867,0.24658085405826569,0.033488623797893524,-0.2579565644264221,0.016759295016527176,-0.00018560238822828978,-0.0001050850041792728,-1.4485915926343296e-05,-6.509337981697172e-05,-6.950902752578259e-05,-3.613268199842423e-05,-0.00016479374608024955,-0.026732776314020157,-0.03589056432247162,-0.01486244797706604,-0.02803848683834076,-0.015170438215136528,-0.011065632104873657,-0.06989793479442596,-0.020787954330444336,0.15059645473957062,-0.005468040704727173,0.21854236721992493,0.018318185582756996,-0.2690221965312958,-0.05313863605260849,-0.020787954330444336,0.15059645473957062,-0.005468040704727173,0.21854236721992493,0.018318185582756996,-0.2690221965312958,-0.05313863605260849,-0.020787954330444336,0.15059645473957062,-0.005468040704727173,0.21854236721992493,0.018318185582756996,-0.2690221965312958,-0.05313863605260849
12.833999999999996,0.015774089843034744,0.015774089843034744,nan,nan,nan,nan,-0.022926554083824158,0.0,0.0,0.7916828989982605,0.0,0.0,0.0,0.0,-0.0010000000474974513,0.010999999940395355,100.0,0.047485850751399994,1.1485573053359985,0.01855846494436264,25.011863708496094,0.008557986468076706,0.006859645247459412,-0.0016983412206172943,0.09047908335924149,0.9855883121490479,0.01920379512012005,0.3376008868217468,9.0,1.0,0.0,0.0,0.015774071216583252,-1.862645149230957e-08,0.004153373651206493,0.0103140939027071,0.0020462858956307173,0.14062456786632538,-0.0008489169995300472,0.18659378588199615,0.027606340125203133,-0.18100804090499878,0.04331932216882706,0.0005827279528602958,0.040046148002147675,-0.0002417490613879636,0.05313695967197418,0.007861553691327572,-0.05154629051685333,0.012336193583905697,0.003624015487730503,0.1837451308965683,0.001984685892239213,0.24355503916740417,0.035153549164533615,-0.24178050458431244,0.0446365587413311,-0.00010572667088126764,-0.00010493432637304068,-9.627181862015277e-05,-6.461550947278738e-05,-4.904261004412547e-05,-3.617030961322598e-05,-0.00017874184413813055,-0.021211639046669006,-0.020385906100273132,-0.011834802106022835,-0.012415722012519836,-0.01139756292104721,-0.015796497464179993,-0.053885236382484436,-0.017587624490261078,0.16335922479629517,-0.009850116446614265,0.23113931715488434,0.023755986243486404,-0.25757700204849243,-0.009248677641153336,-0.017587624490261078,0.16335922479629517,-0.009850116446614265,0.23113931715488434,0.023755986243486404,-0.25757700204849243,-0.009248677641153336,-0.017587624490261078,0.16335922479629517,-0.009850116446614265,0.23113931715488434,0.023755986243486404,-0.25757700204849243,-0.009248677641153336
12.903999999999996,0.017428509891033173,0.017428509891033173,nan,nan,nan,nan,-0.010259493254125118,0.0,4.656612873077393e-10,0.6856629848480225,0.0,0.0,0.0,0.0,0.0010000000474974513,0.008999999612569809,100.0,0.04818963259458542,1.5785191059112549,3.372723340988159,14.402894020080566,0.002261218149214983,0.01107156090438366,0.008810343220829964,0.18382444977760315,0.998225212097168,0.01911158300936222,0.38717350363731384,9.0,1.0,0.0,0.0,0.017428483814001083,-2.60770320892334e-08,0.003391294740140438,0.009976662695407867,0.00998660922050476,0.12380696088075638,0.010626192204654217,0.17220629751682281,-0.012985656037926674,-0.20882366597652435,-0.032066043466329575,0.0031382397282868624,0.03890569135546684,0.0033392251934856176,0.0541149266064167,-0.004080674611032009,-0.0656217485666275,-0.010076586157083511,0.009091539308428764,0.1701078712940216,0.008900011889636517,0.2316371351480484,0.004661740735173225,-0.25874465703964233,-0.0059246341697871685,-9.206634422298521e-05,-0.00017345404194202274,-0.00010469737026141956,-0.00013915696763433516,-4.496185647440143e-05,-2.9415759854600765e-05,-0.00017598422709852457,-0.016031179577112198,-0.006167083978652954,-0.011844171211123466,-0.0022060126066207886,0.01026762556284666,0.0013273656368255615,-0.0005907206796109676,-0.006939639803022146,0.16394078731536865,-0.00294415932148695,0.2294311225414276,0.014929366298019886,-0.2574172914028168,-0.006515354849398136,-0.006939639803022146,0.16394078731536865,-0.00294415932148695,0.2294311225414276,0.014929366298019886,-0.2574172914028168,-0.006515354849398136,-0.006939639803022146,0.16394078731536865,-0.00294415932148695,0.2294311225414276,0.014929366298019886,-0.2574172914028168,-0.006515354849398136
13.009999999999998,0.019362755119800568,0.019362755119800568,nan,nan,nan,nan,-0.0006815511733293533,0.0,0.003499978221952915,0.6016117930412292,0.0,0.0,0.0,0.0,-0.00800000037997961,0.009999999776482582,100.0,0.046949636191129684,4.843564510345459,0.02149958163499832,18.080753326416016,-0.0006733620539307594,0.008194232359528542,0.012367572635412216,0.1934245228767395,0.9992275238037109,0.018877774477005005,0.30643969774246216,9.0,1.0,0.0,0.0,0.01936272531747818,-2.9802322387695312e-08,0.0017591556534171104,0.009511874988675117,-3.1108668281376595e-06,0.14476372301578522,-0.003971888218075037,0.19750818610191345,0.009898938238620758,-0.17161694169044495,0.021629545837640762,-1.0750420642580139e-06,0.050026919692754745,-0.0013725905446335673,0.06825415790081024,0.003420839086174965,-0.059306755661964417,0.007474659476429224,0.007796857040375471,0.16749832034111023,0.0066002970561385155,0.230037122964859,-0.0014386202674359083,-0.2472030222415924,-0.009943140670657158,-9.493900870438665e-05,-0.00020070013124495745,-9.733205661177635e-05,-0.00017122064309660345,-4.660033664549701e-05,-2.454742389090825e-05,-0.0001711325312498957,-0.004450829233974218,-0.005873620510101318,-0.0018186289817094803,-0.00534684956073761,0.0024653931614011526,-0.008963942527770996,-0.006893469020724297,0.0033460278064012527,0.1616246998310089,0.004781668074429035,0.2246902734041214,0.0010267728939652443,-0.2561669647693634,-0.016836609691381454,0.0033460278064012527,0.1616246998310089,0.004781668074429035,0.2246902734041214,0.0010267728939652443,-0.2561669647693634,-0.016836609691381454,0.0033460278064012527,0.1616246998310089,0.004781668074429035,0.2246902734041214,0.0010267728939652443,-0.2561669647693634,-0.016836609691381454
13.084999999999994,0.018866505473852158,0.018866505473852158,nan,nan,nan,nan,0.00019739719573408365,0.0,0.0,0.6797614693641663,0.0,0.0,0.0,0.0,0.0,0.014999999664723873,100.0,0.046018194407224655,1.0141935348510742,0.011878088116645813,11.470919609069824,-0.0015286840498447418,-0.0013255008962005377,0.00020318315364420414,-0.03308331221342087,0.9972200393676758,0.018455922603607178,0.3360373377799988,9.0,1.0,0.0,0.0,0.01886647567152977,-2.9802322387695312e-08,0.00035033468157052994,0.009210293181240559,0.02287382446229458,0.13295328617095947,0.0003366948221810162,0.18538299202919006,-0.04962848499417305,-0.1857239007949829,0.021837854757905006,0.004667106084525585,0.02712738700211048,6.869819480925798e-05,0.03782498463988304,-0.010126045905053616,-0.03789454326033592,0.004455729853361845,0.018354449421167374,0.163445383310318,0.002244604052975774,0.2262512743473053,-0.033385127782821655,-0.23033897578716278,0.013208584859967232,-8.697725570527837e-05,-0.00021318653307389468,-0.00010191761248279363,-0.000183854645001702,-4.49314720754046e-05,-2.42881342273904e-05,-0.00016929350385908037,-0.008293861523270607,-0.0005645304918289185,0.0010461369529366493,-0.00034362077713012695,0.018816027790308,-0.011230871081352234,-0.014888038858771324,0.010060587897896767,0.16288085281848907,0.003290741005912423,0.22590765357017517,-0.014569099061191082,-0.24156984686851501,-0.0016794544644653797,0.010060587897896767,0.16288085281848907,0.003290741005912423,0.22590765357017517,-0.014569099061191082,-0.24156984686851501,-0.0016794544644653797,0.010060587897896767,0.16288085281848907,0.003290741005912423,0.22590765357017517,-0.014569099061191082,-0.24156984686851501,-0.0016794544644653797
13.139999999999993,0.01862252503633499,0.01862252503633499,nan,nan,nan,nan,-0.004548827186226845,0.0,0.01425506453961134,0.7143142223358154,0.0,0.0,0.0,0.0,0.004999999888241291,0.014000000432133675,100.0,0.04621618613600731,1.0564168691635132,0.011407770216464996,14.49842357635498,0.01674806885421276,-0.0017043231055140495,-0.004197327420115471,-0.017427172511816025,0.9762806296348572,0.03500088304281235,0.2721409499645233,9.0,1.0,0.0,0.0,0.018622487783432007,-3.725290298461914e-08,-0.00047910213470458984,0.011880199424922466,0.010619709268212318,0.1293344497680664,0.012667716480791569,0.17642605304718018,-0.032087862491607666,-0.19208775460720062,-0.0628160834312439,0.00278961262665689,0.03397390618920326,0.003327588550746441,0.04634404927492142,-0.008428922854363918,-0.05045810714364052,-0.016500690951943398,0.015314174816012383,0.16354291141033173,0.01075800508260727,0.2243490368127823,-0.0378364622592926,-0.23815131187438965,-0.04404458403587341,-0.00017305000801570714,-0.00015814317157492042,-1.2326264368311968e-05,-0.0001239526754943654,-7.390412065433338e-05,-3.0478151529678144e-05,-0.00015140511095523834,-0.03843154013156891,0.15590353310108185,-0.031443893909454346,0.28504323959350586,-0.009675160050392151,-0.10786804556846619,-0.030441857874393463,-0.023117363452911377,0.3194464445114136,-0.020685886964201927,0.509392261505127,-0.04751162230968475,-0.34601935744285583,-0.07448644191026688,-0.023117363452911377,0.3194464445114136,-0.020685886964201927,0.509392261505127,-0.04751162230968475,-0.34601935744285583,-0.07448644191026688,-0.023117363452911377,0.3194464445114136,-0.020685886964201927,0.509392261505127,-0.04751162230968475,-0.34601935744285583,-0.07448644191026688
13.227999999999994,0.01833629608154297,0.01833629608154297,nan,nan,nan,nan,-0.009549731388688087,0.0,5.587935447692871e-09,0.45872962474823,0.0,0.0,0.0,0.0,0.0,0.027000000700354576,100.0,0.045942459255456924,1.3589849472045898,0.01190975308418274,10.400192260742188,0.004479857161641121,-0.020377032458782196,-0.02485688403248787,-0.010601072572171688,0.9897904396057129,0.022632844746112823,0.30758705735206604,9.0,1.0,0.0,0.0,0.018336273729801178,-2.2351741790771484e-08,0.002513219602406025,0.01968420296907425,0.006072061602026224,0.14028090238571167,-0.0036520548164844513,0.19761288166046143,0.00118741684127599,-0.1741189956665039,0.030022887513041496,0.0013405921636149287,0.03097127377986908,-0.0008063021814450622,0.043629053980112076,0.00026215839898213744,-0.038442064076662064,0.006628465373069048,0.011137140914797783,0.16809183359146118,0.004697925411164761,0.23334403336048126,-0.019706472754478455,-0.22811444103717804,-0.01359166856855154,-9.703504474600777e-05,-0.00019865539798047394,-9.080221934709698e-05,-0.0001676258398219943,-4.9406877224100754e-05,-2.595764999568928e-05,-0.00016678923566360027,-0.022742806002497673,0.014822036027908325,-0.014680898748338223,0.06275419890880585,-0.0206177718937397,-0.05047591030597687,-0.05193113535642624,-0.01160566508769989,0.1829138696193695,-0.009982973337173462,0.2960982322692871,-0.040324244648218155,-0.2785903513431549,-0.06552280485630035,-0.01160566508769989,0.1829138696193695,-0.009982973337173462,0.2960982322692871,-0.040324244648218155,-0.2785903513431549,-0.06552280485630035,-0.01160566508769989,0.1829138696193695,-0.009982973337173462,0.2960982322692871,-0.040324244648218155,-0.2785903513431549,-0.06552280485630035
13.290999999999997,0.01947544515132904,0.01947544515132904,nan,nan,nan,nan,-0.003052329644560814,0.0,0.0038278340362012386,0.458369642496109,0.0,0.0,0.0,0.0,0.004999999888241291,0.007000000216066837,100.0,0.04821672663092613,1.2180246114730835,0.012693926692008972,12.553319931030273,-0.0012782043777406216,0.00048079551197588444,0.005586833693087101,0.16273556649684906,0.9955753684043884,0.021529508754611015,0.21517792344093323,9.0,1.0,0.0,0.0,0.01947541907429695,-2.60770320892334e-08,0.0013045324012637138,0.012385610491037369,0.008620346896350384,0.14452782273292542,0.01622794196009636,0.18104054033756256,-0.010887148790061474,-0.18142913281917572,-0.05443631485104561,0.005482014734297991,0.09191088378429413,0.010319980792701244,0.11513073742389679,-0.0069235628470778465,-0.11537786573171616,-0.03461817651987076,0.011692143976688385,0.2010374218225479,0.005405752919614315,0.27271130681037903,-0.00763330515474081,-0.2646190822124481,0.0021622804924845695,-0.00016638482338748872,-0.00048042245907709,3.043164724658709e-05,-0.0004874614824075252,-6.459098949562758e-05,1.4555949746863917e-05,-0.00010555415792623535,-0.01142774149775505,-0.013645172119140625,-0.008449079468846321,0.006305992603302002,-0.01657041907310486,-0.0019157826900482178,-0.030546512454748154,0.00026440247893333435,0.1873922497034073,-0.0030433260835707188,0.27901729941368103,-0.024203725159168243,-0.26653486490249634,-0.02838423103094101,0.00026440247893333435,0.1873922497034073,-0.0030433260835707188,0.27901729941368103,-0.024203725159168243,-0.26653486490249634,-0.02838423103094101,0.00026440247893333435,0.1873922497034073,-0.0030433260835707188,0.27901729941368103,-0.024203725159168243,-0.26653486490249634,-0.02838423103094101
13.410999999999994,0.019183244556188583,0.019183244556188583,nan,nan,nan,nan,-0.0017189616337418556,0.0,0.0011635208502411842,0.41800758242607117,0.0,0.0,0.0,0.0,-0.0010000000474974513,0.019999999552965164,100.0,0.04904451221227646,2.6027028560638428,0.02562347799539566,26.14696502685547,-0.00561112817376852,-0.0012674776371568441,0.005507171154022217,-0.014610029757022858,0.998775839805603,0.022013753652572632,0.258808970451355,9.0,1.0,0.0,0.0,0.019183222204446793,-2.2351741790771484e-08,0.0017517460510134697,0.01114165410399437,0.008620346896350384,0.14452782273292542,0.01622794196009636,0.18104054033756256,-0.010887148790061474,-0.18142913281917572,-0.05443631485104561,0.00555010698735714,0.09305251389741898,0.01044816616922617,0.11656078696250916,-0.00700956117361784,-0.11681097745895386,-0.03504817187786102,0.013020929880440235,0.22037772834300995,0.01764831691980362,0.28468573093414307,-0.013496248051524162,-0.28170984983444214,-0.05081147700548172,-5.871015673619695e-05,-0.0006393406656570733,-2.3908614821266383e-05,-0.0006664410466328263,-2.1678753910236992e-05,3.660576476249844e-05,-7.224151340778917e-05,-0.005724218674004078,-0.01913568377494812,-0.010450302623212337,-0.00674891471862793,-0.003689732402563095,0.008745163679122925,0.016392938792705536,0.007296711206436157,0.20124204456806183,0.007198014296591282,0.27793681621551514,-0.017185980454087257,-0.2729646861553192,-0.034418538212776184,0.007296711206436157,0.20124204456806183,0.007198014296591282,0.27793681621551514,-0.017185980454087257,-0.2729646861553192,-0.034418538212776184,0.007296711206436157,0.20124204456806183,0.007198014296591282,0.27793681621551514,-0.017185980454087257,-0.2729646861553192,-0.034418538212776184
13.458999999999996,0.017548169940710068,0.017548169940710068,nan,nan,nan,nan,-0.01166734378784895,1.0,-5.122274160385132e-09,0.4501221477985382,0.0,0.0,0.0,0.0,0.006000000052154064,0.009999999776482582,100.0,0.0503062941133976,0.49495044350624084,0.007068738341331482,10.911843299865723,-0.0020755608566105366,-0.008636458776891232,-0.006560903042554855,-0.16350746154785156,0.9972521662712097,0.020692285150289536,0.2892528772354126,9.0,1.0,0.0,0.0,0.017548147588968277,-2.2351741790771484e-08,0.0030218670144677162,0.011767733842134476,0.0022403064649552107,0.14338991045951843,-0.007186615839600563,0.2056666612625122,-0.03059103526175022,-0.16137459874153137,-0.010311033576726913,0.0003879839787259698,0.02483275718986988,-0.0012446028413251042,0.03561805933713913,-0.005297860596328974,-0.027947407215833664,-0.0017857002094388008,0.00860828161239624,0.19880275428295135,0.0032069431617856026,0.26828545331954956,-0.02076779305934906,-0.23862774670124054,-0.018545199185609818,0.00010892388672800735,-0.0007115724729374051,-0.00014015416672918946,-0.0007641638512723148,4.424051439855248e-05,6.347894668579102e-05,-5.020286334911361e-05,0.0001860903576016426,-0.012800365686416626,0.0035219425335526466,-0.010023415088653564,0.00397472083568573,-0.023633047938346863,-0.009507037699222565,0.008794371969997883,0.18600238859653473,0.006728885695338249,0.258262038230896,-0.01679307222366333,-0.2622607946395874,-0.028052236884832382,0.008794371969997883,0.18600238859653473,0.006728885695338249,0.258262038230896,-0.01679307222366333,-0.2622607946395874,-0.028052236884832382,0.008794371969997883,0.18600237369537354,0.006728885695338249,0.258262038230896,-0.01679307222366333,-0.2622607946395874,-0.028052236884832382
13.488999999999997,0.018270626664161682,0.018270626664161682,nan,nan,nan,nan,-0.007984919473528862,0.0,0.00044552795588970184,0.4389704167842865,0.0,0.0,0.0,0.0,0.008999999612569809,0.007000000216066837,100.0,0.04936036095023155,0.596900463104248,0.011107884347438812,9.72166919708252,-0.004511474631726742,0.0009481492452323437,0.005905151832848787,0.10320809483528137,0.9981200098991394,0.01989569328725338,0.28561654686927795,9.0,1.0,0.0,0.0,0.018270619213581085,-7.450580596923828e-09,0.0020482363179326057,0.010609989054501057,0.0020039589144289494,0.12789523601531982,0.006424266379326582,0.19103048741817474,-0.03249756246805191,-0.17690028250217438,-0.06895703822374344,0.0003475609119050205,0.022181782871484756,0.00111420638859272,0.033131781965494156,-0.005636284593492746,-0.030681079253554344,-0.011959712021052837,0.005882288794964552,0.18501797318458557,0.0015465646283701062,0.2583775222301483,-0.02919723466038704,-0.22572189569473267,-0.03266691416501999,-1.8308903236174956e-05,-0.0007044097292236984,-2.961902055176324e-06,-0.0007640584954060614,-1.6015333130781073e-06,6.948212831048295e-05,-1.8695724065764807e-05,0.0018106154166162014,-0.00487247109413147,0.0023133056238293648,-0.005939364433288574,0.007884927093982697,-0.021143943071365356,0.006450492888689041,0.007692904211580753,0.1801455020904541,0.003859870368614793,0.25243815779685974,-0.021312307566404343,-0.24686583876609802,-0.026216421276330948,0.007692904211580753,0.1801455020904541,0.003859870368614793,0.25243815779685974,-0.021312307566404343,-0.24686583876609802,-0.026216421276330948,0.007692904211580753,0.1801455020904541,0.003859870368614793,0.25243815779685974,-0.021312307566404343,-0.24686583876609802,-0.026216421276330948
13.544999999999995,0.018429942429065704,0.018429942429065704,nan,nan,nan,nan,-0.003253864124417305,1.0,-3.259629011154175e-09,0.434205025434494,0.0,0.0,0.0,0.0,0.008999999612569809,0.008999999612569809,100.0,0.04845312610268593,0.6314087510108948,0.01032557338476181,11.390748977661133,-0.005947027821093798,0.001869952422566712,0.007816976867616177,0.017701752483844757,0.9980483651161194,0.019275078549981117,0.31080299615859985,9.0,1.0,0.0,0.0,0.01842993125319481,-1.1175870895385742e-08,0.0019362950697541237,0.010057734325528145,0.0020039589144289494,0.12789523601531982,0.006424266379326582,0.19103048741817474,-0.03249756246805191,-0.17690028250217438,-0.06895703822374344,0.00038794626016169786,0.02475922927260399,0.0012436731485649943,0.036981578916311264,-0.006291200872510672,-0.034246113151311874,-0.013349387794733047,0.004102197475731373,0.16993682086467743,0.004797945264726877,0.24515289068222046,-0.03458404168486595,-0.22048412263393402,-0.05925271660089493,0.00014504199498333037,-0.0006902629975229502,-0.0002048182359430939,-0.0007455829181708395,5.547902037505992e-05,6.667162961093709e-05,-8.409027213929221e-05,0.0018902970477938652,0.003651335835456848,-0.0010288502089679241,0.002118155360221863,0.007060578092932701,-0.013882473111152649,0.019243329763412476,0.005992494523525238,0.17358815670013428,0.003769095055758953,0.24727104604244232,-0.02752346359193325,-0.23436659574508667,-0.04000938683748245,0.005992494523525238,0.17358815670013428,0.003769095055758953,0.24727104604244232,-0.02752346359193325,-0.23436659574508667,-0.04000938683748245,0.005992493592202663,0.17358814179897308,0.003769094590097666,0.24727103114128113,-0.02752346359193325,-0.23436659574508667,-0.04000938683748245
13.637999999999998,0.017866741865873337,0.017866741865873337,nan,nan,nan,nan,-0.005665562115609646,0.0,-9.313225746154785e-10,0.4401780664920807,0.0,0.0,0.0,0.0,0.0,0.012000000104308128,100.0,0.04825642332434654,0.9249802827835083,0.015331432223320007,39.99884796142578,-0.005401241593062878,-0.0032109192106872797,0.0021903214510530233,-0.046933382749557495,0.9977408051490784,0.018525831401348114,0.2977173924446106,9.0,1.0,0.0,0.0,0.01786673069000244,-1.1175870895385742e-08,0.0019238973036408424,0.00932779535651207,-0.0015790279721841216,0.1413547694683075,-0.010787458159029484,0.20221923291683197,-0.004026323556900024,-0.16891907155513763,0.02138887345790863,-0.00036308469134382904,0.03250338137149811,-0.0024804885033518076,0.046498674899339676,-0.0009258204372599721,-0.038841571658849716,0.004918197635561228,0.0010185386054217815,0.17028948664665222,-0.003009350271895528,0.2461407482624054,-0.021959835663437843,-0.21510548889636993,-0.02441537193953991,-1.522646016383078e-05,-0.0007005897932685912,-1.6526722902199253e-05,-0.0007605436840094626,-1.164934474218171e-06,6.96146598784253e-05,-2.9218927011243068e-05,0.0022707185707986355,-0.006928920745849609,0.004754495806992054,-0.006999343633651733,-0.00639115646481514,-0.010119646787643433,-0.018754543736577034,0.003289257176220417,0.1633605659008026,0.0017451455350965261,0.23914140462875366,-0.028350992128252983,-0.22522513568401337,-0.04316991567611694,0.003289257176220417,0.1633605659008026,0.0017451455350965261,0.23914140462875366,-0.028350992128252983,-0.22522513568401337,-0.04316991567611694,0.003289257176220417,0.1633605659008026,0.0017451455350965261,0.23914140462875366,-0.028350992128252983,-0.22522513568401337,-0.04316991567611694
13.712999999999994,0.01729002594947815,0.01729002594947815,nan,nan,nan,nan,-0.005898688919842243,0.0,0.0,0.4503614604473114,0.0,0.0,0.0,0.0,0.00800000037997961,0.00800000037997961,100.0,0.04883498698472977,1.0053114891052246,0.011869706213474274,15.462759971618652,-0.004942574538290501,-0.005305773578584194,-0.00036319904029369354,-0.07208948582410812,0.9982203841209412,0.01760329306125641,0.32251453399658203,9.0,1.0,0.0,0.0,0.01729000359773636,-2.2351741790771484e-08,0.002223650924861431,0.008378439582884312,0.019015543162822723,0.1578846573829651,0.021592935547232628,0.17694000899791718,-0.033390119671821594,-0.16408953070640564,-0.0699753537774086,0.0022419749293476343,0.018614953383803368,0.002545855240896344,0.02086162194609642,-0.003936769440770149,-0.01934652030467987,-0.008250250481069088,0.010653317905962467,0.1727994680404663,0.006121255457401276,0.22429868578910828,-0.025012493133544922,-0.20067286491394043,-0.029534414410591125,9.184763621306047e-05,-0.0007147900178097188,-0.0001226853928528726,-0.0007811817340552807,4.100349178770557e-05,7.715268293395638e-05,-4.641940904548392e-05,-0.005105499643832445,-0.013980582356452942,-0.004646028392016888,0.001625940203666687,7.699057459831238e-05,-0.014101475477218628,-0.0004947446286678314,0.005547818262130022,0.15881888568401337,0.001475227065384388,0.22592462599277496,-0.02493550255894661,-0.21477434039115906,-0.030029159039258957,0.005547818262130022,0.15881888568401337,0.001475227065384388,0.22592462599277496,-0.02493550255894661,-0.21477434039115906,-0.030029159039258957,0.005547818262130022,0.15881888568401337,0.001475227065384388,0.22592462599277496,-0.02493550255894661,-0.21477434039115906,-0.030029159039258957
13.802999999999997,0.01660829409956932,0.01660829409956932,nan,nan,nan,nan,-0.009035884402692318,0.0,7.916241884231567e-09,0.46406686305999756,0.0,0.0,0.0,0.0,0.008999999612569809,0.029999999329447746,100.0,0.048924271017313004,2.80116868019104,0.027429312467575073,19.62004852294922,-0.00400948291644454,-0.005773569457232952,-0.0017640786245465279,-0.022724397480487823,0.9950481057167053,0.01647002063691616,0.31747838854789734,9.0,1.0,0.0,0.0,0.016608282923698425,-1.1175870895385742e-08,0.0021789195016026497,0.007605429273098707,0.013944430276751518,0.14967776834964752,-0.004365042317658663,0.19710275530815125,-0.006074581760913134,-0.16332674026489258,0.04267376288771629,0.0012908235657960176,0.01385553926229477,-0.0004040681233163923,0.018245628103613853,-0.0005623186589218676,-0.01511901244521141,0.003950272686779499,0.014011196792125702,0.170655757188797,0.0017765747616067529,0.22083786129951477,-0.016560234129428864,-0.19053223729133606,0.006735146511346102,9.282804967369884e-05,-0.000723828561604023,-0.00011374078167136759,-0.0008010079036466777,4.3760170228779316e-05,8.800075738690794e-05,-3.6413781344890594e-05,-0.003910587169229984,-0.017886608839035034,0.0011706241639330983,-0.01182730495929718,-0.005282122641801834,-0.010967686772346497,-0.02380421571433544,0.010100609622895718,0.15276914834976196,0.002947198925539851,0.2090105563402176,-0.021842356771230698,-0.20149992406368256,-0.017069069668650627,0.010100609622895718,0.15276914834976196,0.002947198925539851,0.2090105563402176,-0.021842356771230698,-0.20149992406368256,-0.017069069668650627,0.010100609622895718,0.15276914834976196,0.002947198925539851,0.2090105563402176,-0.021842356771230698,-0.20149992406368256,-0.017069069668650627
13.863999999999997,0.016393519937992096,0.016393519937992096,nan,nan,nan,nan,-0.008115985430777073,0.0,6.984919309616089e-10,0.46832984685897827,0.0,0.0,0.0,0.0,0.004000000189989805,0.009999999776482582,100.0,0.04893806576728821,1.2390660047531128,0.020770356059074402,15.614058494567871,-0.003655077191069722,-0.003760291263461113,-0.00010521337389945984,-0.021477416157722473,0.9983456134796143,0.01579626090824604,0.30067506432533264,9.0,1.0,0.0,0.0,0.016393501311540604,-1.862645149230957e-08,0.002328735776245594,0.007423716131597757,0.010540441609919071,0.14097842574119568,0.013018319383263588,0.18519844114780426,-0.03333389014005661,-0.1728459745645523,-0.06752155721187592,0.002540615387260914,0.03398073837161064,0.003137870691716671,0.044639308005571365,-0.008034635335206985,-0.041661929339170456,-0.016275059431791306,0.01387050561606884,0.16684019565582275,0.0035780956968665123,0.2177892029285431,-0.019811168313026428,-0.18997541069984436,-0.00527912937104702,0.000228798424359411,-0.0007285684114322066,-0.0002605997724458575,-0.000809178629424423,9.935452544596046e-05,9.291460446547717e-05,-7.016737072262913e-05,-0.0015251338481903076,-0.019268527626991272,-0.0016815391136333346,-0.01736585795879364,0.0015040785074234009,-0.003324642777442932,0.002959875389933586,0.012345371767878532,0.14757166802883148,0.0018965565832331777,0.20042334496974945,-0.018307089805603027,-0.1933000534772873,-0.002319253981113434,0.012345371767878532,0.14757166802883148,0.0018965565832331777,0.20042334496974945,-0.018307089805603027,-0.1933000534772873,-0.002319253981113434,0.012345371767878532,0.14757166802883148,0.0018965565832331777,0.20042334496974945,-0.018307089805603027,-0.1933000534772873,-0.002319253981113434
13.924,0.016107354313135147,0.016107354313135147,nan,nan,nan,nan,-0.008424680680036545,1.0,-9.313225746154785e-10,0.4708153009414673,0.0,0.0,0.0,0.0,0.003000000026077032,0.010999999940395355,100.0,0.04883497953414917,1.5423967838287354,0.01877080649137497,9.862645149230957,-0.002442415803670883,-0.003502514213323593,-0.0010600993409752846,-0.026015056297183037,0.9982452988624573,0.01601620391011238,0.29317668080329895,9.0,1.0,0.0,0.0,0.016107354313135147,0.0,0.001414514146745205,0.008001911453902721,0.005309044849127531,0.14933113753795624,-0.008423978462815285,0.2040814608335495,-0.013411189429461956,-0.1596093326807022,0.01722843572497368,0.0009558091405779123,0.02688469924032688,-0.001516603515483439,0.036741625517606735,-0.0024144714698195457,-0.028735123574733734,0.00310170603916049,0.01196558028459549,0.16991561651229858,0.006663210690021515,0.22439268231391907,-0.02837682142853737,-0.1980283409357071,-0.035363294184207916,8.617848652647808e-05,-0.0007311797817237675,-9.662967204349115e-05,-0.0008185443584807217,4.340198211139068e-05,9.783413406694308e-05,-2.4142103939084336e-05,0.0008611995726823807,-0.021427199244499207,-0.0006719464436173439,-0.023335278034210205,0.0035534556955099106,0.0013455450534820557,0.010198507457971573,0.01282677985727787,0.14848841726779938,0.005991264246404171,0.20105740427970886,-0.024823365733027458,-0.19668279588222504,-0.025164786726236343,0.01282677985727787,0.14848841726779938,0.005991264246404171,0.20105740427970886,-0.024823365733027458,-0.19668279588222504,-0.025164786726236343,0.01282677985727787,0.14848840236663818,0.005991264246404171,0.20105738937854767,-0.024823365733027458,-0.19668279588222504,-0.025164786726236343
14.033999999999999,0.015918314456939697,0.015918314456939697,nan,nan,nan,nan,-0.015490003861486912,0.0,2.6775524020195007e-09,0.4710981845855713,0.0,0.0,0.0,0.0,0.0,0.03799999877810478,100.0,0.048922348767519,1.216383695602417,0.01264084130525589,29.552013397216797,-0.0012268294813111424,-0.002377641387283802,-0.0011508092284202576,-0.004974733106791973,0.9943192601203918,0.01600654609501362,0.2702249586582184,9.0,1.0,0.0,0.0,0.015918303281068802,-1.1175870895385742e-08,0.0025245053693652153,0.008832341991364956,0.005309044849127531,0.14933113753795624,-0.008423978462815285,0.2040814608335495,-0.013411189429461956,-0.1596093326807022,0.01722843572497368,0.0014616550179198384,0.04111297428607941,-0.002319240476936102,0.05618651211261749,-0.003692289814352989,-0.04394270479679108,0.004743231926113367,0.00875464640557766,0.1811736524105072,-0.0038754537235945463,0.2445448786020279,-0.021392937749624252,-0.20005443692207336,-0.0005616778507828712,0.00018382789858151227,-0.0007356888963840902,-0.00020916374342050403,-0.0008298552711494267,8.462898404104635e-05,0.00010631558689055964,-5.528319888981059e-05,0.0022222567349672318,-0.036454811692237854,0.005128829274326563,-0.042133718729019165,-0.0019806530326604843,0.0008345097303390503,-0.014042685739696026,0.010976903140544891,0.14471884071826935,0.0012533756671473384,0.20241115987300873,-0.023373590782284737,-0.19921992719173431,-0.014604363590478897,0.010976903140544891,0.14471884071826935,0.0012533756671473384,0.20241115987300873,-0.023373590782284737,-0.19921992719173431,-0.014604363590478897,0.010976903140544891,0.14471884071826935,0.0012533756671473384,0.20241115987300873,-0.023373590782284737,-0.19921992719173431,-0.014604363590478897
14.086999999999996,0.015707530081272125,0.015707530081272125,nan,nan,nan,nan,-0.008046437986195087,1.0,-8.731149137020111e-10,0.4704057276248932,0.0,0.0,0.0,0.0,0.0010000000474974513,0.00800000037997961,100.0,0.048633649945259094,0.9683054089546204,0.01035444438457489,12.385969161987305,0.000686303770635277,-0.001959143439307809,-0.0026454480830579996,-0.026348045095801353,0.9984962344169617,0.016834678128361702,0.3262641131877899,9.0,1.0,0.0,0.0,0.015707511454820633,-1.862645149230957e-08,0.0016945051029324532,0.0103412214666605,0.014816142618656158,0.14408612251281738,0.008430092595517635,0.1818035989999771,-0.021211452782154083,-0.18657828867435455,-0.025192741304636,0.005561729893088341,0.05408749729394913,0.003164514433592558,0.06824599951505661,-0.007962421514093876,-0.070038340985775,-0.009456929750740528,0.015065550804138184,0.19291381537914276,0.004292640369385481,0.25111740827560425,-0.025849193334579468,-0.2331124246120453,-0.018695596605539322,4.716561670647934e-05,-0.0007400451577268541,-5.253657582215965e-05,-0.0008444075938314199,2.914480137405917e-05,0.00011457780055934563,-1.125297694670735e-05,-0.002832791768014431,-0.040484994649887085,-0.00250895693898201,-0.04060986638069153,0.002019153907895088,0.021230578422546387,0.004555174149572849,0.012232759036123753,0.15242882072925568,0.0017836835468187928,0.21050754189491272,-0.02383003942668438,-0.2118818461894989,-0.014140422455966473,0.012232759036123753,0.15242882072925568,0.0017836835468187928,0.21050754189491272,-0.02383003942668438,-0.2118818461894989,-0.014140422455966473,0.012232759036123753,0.15242882072925568,0.0017836835468187928,0.21050754189491272,-0.02383003942668438,-0.2118818461894989,-0.014140422455966473
14.165999999999997,0.015787728130817413,0.015787728130817413,nan,nan,nan,nan,-0.004277435131371021,0.0,2.561137080192566e-09,0.46975815296173096,0.0,0.0,0.0,0.0,0.007000000216066837,0.014000000432133675,100.0,0.048386335372924805,1.1991634368896484,0.04454422742128372,18.268760681152344,0.0016225583385676146,-0.00031852780375629663,-0.001941083581186831,0.005728431511670351,0.9866468906402588,0.02584528923034668,0.26450076699256897,9.0,1.0,0.0,0.0,0.015787716954946518,-1.1175870895385742e-08,0.00019489042460918427,0.01145405787974596,0.014816142618656158,0.14408612251281738,0.008430092595517635,0.1818035989999771,-0.021211452782154083,-0.18657828867435455,-0.025192741304636,0.006240835413336754,0.06069175899028778,0.003550912020727992,0.07657905668020248,-0.008934658952057362,-0.07859025150537491,-0.010611651465296745,0.018534475937485695,0.20114731788635254,0.008618227206170559,0.25727197527885437,-0.02846289984881878,-0.2529482841491699,-0.028397753834724426,7.832628034520894e-05,-0.0007407199591398239,-8.951883501140401e-05,-0.0008473520865663886,4.272988735465333e-05,0.00011722815543180332,-2.213565312558785e-05,-0.0007496830075979233,-0.024335429072380066,-0.0024490607902407646,0.09475082159042358,0.004318669438362122,-0.07970455288887024,0.008061539381742477,0.01778479292988777,0.17681188881397247,0.006169166415929794,0.35202279686927795,-0.024144230410456657,-0.33265283703804016,-0.02033621445298195,0.01778479292988777,0.17681188881397247,0.006169166415929794,0.35202279686927795,-0.024144230410456657,-0.33265283703804016,-0.02033621445298195,0.01778479292988777,0.17681188881397247,0.006169166415929794,0.35202279686927795,-0.024144230410456657,-0.33265283703804016,-0.02033621445298195
14.229999999999997,0.015719708055257797,0.015719708055257797,nan,nan,nan,nan,-0.003114446997642517,1.0,-9.313225746154785e-10,0.47040364146232605,0.0,0.0,0.0,0.0,0.0,0.017999999225139618,100.0,0.04769047722220421,0.6524892449378967,0.010045245289802551,10.198073387145996,-0.004080702550709248,0.0014245550846680999,0.005505256820470095,-0.003778893267735839,0.9751947522163391,0.036764565855264664,0.13979201018810272,9.0,1.0,0.0,0.0,0.015719696879386902,-1.1175870895385742e-08,-0.00029501691460609436,0.005598627496510744,0.00015436497051268816,0.1502787321805954,-0.005845337174832821,0.19015008211135864,0.007427465170621872,-0.17563964426517487,0.017905471846461296,9.17148936423473e-05,0.08928707987070084,-0.003472967306151986,0.11297637224197388,0.0044129774905741215,-0.1043550968170166,0.010638413950800896,0.008892597630620003,0.2209004908800125,-0.0032363845966756344,0.2846209704875946,-0.005265441723167896,-0.2660786509513855,0.011835424229502678,6.937928264960647e-05,-0.0007403547060675919,-8.106801396934316e-05,-0.0008591373916715384,3.955275678890757e-05,0.00012936745770275593,-2.050714465440251e-05,0.012808697298169136,-0.006762951612472534,0.008820944465696812,0.24136760830879211,-0.004595596343278885,-0.20032015442848206,-0.0094013512134552,0.02170129492878914,0.21413753926753998,0.005584559869021177,0.5259885787963867,-0.009861038066446781,-0.46639880537986755,0.0024340730160474777,0.02170129492878914,0.21413753926753998,0.005584559869021177,0.5259885787963867,-0.009861038066446781,-0.46639880537986755,0.0024340730160474777,0.02170129492878914,0.21413753926753998,0.005584559869021177,0.5259885787963867,-0.009861038066446781,-0.46639880537986755,0.0024340730160474777
14.354,0.016976937651634216,0.016976937651634216,nan,nan,nan,nan,-0.05178746208548546,0.0,0.0016520097851753235,0.4548594355583191,0.0,0.0,0.0,0.0,0.008999999612569809,0.010999999940395355,100.0,0.047360166907310486,1.6364585161209106,0.012868084013462067,13.342534065246582,0.04799363762140274,0.012250700034201145,-0.034090928733348846,0.11429359763860703,0.9274961352348328,0.05004292353987694,0.3296646177768707,9.0,1.0,0.0,0.0,0.016976919025182724,-1.862645149230957e-08,-0.0007646540179848671,0.05892401561141014,0.01704775169491768,0.15335649251937866,0.005781540181487799,0.18019425868988037,-0.019791556522250175,-0.18219757080078125,-0.010005079209804535,0.0059107523411512375,0.053171366453170776,0.0020045607816427946,0.06247648969292641,-0.00686207739636302,-0.06317107379436493,-0.003468935377895832,0.011415822431445122,0.21715381741523743,-0.0009422906441614032,0.2706887423992157,-0.008298678323626518,-0.2584250569343567,0.007144606672227383,0.00014860690862406045,-0.0007447419338859618,-0.00017425866099074483,-0.0008376173209398985,7.436032319674268e-05,0.00010481241770321503,-4.860614353674464e-05,0.016993409022688866,-0.0736619234085083,0.007839877158403397,0.4775499403476715,0.013848122209310532,-0.4723570942878723,0.008481691591441631,0.028409231454133987,0.14349189400672913,0.006897586397826672,0.7482386827468872,0.005549444351345301,-0.730782151222229,0.015626298263669014,0.028409231454133987,0.14349189400672913,0.006897586397826672,0.699999988079071,0.005549444351345301,-0.699999988079071,0.015626298263669014,0.028409231454133987,0.14349189400672913,0.006897586397826672,0.699999988079071,0.005549444351345301,-0.699999988079071,0.015626298263669014
14.427,0.017879869788885117,0.017879869788885117,nan,nan,nan,nan,-0.007206073496490717,0.0,0.02958882600069046,0.4427304267883301,0.0,0.0,0.0,0.0,0.0,0.02500000037252903,100.0,0.05088726431131363,1.5917867422103882,0.01393444836139679,20.48361587524414,0.030255403369665146,0.022163009271025658,0.021496431902050972,0.03611728549003601,0.977189838886261,0.030798297375440598,0.2843637764453888,9.0,1.0,0.0,0.0,0.017879847437143326,-2.2351741790771484e-08,0.004299775697290897,0.012651869095861912,0.015390592627227306,0.14146541059017181,-0.005816812627017498,0.19495506584644318,-0.01562307309359312,-0.17530474066734314,0.027083689346909523,0.0057680197060108185,0.05301779508590698,-0.0021799998357892036,0.0730644166469574,-0.00585514772683382,-0.06569995731115341,0.010150307789444923,0.01737627387046814,0.20026490092277527,-0.005348844453692436,0.26566338539123535,-0.016450177878141403,-0.244313046336174,0.02590099535882473,8.80432125995867e-05,-0.0007610636530444026,-9.949265950126573e-05,-0.0007868257816880941,4.958223144058138e-05,3.75497511413414e-05,-2.535733256081585e-05,0.003133537247776985,-0.019423633813858032,0.004994898568838835,0.156030535697937,0.009221003390848637,-0.16560859978199005,-0.006523342803120613,0.020509811118245125,0.18084126710891724,-0.00035394588485360146,0.42169392108917236,-0.007229174487292767,-0.40992164611816406,0.019377652555704117,0.020509811118245125,0.18084126710891724,-0.00035394588485360146,0.42169392108917236,-0.007229174487292767,-0.40992164611816406,0.019377652555704117,0.020509811118245125,0.18084126710891724,-0.00035394588485360146,0.42169392108917236,-0.007229174487292767,-0.40992164611816406,0.019377652555704117
14.475999999999999,0.01961471140384674,0.01961471140384674,nan,nan,nan,nan,0.0207136832177639,0.0,0.025515271350741386,0.4368557035923004,0.0,0.0,0.0,0.0,0.004000000189989805,0.009999999776482582,100.0,0.05117081105709076,0.9373361468315125,0.01466553658246994,10.573223114013672,0.020277775824069977,0.0305323489010334,0.03576984256505966,0.17348416149616241,0.9987097978591919,0.02462330274283886,0.2927843928337097,9.0,1.0,0.0,0.0,0.01961468905210495,-2.2351741790771484e-08,0.005044133402407169,0.01307053491473198,0.01822626404464245,0.08769305795431137,-0.0018277548952028155,0.19236479699611664,-0.007426179014146328,-0.20872041583061218,0.036753468215465546,0.0070663271471858025,0.03399862349033356,-0.0007086210534907877,0.0745798796415329,-0.0028791315853595734,-0.08092096447944641,0.014249329455196857,0.022143905982375145,0.1522730588912964,-0.0036342875100672245,0.26596197485923767,-0.012695526704192162,-0.27135154604911804,0.041071198880672455,0.00017809569544624537,-0.0007158965454436839,-0.00021897139959037304,-0.0006816984969191253,8.833970787236467e-05,-2.0440167645574547e-05,-7.017955067567527e-05,-0.0010972041636705399,0.017907917499542236,0.0009514926932752132,0.06186524033546448,0.0016173617914319038,-0.05202856659889221,-0.010358043015003204,0.021046701818704605,0.17018097639083862,-0.0026827948167920113,0.32782721519470215,-0.011078164912760258,-0.32338011264801025,0.03071315586566925,0.021046701818704605,0.17018097639083862,-0.0026827948167920113,0.32782721519470215,-0.011078164912760258,-0.32338011264801025,0.03071315586566925,0.021046701818704605,0.17018097639083862,-0.0026827948167920113,0.32782721519470215,-0.011078164912760258,-0.32338011264801025,0.03071315586566925
14.528999999999996,0.02125457674264908,0.02125457674264908,nan,nan,nan,nan,0.031871993094682693,0.0,0.03175843507051468,0.45047807693481445,0.0,0.0,0.0,0.0,0.0,0.00800000037997961,100.0,0.05201468989253044,1.8880199193954468,0.03455299884080887,23.10006332397461,0.023648345842957497,0.03775765001773834,0.045867741107940674,0.2049831598997116,0.9994108080863953,0.021738504990935326,0.43150731921195984,9.0,1.0,0.0,0.0,0.021254554390907288,-2.2351741790771484e-08,0.006049922667443752,0.013137112371623516,0.01822626404464245,0.08769305795431137,-0.0018277548952028155,0.19236479699611664,-0.007426179014146328,-0.20872041583061218,0.036753468215465546,0.0023560223635286093,0.011335664428770542,-0.00023626517213415354,0.02486608177423477,-0.0009599468903616071,-0.026980295777320862,0.004750946070998907,0.021735839545726776,0.12475366145372391,-0.0028033580165356398,0.24363301694393158,-0.010476585477590561,-0.2567492723464966,0.042250216007232666,8.524099393980578e-05,-0.0006482431781478226,-0.0001142221299232915,-0.0005591517547145486,4.549085133476183e-05,-7.767771603539586e-05,-4.5617671275977045e-05,-6.594322621822357e-05,0.024004600942134857,-0.00015331548638641834,0.04111297428607941,-0.0005853120237588882,-0.03278672695159912,-0.0050401464104652405,0.021669896319508553,0.14875826239585876,-0.002956673502922058,0.284745991230011,-0.01106189750134945,-0.2895359992980957,0.037210069596767426,0.021669896319508553,0.14875826239585876,-0.002956673502922058,0.284745991230011,-0.01106189750134945,-0.2895359992980957,0.037210069596767426,0.021669896319508553,0.14875826239585876,-0.002956673502922058,0.284745991230011,-0.01106189750134945,-0.2895359992980957,0.037210069596767426
14.625,0.02266537770628929,0.02266537770628929,nan,nan,nan,nan,0.027731459587812424,0.0,0.033474233001470566,0.44788500666618347,0.0,0.0,0.0,0.0,0.00800000037997961,0.008999999612569809,100.0,0.052377793937921524,0.8457321524620056,0.011068768799304962,16.697677612304688,0.019252056255936623,0.030756650492548943,0.044978827238082886,0.15675567090511322,0.9976770877838135,0.018897609785199165,0.45054683089256287,9.0,1.0,0.0,0.0,0.022665362805128098,-1.4901161193847656e-08,0.002912738360464573,0.009911454282701015,-0.0028366795741021633,0.11344745010137558,-0.012293861247599125,0.2018267661333084,0.029184263199567795,-0.17763525247573853,0.061890579760074615,-0.0,0.0,-0.0,0.0,0.0,-0.0,0.0,0.00628252699971199,0.12119743227958679,-0.009118631482124329,0.2237420380115509,0.015227646566927433,-0.21278008818626404,0.05644839629530907,3.761236439459026e-05,-0.0006251496379263699,-6.408517219824716e-05,-0.0005310109700076282,2.3278782464331016e-05,-8.341995271621272e-05,-3.5875895264325663e-05,0.007954228669404984,0.010280996561050415,0.003110152669250965,0.025007933378219604,-0.013390466570854187,-0.03464043140411377,-0.009270783513784409,0.014236755669116974,0.1314784288406372,-0.0060084788128733635,0.2487499713897705,0.001837179996073246,-0.2474205195903778,0.04717761278152466,0.014236755669116974,0.1314784288406372,-0.0060084788128733635,0.2487499713897705,0.001837179996073246,-0.2474205195903778,0.04717761278152466,0.014236755669116974,0.1314784288406372,-0.0060084788128733635,0.2487499713897705,0.001837179996073246,-0.2474205195903778,0.04717761278152466
14.729,0.02469862997531891,0.02469862997531891,nan,nan,nan,nan,0.040175169706344604,0.0,0.038623109459877014,0.4370519816875458,0.0,0.0,0.0,0.0,0.004999999888241291,0.02199999988079071,100.0,0.05251322314143181,5.648926734924316,0.013217329978942871,15.155892372131348,0.019010193645954132,0.0161160696297884,0.03572898358106613,0.0924205556511879,0.9993669986724854,0.017850643023848534,0.42275044322013855,9.0,1.0,0.0,0.0,0.024698611348867416,-1.862645149230957e-08,0.002346818335354328,0.008858045563101768,0.027729401364922523,0.08411969244480133,0.0032896017655730247,0.19920162856578827,-0.021355118602514267,-0.20345939695835114,0.024720054119825363,0.0016726684989407659,0.005074193701148033,0.00019843244808726013,0.01201606448739767,-0.0012881646398454905,-0.01227289717644453,0.0014911412727087736,0.018159814178943634,0.10548792034387589,-0.0027081137523055077,0.2278617024421692,-0.0031451480463147163,-0.2256859540939331,0.04161340370774269,-0.00026113056810572743,-0.000541753601282835,0.00025368420756421983,-0.00042988566565327346,-0.00012044647155562416,-0.00010706065950216725,2.554050661274232e-05,-0.0046501560136675835,0.012251049280166626,-0.0027254102751612663,0.009496673941612244,0.00696570985019207,-0.008387893438339233,0.005708690732717514,0.01350965816527605,0.11773896962404251,-0.005433524027466774,0.23735837638378143,0.0038205618038773537,-0.23407384753227234,0.047322094440460205,0.01350965816527605,0.11773896962404251,-0.005433524027466774,0.23735837638378143,0.0038205618038773537,-0.23407384753227234,0.047322094440460205,0.01350965816527605,0.11773896962404251,-0.005433524027466774,0.23735837638378143,0.0038205618038773537,-0.23407384753227234,0.047322094440460205
14.837999999999994,0.025282643735408783,0.025282643735408783,nan,nan,nan,nan,0.03679831326007843,0.0,0.04007350280880928,0.438666433095932,0.0,0.0,0.0,0.0,0.007000000216066837,0.009999999776482582,100.0,0.05203200876712799,42.17525863647461,0.030346214771270752,52.73844909667969,0.018723852932453156,0.011643712408840656,0.03299336135387421,0.05840137600898743,0.9992161989212036,0.017563721165060997,0.30577966570854187,9.0,1.0,0.0,0.0,0.025282636284828186,-7.450580596923828e-09,0.005979492329061031,0.00824897550046444,-0.008445820771157742,0.11699650436639786,-0.008178038522601128,0.20365692675113678,0.041145484894514084,-0.17493650317192078,0.04900743067264557,-0.0018025684403255582,0.024970242753624916,-0.0017454163171350956,0.04346593841910362,0.00878156814724207,-0.03733621910214424,0.010459520854055882,0.009424552321434021,0.11886930465698242,-0.004372672643512487,0.23665708303451538,0.014099149033427238,-0.22267106175422668,0.046409472823143005,-0.00011240421008551493,-0.0004974004696123302,5.729603435611352e-05,-0.0003877854614984244,-5.610970038105734e-05,-0.0001015644520521164,-4.401226760819554e-05,0.004889633506536484,-0.004397764801979065,0.00039394106715917587,-0.001314610242843628,-0.010053940117359161,-0.006816655397415161,-0.0016649290919303894,0.014314185827970505,0.11447153985500336,-0.0039787315763533115,0.23534247279167175,0.004045208916068077,-0.22948771715164185,0.044744543731212616,0.014314185827970505,0.11447153985500336,-0.0039787315763533115,0.23534247279167175,0.004045208916068077,-0.22948771715164185,0.044744543731212616,0.014314185827970505,0.11447153985500336,-0.0039787315763533115,0.23534247279167175,0.004045208916068077,-0.22948771715164185,0.044744543731212616
14.881999999999998,0.027743369340896606,0.027743369340896606,nan,nan,nan,nan,0.03158213198184967,0.0,0.03839307278394699,0.46865642070770264,0.0,0.0,0.0,0.0,0.004000000189989805,0.003000000026077032,100.0,0.05283258110284805,1.049745798110962,0.010719522833824158,12.206719398498535,0.012807388789951801,0.01573331095278263,0.041318997740745544,0.8202418684959412,0.9982773065567017,0.01751619763672352,0.3196483850479126,9.0,1.0,0.0,0.0,0.027743343263864517,-2.60770320892334e-08,0.005718470551073551,0.00818464532494545,0.0025254359934479,0.13935676217079163,-0.002200131071731448,0.1958906203508377,0.018170170485973358,-0.17672580480575562,0.025162899866700172,0.0004910888383165002,0.02709890343248844,-0.0004278309643268585,0.03809230774641037,0.0035333174746483564,-0.03436557948589325,0.004893102683126926,0.00616398686543107,0.14182139933109283,-0.003472856478765607,0.23374241590499878,0.017799604684114456,-0.2154059112071991,0.037939127534627914,-0.0002142122684745118,-0.00036906523746438324,0.00014841480879113078,-0.0002521747665014118,-0.00011274074495304376,-0.00011151685612276196,-4.213045394863002e-05,0.004398472141474485,-0.016411706805229187,-0.0003908253274857998,0.0010129958391189575,-0.00724202673882246,-0.007900208234786987,0.004316490143537521,0.010562459006905556,0.12540969252586365,-0.0038636818062514067,0.23475541174411774,0.010557577945291996,-0.22330611944198608,0.042255617678165436,0.010562459006905556,0.12540969252586365,-0.0038636818062514067,0.23475541174411774,0.010557577945291996,-0.22330611944198608,0.042255617678165436,0.010562459006905556,0.12540969252586365,-0.0038636818062514067,0.23475541174411774,0.010557577945291996,-0.22330611944198608,0.042255617678165436
14.979,0.02846674621105194,0.02846674621105194,nan,nan,nan,nan,0.02307257428765297,0.0,0.03013800084590912,0.5160620212554932,0.0,0.0,0.0,0.0,-0.013000000268220901,0.020999999716877937,100.0,0.053564175963401794,0.919928789138794,0.011331401765346527,31.931562423706055,0.004283915739506483,0.016668938100337982,0.04252302274107933,0.03444651886820793,0.9943047761917114,0.01734425686299801,0.3397720754146576,9.0,1.0,0.0,0.0,0.028466716408729553,-2.9802322387695312e-08,0.006658676080405712,0.008177858777344227,0.019181810319423676,0.1351500153541565,0.02644018828868866,0.1818895787000656,-0.0020618552807718515,-0.18710382282733917,-0.050710320472717285,0.004693023394793272,0.03306581452488899,0.006468859035521746,0.04450112208724022,-0.0005044537247158587,-0.045776836574077606,-0.012406791560351849,0.014513769187033176,0.15408344566822052,0.014755042269825935,0.22478953003883362,0.007658637128770351,-0.2187582552433014,-0.013872423209249973,-2.95356639981037e-05,-0.00031444345950149,-9.451535879634321e-05,-0.00019766668265219778,-2.4558432414778508e-05,-0.00010815163113875315,-0.00012560698087327182,-0.0035991445183753967,-0.013765037059783936,-0.011088383384048939,0.0041551291942596436,0.003355075605213642,0.0005127787590026855,0.03229674696922302,0.01091462466865778,0.14031840860843658,0.0036666588857769966,0.22894465923309326,0.011013712733983994,-0.2182454764842987,0.018424322828650475,0.01091462466865778,0.14031840860843658,0.0036666588857769966,0.22894465923309326,0.011013712733983994,-0.2182454764842987,0.018424322828650475,0.01091462466865778,0.14031840860843658,0.0036666588857769966,0.22894465923309326,0.011013712733983994,-0.2182454764842987,0.018424322828650475
15.018999999999998,0.02873281016945839,0.02873281016945839,nan,nan,nan,nan,0.020368872210383415,0.0,0.024198973551392555,0.5742895007133484,0.0,0.0,0.0,0.0,0.006000000052154064,0.009999999776482582,100.0,0.05388285592198372,1.6860487461090088,0.02711266279220581,12.06972599029541,-0.0007858816534280777,0.011374724097549915,0.036359578371047974,0.026606395840644836,0.9989010095596313,0.017307158559560776,0.2827553153038025,9.0,1.0,0.0,0.0,0.0287327840924263,-2.60770320892334e-08,0.00620585773140192,0.008123527280986309,0.00882659386843443,0.144703671336174,-0.0030171964317560196,0.20738853514194489,0.004086759407073259,-0.15912273526191711,0.025041671469807625,0.002082269638776779,0.03413684293627739,-0.0007117826608009636,0.04892474412918091,0.0009641017531976104,-0.037538424134254456,0.005907546263188124,0.012345374561846256,0.16184952855110168,0.005312047898769379,0.23387542366981506,0.006169791799038649,-0.20182198286056519,0.008410608395934105,-0.00070770806632936,-0.0001917814661283046,0.0007336289272643626,-7.832468691049144e-05,-0.00036572766839526594,-0.00011931831249967217,0.0001116810817620717,-0.0007429439574480057,-0.012356117367744446,0.0008085714653134346,-0.004789382219314575,0.0023671933449804783,-0.009457617998123169,0.0016962159425020218,0.01160243060439825,0.14949341118335724,0.006120619364082813,0.2290860414505005,0.008536985144019127,-0.21127960085868835,0.010106824338436127,0.01160243060439825,0.14949341118335724,0.006120619364082813,0.2290860414505005,0.008536985144019127,-0.21127960085868835,0.010106824338436127,0.01160243060439825,0.14949341118335724,0.006120619364082813,0.2290860414505005,0.008536985144019127,-0.21127960085868835,0.010106824338436127
15.076999999999998,0.028706997632980347,0.028706997632980347,nan,nan,nan,nan,0.024147406220436096,0.0,0.022726327180862427,0.6173908114433289,0.0,0.0,0.0,0.0,0.006000000052154064,0.010999999940395355,100.0,0.05383327975869179,0.7724165916442871,0.011130236089229584,9.556734085083008,-0.0013708588667213917,0.008309770375490189,0.03240695595741272,-0.0023465941194444895,0.9985818862915039,0.017140289768576622,0.3587185740470886,9.0,1.0,0.0,0.0,0.028706982731819153,-1.4901161193847656e-08,0.00672073382884264,0.007882040925323963,-0.015871021896600723,0.1194411888718605,-0.005591446068137884,0.20600053668022156,0.044848356395959854,-0.17426425218582153,0.02519964426755905,-0.002063754480332136,0.015531281009316444,-0.0007270717760547996,0.026786843314766884,0.005831760820001364,-0.022660082206130028,0.0032767821103334427,-0.0030477712862193584,0.14716371893882751,-0.001232244772836566,0.23131698369979858,0.02817913144826889,-0.1958414614200592,0.01993526890873909,-0.00035113151534460485,-0.00015356433868873864,0.00028312960057519376,-4.180375981377438e-05,-0.00019278893887531012,-0.00011126814206363633,-3.045265475520864e-05,0.008808201178908348,0.0036901384592056274,0.004180539399385452,-0.0006083846092224121,-0.012598051689565182,-0.006757214665412903,-0.005721734836697578,0.005760430358350277,0.15085385739803314,0.00294829485937953,0.23070859909057617,0.015581079758703709,-0.2025986760854721,0.014213534072041512,0.005760430358350277,0.15085385739803314,0.00294829485937953,0.23070859909057617,0.015581079758703709,-0.2025986760854721,0.014213534072041512,0.005760430358350277,0.15085385739803314,0.00294829485937953,0.23070859909057617,0.015581079758703709,-0.2025986760854721,0.014213534072041512
15.136999999999993,0.028956715017557144,0.028956715017557144,nan,nan,nan,nan,0.026096077635884285,0.0,0.025203395634889603,0.6149519681930542,0.0,0.0,0.0,0.0,0.006000000052154064,0.012000000104308128,100.0,0.05414773151278496,0.7974998950958252,0.00939890742301941,10.255758285522461,9.780749678611755e-05,0.0008469494059681892,0.0259525366127491,0.020809782668948174,0.99744713306427,0.01659388840198517,0.3725223243236542,9.0,1.0,0.0,0.0,0.028956688940525055,-2.60770320892334e-08,0.006410124711692333,0.00743404496461153,0.041205260902643204,0.09179955720901489,0.020271915942430496,0.2015809416770935,-0.016469016671180725,-0.1962859332561493,0.005453620105981827,0.0008849908481352031,0.0019716359674930573,0.0004353924887254834,0.004329478368163109,-0.0003537152661010623,-0.004215754568576813,0.00011713077401509508,0.026625752449035645,0.11616654694080353,0.01319783367216587,0.22117671370506287,-0.0006863786838948727,-0.2045111060142517,0.011034120805561543,-4.699514465755783e-05,-0.00017645163461565971,-0.00010096734331455082,-7.058834307827055e-05,-3.811389979091473e-05,-9.955231507774442e-05,-0.00014790376008022577,-0.01217057928442955,0.0169990211725235,-0.005848437547683716,0.004577651619911194,0.010122653096914291,0.002241566777229309,0.0023878486827015877,0.014455173164606094,0.13316556811332703,0.007349396124482155,0.22575436532497406,0.009436273947358131,-0.2022695392370224,0.01342196948826313,0.014455173164606094,0.13316556811332703,0.007349396124482155,0.22575436532497406,0.009436273947358131,-0.2022695392370224,0.01342196948826313,0.014455173164606094,0.13316556811332703,0.007349396124482155,0.22575436532497406,0.009436273947358131,-0.2022695392370224,0.01342196948826313
15.266999999999996,0.028566546738147736,0.028566546738147736,nan,nan,nan,nan,0.02342160791158676,0.0,0.023653801530599594,0.6438894867897034,0.0,0.0,0.0,0.0,0.004999999888241291,0.024000000208616257,100.0,0.05363305285573006,5.316498756408691,0.015567988157272339,40.513240814208984,-0.0002547074109315872,-0.002301531843841076,0.02160697802901268,-0.016257012262940407,0.9974901080131531,0.016276663169264793,0.30657005310058594,9.0,1.0,0.0,0.0,0.028566516935825348,-2.9802322387695312e-08,0.007186845876276493,0.007127341814339161,-0.004905759822577238,0.12888203561306,-0.010780689306557178,0.20808853209018707,0.03774078190326691,-0.15690748393535614,0.06248176470398903,-0.000312482618028298,0.00820941012352705,-0.0006866985349915922,0.01325463317334652,0.002403977792710066,-0.009994550608098507,0.003979906439781189,0.002879384672269225,0.134195014834404,-0.005329949781298637,0.2253154069185257,0.03036862052977085,-0.17960497736930847,0.05340778827667236,-4.093407915206626e-05,-0.00015473175153601915,-0.00011362432269379497,-5.100352063891478e-05,-3.5852426663041115e-05,-9.767268056748435e-05,-0.00015537241415586323,0.00616145133972168,-0.0025240331888198853,0.0059045786038041115,0.0001319199800491333,-0.009731009602546692,-0.009898185729980469,-0.016132216900587082,0.009040836244821548,0.1316709816455841,0.0005746288225054741,0.22544732689857483,0.02063761092722416,-0.18950316309928894,0.03727557137608528,0.009040836244821548,0.1316709816455841,0.0005746288225054741,0.22544732689857483,0.02063761092722416,-0.18950316309928894,0.03727557137608528,0.009040836244821548,0.1316709816455841,0.0005746288225054741,0.22544732689857483,0.02063761092722416,-0.18950316309928894,0.03727557137608528
15.308,0.02822866290807724,0.02822866290807724,nan,nan,nan,nan,0.018130289390683174,0.0,0.020375752821564674,0.6843733787536621,0.0,0.0,0.0,0.0,0.003000000026077032,0.009999999776482582,100.0,0.05315067619085312,1.2131211757659912,0.01325272023677826,12.03399658203125,-0.0017785225063562393,-0.0032711103558540344,0.01888316497206688,-0.03378838300704956,0.9981497526168823,0.016338398680090904,0.30238187313079834,9.0,1.0,0.0,0.0,0.028228655457496643,-7.450580596923828e-09,0.00723379198461771,0.007193719502538443,0.009098907932639122,0.14601591229438782,-0.008606905117630959,0.20859965682029724,0.01652667671442032,-0.14467474818229675,0.06168268248438835,0.0009192339493893087,0.014751526527106762,-0.0008695284486748278,0.021074164658784866,0.001669637975282967,-0.014616033062338829,0.006231606937944889,0.006689468864351511,0.1490868628025055,-0.007564024534076452,0.22892643511295319,0.024074794724583626,-0.16984225809574127,0.06142349913716316,-0.0004275261308066547,-0.00011739273031707853,0.0003846306062769145,-1.4833622117293999e-05,-0.0002459622919559479,-0.00010495840251678601,-8.667321935718064e-07,0.000439678318798542,-0.010008648037910461,0.004277958534657955,-0.0015989094972610474,-0.0008051358163356781,-0.01113639771938324,-0.01242903247475624,0.007129147183150053,0.13907821476459503,-0.0032860662322491407,0.22732752561569214,0.023269658908247948,-0.1809786558151245,0.04899446666240692,0.007129147183150053,0.13907821476459503,-0.0032860662322491407,0.22732752561569214,0.023269658908247948,-0.1809786558151245,0.04899446666240692,0.007129147183150053,0.13907821476459503,-0.0032860662322491407,0.22732752561569214,0.023269658908247948,-0.1809786558151245,0.04899446666240692
15.385999999999996,0.0267317071557045,0.0267317071557045,nan,nan,nan,nan,0.0025624018162488937,0.0,0.004588570445775986,0.7266495823860168,0.0,0.0,0.0,0.0,0.0020000000949949026,0.009999999776482582,100.0,0.051965825259685516,1.9866349697113037,0.01840014010667801,18.763349533081055,-0.0032316502183675766,-0.003001119941473007,0.004819100722670555,-0.14969557523727417,0.9989296197891235,0.016381720080971718,0.2936118245124817,9.0,1.0,0.0,0.0,0.026731684803962708,-2.2351741790771484e-08,0.008765512146055698,0.0072036548517644405,0.009098907932639122,0.14601591229438782,-0.008606905117630959,0.20859965682029724,0.01652667671442032,-0.14467474818229675,0.06168268248438835,0.0010810933308675885,0.017348986119031906,-0.0010226357262581587,0.02478492073714733,0.0019636291544884443,-0.01718963496387005,0.007328873034566641,0.008365331217646599,0.15474730730056763,-0.008520325645804405,0.2289038896560669,0.02105226367712021,-0.16419494152069092,0.06460652500391006,-0.00041507117566652596,-9.310505265602842e-05,0.0003665326803456992,1.6458418031106703e-05,-0.00024160130124073476,-0.00011197289131814614,-9.075214620679617e-06,-0.0010120710358023643,-0.008434996008872986,0.0028453366830945015,-0.0006472766399383545,0.0014036782085895538,-0.009153500199317932,-0.008082814514636993,0.0073532601818442345,0.14631231129169464,-0.005674988962709904,0.22825661301612854,0.022455941885709763,-0.17334844172000885,0.05652371048927307,0.0073532601818442345,0.14631231129169464,-0.005674988962709904,0.22825661301612854,0.022455941885709763,-0.17334844172000885,0.05652371048927307,0.0073532601818442345,0.14631231129169464,-0.005674988962709904,0.22825661301612854,0.022455941885709763,-0.17334844172000885,0.05652371048927307
15.514999999999993,0.026470955461263657,0.026470955461263657,nan,nan,nan,nan,-0.006836649030447006,0.0,0.0045182667672634125,0.7068448066711426,0.0,0.0,0.0,0.0,0.0,0.03700000047683716,100.0,0.05154555290937424,3.1184098720550537,0.022836029529571533,14.505496978759766,-0.012997152283787727,-0.0018615825101733208,0.015653837472200394,-0.0070473430678248405,0.9985540509223938,0.016438663005828857,0.27237045764923096,9.0,1.0,0.0,0.0,0.026470940560102463,-1.4901161193847656e-08,0.008672087453305721,0.007755371741950512,0.032479431480169296,0.12886393070220947,0.04396995157003403,0.19366778433322906,0.04114998131990433,-0.17608420550823212,-0.014129548333585262,0.011270593851804733,0.04471670091152191,0.015257886610925198,0.06720409542322159,0.014279337599873543,-0.061102475970983505,-0.004903053864836693,0.020461685955524445,0.16786876320838928,0.009187562391161919,0.23166154325008392,0.036582402884960175,-0.1712973713874817,0.05750920996069908,-6.274103361647576e-05,-9.396846144227311e-05,-9.292696631746367e-05,2.3024073016131297e-05,-4.95278654852882e-05,-0.00011303283099550754,-0.00015554198762401938,-0.006246372126042843,-0.009629249572753906,-0.010361362248659134,-0.005124256014823914,-0.012079697102308273,0.006702035665512085,0.004436444491147995,0.014215313829481602,0.15823951363563538,-0.0011737998574972153,0.22653728723526,0.0245027057826519,-0.1645953357219696,0.061945654451847076,0.014215313829481602,0.15823951363563538,-0.0011737998574972153,0.22653728723526,0.0245027057826519,-0.1645953357219696,0.061945654451847076,0.014215313829481602,0.15823951363563538,-0.0011737998574972153,0.22653728723526,0.0245027057826519,-0.1645953357219696,0.061945654451847076
15.622,0.026382748037576675,0.026382748037576675,nan,nan,nan,nan,-0.0010092668235301971,0.0,0.000728333368897438,0.7060012221336365,0.0,0.0,0.0,0.0,0.0010000000474974513,0.01899999938905239,100.0,0.05162475258111954,2.0321357250213623,0.01861806958913803,18.467187881469727,-0.015712322667241096,-0.001242015976458788,0.015198640525341034,-0.004642495885491371,0.9996848106384277,0.01826009899377823,0.21072448790073395,9.0,1.0,0.0,0.0,0.026382721960544586,-2.60770320892334e-08,0.010761345736682415,0.008674811571836472,-0.0015002138679847121,0.14085814356803894,-0.004019149113446474,0.21202632784843445,0.0368041954934597,-0.14561592042446136,0.051252998411655426,-0.0008309915428981185,0.07802348583936691,-0.002226268406957388,0.11744463443756104,0.020386409014463425,-0.08065889030694962,0.028389822691679,0.007247830741107464,0.19553400576114655,0.0002822033129632473,0.28551122546195984,0.048037633299827576,-0.20119857788085938,0.0696495920419693,-0.0005426595453172922,-0.00011914367496501654,0.0005458426312543452,-1.4042589100426994e-05,-0.0003205070970579982,-0.00011011522292392328,5.148106720298529e-05,0.004012466408312321,-0.020376622676849365,0.0005717611638829112,-0.03253287076950073,-0.012033335864543915,0.01901865005493164,-0.005770936608314514,0.011260297149419785,0.17515738308429718,0.0008539644768461585,0.2529783546924591,0.03600429743528366,-0.18217992782592773,0.06387865543365479,0.011260297149419785,0.17515738308429718,0.0008539644768461585,0.2529783546924591,0.03600429743528366,-0.18217992782592773,0.06387865543365479,0.011260297149419785,0.17515738308429718,0.0008539644768461585,0.2529783546924591,0.03600429743528366,-0.18217992782592773,0.06387865543365479
15.707999999999998,0.02403537929058075,0.02403537929058075,nan,nan,nan,nan,-0.021486368030309677,0.0,0.0,0.716018795967102,0.0,0.0,0.0,0.0,0.0,0.009999999776482582,100.0,0.05007516220211983,2.3265275955200195,0.014591962099075317,14.154915809631348,-0.011532098054885864,-0.016717489808797836,-0.005185391753911972,-0.2347368746995926,0.9930936098098755,0.017826713621616364,0.323834091424942,9.0,1.0,0.0,0.0,0.024035349488258362,-2.9802322387695312e-08,0.010726829059422016,0.008638191036880016,-0.0007447935058735311,0.15403999388217926,-0.011719666421413422,0.21288004517555237,0.020920323207974434,-0.13195498287677765,0.0544617660343647,-7.390244718408212e-05,0.01528468169271946,-0.001162888715043664,0.021123109385371208,0.002075827680528164,-0.01309328805655241,0.00540399132296443,0.020315703004598618,0.18297290802001953,0.02938491478562355,0.23293985426425934,0.02341502718627453,-0.16634756326675415,-0.02109532430768013,-0.0005061808042228222,-0.0001207912209792994,0.0005048153107054532,-8.186651029973291e-06,-0.00030970500665716827,-0.00011684748460538685,3.860324068227783e-05,-0.014791788533329964,-0.013648495078086853,-0.015678565949201584,0.014171183109283447,-0.0021825432777404785,-0.02525019645690918,0.01942303776741028,0.0055239140056073666,0.16932441294193268,0.013706347905099392,0.24711103737354279,0.02123248390853405,-0.19159775972366333,-0.0016722872387617826,0.0055239140056073666,0.16932441294193268,0.013706347905099392,0.24711103737354279,0.02123248390853405,-0.19159775972366333,-0.0016722872387617826,0.0055239140056073666,0.16932441294193268,0.013706347905099392,0.24711103737354279,0.02123248390853405,-0.19159775972366333,-0.0016722872387617826
15.808999999999997,0.023674938827753067,0.023674938827753067,nan,nan,nan,nan,-0.021140851080417633,1.0,-9.313225746154785e-10,0.7260767221450806,0.0,0.0,0.0,0.0,0.006000000052154064,0.02800000086426735,100.0,0.049430131912231445,0.5660373568534851,0.009653158485889435,25.553861618041992,-0.0112488167360425,-0.010484566912055016,0.0007642488926649094,-0.01287287287414074,0.9835477471351624,0.016979346051812172,0.26205453276634216,9.0,1.0,0.0,0.0,0.023674912750720978,-2.60770320892334e-08,0.009522332809865475,0.007949145510792732,0.08141627907752991,0.200309619307518,0.01496974565088749,0.17798952758312225,-0.05248687043786049,-0.07697799801826477,0.05160033702850342,0.010561807081103325,0.025985363870859146,0.0019419649615883827,0.02308986708521843,-0.006808910984545946,-0.009986046701669693,0.0066939047537744045,0.038012392818927765,0.19640380144119263,0.008648468181490898,0.226127028465271,-0.006020041182637215,-0.13239134848117828,0.03918129950761795,-6.711726018693298e-05,-9.161240450339392e-05,-8.871404133969918e-05,3.983266287832521e-05,-5.283703649183735e-05,-0.00012863001029472798,-0.00015628898108843714,-0.027342110872268677,-0.02246515452861786,-0.0024597300216555595,0.011526837944984436,0.012319441884756088,-0.03589285910129547,-0.03058464825153351,0.010670281946659088,0.17393864691257477,0.006188738159835339,0.23765386641025543,0.006299400702118874,-0.16828420758247375,0.008596650324761868,0.010670281946659088,0.17393864691257477,0.006188738159835339,0.23765386641025543,0.006299400702118874,-0.16828420758247375,0.008596650324761868,0.01067027822136879,0.17393864691257477,0.006188736297190189,0.23765386641025543,0.00629939790815115,-0.16828420758247375,0.008596645668148994
15.869,0.023092877119779587,0.023092877119779587,nan,nan,nan,nan,-0.02339392714202404,1.0,-9.313225746154785e-10,0.7213876843452454,0.0,0.0,0.0,0.0,0.008999999612569809,0.007000000216066837,100.0,0.04880073666572571,0.7858313322067261,0.010631047189235687,21.66649055480957,-0.010659958235919476,-0.010459866374731064,0.0002000909298658371,-0.0831516683101654,0.97606360912323,0.016716821119189262,0.3428025245666504,9.0,1.0,0.0,0.0,0.023092851042747498,-2.60770320892334e-08,0.010453685186803341,0.007491106167435646,0.005705123767256737,0.15316589176654816,-0.003527918364852667,0.18707133829593658,0.06998250633478165,-0.11793084442615509,0.1126689687371254,0.0006385686574503779,0.017143700271844864,-0.00039487628964707255,0.020938701927661896,0.007833070121705532,-0.013199877925217152,0.012610921636223793,0.02116410993039608,0.18633262813091278,0.0018116359133273363,0.22120720148086548,0.040766239166259766,-0.1347423791885376,0.08827782422304153,-0.000372702837921679,-9.135244181379676e-05,0.000335269927745685,4.62478565168567e-05,-0.00024184896028600633,-0.0001402529451297596,-1.4292966625362169e-05,-0.012092706747353077,-0.013866230845451355,-0.0017351845744997263,0.011833325028419495,-0.028981542214751244,-0.02811579406261444,-0.05690084770321846,0.009071403183043003,0.17246639728546143,7.645133882761002e-05,0.23304052650928497,0.011784696951508522,-0.16285817325115204,0.031376976519823074,0.009071403183043003,0.17246639728546143,7.645133882761002e-05,0.23304052650928497,0.011784696951508522,-0.16285817325115204,0.031376976519823074,0.009071402251720428,0.17246639728546143,7.645065488759428e-05,0.23304052650928497,0.011784696020185947,-0.16285817325115204,0.031376972794532776
15.918999999999997,0.022484246641397476,0.022484246641397476,nan,nan,nan,nan,-0.09084289520978928,1.0,-9.313225746154785e-10,0.7187620401382446,0.0,0.0,0.0,0.0,0.004000000189989805,0.010999999940395355,100.0,0.048340361565351486,0.9128656387329102,0.013780780136585236,12.622335433959961,-0.010805743746459484,-0.010389742441475391,0.0004160003736615181,-0.05533004179596901,0.679720938205719,0.014200673438608646,0.3528970777988434,9.0,1.0,0.0,0.0,0.022484242916107178,-3.725290298461914e-09,0.011384674347937107,0.006193702109158039,-0.054134879261255264,-0.02191850356757641,0.019339637830853462,-0.11350098252296448,0.21776022017002106,0.10784976184368134,0.1195048913359642,-0.030963003635406494,-0.012536514550447464,0.01106150634586811,-0.06491806358098984,0.1245502158999443,0.06168578565120697,0.06835205852985382,0.06974302232265472,0.15955843031406403,0.027795985341072083,0.07622095942497253,0.09121359884738922,-0.02963235229253769,0.18301862478256226,-5.436988067231141e-05,-9.335519280284643e-05,-0.00010589129669824615,4.7707988414913416e-05,-4.47322781838011e-05,-0.00013841342297382653,-0.00016224899445660412,-0.05218086764216423,-0.017244398593902588,-0.03150494024157524,0.10387742519378662,-0.08071070909500122,-0.124208964407444,-0.12077103555202484,0.017562154680490494,0.14231403172016144,-0.0037089535035192966,0.18009838461875916,0.010502886027097702,-0.1538413166999817,0.06224759295582771,0.017562154680490494,0.14231403172016144,-0.0037089535035192966,0.18009838461875916,0.010502886027097702,-0.1538413166999817,0.06224759295582771,0.017562154680490494,0.14231403172016144,-0.0037089537363499403,0.18009838461875916,0.010502885095775127,-0.1538413166999817,0.06224759295582771
16.031999999999996,0.021485809236764908,0.021485809236764908,nan,nan,nan,nan,-0.06748142093420029,1.0,-9.313225746154785e-10,0.7236217856407166,0.0,0.0,0.0,0.0,0.0,0.02500000037252903,100.0,0.047062505036592484,0.9225318431854248,0.01681596040725708,47.65334701538086,-0.010856146924197674,-0.007407641038298607,0.0034485049545764923,-0.039937496185302734,0.865655243396759,0.009847146458923817,0.24104401469230652,9.0,1.0,0.0,0.0,0.02148578315973282,-2.60770320892334e-08,0.011380543000996113,0.004024929832667112,0.005889581516385078,0.16092675924301147,0.024356985464692116,0.17185033857822418,0.092027448117733,-0.14618894457817078,0.0640454888343811,0.0,0.0,0.0,0.0,0.0,-0.0,0.0,0.003607537131756544,0.12012523412704468,0.027125563472509384,0.0704406350851059,0.14923574030399323,-0.046128030866384506,0.12607066333293915,-4.9411017243983224e-05,-8.738729957258329e-05,-0.00011410650768084452,6.126005609985441e-05,-4.173803608864546e-05,-0.00014597448171116412,-0.00016620548558421433,-0.03579260781407356,-0.04734306037425995,-0.02979171648621559,0.019973717629909515,-0.05626131594181061,-0.06070311740040779,-0.06115247309207916,-0.03218507021665573,0.07278217375278473,-0.0026661530137062073,0.09041435271501541,0.09297442436218262,-0.1068311482667923,0.06491819024085999,-0.03218507021665573,0.07278217375278473,-0.0026661530137062073,0.09041435271501541,0.09297442436218262,-0.1068311482667923,0.06491819024085999,-0.03218507021665573,0.07278217375278473,-0.0026661534793674946,0.09041435271501541,0.09297442436218262,-0.1068311482667923,0.06491819024085999
16.174,0.01857832819223404,0.01857832819223404,nan,nan,nan,nan,-0.045439887791872025,0.0,1.862645149230957e-09,0.7080163359642029,0.0,0.0,0.0,0.0,-0.003000000026077032,0.019999999552965164,100.0,0.044257957488298416,3.428950071334839,0.10302942246198654,16.289379119873047,-0.0028317738324403763,-0.015179764479398727,-0.012347988784313202,-0.14537405967712402,0.9487813711166382,0.012014525942504406,0.1902003288269043,9.0,1.0,0.0,0.0,0.018578309565782547,-1.862645149230957e-08,0.008921383880078793,0.0066244713962078094,-0.0034135663881897926,0.15094690024852753,-0.0013684940058737993,0.21141378581523895,0.03980756178498268,-0.13685765862464905,0.04680873081088066,-0.0017077770316973329,0.07551739364862442,-0.0006846454343758523,0.10576844960451126,0.019915370270609856,-0.06846867501735687,0.023417994379997253,0.006386405788362026,0.17743158340454102,0.01917259767651558,0.1993720829486847,0.0862995982170105,-0.12466268241405487,0.06886249035596848,-0.00028461546753533185,-9.331201727036387e-05,0.00021772690524812788,6.586501694982871e-05,-0.00019576938939280808,-0.0001611036277608946,-5.3730615036329255e-05,-0.03967670351266861,-0.07954957336187363,-0.015871183946728706,-0.054957106709480286,-0.011742651462554932,-0.016477927565574646,-0.04232369363307953,-0.03329029679298401,0.09788201004266739,0.003301413729786873,0.1444149762392044,0.07455694675445557,-0.14114060997962952,0.026538796722888947,-0.03329029679298401,0.09788201004266739,0.003301413729786873,0.1444149762392044,0.07455694675445557,-0.14114060997962952,0.026538796722888947,-0.03329029679298401,0.09788201004266739,0.003301413729786873,0.1444149762392044,0.07455694675445557,-0.14114060997962952,0.026538796722888947
16.238999999999997,0.019449930638074875,0.019449930638074875,nan,nan,nan,nan,-0.06309892237186432,1.0,0.0,0.6959736347198486,0.0,0.0,0.0,0.0,0.003000000026077032,0.009999999776482582,100.0,0.044802796095609665,0.7886411547660828,0.0121360644698143,13.4705810546875,-0.008569864556193352,0.0013736155815422535,0.009943479672074318,0.08716024458408356,0.7126410007476807,0.009782662615180016,0.24763260781764984,9.0,1.0,0.0,0.0,0.019449904561042786,-2.60770320892334e-08,0.009905134327709675,0.002930660266429186,0.011544800363481045,0.11344843357801437,0.011291754432022572,0.11463432013988495,0.13868781924247742,-0.11649541556835175,0.17584693431854248,0.001963029382750392,0.019290296360850334,0.0019200026290491223,0.01949194073677063,0.023581895977258682,-0.019808392971754074,0.02990027703344822,0.0033946572802960873,0.07307574152946472,0.030544700101017952,0.01414948794990778,0.14990390837192535,-0.023303678259253502,0.1205015778541565,-0.0004023360088467598,-8.049324969761074e-05,0.0003920413728337735,9.096324356505647e-05,-0.0002762781805358827,-0.00017491290054749697,1.0241136806143913e-05,-0.0456535667181015,-0.008338674902915955,-0.02361859194934368,0.07966681569814682,-0.04729080945253372,-0.08152242004871368,-0.07649661600589752,-0.042258910834789276,0.06473706662654877,0.006926107686012983,0.09381630271673203,0.10261309891939163,-0.10482610017061234,0.04400496184825897,-0.042258910834789276,0.06473706662654877,0.006926107686012983,0.09381630271673203,0.10261309891939163,-0.10482610017061234,0.04400496184825897,-0.042258910834789276,0.06473706662654877,0.006926107686012983,0.09381630271673203,0.10261309891939163,-0.10482610017061234,0.04400496184825897
16.288999999999994,0.019510861486196518,0.019510861486196518,nan,nan,nan,nan,-0.060233063995838165,0.0,9.313225746154785e-10,0.6915004849433899,0.0,0.0,0.0,0.0,0.007000000216066837,0.00800000037997961,100.0,0.04500999301671982,0.9179348349571228,0.012588687241077423,16.363065719604492,-0.006250073201954365,0.0015934174880385399,0.00784349162131548,0.007616355549544096,0.8854570388793945,0.010887637734413147,0.20626935362815857,9.0,1.0,0.0,0.0,0.01951083540916443,-2.60770320892334e-08,0.00995845440775156,0.005484139081090689,0.011544800363481045,0.11344843357801437,0.011291754432022572,0.11463432013988495,0.13868781924247742,-0.11649541556835175,0.17584693431854248,0.0030318007338792086,0.029792897403240204,0.0029653478413820267,0.030104326084256172,0.03642105683684349,-0.03059307113289833,0.046179480850696564,0.009241501800715923,0.10877691954374313,0.021351519972085953,0.08291840553283691,0.1603708267211914,-0.08830079436302185,0.1718772053718567,-0.0003664013638626784,-7.992595783434808e-05,0.00034308299655094743,9.603120270185173e-05,-0.00025345507310703397,-0.00017912971088662744,-5.291762590786675e-06,-0.04881664738059044,-0.05168682336807251,-0.016572441905736923,0.009318463504314423,-0.046538807451725006,-0.0381024032831192,-0.10028832405805588,-0.03957514464855194,0.057090096175670624,0.004779078997671604,0.09223686903715134,0.1138320192694664,-0.12640319764614105,0.07158888131380081,-0.03957514464855194,0.057090096175670624,0.004779078997671604,0.09223686903715134,0.1138320192694664,-0.12640319764614105,0.07158888131380081,-0.03957514464855194,0.057090096175670624,0.004779078997671604,0.09223686903715134,0.1138320192694664,-0.12640319764614105,0.07158888131380081
16.360999999999997,0.01854947954416275,0.01854947954416275,nan,nan,nan,nan,-0.10622983425855637,0.0,0.0,0.6530072689056396,0.0,0.0,0.0,0.0,0.003000000026077032,0.01899999938905239,100.0,0.04368380084633827,0.6785308718681335,0.012937001883983612,34.00349426269531,-0.0027571897953748703,0.00028024008497595787,0.003037429880350828,-0.050599049776792526,0.7418375015258789,0.013103805482387543,0.19676905870437622,9.0,1.0,0.0,0.0,0.018549460917711258,-1.862645149230957e-08,0.010114573873579502,0.008016587235033512,-0.025112982839345932,-0.06307592988014221,0.034125156700611115,-0.13919712603092194,0.2140248417854309,0.03914013132452965,0.1323322206735611,-0.015236238949000835,-0.03826865181326866,0.0207039937376976,-0.08445195853710175,0.12985050678253174,0.023746617138385773,0.08028697222471237,0.04104677215218544,0.056998468935489655,0.050235431641340256,-0.05615208297967911,0.24244628846645355,-0.02758660912513733,0.2577049434185028,-0.00039788836147636175,-0.00011273036216152832,0.00040097179589793086,7.915949390735477e-05,-0.00027481524739414454,-0.00019524911476764828,2.3068414520821534e-05,-0.06499965488910675,-0.04152078926563263,-0.03833361342549324,0.10362914204597473,-0.09523375332355499,-0.13542692363262177,-0.12644247710704803,-0.023952879011631012,0.015477679669857025,0.01190181914716959,0.047477055341005325,0.14721253514289856,-0.1630135327577591,0.13126246631145477,-0.023952879011631012,0.015477679669857025,0.01190181914716959,0.047477055341005325,0.14721253514289856,-0.1630135327577591,0.13126246631145477,-0.023952879011631012,0.015477679669857025,0.01190181914716959,0.047477055341005325,0.14721253514289856,-0.1630135327577591,0.13126246631145477
16.415,0.018608350306749344,0.018608350306749344,nan,nan,nan,nan,-0.06312032788991928,1.0,-1.862645149230957e-09,0.6278794407844543,0.0,0.0,0.0,0.0,0.00800000037997961,0.017000000923871994,100.0,0.04319118708372116,1.0458407402038574,0.019832514226436615,13.831787109375,-0.004135988652706146,0.002283298410475254,0.006419285200536251,0.0034629858564585447,0.9160712957382202,0.014998072758316994,0.21382512152194977,9.0,1.0,0.0,0.0,0.018608342856168747,-7.450580596923828e-09,0.009828616864979267,0.00738372839987278,0.02552379108965397,0.13540621101856232,0.004759586416184902,0.18999357521533966,0.021058348938822746,-0.17300447821617126,0.06722702831029892,0.0108961071819067,0.05780491232872009,0.002031867392361164,0.08110826462507248,0.008989810012280941,-0.07385561615228653,0.028699219226837158,0.01619808003306389,0.0773690715432167,0.03456474840641022,0.023839756846427917,0.21413062512874603,-0.09873616695404053,0.21726344525814056,-0.0004759970470331609,-0.0001243376318598166,0.0005258619785308838,8.289456309285015e-05,-0.00032739582820795476,-0.0002104531740769744,7.517094491049647e-05,-0.04629096761345863,-0.09248277544975281,-0.014754438772797585,-0.02089923806488514,-0.01799488067626953,-0.05557551980018616,-0.05552166700363159,-0.030092887580394745,-0.015113703906536102,0.019810309633612633,0.002940518781542778,0.1961357444524765,-0.15431168675422668,0.16174177825450897,-0.030092887580394745,-0.015113703906536102,0.019810309633612633,0.002940518781542778,0.1961357444524765,-0.15431168675422668,0.16174177825450897,-0.030092889443039894,-0.015113705769181252,0.019810309633612633,0.002940519480034709,0.1961357444524765,-0.15431168675422668,0.16174177825450897
16.491999999999997,0.01898595690727234,0.01898595690727234,nan,nan,nan,nan,-0.03043350763618946,0.0,1.862645149230957e-09,0.5892148613929749,0.0,0.0,0.0,0.0,0.009999999776482582,0.019999999552965164,100.0,0.04244782030582428,0.6444491147994995,0.009261071681976318,12.054253578186035,-0.007235400378704071,0.006685322150588036,0.013920724391937256,0.01888033002614975,0.9728918671607971,0.014848446473479271,0.23612509667873383,9.0,1.0,0.0,0.0,0.01898593083024025,-2.60770320892334e-08,0.009497043676674366,0.006006139796227217,0.08504489809274673,-0.01878068782389164,0.12504816055297852,-0.07562141865491867,0.19746187329292297,-0.1278519630432129,0.07564185559749603,0.0,-0.0,0.0,-0.0,0.0,-0.0,0.0,0.04405799135565758,0.09644688665866852,0.05051157623529434,0.0914425402879715,0.14336004853248596,-0.1665714979171753,0.13508927822113037,-4.642497151507996e-05,-0.00014025799464434385,-8.959953265730292e-05,8.259918831754476e-05,-3.722523615579121e-05,-0.00022665737196803093,-0.00013076789036858827,-0.04098433628678322,-0.04325461387634277,-0.023351602256298065,-0.013987302780151367,0.012794479727745056,-0.013427287340164185,0.012663856148719788,0.003073654370382428,0.053192272782325745,0.027159973978996277,0.07745523750782013,0.15615452826023102,-0.17999878525733948,0.14775313436985016,0.003073654370382428,0.053192272782325745,0.027159973978996277,0.07745523750782013,0.15615452826023102,-0.17999878525733948,0.14775313436985016,0.003073654370382428,0.053192272782325745,0.027159973978996277,0.07745523750782013,0.15615452826023102,-0.17999878525733948,0.14775313436985016
16.586,0.019930314272642136,0.019930314272642136,nan,nan,nan,nan,-0.008231870830059052,0.0,1.862645149230957e-09,0.5674923062324524,0.0,0.0,0.0,0.0,0.004999999888241291,0.01600000075995922,100.0,0.04279082641005516,2.1589837074279785,0.014184974133968353,20.075660705566406,-0.006627868860960007,0.014209851622581482,0.020837722346186638,0.05902233347296715,0.9770128130912781,0.016017187386751175,0.25573545694351196,9.0,1.0,0.0,0.0,0.019930295646190643,-1.862645149230957e-08,0.010046691633760929,0.009045454673469067,-0.004666212946176529,0.1299629509449005,0.0036479574628174305,0.19208139181137085,0.07691553235054016,-0.14914098381996155,0.08955587446689606,-0.002379727317020297,0.06627995520830154,0.001860426040366292,0.09795980900526047,0.039226241409778595,-0.07606057822704315,0.0456727035343647,0.01544751413166523,0.15001553297042847,0.025168826803565025,0.19931434094905853,0.12660947442054749,-0.19665654003620148,0.133461594581604,-0.0005356179899536073,-0.00015892084047663957,0.0006659702048636973,9.651577420299873e-05,-0.00035767664667218924,-0.000254917104030028,0.0001673159858910367,-0.0028594257310032845,-0.0534084290266037,0.0043811555951833725,-0.06753860414028168,0.01419268548488617,0.007218882441520691,0.0050246864557266235,0.012588088400661945,0.09660710394382477,0.029549982398748398,0.13177573680877686,0.14080215990543365,-0.1894376575946808,0.13848628103733063,0.012588088400661945,0.09660710394382477,0.029549982398748398,0.13177573680877686,0.14080215990543365,-0.1894376575946808,0.13848628103733063,0.012588088400661945,0.09660710394382477,0.029549982398748398,0.13177573680877686,0.14080215990543365,-0.1894376575946808,0.13848628103733063
16.639999999999993,0.02056148648262024,0.02056148648262024,nan,nan,nan,nan,0.01116794440895319,0.0,0.010503296740353107,0.5595027208328247,0.0,0.0,0.0,0.0,-0.0010000000474974513,0.01600000075995922,100.0,0.0417972095310688,1.0597584247589111,0.010449439287185669,10.05282211303711,0.0012338533997535706,0.019894413650035858,0.02916385605931282,0.03944826126098633,0.9803557395935059,0.016611091792583466,0.33762431144714355,9.0,1.0,0.0,0.0,0.020561475306749344,-1.1175870895385742e-08,0.023166481405496597,0.007865961641073227,0.003534470684826374,-0.12038464844226837,0.027142105624079704,-0.16318489611148834,0.1676715910434723,-0.009797994047403336,0.14113567769527435,0.000595043646171689,-0.02026728354394436,0.004569492302834988,-0.02747289277613163,0.02822824753820896,-0.0016495352610945702,0.023760808631777763,0.014750722795724869,0.07519526779651642,0.030196750536561012,0.09031262248754501,0.1624269336462021,-0.15960323810577393,0.16098502278327942,1.6088089978438802e-05,-0.00013407327060122043,-0.0001083116076188162,0.0001665926683926955,1.419832551619038e-05,-0.0003046665224246681,-7.741223816992715e-05,0.0018383823335170746,0.03395158052444458,0.0006059929728507996,0.049927450716495514,-0.016289979219436646,-0.025666475296020508,-0.01304619014263153,0.016589105129241943,0.109146848320961,0.030802743509411812,0.14024007320404053,0.14613695442676544,-0.18526971340179443,0.1479388326406479,0.016589105129241943,0.109146848320961,0.030802743509411812,0.14024007320404053,0.14613695442676544,-0.18526971340179443,0.1479388326406479,0.016589105129241943,0.109146848320961,0.030802743509411812,0.14024007320404053,0.14613695442676544,-0.18526971340179443,0.1479388326406479
16.686,0.020656637847423553,0.020656637847423553,nan,nan,nan,nan,0.028239551931619644,0.0,0.021469689905643463,0.5623491406440735,0.0,0.0,0.0,0.0,0.00800000037997961,0.007000000216066837,100.0,0.04114159196615219,0.5852561593055725,0.008616596460342407,9.933084487915039,0.009803339838981628,0.015090540051460266,0.0267568901181221,0.01359305065125227,0.8328791856765747,0.014087670482695103,0.28946590423583984,9.0,1.0,0.0,0.0,0.020656634122133255,-3.725290298461914e-09,0.02325182408094406,0.005588199943304062,0.003534470684826374,-0.12038464844226837,0.027142105624079704,-0.16318489611148834,0.1676715910434723,-0.009797994047403336,0.14113567769527435,0.0010734191164374352,-0.03656082972884178,0.008243059739470482,-0.049559272825717926,0.05092187970876694,-0.0029756517615169287,0.042862918227910995,0.00957512203603983,-0.03937401622533798,0.03228538855910301,-0.05913982540369034,0.18747250735759735,-0.08547883480787277,0.16984885931015015,-0.0005041506374254823,-0.00013020714686717838,0.0006874296232126653,0.00017180856957565993,-0.00033089928911067545,-0.0002967552572954446,0.00022595617338083684,0.0038698604330420494,0.08871076256036758,-0.0007606185972690582,0.11871469020843506,-0.02452637255191803,-0.0590827539563179,-0.012441396713256836,0.013444982469081879,0.0493367463350296,0.031524769961833954,0.05957486480474472,0.16294613480567932,-0.14456158876419067,0.1574074625968933,0.013444982469081879,0.0493367463350296,0.031524769961833954,0.05957486480474472,0.16294613480567932,-0.14456158876419067,0.1574074625968933,0.013444982469081879,0.0493367463350296,0.031524769961833954,0.05957486480474472,0.16294613480567932,-0.14456158876419067,0.1574074625968933
16.738999999999997,0.02089168131351471,0.02089168131351471,nan,nan,nan,nan,0.04120353236794472,0.0,0.03441541641950607,0.5519554018974304,0.0,0.0,0.0,0.0,0.0,0.006000000052154064,100.0,0.04073753207921982,2.073438882827759,0.016908161342144012,13.266846656799316,0.023611681535840034,0.013757899403572083,0.02456163614988327,0.0391739122569561,0.9410457015037537,0.013914872892200947,0.3009933829307556,9.0,1.0,0.0,0.0,0.02089165523648262,-2.60770320892334e-08,0.02273944392800331,0.007180742919445038,-0.008361881598830223,0.04224180057644844,0.014339830726385117,0.0676448717713356,0.18138286471366882,-0.12245292216539383,0.18833424150943756,-0.0014543927973136306,0.007347170263528824,0.0024941451847553253,0.011765559203922749,0.0315481536090374,-0.021298395469784737,0.032757215201854706,0.0056826649233698845,-0.08542629331350327,0.033578790724277496,-0.11727985739707947,0.21331846714019775,-0.06256356090307236,0.18986712396144867,-0.0005127795739099383,-0.00016694085206836462,0.000718534691259265,0.00011737828026525676,-0.0003357507230248302,-0.00027742519159801304,0.0002492135390639305,0.004620692692697048,0.06315919011831284,-0.00038045644760131836,0.08211164176464081,-0.026338547468185425,-0.03827650099992752,-0.018465310335159302,0.010303357616066933,-0.02226710319519043,0.03319833427667618,-0.03516821563243866,0.18697991967201233,-0.10084006190299988,0.17140181362628937,0.010303357616066933,-0.02226710319519043,0.03319833427667618,-0.03516821563243866,0.18697991967201233,-0.10084006190299988,0.17140181362628937,0.010303357616066933,-0.02226710319519043,0.03319833427667618,-0.03516821563243866,0.18697991967201233,-0.10084006190299988,0.17140181362628937
16.836,0.021400228142738342,0.021400228142738342,nan,nan,nan,nan,0.03998841345310211,0.0,0.04267065227031708,0.5706098675727844,0.0,0.0,0.0,0.0,0.024000000208616257,0.04399999976158142,100.0,0.03922253102064133,2.3514955043792725,0.013355165719985962,17.448028564453125,0.03152813762426376,0.008026352152228355,0.01916886493563652,0.011557881720364094,0.9964341521263123,0.01520471554249525,0.18300220370292664,9.0,1.0,0.0,0.0,0.02140020951628685,-1.862645149230957e-08,0.023245982825756073,0.007392698433250189,0.04891185089945793,-0.03313611075282097,0.021609069779515266,-0.07008758187294006,0.16122601926326752,-0.0039761983789503574,0.23477812111377716,0.023002931848168373,-0.015583700500428677,0.010162606835365295,-0.03296174108982086,0.07582356780767441,-0.001869980595074594,0.11041464656591415,0.010058348067104816,-0.021711811423301697,0.026419982314109802,-0.030912071466445923,0.21975618600845337,-0.08916071057319641,0.2316797822713852,-0.00048025345313362777,-0.00011873636685777456,0.0006952136172913015,0.00019017000158783048,-0.0003106146468780935,-0.00029936182545498013,0.00026399854687042534,-0.004473099019378424,-0.0047570206224918365,0.003325430676341057,-0.005368273705244064,-0.015182852745056152,-0.0078725665807724,-0.03604070842266083,0.005585249047726393,-0.026468832045793533,0.02974541299045086,-0.03628034517168999,0.20457333326339722,-0.09703327715396881,0.19563907384872437,0.005585249047726393,-0.026468832045793533,0.02974541299045086,-0.03628034517168999,0.20457333326339722,-0.09703327715396881,0.19563907384872437,0.005585249047726393,-0.026468832045793533,0.02974541299045086,-0.03628034517168999,0.20457333326339722,-0.09703327715396881,0.19563907384872437
16.861999999999995,0.0212678425014019,0.0212678425014019,nan,nan,nan,nan,0.03155221417546272,0.0,0.03982504457235336,0.571721613407135,0.0,0.0,0.0,0.0,0.0020000000949949026,0.003000000026077032,100.0,0.038984332233667374,0.745960533618927,0.015223398804664612,10.257318496704102,0.02669050171971321,0.004759945906698704,0.01789448969066143,-0.044128548353910446,0.9913585186004639,0.017380686476826668,0.12680596113204956,9.0,1.0,0.0,0.0,0.021267838776111603,-3.725290298461914e-09,0.023155003786087036,0.005108103156089783,-0.002324697095900774,-0.0037648119032382965,0.011566109955310822,-0.09432351589202881,0.19352510571479797,-0.013471577316522598,0.20812560617923737,-0.0012095164274796844,-0.0019587937276810408,0.006017730571329594,-0.049075573682785034,0.10068915784358978,-0.00700912531465292,0.10828565061092377,0.04222869873046875,-0.03612732142210007,0.030153723433613777,-0.0767328143119812,0.2449316531419754,-0.04647025093436241,0.3084738850593567,3.854016085824696e-06,-0.0001186817535199225,-1.5852025171625428e-05,0.00020661736198235303,1.8523513062973507e-05,-0.000324905791785568,1.8376567822997458e-05,-0.019627505913376808,0.005267038941383362,-0.00025396794080734253,0.02530539408326149,-0.023069515824317932,-0.028816167265176773,-0.06160840392112732,0.022601192817091942,-0.030860282480716705,0.029899755492806435,-0.05142742022871971,0.22186213731765747,-0.07528641819953918,0.24686548113822937,0.022601192817091942,-0.030860282480716705,0.029899755492806435,-0.05142742022871971,0.22186213731765747,-0.07528641819953918,0.24686548113822937,0.022601192817091942,-0.030860282480716705,0.029899755492806435,-0.05142742022871971,0.22186213731765747,-0.07528641819953918,0.24686548113822937
16.943999999999996,0.02247992530465126,0.02247992530465126,nan,nan,nan,nan,0.0225193053483963,0.0,0.032850466668605804,0.5786985754966736,0.0,0.0,0.0,0.0,0.006000000052154064,0.01600000075995922,100.0,0.039179764688014984,1.1358131170272827,0.01554097980260849,11.386211395263672,0.021775266155600548,0.016736263409256935,0.027811462059617043,0.07575517147779465,0.9603033661842346,0.01825987733900547,0.18272346258163452,9.0,1.0,0.0,0.0,0.022479921579360962,-3.725290298461914e-09,0.02430497482419014,0.009417189285159111,0.024150727316737175,-0.11747776716947556,0.041210781782865524,-0.22142942249774933,0.12119243294000626,0.07634253799915314,0.06611057370901108,0.009511593729257584,-0.0462677888572216,0.016230573877692223,-0.08720841258764267,0.04773078113794327,0.030066968873143196,0.026037180796265602,0.03142021968960762,-0.07972802966833115,0.038439925760030746,-0.17579591274261475,0.22346888482570648,0.016118839383125305,0.2266712784767151,3.0189432436600327e-05,-0.00011775624443544075,-5.092436549603008e-05,0.0002078803809126839,3.7008008803240955e-05,-0.0003254968032706529,9.485599548497703e-06,-0.003955267369747162,0.03416447713971138,-0.0065141282975673676,0.07669580727815628,0.006675884127616882,-0.0551205612719059,0.02869322896003723,0.02746495231986046,-0.045563552528619766,0.03192579746246338,-0.09910010546445847,0.23014476895332336,-0.039001721888780594,0.2553645074367523,0.02746495231986046,-0.045563552528619766,0.03192579746246338,-0.09910010546445847,0.23014476895332336,-0.039001721888780594,0.2553645074367523,0.02746495231986046,-0.045563552528619766,0.03192579746246338,-0.09910010546445847,0.23014476895332336,-0.039001721888780594,0.2553645074367523
17.064999999999998,0.027997389435768127,0.027997389435768127,nan,nan,nan,nan,0.05062977224588394,0.0,0.05846276506781578,0.5402703881263733,0.0,0.0,0.0,0.0,-0.003000000026077032,0.02800000086426735,100.0,0.0421079583466053,27.95315933227539,0.015369616448879242,28.681852340698242,0.03496835008263588,0.04826091602444649,0.07175533473491669,0.1970522701740265,0.9888166785240173,0.01711251214146614,0.3592452108860016,9.0,1.0,0.0,0.0,0.027997378259897232,-1.1175870895385742e-08,0.032436493784189224,0.008993607014417648,0.0016466183587908745,0.10294173657894135,0.011776754632592201,0.10667889565229416,0.13967972993850708,-0.1417364627122879,0.1681712120771408,0.0,0.0,0.0,0.0,0.0,-0.0,0.0,0.020926378667354584,-0.006695304065942764,0.03238387405872345,-0.07519389688968658,0.20144416391849518,-0.04018421471118927,0.20505547523498535,8.40011634863913e-05,-0.00021921026927884668,-9.287946886615828e-05,2.9130656912457198e-05,7.933807501103729e-05,-0.0002463972195982933,2.128499181708321e-05,0.0054098572582006454,-0.03440117835998535,0.0029015466570854187,-0.03945515304803848,0.01806826889514923,0.017498072236776352,0.022239476442337036,0.02633623592555523,-0.041096482425928116,0.03528542071580887,-0.11464904993772507,0.2195124328136444,-0.022686142474412918,0.2272949516773224,0.02633623592555523,-0.041096482425928116,0.03528542071580887,-0.11464904993772507,0.2195124328136444,-0.022686142474412918,0.2272949516773224,0.02633623592555523,-0.041096482425928116,0.03528542071580887,-0.11464904993772507,0.2195124328136444,-0.022686142474412918,0.2272949516773224
17.125999999999998,0.0311422161757946,0.0311422161757946,nan,nan,nan,nan,0.06199556589126587,0.0,0.06561930477619171,0.49596989154815674,0.0,0.0,0.0,0.0,-0.0010000000474974513,0.010999999940395355,100.0,0.044735003262758255,0.7670950293540955,0.00976119190454483,11.109379768371582,0.03252405300736427,0.04865679144859314,0.08175203949213028,0.2858933210372925,0.9854411482810974,0.015538698062300682,0.37339913845062256,9.0,1.0,0.0,0.0,0.031142208725214005,-7.450580596923828e-09,0.03954001143574715,0.006789936684072018,0.018675878643989563,-0.12564904987812042,0.04761657863855362,-0.21726644039154053,0.13481329381465912,0.056727830320596695,0.05476143956184387,0.0,-0.0,0.0,-0.0,0.0,0.0,0.0,0.01406831294298172,0.02256440371274948,0.029484670609235764,-0.02469184249639511,0.18553587794303894,-0.07546943426132202,0.18620865046977997,6.121175101725385e-05,-0.00021606065274681896,-4.6271281462395564e-05,1.733956378302537e-05,6.689796282444149e-05,-0.00022840652673039585,4.950664515490644e-05,0.0060549043118953705,-0.024622656404972076,0.0021579600870609283,-0.036358460783958435,0.02020929753780365,0.02071373537182808,0.02853308618068695,0.02012321725487709,-0.002058252692222595,0.03164263069629669,-0.061050303280353546,0.2057451754808426,-0.05475569888949394,0.21474173665046692,0.02012321725487709,-0.002058252692222595,0.03164263069629669,-0.061050303280353546,0.2057451754808426,-0.05475569888949394,0.21474173665046692,0.02012321725487709,-0.002058252692222595,0.03164263069629669,-0.061050303280353546,0.2057451754808426,-0.05475569888949394,0.21474173665046692
17.193999999999996,0.03262098878622055,0.03262098878622055,nan,nan,nan,nan,0.06763746589422226,0.0,0.06860770285129547,0.4566779136657715,0.0,0.0,0.0,0.0,0.004000000189989805,0.014999999664723873,100.0,0.04841672629117966,1.3695554733276367,0.010478310286998749,40.545536041259766,0.02997664548456669,0.031408146023750305,0.07003919780254364,0.098584845662117,0.9381789565086365,0.013362105004489422,0.25236740708351135,9.0,1.0,0.0,0.0,0.03262098506093025,-3.725290298461914e-09,0.04145452007651329,0.005193982273340225,0.018675878643989563,-0.12564904987812042,0.04761657863855362,-0.21726644039154053,0.13481329381465912,0.056727830320596695,0.05476143956184387,0.0,-0.0,0.0,-0.0,0.0,0.0,0.0,0.016722461208701134,-0.06281265616416931,0.03992939740419388,-0.1356227546930313,0.1563175767660141,0.0006816433742642403,0.1104896292090416,6.648406997555867e-05,-0.00020667984790634364,-4.496723340707831e-05,1.742785934766289e-05,7.24530327715911e-05,-0.0002171507221646607,5.8633933804230765e-05,0.0010987278074026108,0.03785354271531105,-0.005032140761613846,0.04749813675880432,0.025176435708999634,-0.034525226801633835,0.05506626516580582,0.017821189016103745,-0.02495911344885826,0.03489725664258003,-0.08812461793422699,0.18149401247501373,-0.03384358435869217,0.1655558943748474,0.017821189016103745,-0.02495911344885826,0.03489725664258003,-0.08812461793422699,0.18149401247501373,-0.03384358435869217,0.1655558943748474,0.017821189016103745,-0.02495911344885826,0.03489725664258003,-0.08812461793422699,0.18149401247501373,-0.03384358435869217,0.1655558943748474
17.269,0.03485254943370819,0.03485254943370819,nan,nan,nan,nan,0.06831206381320953,0.0,0.07100769132375717,0.39245671033859253,0.0,0.0,0.0,0.0,0.004999999888241291,0.014000000432133675,100.0,0.05230487510561943,1.423117756843567,0.014006160199642181,18.590009689331055,0.027071962133049965,0.028418418020009995,0.07235415279865265,0.1593971699476242,0.9942007064819336,0.013580698519945145,0.26078593730926514,9.0,1.0,0.0,0.0,0.03485254943370819,0.0,0.04568646848201752,0.005957950837910175,-0.0022928533144295216,0.036105986684560776,0.01392470020800829,-0.04421960934996605,0.20029893517494202,-0.05031118541955948,0.20950166881084442,-0.000665434927213937,0.010478727519512177,0.004041244741529226,-0.012833473272621632,0.05813102051615715,-0.014601378701627254,0.06080184876918793,0.003781828796491027,-0.0029242346063256264,0.027606124058365822,-0.0794648826122284,0.20919622480869293,-0.03800949454307556,0.1923230141401291,-0.0004381709441076964,-0.00018830678891390562,0.0007017054012976587,2.5010524495883146e-06,-0.0002473765052855015,-0.0001571370376041159,0.00033334759064018726,0.006807906553149223,-0.01918519288301468,0.005336420610547066,-0.009387239813804626,-0.02063065767288208,0.007393317297101021,-0.025893360376358032,0.010589735582470894,-0.02210942842066288,0.03294254466891289,-0.08885212242603302,0.18856556713581085,-0.03061617724597454,0.16642965376377106,0.010589735582470894,-0.02210942842066288,0.03294254466891289,-0.08885212242603302,0.18856556713581085,-0.03061617724597454,0.16642965376377106,0.010589735582470894,-0.02210942842066288,0.03294254466891289,-0.08885212242603302,0.18856556713581085,-0.03061617724597454,0.16642965376377106
17.339,0.036556947976350784,0.036556947976350784,nan,nan,nan,nan,0.07437947392463684,0.0,0.07547719776630402,0.3610602617263794,0.0,0.0,0.0,0.0,0.004000000189989805,0.009999999776482582,100.0,0.0541827529668808,1.1705700159072876,0.010738149285316467,19.804080963134766,0.026869766414165497,0.02680565044283867,0.07541307806968689,0.17043985426425934,0.9666427969932556,0.013620557263493538,0.2504902184009552,9.0,1.0,0.0,0.0,0.03655694052577019,-7.450580596923828e-09,0.05535813421010971,0.005479959771037102,0.03147698938846588,-0.11556723713874817,0.04249491170048714,-0.21562808752059937,0.1275802105665207,0.07805787026882172,0.07058598846197128,0.0038622035644948483,-0.0141800157725811,0.0052140941843390465,-0.0264574084430933,0.015653999522328377,0.009577643126249313,0.008660849183797836,0.023007377982139587,-0.08050242066383362,0.03920793905854225,-0.17700129747390747,0.16344988346099854,0.039895836263895035,0.11816108226776123,-0.0003245513653382659,-0.00016553359455429018,0.0005561347352340817,1.6216819858527742e-05,-0.00016950098506640643,-0.00014769811241421849,0.0002968115149997175,-0.007254105061292648,0.03163458779454231,-0.0036796964704990387,0.045410484075546265,0.014875292778015137,-0.03620787337422371,0.027370870113372803,0.01575327292084694,-0.048867832869291306,0.03552824258804321,-0.1315908133983612,0.17832517623901367,0.0036879628896713257,0.14553195238113403,0.01575327292084694,-0.048867832869291306,0.03552824258804321,-0.1315908133983612,0.17832517623901367,0.0036879628896713257,0.14553195238113403,0.01575327292084694,-0.048867832869291306,0.03552824258804321,-0.1315908133983612,0.17832517623901367,0.0036879628896713257,0.14553195238113403
17.440999999999995,0.03816855698823929,0.03816855698823929,nan,nan,nan,nan,0.08313024044036865,0.0,0.08200730383396149,0.35726311802864075,0.0,0.0,0.0,0.0,0.0010000000474974513,0.009999999776482582,100.0,0.060111694037914276,1.9819802045822144,0.013285316526889801,37.75972366333008,0.03108343482017517,0.027934972196817398,0.07885884493589401,0.1611609011888504,0.9992749691009521,0.014405819587409496,0.24966080486774445,9.0,1.0,0.0,0.0,0.03816857188940048,1.4901161193847656e-08,0.05970758944749832,0.006481666583567858,0.02356772869825363,-0.021425172686576843,0.036094408482313156,-0.10713455826044083,0.2056349813938141,0.012089111842215061,0.18377435207366943,0.005079265683889389,-0.004617506638169289,0.0077789886854588985,-0.02308940887451172,0.04431800916790962,0.0026054191403090954,0.03960665315389633,0.027491843327879906,-0.07138791680335999,0.04256685823202133,-0.17378494143486023,0.1896645426750183,0.04075616970658302,0.14715132117271423,-0.00029344981885515153,-0.00015247623377945274,0.0005292677669785917,5.237182449491229e-06,-0.00014488394663203508,-0.0001194960786961019,0.0002986917388625443,-0.005608430132269859,0.0037564486265182495,-0.0030772052705287933,0.01280723512172699,-0.013175711035728455,-0.013262404128909111,-0.010840252041816711,0.021883413195610046,-0.06763146817684174,0.03948965296149254,-0.16097770631313324,0.17648883163928986,0.027493765577673912,0.13631106913089752,0.021883413195610046,-0.06763146817684174,0.03948965296149254,-0.16097770631313324,0.17648883163928986,0.027493765577673912,0.13631106913089752,0.021883413195610046,-0.06763146817684174,0.03948965296149254,-0.16097770631313324,0.17648883163928986,0.027493765577673912,0.13631106913089752
17.522999999999996,0.04234328866004944,0.04234328866004944,nan,nan,nan,nan,0.09203453361988068,0.0,0.09783037006855011,0.4291955232620239,0.0,0.0,0.0,0.0,-0.004000000189989805,0.013000000268220901,100.0,0.06649649888277054,0.6411112546920776,0.012064352631568909,14.126411437988281,0.040862083435058594,0.03820675238966942,0.09517504274845123,0.32113319635391235,0.9975782632827759,0.015532763674855232,0.25463828444480896,9.0,1.0,0.0,0.0,0.04234326258301735,-2.60770320892334e-08,0.07200828194618225,0.00698840944096446,0.01346163172274828,-0.050663892179727554,0.005115913692861795,-0.16910625994205475,0.15527214109897614,0.059416621923446655,0.17603717744350433,0.00153788598254323,-0.005787952803075314,0.0005844530533067882,-0.019319064915180206,0.017738627269864082,0.006787883583456278,0.02011086978018284,0.01974555104970932,-0.05883067101240158,0.019885694608092308,-0.1784951388835907,0.18184448778629303,0.054236676543951035,0.18061663210391998,-0.0002296347520314157,-0.00012020813301205635,0.0004609220486599952,-1.0280811693519354e-05,-9.762722766026855e-05,-6.606433453271165e-05,0.00028534585726447403,0.0021764934062957764,-0.003878779709339142,0.010633332654833794,0.007723897695541382,0.0017518401145935059,-0.011916965246200562,-0.017827361822128296,0.021922044456005096,-0.06270945072174072,0.0305190272629261,-0.17077124118804932,0.18359632790088654,0.04231971129775047,0.1627892702817917,0.021922044456005096,-0.06270945072174072,0.0305190272629261,-0.17077124118804932,0.18359632790088654,0.04231971129775047,0.1627892702817917,0.021922044456005096,-0.06270945072174072,0.0305190272629261,-0.17077124118804932,0.18359632790088654,0.04231971129775047,0.1627892702817917
17.556999999999995,0.04390004649758339,0.04390004649758339,nan,nan,nan,nan,0.09646569192409515,0.0,0.10105229914188385,0.46451273560523987,0.0,0.0,0.0,0.0,0.00800000037997961,0.00800000037997961,100.0,0.06893855333328247,0.5897972583770752,0.009514391422271729,13.778901100158691,0.04145478829741478,0.0440392941236496,0.10363680124282837,0.19459471106529236,0.9869243502616882,0.015507998876273632,0.26139628887176514,9.0,1.0,0.0,0.0,0.04390003904700279,-7.450580596923828e-09,0.07435587048530579,0.0065897684544324875,0.01646551489830017,-0.1097458153963089,0.02901405096054077,-0.2240051031112671,0.11801092326641083,0.09978547692298889,0.05273444578051567,0.002014575758948922,-0.013427534140646458,0.003549904329702258,-0.027407297864556313,0.014438780024647713,0.012208875268697739,0.006452123634517193,0.018833409994840622,-0.09032122045755386,0.02597450464963913,-0.21261581778526306,0.15448981523513794,0.0824844166636467,0.11710108816623688,-0.00021707653650082648,-0.00011180825822521001,0.00044574638013727963,-1.2889731806353666e-05,-8.875491039361805e-05,-5.4097978136269376e-05,0.00028023726190440357,0.0015227682888507843,0.017105959355831146,0.0015604514628648758,0.024624735116958618,0.016870111227035522,-0.022891491651535034,0.02922116219997406,0.020356178283691406,-0.07321526110172272,0.027534956112504005,-0.18799108266830444,0.17135992646217346,0.059592925012111664,0.14632225036621094,0.020356178283691406,-0.07321526110172272,0.027534956112504005,-0.18799108266830444,0.17135992646217346,0.059592925012111664,0.14632225036621094,0.020356178283691406,-0.07321526110172272,0.027534956112504005,-0.18799108266830444,0.17135992646217346,0.059592925012111664,0.14632225036621094
17.632999999999996,0.04742565378546715,0.04742565378546715,nan,nan,nan,nan,0.10265951603651047,0.0,0.10542459785938263,0.5316438674926758,0.0,0.0,0.0,0.0,0.0,0.010999999940395355,100.0,0.07201061397790909,1.82284414768219,0.018334947526454926,17.30263328552246,0.04062062129378319,0.048851802945137024,0.11365577578544617,0.32050973176956177,0.9908387064933777,0.015504100359976292,0.27367064356803894,9.0,1.0,0.0,0.0,0.04742559790611267,-5.587935447692871e-08,0.07998393476009369,0.006756236311048269,0.01646551489830017,-0.1097458153963089,0.02901405096054077,-0.2240051031112671,0.11801092326641083,0.09978547692298889,0.05273444578051567,0.0025799188297241926,-0.017195655032992363,0.004546101205050945,-0.03509850800037384,0.018490681424736977,0.015635007992386818,0.008262760005891323,0.018132099881768227,-0.10898441821336746,0.0295193362981081,-0.23197799921035767,0.13653233647346497,0.09921476244926453,0.07721549272537231,-0.00022663286654278636,-5.136997060617432e-05,0.0004577459767460823,6.723531259922311e-05,-9.138615132542327e-05,-7.007267413428053e-05,0.00028997560730203986,0.0007173549383878708,0.0152292400598526,-0.0011518113315105438,0.018733441829681396,0.013756021857261658,-0.0163048654794693,0.02893064171075821,0.018849454820156097,-0.09375517815351486,0.028367524966597557,-0.21324455738067627,0.15028835833072662,0.08290989696979523,0.10614613443613052,0.018849454820156097,-0.09375517815351486,0.028367524966597557,-0.21324455738067627,0.15028835833072662,0.08290989696979523,0.10614613443613052,0.018849454820156097,-0.09375517815351486,0.028367524966597557,-0.21324455738067627,0.15028835833072662,0.08290989696979523,0.10614613443613052
17.687999999999995,0.050351694226264954,0.050351694226264954,nan,nan,nan,nan,0.11527246236801147,0.0,0.11500637978315353,0.5967574715614319,0.0,0.0,0.0,0.0,0.008999999612569809,0.008999999612569809,100.0,0.07843419909477234,1.0861856937408447,0.016318634152412415,15.730752944946289,0.045505255460739136,0.05155611038208008,0.12105723470449448,0.3251156210899353,0.9801816940307617,0.01527468953281641,0.2806312143802643,9.0,1.0,0.0,0.0,0.05035167187452316,-2.2351741790771484e-08,0.08120162785053253,0.00628332095220685,0.013213367201387882,0.005789748392999172,0.010562609881162643,-0.10672793537378311,0.18635505437850952,-0.0009263763786293566,0.20871129631996155,0.0020916247740387917,0.0009164948132820427,0.0016720202984288335,-0.016894619911909103,0.02949928306043148,-0.00014664180343970656,0.0330381914973259,0.016653066501021385,-0.05307740345597267,0.02114896848797798,-0.1791924387216568,0.1738043874502182,0.0507575161755085,0.1552140861749649,-0.00022879875905346125,-3.643501258920878e-05,0.0004587566072586924,7.434184954036027e-05,-9.038654388859868e-05,-5.947844692855142e-05,0.0002894165809266269,0.0010986123234033585,-0.028590325266122818,0.004991736263036728,-0.025118768215179443,-0.017680495977401733,0.02342415228486061,-0.03673192858695984,0.017751678824424744,-0.08166772872209549,0.02614070475101471,-0.20431120693683624,0.15612389147281647,0.07418166846036911,0.11848215758800507,0.017751678824424744,-0.08166772872209549,0.02614070475101471,-0.20431120693683624,0.15612389147281647,0.07418166846036911,0.11848215758800507,0.017751678824424744,-0.08166772872209549,0.02614070475101471,-0.20431120693683624,0.15612389147281647,0.07418166846036911,0.11848215758800507
17.767999999999994,0.05369775742292404,0.05369775742292404,nan,nan,nan,nan,0.12724798917770386,0.0,0.12795914709568024,0.6545484662055969,0.0,0.0,0.0,0.0,-0.0010000000474974513,0.009999999776482582,100.0,0.07843419909477234,1.1115902662277222,0.015390105545520782,14.176780700683594,0.05298731476068497,0.06589983403682709,0.14087167382240295,0.3346063196659088,0.9998556971549988,0.014992970041930676,0.3417842388153076,9.0,1.0,0.0,0.0,0.05369775742292404,0.0,0.08515797555446625,0.006059981882572174,0.023009220138192177,-0.1121305525302887,0.033204104751348495,-0.22348901629447937,0.11801540106534958,0.09836427867412567,0.047373998910188675,0.0,-0.0,0.0,-0.0,0.0,0.0,0.0,0.01872134394943714,-0.06578850746154785,0.024180995300412178,-0.18646618723869324,0.15857797861099243,0.06042823940515518,0.12743230164051056,-0.0001987694122362882,-3.826924876193516e-05,0.0004156430659350008,6.446307816077024e-05,-7.188989548012614e-05,-5.274214345263317e-05,0.00027214529109187424,-0.0011496637016534805,-0.0008189976215362549,-0.00023180246353149414,-0.0030651092529296875,0.004757583141326904,0.0009784847497940063,0.007570311427116394,0.01757168024778366,-0.0666075050830841,0.023949192836880684,-0.18953129649162292,0.16333556175231934,0.06140672415494919,0.13500261306762695,0.01757168024778366,-0.0666075050830841,0.023949192836880684,-0.18953129649162292,0.16333556175231934,0.06140672415494919,0.13500261306762695,0.01757168024778366,-0.0666075050830841,0.023949192836880684,-0.18953129649162292,0.16333556175231934,0.06140672415494919,0.13500261306762695
17.861999999999995,0.05987716466188431,0.05987716466188431,nan,nan,nan,nan,0.14372923970222473,0.0,0.1453363299369812,0.726370632648468,0.0,0.0,0.0,0.0,0.0,0.019999999552965164,100.0,0.08455592393875122,3.2545225620269775,0.017641112208366394,15.265586853027344,0.06123840808868408,0.058688934892416,0.14278686046600342,0.3089703619480133,0.9992552399635315,0.015503021888434887,0.2778685390949249,9.0,1.0,0.0,0.0,0.05987715721130371,-7.450580596923828e-09,0.09122279286384583,0.007497139275074005,0.008596273139119148,-0.04827762022614479,0.005373092368245125,-0.18487794697284698,0.15844829380512238,0.07934895157814026,0.1482718288898468,0.002870220923796296,-0.01611947827041149,0.0017940287943929434,-0.06172914057970047,0.052904512733221054,0.026493927463889122,0.04950667545199394,0.015490343794226646,-0.06610138714313507,0.017273344099521637,-0.21086250245571136,0.18047666549682617,0.08250542730093002,0.15378233790397644,-0.00044857437023893,-4.49576873506885e-05,0.0007502860389649868,6.451335138990544e-06,-0.00021292964811436832,1.9157541828462854e-05,0.0003767839807551354,0.001486184075474739,-0.0011663883924484253,0.004999665543437004,0.01407364010810852,-0.012720972299575806,-0.012248195707798004,-0.015852689743041992,0.016976527869701385,-0.0672677755355835,0.02227300964295864,-0.19678886234760284,0.16775569319725037,0.07025723159313202,0.13792964816093445,0.016976527869701385,-0.0672677755355835,0.02227300964295864,-0.19678886234760284,0.16775569319725037,0.07025723159313202,0.13792964816093445,0.016976527869701385,-0.0672677755355835,0.02227300964295864,-0.19678886234760284,0.16775569319725037,0.07025723159313202,0.13792964816093445
17.924,0.06433067470788956,0.06433067470788956,nan,nan,nan,nan,0.15049459040164948,0.0,0.1516612023115158,0.7411298155784607,0.0,0.0,0.0,0.0,0.006000000052154064,0.014000000432133675,100.0,0.08862122148275375,1.144707202911377,0.010396353900432587,12.2981595993042,0.05985012650489807,0.06013112887740135,0.1519422084093094,0.31810784339904785,0.9930908679962158,0.01686921902000904,0.2944238483905792,9.0,1.0,0.0,0.0,0.06433065235614777,-2.2351741790771484e-08,0.09473490715026855,0.00832203309983015,0.016914840787649155,-0.10022975504398346,0.026800580322742462,-0.2275407314300537,0.11432351917028427,0.11338074505329132,0.035352010279893875,0.004419276490807533,-0.02618665061891079,0.007002086844295263,-0.059448711574077606,0.029868876561522484,0.029622560366988182,0.009236286394298077,0.016484148800373077,-0.08853427320718765,0.020933151245117188,-0.24653753638267517,0.17044326663017273,0.1111978143453598,0.1184678003191948,-0.0004490544379223138,-4.923688175040297e-05,0.0007398147718049586,-7.606664439663291e-06,-0.00021107694192323834,3.041303534701001e-05,0.0003656362241599709,-0.0010039713233709335,0.015435323119163513,-0.0020297821611166,0.0255795419216156,0.005101427435874939,-0.020833805203437805,0.02324926108121872,0.015480177477002144,-0.07309895008802414,0.018903369084000587,-0.22095799446105957,0.17554469406604767,0.090364009141922,0.1417170614004135,0.015480177477002144,-0.07309895008802414,0.018903369084000587,-0.22095799446105957,0.17554469406604767,0.090364009141922,0.1417170614004135,0.015480177477002144,-0.07309895008802414,0.018903369084000587,-0.22095799446105957,0.17554469406604767,0.090364009141922,0.1417170614004135
18.034,0.0678613930940628,0.0678613930940628,nan,nan,nan,nan,0.14966721832752228,0.0,0.15060043334960938,0.7234264016151428,0.0,0.0,0.0,0.0,0.0,0.012000000104308128,100.0,0.09259996563196182,0.6341748237609863,0.010663643479347229,15.803746223449707,0.05121426284313202,0.05128857493400574,0.1506747603416443,0.2942265272140503,0.9913526177406311,0.017172932624816895,0.3039906919002533,9.0,1.0,0.0,0.0,0.06786138564348221,-7.450580596923828e-09,0.097073033452034,0.008250943385064602,0.016914840787649155,-0.10022975504398346,0.026800580322742462,-0.2275407314300537,0.11432351917028427,0.11338074505329132,0.035352010279893875,0.0037127260584384203,-0.02199994958937168,0.005882598459720612,-0.04994409531354904,0.02509346231818199,0.02488652803003788,0.007759596221148968,0.01868387497961521,-0.10718484222888947,0.027603188529610634,-0.26090189814567566,0.14905335009098053,0.12551024556159973,0.07146164029836655,-0.000746833102311939,-3.0546118068741634e-05,0.0011358325136825442,2.111676622007508e-06,-0.00037593196611851454,6.449808279285207e-05,0.000501193746458739,-0.0018638931214809418,0.01583767682313919,-0.003833254799246788,0.017521366477012634,0.013153240084648132,-0.01562604308128357,0.034140340983867645,0.01681998185813427,-0.09134716540575027,0.023769933730363846,-0.24338053166866302,0.16220659017562866,0.10988420248031616,0.10560198128223419,0.01681998185813427,-0.09134716540575027,0.023769933730363846,-0.24338053166866302,0.16220659017562866,0.10988420248031616,0.10560198128223419,0.01681998185813427,-0.09134716540575027,0.023769933730363846,-0.24338053166866302,0.16220659017562866,0.10988420248031616,0.10560198128223419
18.104999999999997,0.07234479486942291,0.07234479486942291,nan,nan,nan,nan,0.14955279231071472,0.0,0.15212400257587433,0.6587514877319336,0.0,0.0,0.0,0.0,0.007000000216066837,0.020999999716877937,100.0,0.10100829601287842,1.0675946474075317,0.012956559658050537,12.554850578308105,0.04256565496325493,0.03858638554811478,0.14814473688602448,0.21349532902240753,0.9994215965270996,0.01763317734003067,0.2949363887310028,9.0,1.0,0.0,0.0,0.07234473526477814,-5.960464477539063e-08,0.10390299558639526,0.008662446402013302,0.013634772971272469,-0.06090473756194115,0.00884854607284069,-0.20262961089611053,0.1439029425382614,0.10331408679485321,0.11655811220407486,0.0027954087127000093,-0.012486723251640797,0.0018141338368877769,-0.04154323413968086,0.02950306050479412,0.021181512624025345,0.02389680966734886,0.01748630404472351,-0.08691497147083282,0.01709262654185295,-0.2536463737487793,0.16668611764907837,0.12653669714927673,0.11672632396221161,7.763539178995416e-05,-5.085496377432719e-05,5.280616733216448e-06,3.911243402399123e-05,8.008075383258983e-05,-6.062962347641587e-05,0.00010261941497446969,-0.0001697968691587448,-0.004592627286911011,0.004182828590273857,0.0026327669620513916,-0.00407099723815918,-0.006253853440284729,-0.010302908718585968,0.017316507175564766,-0.09150759875774384,0.021275455132126808,-0.2510136067867279,0.1626151204109192,0.120282843708992,0.10642341524362564,0.017316507175564766,-0.09150759875774384,0.021275455132126808,-0.2510136067867279,0.1626151204109192,0.120282843708992,0.10642341524362564,0.017316507175564766,-0.09150759875774384,0.021275455132126808,-0.2510136067867279,0.1626151204109192,0.120282843708992,0.10642341524362564
18.201999999999998,0.07414055615663528,0.07414055615663528,nan,nan,nan,nan,0.11073170602321625,0.0,0.10950326174497604,0.546626091003418,0.0,0.0,0.0,0.0,0.0020000000949949026,0.004000000189989805,100.0,0.10536465793848038,1.4342963695526123,0.017661601305007935,15.500186920166016,-0.007083119824528694,-0.006268687546253204,0.11031769216060638,0.44894030690193176,0.9952277541160583,0.017310474067926407,0.37356966733932495,9.0,1.0,0.0,0.0,0.07414056360721588,7.450580596923828e-09,0.1083795577287674,0.008029080927371979,0.029967505484819412,-0.10159704089164734,0.034390244632959366,-0.22846168279647827,0.09917742013931274,0.12390054762363434,0.014664744958281517,0.0026434501633048058,-0.008961931802332401,0.0030335825867950916,-0.020152732729911804,0.008748495951294899,0.010929335840046406,0.001293585286475718,0.026994489133358,-0.10228604078292847,0.029819339513778687,-0.25269168615341187,0.1317434459924698,0.13274577260017395,0.05536340922117233,-0.0002309667324880138,-8.070507465163246e-05,0.00034168746788054705,5.4035008361097425e-05,-9.43258055485785e-05,-8.704553329152986e-05,0.00019179016817361116,-0.00500677153468132,0.0057755932211875916,-0.004660703241825104,-0.00039631128311157227,0.017005428671836853,-0.005179271101951599,0.028166167438030243,0.02198771759867668,-0.09651044756174088,0.025158636271953583,-0.25308799743652344,0.14874887466430664,0.12756650149822235,0.08352957665920258,0.02198771759867668,-0.09651044756174088,0.025158636271953583,-0.25308799743652344,0.14874887466430664,0.12756650149822235,0.08352957665920258,0.02198771759867668,-0.09651044756174088,0.025158636271953583,-0.25308799743652344,0.14874887466430664,0.12756650149822235,0.08352957665920258
18.376999999999995,0.0735938549041748,0.0735938549041748,nan,nan,nan,nan,0.11780420690774918,0.0,0.11846109479665756,0.556865394115448,0.0,0.0,0.0,0.0,0.006000000052154064,0.07400000095367432,100.0,0.11429433524608612,9.63819408416748,0.019254162907600403,45.19191360473633,0.00285232812166214,0.003313543274998665,0.11892230808734894,-0.007387854624539614,0.9996122717857361,0.0168561153113842,0.38024550676345825,9.0,1.0,0.0,0.0,0.0735938623547554,7.450580596923828e-09,0.11624130606651306,0.007657298352569342,0.024843737483024597,-0.09351036697626114,0.028639113530516624,-0.2284015268087387,0.09960739314556122,0.13284853100776672,0.008987522684037685,0.0,-0.0,0.0,-0.0,0.0,0.0,0.0,0.02556033246219158,-0.09442661702632904,0.025647863745689392,-0.24066869914531708,0.1344747692346573,0.13187871873378754,0.0648084357380867,2.545264214859344e-05,-8.902114495867863e-05,1.1588500456127804e-05,5.889652675250545e-05,4.228999023325741e-05,-0.00012091051758034155,8.47945484565571e-05,-0.0013497844338417053,-0.0022350698709487915,0.0007331650704145432,-0.006419077515602112,0.006690412759780884,-0.002447649836540222,0.007949568331241608,0.024210548028349876,-0.09666168689727783,0.026381028816103935,-0.2470877766609192,0.14116518199443817,0.12943106889724731,0.07275800406932831,0.024210548028349876,-0.09666168689727783,0.026381028816103935,-0.2470877766609192,0.14116518199443817,0.12943106889724731,0.07275800406932831,0.024210548028349876,-0.09666168689727783,0.026381028816103935,-0.2470877766609192,0.14116518199443817,0.12943106889724731,0.07275800406932831
18.479,0.07425148040056229,0.07425148040056229,nan,nan,nan,nan,0.12159688770771027,0.0,0.12375769019126892,0.5636580586433411,0.0,0.0,0.0,0.0,0.004000000189989805,0.017000000923871994,100.0,0.1258319616317749,1.1036620140075684,0.15688779950141907,11.498411178588867,0.006503503769636154,0.007686028257012367,0.12494021654129028,0.038683850318193436,0.9988871812820435,0.0163069237023592,0.3112914562225342,9.0,1.0,0.0,0.0,0.07425148040056229,0.0,0.11598148941993713,0.007157317362725735,0.015600687824189663,-0.06345203518867493,0.0030743982642889023,-0.20398421585559845,0.13526590168476105,0.11709833145141602,0.11001165956258774,0.0027416793163865805,-0.011151120066642761,0.0005402975948527455,-0.03584837540984154,0.023771755397319794,0.02057897113263607,0.019333552569150925,0.022131122648715973,-0.08357758820056915,0.02017887867987156,-0.22973452508449554,0.14196623861789703,0.13012032210826874,0.07766611874103546,-0.0005142929730936885,-6.954019045224413e-05,0.0007264123414643109,1.91214512597071e-05,-0.0002188966900575906,2.6755003545986256e-06,0.00033476558746770024,0.0014403294771909714,-0.0075767189264297485,0.004851594567298889,-0.007637739181518555,-0.004031285643577576,-0.0002343505620956421,-0.009598463773727417,0.023571452125906944,-0.0911543071269989,0.02503047324717045,-0.2373722642660141,0.13793495297431946,0.1298859715461731,0.06806765496730804,0.023571452125906944,-0.0911543071269989,0.02503047324717045,-0.2373722642660141,0.13793495297431946,0.1298859715461731,0.06806765496730804,0.023571452125906944,-0.0911543071269989,0.02503047324717045,-0.2373722642660141,0.13793495297431946,0.1298859715461731,0.06806765496730804
18.534999999999997,0.07503346353769302,0.07503346353769302,nan,nan,nan,nan,0.12142165005207062,0.0,0.1249113455414772,0.568602442741394,0.0,0.0,0.0,0.0,-0.0010000000474974513,0.014000000432133675,100.0,0.12817920744419098,4.671799182891846,0.014526769518852234,15.630815505981445,0.006622821092605591,0.010734710842370987,0.1290232390165329,0.05585593357682228,0.9976117014884949,0.016496753320097923,0.32203641533851624,9.0,1.0,0.0,0.0,0.07503346353769302,0.0,0.11506380140781403,0.007563338149338961,0.015600687824189663,-0.06345203518867493,0.0030743982642889023,-0.20398421585559845,0.13526590168476105,0.11709833145141602,0.11001165956258774,0.0025131339207291603,-0.010221566073596478,0.0004952586023136973,-0.03286006674170494,0.021790150552988052,0.018863514065742493,0.017721913754940033,0.020012151449918747,-0.07846470922231674,0.011145070195198059,-0.2345142364501953,0.15078741312026978,0.13382293283939362,0.10542824119329453,-0.0005017274525016546,-6.877133273519576e-05,0.000710257503669709,1.271734345209552e-05,-0.0002078594552585855,1.143538611358963e-05,0.0003288132429588586,0.0017295069992542267,-0.006634041666984558,0.007857371121644974,-0.0010364055633544922,-0.006869286298751831,-0.0020761191844940186,-0.020412690937519073,0.021741658449172974,-0.0850987508893013,0.019002441316843033,-0.2355506420135498,0.14391812682151794,0.1317468136548996,0.08501555025577545,0.021741658449172974,-0.0850987508893013,0.019002441316843033,-0.2355506420135498,0.14391812682151794,0.1317468136548996,0.08501555025577545,0.021741658449172974,-0.0850987508893013,0.019002441316843033,-0.2355506420135498,0.14391812682151794,0.1317468136548996,0.08501555025577545
18.616,0.07606400549411774,0.07606400549411774,nan,nan,nan,nan,0.1265052855014801,0.0,0.12764914333820343,0.5740593671798706,0.0,0.0,0.0,0.0,0.003000000026077032,0.026000000536441803,100.0,0.13522613048553467,1.488039255142212,0.020151957869529724,22.90399169921875,0.0067834872752428055,0.012641910463571548,0.13350756466388702,0.03963622823357582,0.9963468313217163,0.01593589223921299,0.31772270798683167,9.0,1.0,0.0,0.0,0.07606400549411774,0.0,0.1145472526550293,0.006910861935466528,0.019289935007691383,-0.08727157115936279,0.02597491256892681,-0.22801163792610168,0.10598994791507721,0.13455358147621155,0.0030053402297198772,0.0013686203164979815,-0.006191915832459927,0.0018429192714393139,-0.01617741957306862,0.007519983686506748,0.009546573273837566,0.00021322880638763309,0.019971879199147224,-0.08683661371469498,0.022286083549261093,-0.23547932505607605,0.12164051085710526,0.13762862980365753,0.03293972462415695,-0.0002284713991684839,-7.696122338529676e-05,0.00036226859083399177,1.7776561435312033e-05,-7.258942059706897e-05,-2.8803393433918245e-05,0.00021135021233931184,0.0002888161689043045,0.0020731687545776367,-0.0024086162447929382,0.0013849139213562012,0.009847767651081085,-0.0030059069395065308,0.025181017816066742,0.02026069536805153,-0.08476344496011734,0.019877467304468155,-0.23409441113471985,0.13148827850818634,0.134622722864151,0.058120742440223694,0.02026069536805153,-0.08476344496011734,0.019877467304468155,-0.23409441113471985,0.13148827850818634,0.134622722864151,0.058120742440223694,0.02026069536805153,-0.08476344496011734,0.019877467304468155,-0.23409441113471985,0.13148827850818634,0.134622722864151,0.058120742440223694
18.708999999999996,0.07691846787929535,0.07691846787929535,nan,nan,nan,nan,0.1267091929912567,0.0,0.1277114748954773,0.579033613204956,0.0,0.0,0.0,0.0,0.0010000000474974513,0.017999999225139618,100.0,0.13976645469665527,3.4350807666778564,0.028139911592006683,22.40696144104004,0.007584854960441589,0.011006686836481094,0.1311333030462265,0.04747013375163078,0.9957977533340454,0.01708054728806019,0.28729143738746643,9.0,1.0,0.0,0.0,0.07691846787929535,0.0,0.11395946145057678,0.009234480559825897,0.01333882100880146,-0.05505964905023575,0.003536247881129384,-0.19736231863498688,0.1478433609008789,0.11370182037353516,0.11419439315795898,0.005625487305223942,-0.023220745846629143,0.0014913700288161635,-0.08323518186807632,0.06235115975141525,0.047952376306056976,0.048160113394260406,0.019049687311053276,-0.08074402809143066,0.01198191475123167,-0.2596725821495056,0.17252252995967865,0.15051177144050598,0.10780760645866394,-0.00021209042461123317,-7.54283755668439e-05,0.00034332519862800837,1.360334408673225e-05,-6.290624151006341e-05,-2.2770962459617294e-05,0.00020440909429453313,0.0003421269357204437,-0.0028731748461723328,0.005263463594019413,0.01253102719783783,-0.024340614676475525,-0.0070966631174087524,-0.03413635492324829,0.01939181424677372,-0.083617202937603,0.017245378345251083,-0.24714155495166779,0.14818191528320312,0.14341510832309723,0.07367125153541565,0.01939181424677372,-0.083617202937603,0.017245378345251083,-0.24714155495166779,0.14818191528320312,0.14341510832309723,0.07367125153541565,0.01939181424677372,-0.083617202937603,0.017245378345251083,-0.24714155495166779,0.14818191528320312,0.14341510832309723,0.07367125153541565
18.775,0.07730624824762344,0.07730624824762344,nan,nan,nan,nan,0.13297635316848755,0.0,0.13150884211063385,0.5835896730422974,0.0,0.0,0.0,0.0,-0.004999999888241291,0.00800000037997961,100.0,0.14388614892959595,1.2150025367736816,0.012058764696121216,22.43451690673828,0.010559957474470139,0.010342352092266083,0.1312912404537201,0.04847254231572151,0.9978668093681335,0.017781710252165794,0.2940564751625061,9.0,1.0,0.0,0.0,0.07730624824762344,0.0,0.11355842649936676,0.009073867462575436,0.020741092041134834,-0.0880029946565628,0.028392668813467026,-0.22366751730442047,0.10999518632888794,0.1374032348394394,-0.00365847279317677,0.005718392785638571,-0.024262739345431328,0.007827959954738617,-0.06166592985391617,0.03032606467604637,0.03788255900144577,-0.0010086538968607783,0.022644178941845894,-0.09603767842054367,0.024165168404579163,-0.2704848051071167,0.15474560856819153,0.1617964208126068,0.04989375174045563,-0.00020489655435085297,-7.341980381170288e-05,0.00033602662733756006,1.071843144018203e-05,-5.759443956776522e-05,-1.6689240510459058e-05,0.0002017360966419801,-0.002078874036669731,0.00798577070236206,-0.004896912723779678,0.012650996446609497,-0.000724300742149353,-0.010373726487159729,0.019383832812309265,0.020565304905176163,-0.08805190771818161,0.019268255680799484,-0.2578338086605072,0.15402130782604218,0.15142269432544708,0.06927758455276489,0.020565304905176163,-0.08805190771818161,0.019268255680799484,-0.2578338086605072,0.15402130782604218,0.15142269432544708,0.06927758455276489,0.020565304905176163,-0.08805190771818161,0.019268255680799484,-0.2578338086605072,0.15402130782604218,0.15142269432544708,0.06927758455276489
18.882999999999996,0.07794691622257233,0.07794691622257233,nan,nan,nan,nan,0.11615896970033646,0.0,0.1166963279247284,0.23344486951828003,0.0,0.0,0.0,0.0,0.0,0.01899999938905239,100.0,0.1472107172012329,1.5060333013534546,0.027162954211235046,37.08084487915039,-0.014870344661176205,-0.015646526589989662,0.11592014878988266,0.033719368278980255,0.9993398785591125,0.017888400703668594,0.3823023736476898,9.0,1.0,0.0,0.0,0.07794691622257233,0.0,0.11112239956855774,0.008491025306284428,0.015394770540297031,-0.029029054567217827,0.0064206188544631,-0.18082839250564575,0.16630269587039948,0.1056138426065445,0.13179269433021545,0.0027980052400380373,-0.005276041571050882,0.0011669498635455966,-0.032865628600120544,0.03022557683289051,0.019195355474948883,0.02395337074995041,0.022117355838418007,-0.08201681822538376,0.02268844284117222,-0.25418153405189514,0.1591465175151825,0.15256527066230774,0.06210862100124359,-0.00022073356376495212,-6.916591519257054e-05,0.0003564374928828329,9.118031812249683e-06,-6.310148455668241e-05,-6.950644547032425e-06,0.0002076962700812146,-0.00036491453647613525,-0.007980063557624817,0.00030368752777576447,-0.006672173738479614,-0.005668744444847107,0.002895161509513855,-0.006175477057695389,0.02175244130194187,-0.08999688178300858,0.022992130368947983,-0.26085370779037476,0.1534777730703354,0.1554604321718216,0.0559331439435482,0.02175244130194187,-0.08999688178300858,0.022992130368947983,-0.26085370779037476,0.1534777730703354,0.1554604321718216,0.0559331439435482,0.02175244130194187,-0.08999688178300858,0.022992130368947983,-0.26085370779037476,0.1534777730703354,0.1554604321718216,0.0559331439435482
18.955,0.07643504440784454,0.07643504440784454,nan,nan,nan,nan,0.11756815761327744,0.0,0.11763159930706024,0.21227417886257172,0.0,0.0,0.0,0.0,0.0020000000949949026,0.01600000075995922,100.0,0.14469870924949646,0.5981894135475159,0.009219162166118622,14.323570251464844,-0.01198689267039299,-0.013232921250164509,0.1163855716586113,-0.09449198096990585,0.998266875743866,0.017140811309218407,0.39432936906814575,9.0,1.0,0.0,0.0,0.07643503695726395,-7.450580596923828e-09,0.10936756432056427,0.007944729179143906,0.01861952804028988,-0.07193826138973236,0.03135056048631668,-0.2193211317062378,0.12597881257534027,0.13957850635051727,-0.006384791806340218,0.0,-0.0,0.0,-0.0,0.0,0.0,-0.0,0.020533163100481033,-0.07804806530475616,0.02913549356162548,-0.23949280381202698,0.14247660338878632,0.14897888898849487,0.01899949088692665,-0.0002955601376015693,-4.905002424493432e-05,0.0003787502064369619,8.815286128083244e-05,-0.00011332168651279062,-7.167998410295695e-05,0.0002002193796215579,0.0005271602421998978,-0.005220979452133179,-0.0029153209179639816,-0.010519713163375854,0.006721705198287964,0.0031917691230773926,0.02018967643380165,0.02106032334268093,-0.08326904475688934,0.0262201726436615,-0.25001251697540283,0.14919830858707428,0.15217065811157227,0.0391891673207283,0.02106032334268093,-0.08326904475688934,0.0262201726436615,-0.25001251697540283,0.14919830858707428,0.15217065811157227,0.0391891673207283,0.02106032334268093,-0.08326904475688934,0.0262201726436615,-0.25001251697540283,0.14919830858707428,0.15217065811157227,0.0391891673207283
19.071999999999996,0.07563626766204834,0.07563626766204834,nan,nan,nan,nan,0.11945632845163345,0.0,0.11889296025037766,0.19785070419311523,0.0,0.0,0.0,0.0,0.006000000052154064,0.013000000268220901,100.0,0.14348821341991425,19.73890495300293,0.02012588083744049,20.862733840942383,-0.010201074182987213,-0.009733172133564949,0.11936086416244507,-0.06144436076283455,0.9974904656410217,0.01649562083184719,0.3244340121746063,9.0,1.0,0.0,0.0,0.07563625276088715,-1.4901161193847656e-08,0.10876435041427612,0.007232231087982655,0.02143879607319832,-0.08255273848772049,0.00547337532043457,-0.20901596546173096,0.1144331693649292,0.1466718465089798,0.0663340836763382,0.005835265852510929,-0.02246941439807415,0.0014897572109475732,-0.056890495121479034,0.031146710738539696,0.03992151468992233,0.018054978922009468,0.009909937158226967,-0.0644894689321518,0.02062905579805374,-0.21710830926895142,0.18641093373298645,0.13406576216220856,0.07498880475759506,-0.00022445066133514047,-8.486400474794209e-05,0.00028647968429140747,5.420072557171807e-05,-7.69023026805371e-05,-7.849781104596332e-05,0.00017057689547073096,0.002846788614988327,-0.0035943761467933655,0.004111349582672119,-0.008543238043785095,-0.011557415127754211,0.0024081021547317505,-0.017416276037693024,0.012756725773215294,-0.06808384507894516,0.02474040538072586,-0.2256515473127365,0.17485351860523224,0.1364738643169403,0.05757252871990204,0.012756725773215294,-0.06808384507894516,0.02474040538072586,-0.2256515473127365,0.17485351860523224,0.1364738643169403,0.05757252871990204,0.012756725773215294,-0.06808384507894516,0.02474040538072586,-0.2256515473127365,0.17485351860523224,0.1364738643169403,0.05757252871990204
19.160999999999994,0.0752585232257843,0.0752585232257843,nan,nan,nan,nan,0.11920158565044403,0.0,0.11905938386917114,0.18953634798526764,0.0,0.0,0.0,0.0,-0.0020000000949949026,0.017999999225139618,100.0,0.14249104261398315,2.8620660305023193,0.015427358448505402,25.430885314941406,-0.009573889896273613,-0.006413678638637066,0.12221959978342056,-0.0209858026355505,0.997780978679657,0.01767212525010109,0.17986761033535004,9.0,1.0,0.0,0.0,0.0752585232257843,0.0,0.10750158131122589,0.007145364303141832,0.02143879607319832,-0.08255273848772049,0.00547337532043457,-0.20901596546173096,0.1144331693649292,0.1466718465089798,0.0663340836763382,0.011258592829108238,-0.043352607637643814,0.0028743455186486244,-0.10976482927799225,0.06009463220834732,0.07702478021383286,0.03483537584543228,0.022289425134658813,-0.09684841334819794,0.013265740126371384,-0.2677401006221771,0.17485512793064117,0.1802271455526352,0.08751843869686127,5.87770773563534e-06,-0.00010035789455287158,4.2386063796584494e-06,5.699822577298619e-05,2.1829215256730095e-05,-0.00012666682596318424,7.972327148308977e-05,-0.005964992567896843,0.01727781444787979,0.005850017070770264,0.02661818265914917,0.0006506443023681641,-0.026179596781730652,-0.01481723040342331,0.01632443256676197,-0.07957059890031815,0.019115757197141647,-0.24112191796302795,0.17550577223300934,0.15404754877090454,0.07270120829343796,0.01632443256676197,-0.07957059890031815,0.019115757197141647,-0.24112191796302795,0.17550577223300934,0.15404754877090454,0.07270120829343796,0.01632443256676197,-0.07957059890031815,0.019115757197141647,-0.24112191796302795,0.17550577223300934,0.15404754877090454,0.07270120829343796
19.247999999999998,0.07490414381027222,0.07490414381027222,nan,nan,nan,nan,0.11303890496492386,0.0,0.11428610235452652,0.18503133952617645,0.0,0.0,0.0,0.0,-0.0010000000474974513,0.020999999716877937,100.0,0.14193667471408844,9.481108665466309,0.012517906725406647,21.083797454833984,-0.0106425229460001,-0.0052787140011787415,0.11964990943670273,-0.016875211149454117,0.9972302913665771,0.019532550126314163,0.24515867233276367,9.0,1.0,0.0,0.0,0.07490414381027222,0.0,0.10699979960918427,0.010253876447677612,0.003246679436415434,0.001848050276748836,0.0006241865921765566,-0.13233008980751038,0.19601614773273468,0.06872578710317612,0.1712566316127777,0.0010572667233645916,0.0006018092972226441,0.00020326358207967132,-0.04309270158410072,0.06383178383111954,0.022380245849490166,0.05576895549893379,0.024561399593949318,-0.07685868442058563,0.02226254530251026,-0.2706688642501831,0.2008398324251175,0.17598366737365723,0.09043815732002258,-7.868240936659276e-05,-0.00010026177915278822,0.00010686984023777768,4.938467827741988e-05,-1.3763867173111066e-05,-0.00010678159014787525,0.00011307026579743251,-0.0007434841245412827,-0.011836230754852295,0.0007010195404291153,-0.0005502104759216309,-0.0176822692155838,0.0025170445442199707,-0.0220506489276886,0.023817915469408035,-0.08869491517543793,0.022963564842939377,-0.27121907472610474,0.1831575632095337,0.1785007119178772,0.06838750839233398,0.023817915469408035,-0.08869491517543793,0.022963564842939377,-0.27121907472610474,0.1831575632095337,0.1785007119178772,0.06838750839233398,0.023817915469408035,-0.08869491517543793,0.022963564842939377,-0.27121907472610474,0.1831575632095337,0.1785007119178772,0.06838750839233398
19.308,0.07480846345424652,0.07480846345424652,nan,nan,nan,nan,0.1168963760137558,0.0,0.11827114969491959,0.18393082916736603,0.0,0.0,0.0,0.0,0.004999999888241291,0.009999999776482582,100.0,0.14146694540977478,1.8048667907714844,0.02513360232114792,11.28895378112793,-0.011649912223219872,-0.0035490829031914473,0.12637197971343994,-0.00956803560256958,0.9976161122322083,0.01969256065785885,0.12861870229244232,9.0,1.0,0.0,0.0,0.07480846345424652,0.0,0.10714365541934967,0.0050975969061255455,0.004644215106964111,-0.055430397391319275,0.03186928108334541,-0.20203910768032074,0.16950148344039917,0.12782642245292664,0.00032374123111367226,0.001895942143164575,-0.02262875996530056,0.013010230846703053,-0.08247990906238556,0.06919684261083603,0.05218351632356644,0.00013216325896792114,0.015119384042918682,-0.07611959427595139,0.03318718820810318,-0.27287909388542175,0.2162756770849228,0.1749303638935089,0.043854229152202606,3.8210961065487936e-05,-0.00011048051965190098,-3.481768362689763e-05,4.836484731640667e-05,3.53061368514318e-05,-0.00013118438073433936,6.848390330560505e-05,0.005492464639246464,-0.005981512367725372,-0.006590120494365692,0.0020197927951812744,-0.01884464919567108,0.0012404918670654297,0.01832335814833641,0.020611848682165146,-0.08210110664367676,0.026597067713737488,-0.2708593010902405,0.1974310278892517,0.17617085576057434,0.06217758730053902,0.020611848682165146,-0.08210110664367676,0.026597067713737488,-0.2708593010902405,0.1974310278892517,0.17617085576057434,0.06217758730053902,0.020611848682165146,-0.08210110664367676,0.026597067713737488,-0.2708593010902405,0.1974310278892517,0.17617085576057434,0.06217758730053902
19.387999999999998,0.07468999177217484,0.07468999177217484,nan,nan,nan,nan,0.11729540675878525,0.0,0.11739674210548401,0.18400685489177704,0.0,0.0,0.0,0.0,0.006000000052154064,0.010999999940395355,100.0,0.14126057922840118,1.7106459140777588,0.02706516534090042,14.364304542541504,-0.012013573199510574,-0.0033675339072942734,0.12604278326034546,-0.010770152322947979,0.9815175533294678,0.02062026411294937,0.13595280051231384,9.0,1.0,0.0,0.0,0.07468999177217484,0.0,0.10670629143714905,0.005369497928768396,-0.022233871743083,-0.009852882474660873,0.012299695052206516,-0.12121635675430298,0.23837517201900482,0.054263822734355927,0.12164129316806793,-0.015783065930008888,-0.006994224153459072,0.008731132373213768,-0.08604735136032104,0.1692143827676773,0.03852003067731857,0.0863489955663681,-0.018552832305431366,-0.03758549690246582,0.024995392188429832,-0.22712282836437225,0.3330630660057068,0.12038478255271912,0.14637874066829681,-8.225718192989007e-05,-0.00010718502744566649,0.00010964390094159171,4.1890187276294455e-05,-1.4982118955231272e-05,-0.00010476439638296142,0.00011418628128012642,0.018511204048991203,-0.021074041724205017,0.0016895812004804611,-0.02135273814201355,-0.06471017003059387,0.02697734534740448,-0.04412061721086502,-4.162825644016266e-05,-0.05865953862667084,0.026684973388910294,-0.2484755665063858,0.2683528959751129,0.1473621279001236,0.1022581234574318,-4.162825644016266e-05,-0.05865953862667084,0.026684973388910294,-0.2484755665063858,0.2683528959751129,0.1473621279001236,0.1022581234574318,-4.162825644016266e-05,-0.05865953862667084,0.026684973388910294,-0.2484755665063858,0.2683528959751129,0.1473621279001236,0.1022581234574318
19.485,0.07413637638092041,0.07413637638092041,nan,nan,nan,nan,0.11174894869327545,0.0,0.11063309758901596,0.18621914088726044,0.0,0.0,0.0,0.0,0.0020000000949949026,0.013000000268220901,100.0,0.1404399424791336,2.7509424686431885,0.01814030110836029,35.24263381958008,-0.011343578808009624,-0.00659375311806798,0.11538291722536087,-0.04258579760789871,0.9978154301643372,0.020722253248095512,0.2719479501247406,9.0,1.0,0.0,0.0,0.07413637638092041,0.0,0.10766009986400604,0.01164059154689312,-0.016953464597463608,-0.06744948774576187,0.015123819001019001,-0.19447669386863708,0.17694590985774994,0.12568695843219757,0.002483092015609145,-0.00036311527946963906,-0.0014446568675339222,0.00032392729190178216,-0.004165370482951403,0.003789890091866255,0.0026920076925307512,5.3183739510132e-05,-0.012896599248051643,-0.025690939277410507,0.014735380187630653,-0.18630599975585938,0.285851389169693,0.09956064075231552,0.15766678750514984,-0.000507000251673162,-9.019578283187002e-05,0.000616883160546422,2.385302104812581e-05,-0.0001929837599163875,-1.0890910743910354e-05,0.00027311622397974133,0.002816258929669857,-0.00941973552107811,0.005860468372702599,-0.026277899742126465,0.01204189658164978,0.01657205820083618,-0.0073772817850112915,-0.010080340318381786,-0.03511067479848862,0.020595848560333252,-0.21258389949798584,0.2978932857513428,0.1161326989531517,0.15028950572013855,-0.010080340318381786,-0.03511067479848862,0.020595848560333252,-0.21258389949798584,0.2978932857513428,0.1161326989531517,0.15028950572013855,-0.010080340318381786,-0.03511067479848862,0.020595848560333252,-0.21258389949798584,0.2978932857513428,0.1161326989531517,0.15028950572013855
19.538999999999994,0.07282432168722153,0.07282432168722153,nan,nan,nan,nan,0.11117349565029144,0.0,0.11015885323286057,0.20571322739124298,0.0,0.0,0.0,0.0,0.007000000216066837,0.014999999664723873,100.0,0.14025810360908508,1.0523414611816406,0.016804784536361694,11.185293197631836,-0.010448590852320194,-0.012264558114111423,0.10834288597106934,-0.08747032284736633,0.9915749430656433,0.018688075244426727,0.41728872060775757,9.0,1.0,0.0,0.0,0.07282431423664093,-7.450580596923828e-09,0.10692659020423889,0.009898371063172817,-0.016953464597463608,-0.06744948774576187,0.015123819001019001,-0.19447669386863708,0.17694590985774994,0.12568695843219757,0.002483092015609145,-0.0,-0.0,0.0,-0.0,0.0,0.0,0.0,-0.015147523954510689,-0.04886039346456528,0.014950902201235294,-0.19083945453166962,0.22542591392993927,0.11405666172504425,0.07156416028738022,4.459969568415545e-05,-0.00011307037493679672,-3.534709321684204e-05,5.002630132366903e-05,3.905611811205745e-05,-0.00012976488505955786,7.904938684077933e-05,0.002467688173055649,0.009333737194538116,0.002616637386381626,-0.009018003940582275,0.04075594246387482,-0.0011647045612335205,0.04728808254003525,-0.01267983578145504,-0.03952665627002716,0.01756753958761692,-0.1998574584722519,0.2661818563938141,0.11289195716381073,0.11885224282741547,-0.01267983578145504,-0.03952665627002716,0.01756753958761692,-0.1998574584722519,0.2661818563938141,0.11289195716381073,0.11885224282741547,-0.01267983578145504,-0.03952665627002716,0.01756753958761692,-0.1998574584722519,0.2661818563938141,0.11289195716381073,0.11885224282741547
19.641,0.07189252227544785,0.07189252227544785,nan,nan,nan,nan,0.11415833234786987,0.0,0.11272990703582764,0.22847014665603638,0.0,0.0,0.0,0.0,0.004000000189989805,0.020999999716877937,100.0,0.14002454280853271,5.119592666625977,0.6559910178184509,13.290424346923828,-0.007981783710420132,-0.013188009150326252,0.10752367973327637,-0.04437140375375748,0.9881985187530518,0.016119416803121567,0.41587722301483154,9.0,1.0,0.0,0.0,0.07189252227544785,0.0,0.10806569457054138,0.007361594121903181,-0.02298506535589695,0.01751881092786789,0.011177431792020798,-0.07748013734817505,0.24199050664901733,0.01798376999795437,0.15541508793830872,-0.0,0.0,0.0,-0.0,0.0,0.0,0.0,-0.020500779151916504,-0.0036349985748529434,0.012387759983539581,-0.11367438733577728,0.23686382174491882,0.048628147691488266,0.12877869606018066,-0.00025122406077571213,-0.00010311053483746946,0.000320067279972136,3.6022924177814275e-05,-7.880217890487984e-05,-5.660875831381418e-05,0.00019299697305541486,0.0030236374586820602,-0.017920538783073425,0.0022965334355831146,-0.03842256963253021,0.007719501852989197,0.02974754199385643,-0.011086314916610718,-0.017477141693234444,-0.02155553735792637,0.014684293419122696,-0.1520969569683075,0.24458332359790802,0.0783756896853447,0.11769238114356995,-0.017477141693234444,-0.02155553735792637,0.014684293419122696,-0.1520969569683075,0.24458332359790802,0.0783756896853447,0.11769238114356995,-0.017477141693234444,-0.02155553735792637,0.014684293419122696,-0.1520969569683075,0.24458332359790802,0.0783756896853447,0.11769238114356995
19.742999999999995,0.07131555676460266,0.07131555676460266,nan,nan,nan,nan,0.11711205542087555,0.0,0.11475947499275208,0.2429644912481308,0.0,0.0,0.0,0.0,-0.0010000000474974513,0.014999999664723873,100.0,0.13931997120380402,0.5295984745025635,0.009568408131599426,13.503287315368652,-0.005015458911657333,-0.005249791778624058,0.11452514678239822,-0.038464371114969254,0.9811012744903564,0.017199194058775902,0.20778857171535492,9.0,1.0,0.0,0.0,0.07131554931402206,-7.450580596923828e-09,0.10684041678905487,0.00678205257281661,0.03624542057514191,-0.09255822002887726,0.010386794805526733,-0.188496395945549,0.11996616423130035,0.14903724193572998,0.08874961733818054,0.02352508157491684,-0.06007488816976547,0.006741546560078859,-0.1223435327410698,0.07786400616168976,0.09673257917165756,0.05760291963815689,0.028894957154989243,-0.09484931826591492,0.0151505833491683,-0.2331404685974121,0.21026884019374847,0.16881787776947021,0.13808035850524902,-2.9916864150436595e-05,-0.00012365229486022145,6.470991502283141e-05,3.6625144275603816e-05,1.4593027117371093e-05,-0.00010645815928000957,0.00012233307643327862,-0.024789003655314445,0.04113364219665527,-0.000556139275431633,0.04884174466133118,0.015844419598579407,-0.05223831534385681,-0.009528443217277527,0.004105953499674797,-0.053715676069259644,0.014594444073736668,-0.18429872393608093,0.22611325979232788,0.1165795624256134,0.1285519152879715,0.004105953499674797,-0.053715676069259644,0.014594444073736668,-0.18429872393608093,0.22611325979232788,0.1165795624256134,0.1285519152879715,0.004105953499674797,-0.053715676069259644,0.014594444073736668,-0.18429872393608093,0.22611325979232788,0.1165795624256134,0.1285519152879715
19.885999999999996,0.07110786437988281,0.07110786437988281,nan,nan,nan,nan,0.11165893822908401,0.0,0.11236084997653961,0.2301805317401886,0.0,0.0,0.0,0.0,0.0,0.019999999552965164,100.0,0.1400790810585022,8.520339965820312,0.018308870494365692,40.62434005737305,-0.004692749120295048,-0.0023027947172522545,0.11475080251693726,-0.010384619235992432,0.9816855192184448,0.019666148349642754,0.22850103676319122,9.0,1.0,0.0,0.0,0.07110784947872162,-1.4901161193847656e-08,0.10852141678333282,0.009407607838511467,0.020592186599969864,-0.08854027837514877,0.03398149833083153,-0.2015886902809143,0.13428549468517303,0.14516720175743103,-0.028943445533514023,0.01572640798985958,-0.06761887669563293,0.025951923802495003,-0.15395478904247284,0.10255483537912369,0.1108652800321579,-0.022104326635599136,0.032904718071222305,-0.12953084707260132,0.041072722524404526,-0.30190417170524597,0.22345736622810364,0.21778400242328644,0.026404548436403275,-9.476763079874218e-05,-0.00011396186164347455,0.00014485017163679004,3.785704029724002e-05,-1.1278964848315809e-05,-8.376056212000549e-05,0.00014810972788836807,-0.012330058962106705,0.03578995168209076,-0.014431966468691826,0.05786412954330444,-0.0009880661964416504,-0.0483480840921402,0.0574122779071331,0.0205746591091156,-0.09374089539051056,0.0266407560557127,-0.24404004216194153,0.222469300031662,0.16943591833114624,0.08381682634353638,0.0205746591091156,-0.09374089539051056,0.0266407560557127,-0.24404004216194153,0.222469300031662,0.16943591833114624,0.08381682634353638,0.0205746591091156,-0.09374089539051056,0.0266407560557127,-0.24404004216194153,0.222469300031662,0.16943591833114624,0.08381682634353638
20.000999999999998,0.06830939650535583,0.06830939650535583,nan,nan,nan,nan,0.07433660328388214,0.0,0.07551649212837219,0.5533772706985474,0.0,0.0,0.0,0.0,0.007000000216066837,0.010999999940395355,100.0,0.14013782143592834,1.118689775466919,0.01149345189332962,11.428884506225586,-0.02048305794596672,-0.019721388816833496,0.07627815753221512,-0.2544061541557312,0.9954782724380493,0.019603367894887924,0.3812296986579895,9.0,1.0,0.0,0.0,0.06830937415361404,-2.2351741790771484e-08,0.10863859951496124,0.01678480952978134,-0.007594008464366198,-0.056225378066301346,0.03146038204431534,-0.17289403080940247,0.20151302218437195,0.12315411120653152,-0.011158027686178684,-0.0,-0.0,0.0,-0.0,0.0,0.0,-0.0,0.007418610155582428,-0.08730927109718323,0.03688235953450203,-0.23173050582408905,0.22113823890686035,0.16610628366470337,0.0025362554006278515,5.062648779130541e-05,-0.0001144193229265511,-3.7331843486754224e-05,5.1263112254673615e-05,4.0051589166978374e-05,-0.00012316438369452953,8.941743726609275e-05,0.008541516959667206,-0.008866049349308014,-0.003023207187652588,-0.01564246416091919,0.0018936395645141602,0.00928400456905365,0.03443664684891701,0.015960127115249634,-0.09617532044649124,0.03385915234684944,-0.24737296998500824,0.2230318784713745,0.17539028823375702,0.036972902715206146,0.015960127115249634,-0.09617532044649124,0.03385915234684944,-0.24737296998500824,0.2230318784713745,0.17539028823375702,0.036972902715206146,0.015960127115249634,-0.09617532044649124,0.03385915234684944,-0.24737296998500824,0.2230318784713745,0.17539028823375702,0.036972902715206146
20.098,0.06594376266002655,0.06594376266002655,nan,nan,nan,nan,0.08201158046722412,0.0,0.08059477806091309,0.5426895022392273,0.0,0.0,0.0,0.0,0.008999999612569809,0.013000000268220901,100.0,0.13970515131950378,1.1106646060943604,0.011892057955265045,11.169916152954102,-0.014241605997085571,-0.016425617039203644,0.07841076701879501,-0.18197181820869446,0.9948586225509644,0.017432289198040962,0.4315064251422882,9.0,1.0,0.0,0.0,0.06594374030828476,-2.2351741790771484e-08,0.10822558403015137,0.013483921997249126,0.027492646127939224,-0.05452191084623337,0.015049375593662262,-0.16625171899795532,0.17039580643177032,0.13042132556438446,0.11117979884147644,0.0,-0.0,0.0,-0.0,0.0,0.0,0.0,0.011664437130093575,-0.057889729738235474,0.02080962248146534,-0.17939038574695587,0.2097465991973877,0.12991471588611603,0.09005910903215408,-0.00019902562780771405,-0.00012775779759977013,0.00025865662610158324,1.6075529856607318e-05,-5.266738298814744e-05,-4.963730680174194e-05,0.00018043814634438604,-0.002970237284898758,-0.01301245391368866,0.005895821377635002,-0.024141520261764526,0.012541308999061584,0.013788983225822449,-0.024865202605724335,0.008694199845194817,-0.07090218365192413,0.026705443859100342,-0.2035319060087204,0.22228790819644928,0.14370369911193848,0.06519390642642975,0.008694199845194817,-0.07090218365192413,0.026705443859100342,-0.2035319060087204,0.22228790819644928,0.14370369911193848,0.06519390642642975,0.008694199845194817,-0.07090218365192413,0.026705443859100342,-0.2035319060087204,0.22228790819644928,0.14370369911193848,0.06519390642642975
20.189999999999998,0.06562794744968414,0.06562794744968414,nan,nan,nan,nan,0.0864243283867836,0.0,0.08513551950454712,0.5403083562850952,0.0,0.0,0.0,0.0,0.008999999612569809,0.012000000104308128,100.0,0.13977055251598358,1.1360300779342651,0.016625039279460907,15.902527809143066,-0.01086551882326603,-0.011921241879463196,0.0840797945857048,-0.026317935436964035,0.9959419369697571,0.016291653737425804,0.4201095998287201,9.0,1.0,0.0,0.0,0.06562793254852295,-1.4901161193847656e-08,0.10901027917861938,0.011747152544558048,0.013894635252654552,-0.07951485365629196,0.03683972731232643,-0.186562180519104,0.15932269394397736,0.14198485016822815,-0.04216986522078514,0.0,-0.0,0.0,-0.0,0.0,0.0,-0.0,0.014115670695900917,-0.06749047338962555,0.027631571516394615,-0.18148848414421082,0.18309643864631653,0.13548895716667175,0.031402092427015305,1.3848962225893047e-05,-0.00014349614502862096,2.1425988961709663e-05,1.9515677195158787e-05,3.1980624044081196e-05,-9.982335177483037e-05,0.00011937773524550721,-0.0024581123143434525,0.0004523470997810364,-0.0019284654408693314,-0.009074226021766663,0.021787643432617188,0.002551928162574768,0.028003711253404617,0.011657558381557465,-0.06703812628984451,0.025703106075525284,-0.19056271016597748,0.20488408207893372,0.13804088532924652,0.05940580368041992,0.011657558381557465,-0.06703812628984451,0.025703106075525284,-0.19056271016597748,0.20488408207893372,0.13804088532924652,0.05940580368041992,0.011657558381557465,-0.06703812628984451,0.025703106075525284,-0.19056271016597748,0.20488408207893372,0.13804088532924652,0.05940580368041992
20.272,0.06465314328670502,0.06465314328670502,nan,nan,nan,nan,0.08893609791994095,0.0,0.08639752864837646,0.5352367162704468,0.0,0.0,0.0,0.0,0.004999999888241291,0.010999999940395355,100.0,0.14005684852600098,1.0692635774612427,0.010915100574493408,22.539894104003906,-0.005888922140002251,-0.009842688217759132,0.08244376629590988,-0.08861855417490005,0.9977855682373047,0.016690896824002266,0.3805425763130188,9.0,1.0,0.0,0.0,0.06465312093496323,-2.2351741790771484e-08,0.10891354084014893,0.013638932257890701,0.02629373036324978,-0.08642520755529404,0.011944026686251163,-0.18386335670948029,0.14694084227085114,0.14330221712589264,0.07591965049505234,0.009896676987409592,-0.03252951800823212,0.004495603032410145,-0.0692041888833046,0.05530695244669914,0.053937412798404694,0.028575338423252106,0.02608644589781761,-0.0960894376039505,0.021995915099978447,-0.21979081630706787,0.19054248929023743,0.16883601248264313,0.06573662161827087,-0.00014034236664883792,-0.00014272482076194137,0.00020712729019578546,4.178575636615278e-06,-2.2067904865252785e-05,-4.7406734665855765e-05,0.0001754367258399725,-0.00769558921456337,0.01580868661403656,0.002819543704390526,0.018053382635116577,0.0031531304121017456,-0.017681002616882324,-0.011227738112211227,0.018390856683254242,-0.08028075098991394,0.024815458804368973,-0.2017374336719513,0.19369561970233917,0.1511550098657608,0.05450888350605965,0.018390856683254242,-0.08028075098991394,0.024815458804368973,-0.2017374336719513,0.19369561970233917,0.1511550098657608,0.05450888350605965,0.018390856683254242,-0.08028075098991394,0.024815458804368973,-0.2017374336719513,0.19369561970233917,0.1511550098657608,0.05450888350605965
20.336999999999996,0.06407073140144348,0.06407073140144348,nan,nan,nan,nan,0.08856213092803955,0.0,0.08711108565330505,0.531457781791687,0.0,0.0,0.0,0.0,0.004999999888241291,0.008999999612569809,100.0,0.1397685706615448,14.371380805969238,0.013336539268493652,25.674951553344727,-0.0023100022226572037,-0.009063731878995895,0.08035735785961151,-0.06471243500709534,0.9990265369415283,0.017941825091838837,0.3755975663661957,9.0,1.0,0.0,0.0,0.06407072395086288,-7.450580596923828e-09,0.10812205076217651,0.015433934517204762,0.021900909021496773,-0.08406545221805573,0.03954612836241722,-0.18897084891796112,0.15156616270542145,0.14125293493270874,-0.04748448356986046,0.006502022501081228,-0.02495766058564186,0.011740600690245628,-0.056102365255355835,0.04499752074480057,0.041935693472623825,-0.014097369275987148,0.030522789806127548,-0.10725223273038864,0.02416975237429142,-0.23691406846046448,0.19597502052783966,0.182374507188797,0.062023572623729706,-0.00011124485899927095,-0.00014718028251081705,0.0001792008988559246,1.3562145113610313e-06,-9.044306352734566e-06,-4.960918886354193e-05,0.00017041870160028338,-0.00556352362036705,0.012742534279823303,-0.0014100801199674606,0.017162412405014038,-0.0012260973453521729,-0.01479746401309967,0.004235818982124329,0.024959266185760498,-0.09450969845056534,0.02275967225432396,-0.21975165605545044,0.1947489231824875,0.16757704317569733,0.06625939160585403,0.024959266185760498,-0.09450969845056534,0.02275967225432396,-0.21975165605545044,0.1947489231824875,0.16757704317569733,0.06625939160585403,0.024959266185760498,-0.09450969845056534,0.02275967225432396,-0.21975165605545044,0.1947489231824875,0.16757704317569733,0.06625939160585403
20.433,0.06363450735807419,0.06363450735807419,nan,nan,nan,nan,0.08821438997983932,0.0,0.08813375234603882,0.5282201170921326,0.0,0.0,0.0,0.0,0.0,0.02800000086426735,100.0,0.13926605880260468,0.6590355038642883,0.011304393410682678,14.686930656433105,0.0002840496599674225,-0.003269702196121216,0.08458000421524048,-0.015579428523778915,0.9997025728225708,0.018790481612086296,0.3525713384151459,9.0,1.0,0.0,0.0,0.0636344850063324,-2.2351741790771484e-08,0.10822142660617828,0.016213804483413696,0.022766081616282463,-0.07047544419765472,0.014686133712530136,-0.16856379806995392,0.17018845677375793,0.14413341879844666,0.07840235531330109,0.009689301252365112,-0.029994523152709007,0.006250455044209957,-0.07174117118120193,0.07243262976408005,0.061343539506196976,0.03336823731660843,0.03003464639186859,-0.10479661822319031,0.03497866168618202,-0.23998858034610748,0.21149508655071259,0.1896473467350006,0.024013716727495193,7.005250517977402e-05,-0.00015859432460274547,-1.846594204835128e-05,5.761555712524569e-06,5.9398069424787536e-05,-9.342344128526747e-05,0.0001224965089932084,-0.0015010442584753036,0.0009780600666999817,-0.0002455413341522217,0.004746824502944946,-0.011420726776123047,-0.008573144674301147,-0.007367204874753952,0.028533602133393288,-0.10381855815649033,0.0347331203520298,-0.23524175584316254,0.20007435977458954,0.18107420206069946,0.01664651185274124,0.028533602133393288,-0.10381855815649033,0.0347331203520298,-0.23524175584316254,0.20007435977458954,0.18107420206069946,0.01664651185274124,0.028533602133393288,-0.10381855815649033,0.0347331203520298,-0.23524175584316254,0.20007435977458954,0.18107420206069946,0.01664651185274124
20.473999999999997,0.06369654834270477,0.06369654834270477,nan,nan,nan,nan,0.086575448513031,0.0,0.08716839551925659,0.5284839272499084,0.0,0.0,0.0,0.0,0.0,0.006000000052154064,100.0,0.13906283676624298,0.621059000492096,0.0249398872256279,10.24002742767334,0.0012680813670158386,-0.0010855160653591156,0.08481480181217194,0.010340164415538311,0.9991381168365479,0.019850119948387146,0.30661821365356445,9.0,1.0,0.0,0.0,0.06369653344154358,-1.4901161193847656e-08,0.10724392533302307,0.018280699849128723,0.014262552373111248,-0.05919306352734566,0.043093353509902954,-0.16930808126926422,0.18045870959758759,0.1400899589061737,-0.05983271077275276,0.00555541692301631,-0.023056333884596825,0.01678532361984253,-0.06594731658697128,0.07029060274362564,0.05456654354929924,-0.023305483162403107,0.030727814882993698,-0.102269247174263,0.031346697360277176,-0.24430865049362183,0.23528942465782166,0.20174340903759003,0.05662532523274422,-0.00016567023703828454,-0.00014658347936347127,0.00025093171279877424,-7.327370440179948e-06,-2.4482578737661242e-05,-2.0816270989598706e-05,0.00019191071623936296,-0.0004538949579000473,-0.0021715909242630005,0.0006639398634433746,0.0031476765871047974,-0.017148464918136597,-0.009000703692436218,-0.0133989118039608,0.03027391992509365,-0.104440838098526,0.03201063722372055,-0.24116097390651703,0.21814095973968506,0.1927427053451538,0.04322641342878342,0.03027391992509365,-0.104440838098526,0.03201063722372055,-0.24116097390651703,0.21814095973968506,0.1927427053451538,0.04322641342878342,0.03027391992509365,-0.104440838098526,0.03201063722372055,-0.24116097390651703,0.21814095973968506,0.1927427053451538,0.04322641342878342
20.537,0.0638735443353653,0.0638735443353653,nan,nan,nan,nan,0.08532331883907318,0.0,0.08772686868906021,0.5293574929237366,0.0,0.0,0.0,0.0,0.003000000026077032,0.007000000216066837,100.0,0.13906283676624298,0.8005592823028564,0.18925592303276062,17.50189781188965,0.000405849888920784,0.000848129391670227,0.0881691500544548,0.025285139679908752,0.9947130084037781,0.019990406930446625,0.321966290473938,9.0,1.0,0.0,0.0,0.0638735219836235,-2.2351741790771484e-08,0.10899786651134491,0.017192132771015167,0.014262552373111248,-0.05919306352734566,0.043093353509902954,-0.16930808126926422,0.18045870959758759,0.1400899589061737,-0.05983271077275276,0.005368078593164682,-0.022278832271695137,0.01621929183602333,-0.06372345238924026,0.06792028248310089,0.05272646248340607,-0.022519579157233238,0.02449548803269863,-0.08997848629951477,0.04556591436266899,-0.23506289720535278,0.23892942070960999,0.19431036710739136,-0.016940582543611526,-0.0004079641657881439,-0.00013314175885170698,0.0005243538180366158,-1.865726699179504e-05,-0.00011153458035551012,5.037196388002485e-05,0.00026092928601428866,0.003377135843038559,-0.008464127779006958,-0.007969625294208527,-0.004177510738372803,-0.010039135813713074,0.00036866962909698486,0.03788027912378311,0.02787262387573719,-0.09844261407852173,0.037596289068460464,-0.23924040794372559,0.2288902848958969,0.19467903673648834,0.020939698442816734,0.02787262387573719,-0.09844261407852173,0.037596289068460464,-0.23924040794372559,0.2288902848958969,0.19467903673648834,0.020939698442816734,0.02787262387573719,-0.09844261407852173,0.037596289068460464,-0.23924040794372559,0.2288902848958969,0.19467903673648834,0.020939698442816734
20.656,0.06470511108636856,0.06470511108636856,nan,nan,nan,nan,0.09301117062568665,0.0,0.09206220507621765,0.533602774143219,0.0,0.0,0.0,0.0,0.0010000000474974513,0.017999999225139618,100.0,0.13887232542037964,6.171073913574219,0.02297479659318924,20.87668800354004,0.0023335665464401245,0.006133239716291428,0.09586188197135925,0.04619815573096275,0.9944676160812378,0.019292965531349182,0.4285896420478821,9.0,1.0,0.0,0.0,0.06470510363578796,-7.450580596923828e-09,0.10795024037361145,0.01634151116013527,0.008402196690440178,-0.05066753923892975,0.021665116772055626,-0.14203518629074097,0.21605916321277618,0.10422133654356003,0.0957871675491333,0.0016673068748787045,-0.010054315440356731,0.004299161024391651,-0.028185037896037102,0.042874135076999664,0.020681370049715042,0.019007720053195953,0.01608113758265972,-0.0735592171549797,0.03689908981323242,-0.201255664229393,0.254130095243454,0.15754207968711853,0.04815760999917984,-0.0004368401423562318,-0.00012821918062400073,0.0005599962896667421,-2.010978823818732e-05,-0.00011843480751849711,6.62061502225697e-05,0.0002681188052520156,0.005111223086714745,-0.011197417974472046,0.0031699612736701965,-0.01940496265888214,-0.011204391717910767,0.01985795795917511,-0.02638714201748371,0.021192360669374466,-0.08475663512945175,0.04006905108690262,-0.22066062688827515,0.2429257035255432,0.17740003764629364,0.02177046798169613,0.021192360669374466,-0.08475663512945175,0.04006905108690262,-0.22066062688827515,0.2429257035255432,0.17740003764629364,0.02177046798169613,0.021192360669374466,-0.08475663512945175,0.04006905108690262,-0.22066062688827515,0.2429257035255432,0.17740003764629364,0.02177046798169613
20.72,0.06536752730607986,0.06536752730607986,nan,nan,nan,nan,0.09649974852800369,0.0,0.09674917161464691,0.5367035269737244,0.0,0.0,0.0,0.0,0.00800000037997961,0.008999999612569809,100.0,0.1383732259273529,1.0704463720321655,0.017925165593624115,18.034250259399414,0.003750983625650406,0.006155934184789658,0.09915412962436676,0.07360180467367172,0.9981765747070312,0.01804840937256813,0.43579772114753723,9.0,1.0,0.0,0.0,0.06536751985549927,-7.450580596923828e-09,0.10777305066585541,0.014319280162453651,0.018771644681692123,-0.07539426535367966,0.015348563902080059,-0.17593984305858612,0.17095813155174255,0.14117906987667084,0.060122523456811905,0.0,-0.0,0.0,-0.0,0.0,0.0,0.0,0.017572101205587387,-0.07457612454891205,0.024956706911325455,-0.18722671270370483,0.20803973078727722,0.14847438037395477,0.054788053035736084,-0.00021910795476287603,-0.00013523540110327303,0.00032426556572318077,-1.2427476576704066e-05,-3.592438588384539e-05,1.942210474226158e-05,0.00020786066306754947,0.0011848825961351395,-0.0044666677713394165,0.008699189871549606,-0.016882583498954773,0.021955758333206177,0.014203265309333801,-0.015507981181144714,0.018756983801722527,-0.07904279232025146,0.03365589678287506,-0.2041092962026596,0.2299954891204834,0.16267764568328857,0.03928007185459137,0.018756983801722527,-0.07904279232025146,0.03365589678287506,-0.2041092962026596,0.2299954891204834,0.16267764568328857,0.03928007185459137,0.018756983801722527,-0.07904279232025146,0.03365589678287506,-0.2041092962026596,0.2299954891204834,0.16267764568328857,0.03928007185459137
20.794999999999995,0.06566325575113297,0.06566325575113297,nan,nan,nan,nan,0.09948951750993729,0.0,0.09964054822921753,0.5362652540206909,0.0,0.0,0.0,0.0,-0.003000000026077032,0.019999999552965164,100.0,0.13815906643867493,0.70180743932724,0.015285797417163849,16.434993743896484,0.003664731979370117,0.0040447041392326355,0.10002052038908005,0.01478642225265503,0.9967350959777832,0.01627400331199169,0.34966251254081726,9.0,1.0,0.0,0.0,0.06566324084997177,-1.4901161193847656e-08,0.10804380476474762,0.011944062076508999,0.02131250500679016,-0.06342190504074097,0.04649173468351364,-0.16999900341033936,0.17975595593452454,0.13763698935508728,-0.05662287771701813,0.0,-0.0,0.0,-0.0,0.0,0.0,-0.0,0.01948443427681923,-0.07006986439228058,0.031471237540245056,-0.17685028910636902,0.18595410883426666,0.14189380407333374,0.009006071835756302,6.84213955537416e-05,-0.00014986467431299388,9.795053301786538e-06,-6.152004061732441e-07,6.342270353343338e-05,-5.9457113820826635e-05,0.0001352678518742323,-0.0007214769721031189,-0.004511833190917969,-0.0029270555824041367,-0.010245949029922485,0.01567845046520233,0.007513105869293213,0.02598559856414795,0.01876295730471611,-0.07458169758319855,0.02854418195784092,-0.1870962381362915,0.201632559299469,0.14940690994262695,0.03499167039990425,0.01876295730471611,-0.07458169758319855,0.02854418195784092,-0.1870962381362915,0.201632559299469,0.14940690994262695,0.03499167039990425,0.01876295730471611,-0.07458169758319855,0.02854418195784092,-0.1870962381362915,0.201632559299469,0.14940690994262695,0.03499167039990425
20.866,0.06589403748512268,0.06589403748512268,nan,nan,nan,nan,0.10368780046701431,0.0,0.10172174870967865,0.5342137813568115,0.0,0.0,0.0,0.0,0.00800000037997961,0.027000000700354576,100.0,0.1378445327281952,0.638664722442627,0.009158626198768616,12.176444053649902,0.005053294822573662,0.0028837639838457108,0.0995522141456604,0.008547471836209297,0.999171793460846,0.016068920493125916,0.32574984431266785,9.0,1.0,0.0,0.0,0.06589402258396149,-1.4901161193847656e-08,0.10847298800945282,0.011764283291995525,0.032480571419000626,-0.07703171670436859,0.021238472312688828,-0.16896258294582367,0.16399113833904266,0.15063729882240295,0.06653580814599991,0.008851826190948486,-0.020993206650018692,0.005788052920252085,-0.04604683071374893,0.04469197988510132,0.04105270281434059,0.01813279092311859,0.029620688408613205,-0.08116251975297928,0.031586382538080215,-0.1916063129901886,0.19365718960762024,0.16272953152656555,0.03294429928064346,-0.00011155437823617831,-0.00013989565195515752,0.00020963558927178383,-9.49803325056564e-06,3.2072714475361863e-06,-2.5407748580619227e-06,0.00018065662879962474,-0.006402987986803055,0.0054767802357673645,-0.00012809038162231445,0.005810901522636414,0.0005016326904296875,-0.010313525795936584,-0.008880063891410828,0.02321770042181015,-0.07568573951721191,0.0314582921564579,-0.18579541146755219,0.19415882229804993,0.15241600573062897,0.024064235389232635,0.02321770042181015,-0.07568573951721191,0.0314582921564579,-0.18579541146755219,0.19415882229804993,0.15241600573062897,0.024064235389232635,0.02321770042181015,-0.07568573951721191,0.0314582921564579,-0.18579541146755219,0.19415882229804993,0.15241600573062897,0.024064235389232635
20.919999999999995,0.06613754481077194,0.06613754481077194,nan,nan,nan,nan,0.1048007607460022,0.0,0.1029885858297348,0.5318905115127563,0.0,0.0,0.0,0.0,0.004000000189989805,0.010999999940395355,100.0,0.13769914209842682,0.9755212664604187,0.010681338608264923,14.302433967590332,0.0073990412056446075,0.0022340621799230576,0.0978236123919487,0.022137029096484184,0.9984923601150513,0.016954928636550903,0.30739134550094604,9.0,1.0,0.0,0.0,0.06613753736019135,-7.450580596923828e-09,0.10783953964710236,0.013388282619416714,0.032480571419000626,-0.07703171670436859,0.021238472312688828,-0.16896258294582367,0.16399113833904266,0.15063729882240295,0.06653580814599991,0.007079652510583401,-0.016790276393294334,0.004629259929060936,-0.03682805970311165,0.035744454711675644,0.032833777368068695,0.014502528123557568,0.036025818437337875,-0.08958109468221664,0.02819308266043663,-0.20164310932159424,0.19862772524356842,0.17670126259326935,0.0632740929722786,-9.000588761409745e-05,-0.00014091316552367061,0.00018744876433629543,-9.169660188490525e-06,1.1135493878100533e-05,-5.568966571445344e-06,0.00017564256268087775,-0.005668258294463158,0.006108544766902924,0.0018549412488937378,0.0068709999322891235,-0.0018530488014221191,-0.010693326592445374,-0.018770813941955566,0.030357560142874718,-0.08347254991531372,0.030048023909330368,-0.19477210938930511,0.1967746764421463,0.16600793600082397,0.04450327903032303,0.030357560142874718,-0.08347254991531372,0.030048023909330368,-0.19477210938930511,0.1967746764421463,0.16600793600082397,0.04450327903032303,0.030357560142874718,-0.08347254991531372,0.030048023909330368,-0.19477210938930511,0.1967746764421463,0.16600793600082397,0.04450327903032303
20.989999999999995,0.06656564027070999,0.06656564027070999,nan,nan,nan,nan,0.10551977157592773,0.0,0.10554543882608414,0.529291033744812,0.0,0.0,0.0,0.0,-0.006000000052154064,0.017999999225139618,100.0,0.13755252957344055,1.6436669826507568,0.014289282262325287,24.589080810546875,0.007827086374163628,0.003998907282948494,0.1017172560095787,0.023783082142472267,0.9945606589317322,0.016720637679100037,0.37840160727500916,9.0,1.0,0.0,0.0,0.0665656253695488,-1.4901161193847656e-08,0.1069323867559433,0.012180658988654613,0.023857129737734795,-0.06815392524003983,0.045788176357746124,-0.16573466360569,0.17634928226470947,0.14143377542495728,-0.06417757272720337,0.0007916304166428745,-0.0022614924237132072,0.001519349287264049,-0.005499429069459438,0.0058516450226306915,0.0046930741518735886,-0.0021295484621077776,0.029809895902872086,-0.07960888743400574,0.040168892592191696,-0.18684878945350647,0.19218537211418152,0.1613766849040985,-0.013518203049898148,-8.299454930238426e-05,-0.00014114075747784227,0.00018045114120468497,-9.267109817301389e-06,1.3734210369875655e-05,-5.943652922724141e-06,0.00017388795095030218,0.0010337382555007935,-0.0030560046434402466,-0.005592904984951019,-0.005419254302978516,0.0030025243759155273,0.004063889384269714,0.03388560190796852,0.03084363415837288,-0.08266489207744598,0.03457598760724068,-0.19226804375648499,0.19518789649009705,0.16544057428836823,0.020367398858070374,0.03084363415837288,-0.08266489207744598,0.03457598760724068,-0.19226804375648499,0.19518789649009705,0.16544057428836823,0.020367398858070374,0.03084363415837288,-0.08266489207744598,0.03457598760724068,-0.19226804375648499,0.19518789649009705,0.16544057428836823,0.020367398858070374
21.107999999999997,0.06699888408184052,0.06699888408184052,nan,nan,nan,nan,0.10557840764522552,0.0,0.10514914244413376,0.5278254151344299,0.0,0.0,0.0,0.0,0.004999999888241291,0.019999999552965164,100.0,0.13671539723873138,0.966286301612854,0.016543082892894745,12.79985523223877,0.007895335555076599,0.004906041547656059,0.10215985029935837,0.021662190556526184,0.9985169172286987,0.016921890899538994,0.2738172113895416,9.0,1.0,0.0,0.0,0.06699887663125992,-7.450580596923828e-09,0.10680748522281647,0.013548344373703003,0.013319184072315693,-0.07821770012378693,0.03462567925453186,-0.1661795973777771,0.19633278250694275,0.12690958380699158,-0.015407457947731018,0.004818646237254143,-0.02829778753221035,0.012526961043477058,-0.060120854526758194,0.07102973759174347,0.04591365158557892,-0.005574147216975689,0.025963596999645233,-0.0839354544878006,0.04476287215948105,-0.1980225294828415,0.22225871682167053,0.16760262846946716,-0.023485718294978142,5.380047150538303e-05,-0.0001474156742915511,3.518926678225398e-05,-4.2885644688794855e-06,5.906797741772607e-05,-3.972423291997984e-05,0.00014308250683825463,0.0027946438640356064,0.0026512667536735535,-0.0042982399463653564,0.006154954433441162,-0.01877310872077942,-0.00271528959274292,0.01572304405272007,0.02875824086368084,-0.08128418773412704,0.04046463221311569,-0.19186757504940033,0.2034856081008911,0.16488733887672424,-0.007762674242258072,0.02875824086368084,-0.08128418773412704,0.04046463221311569,-0.19186757504940033,0.2034856081008911,0.16488733887672424,-0.007762674242258072,0.02875824086368084,-0.08128418773412704,0.04046463221311569,-0.19186757504940033,0.2034856081008911,0.16488733887672424,-0.007762674242258072
21.247,0.06814832240343094,0.06814832240343094,nan,nan,nan,nan,0.11408239603042603,0.0,0.10945973545312881,0.5278375744819641,0.0,0.0,0.0,0.0,0.0020000000949949026,0.009999999776482582,100.0,0.13648226857185364,1.4397064447402954,0.1292843371629715,18.03239631652832,0.009983835741877556,0.010135730728507042,0.1096116304397583,0.11494383215904236,0.9987125396728516,0.017695413902401924,0.3685813844203949,9.0,1.0,0.0,0.0,0.06814830750226974,-1.4901161193847656e-08,0.10690605640411377,0.013624800369143486,0.0512264259159565,-0.10552125424146652,0.03510242700576782,-0.13543054461479187,0.16096793115139008,0.14113378524780273,0.10410613566637039,0.006696727126836777,-0.013794580474495888,0.004588869400322437,-0.017704561352729797,0.02104301191866398,0.018450135365128517,0.013609585352241993,0.02633943408727646,-0.09692434966564178,0.04304363578557968,-0.19521641731262207,0.22724536061286926,0.1611957997083664,0.0023192446678876877,8.210388477891684e-05,-0.00014518445823341608,8.484414138365537e-06,-2.1216746972640976e-06,6.843289156677201e-05,-4.195638030068949e-05,0.00013750225480180234,-0.0022556018084287643,0.008267059922218323,-0.000230301171541214,-0.0020848214626312256,-0.004836097359657288,0.0013343095779418945,-0.01530650444328785,0.024083832278847694,-0.08865728974342346,0.04281333461403847,-0.1973012387752533,0.22240926325321198,0.1625301092863083,-0.012987259775400162,0.024083832278847694,-0.08865728974342346,0.04281333461403847,-0.1973012387752533,0.22240926325321198,0.1625301092863083,-0.012987259775400162,0.024083832278847694,-0.08865728974342346,0.04281333461403847,-0.1973012387752533,0.22240926325321198,0.1625301092863083,-0.012987259775400162
21.4,0.06924492120742798,0.06924492120742798,nan,nan,nan,nan,0.11556929349899292,0.0,0.11442279815673828,0.5271890759468079,0.0,0.0,0.0,0.0,0.0020000000949949026,0.014000000432133675,100.0,0.13637255132198334,1.5353271961212158,0.03451574593782425,33.16703796386719,0.013070974498987198,0.009092133492231369,0.11044396460056305,0.07832848280668259,0.9998966455459595,0.01798226125538349,0.3238195478916168,9.0,1.0,0.0,0.0,0.06924491375684738,-7.450580596923828e-09,0.10700342059135437,0.013958282768726349,0.01983460783958435,-0.0819963812828064,0.03725341334939003,-0.16636593639850616,0.19435261189937592,0.12637802958488464,-0.008567039854824543,0.004828440025448799,-0.0199608001857996,0.009068788960576057,-0.040499310940504074,0.04731225222349167,0.030764849856495857,-0.0020855183247476816,0.025455761700868607,-0.09683085978031158,0.04454418644309044,-0.1989971101284027,0.23321270942687988,0.15740925073623657,-0.005778020713478327,-7.7835276897531e-05,-0.00012716324999928474,0.00018647749675437808,-4.6674758777953684e-06,2.002630935749039e-05,1.5339019228122197e-05,0.0001705856848275289,0.00014234893023967743,0.0028608739376068115,-0.00048080459237098694,0.0009901970624923706,-0.0032993853092193604,0.0032616257667541504,-0.00022059492766857147,0.025598110631108284,-0.09396998584270477,0.04406338185071945,-0.19800691306591034,0.22991332411766052,0.16067087650299072,-0.005998615641146898,0.025598110631108284,-0.09396998584270477,0.04406338185071945,-0.19800691306591034,0.22991332411766052,0.16067087650299072,-0.005998615641146898,0.025598110631108284,-0.09396998584270477,0.04406338185071945,-0.19800691306591034,0.22991332411766052,0.16067087650299072,-0.005998615641146898
21.5,0.07104375958442688,0.07104375958442688,nan,nan,nan,nan,0.12479501962661743,0.0,0.12229947745800018,0.5253303050994873,0.0,0.0,0.0,0.0,0.004999999888241291,0.02500000037252903,100.0,0.13669641315937042,6.517551898956299,0.02217106521129608,18.345367431640625,0.016944371163845062,0.014059606939554214,0.11941471695899963,0.07195353507995605,0.9949639439582825,0.01768096163868904,0.40417569875717163,9.0,1.0,0.0,0.0,0.07104374468326569,-1.4901161193847656e-08,0.10357382893562317,0.013599151745438576,0.03933168202638626,-0.08658479154109955,0.026483019813895226,-0.15565325319766998,0.16674648225307465,0.14774949848651886,0.07995312660932541,0.004995178431272507,-0.010996389202773571,0.003363380441442132,-0.019768180325627327,0.021177034825086594,0.018764391541481018,0.010154157876968384,0.039455391466617584,-0.10102041065692902,0.03744864836335182,-0.18617317080497742,0.2085305154323578,0.1659388244152069,0.05613363906741142,-3.7237059586914256e-05,-0.00012094486737623811,0.0001480585488025099,-8.92493261517302e-08,3.453668614383787e-05,1.310166044277139e-05,0.0001600364048499614,-0.006691440939903259,0.002442292869091034,0.004144594073295593,-0.005931571125984192,0.011723488569259644,-0.0030906200408935547,-0.03182476386427879,0.032763950526714325,-0.09857811778783798,0.041593242436647415,-0.1921047419309616,0.22025400400161743,0.16284820437431335,0.02430887520313263,0.032763950526714325,-0.09857811778783798,0.041593242436647415,-0.1921047419309616,0.22025400400161743,0.16284820437431335,0.02430887520313263,0.032763950526714325,-0.09857811778783798,0.041593242436647415,-0.1921047419309616,0.22025400400161743,0.16284820437431335,0.02430887520313263
21.578999999999994,0.07213485985994339,0.07213485985994339,nan,nan,nan,nan,0.12060432136058807,0.0,0.12422624230384827,0.5249597430229187,0.0,0.0,0.0,0.0,0.009999999776482582,0.017999999225139618,100.0,0.13690361380577087,1.1561754941940308,0.011292286217212677,27.57456398010254,0.015352150425314903,0.01319948397576809,0.12207357585430145,0.06061668321490288,0.9916514754295349,0.016479816287755966,0.3284120559692383,9.0,1.0,0.0,0.0,0.0721348449587822,-1.4901161193847656e-08,0.09972098469734192,0.012271626852452755,0.015806231647729874,-0.042962878942489624,0.048828125,-0.14535121619701385,0.19094106554985046,0.12009396404027939,-0.11624173074960709,0.0,-0.0,0.0,-0.0,0.0,0.0,-0.0,0.02835892327129841,-0.07135552167892456,0.0417926125228405,-0.16365888714790344,0.19593703746795654,0.14276646077632904,-0.024281024932861328,-2.5023127818712965e-06,-0.00011548250768100843,0.00011435450869612396,3.0617286483902717e-06,4.616854130290449e-05,1.042324674926931e-05,0.00015017887926660478,0.004498714581131935,-0.016304314136505127,-0.0016304180026054382,-0.014285534620285034,0.009798973798751831,0.01234552264213562,0.03858853876590729,0.032857637852430344,-0.08765983581542969,0.04016219452023506,-0.17794442176818848,0.20573601126670837,0.15511198341846466,0.014307515695691109,0.032857637852430344,-0.08765983581542969,0.04016219452023506,-0.17794442176818848,0.20573601126670837,0.15511198341846466,0.014307515695691109,0.032857637852430344,-0.08765983581542969,0.04016219452023506,-0.17794442176818848,0.20573601126670837,0.15511198341846466,0.014307515695691109
21.659999999999997,0.07338372617959976,0.07338372617959976,nan,nan,nan,nan,0.12421946227550507,0.0,0.1239200085401535,0.5253177285194397,0.0,0.0,0.0,0.0,0.004000000189989805,0.006000000052154064,100.0,0.13697180151939392,1.7051836252212524,0.011327676475048065,14.025309562683105,0.012098897248506546,0.014998510479927063,0.12681962549686432,0.2081443965435028,0.9957062005996704,0.015840496867895126,0.32220977544784546,9.0,1.0,0.0,0.0,0.07338371127843857,-1.4901161193847656e-08,0.09642632305622101,0.01181339006870985,0.036065880209207535,-0.021867021918296814,0.05197415128350258,-0.11965856701135635,0.22943970561027527,0.13562442362308502,0.012846947647631168,0.014026813209056854,-0.008504565805196762,0.020213888958096504,-0.046537842601537704,0.0892341360449791,0.05274731665849686,0.004996459931135178,0.031441718339920044,-0.048118479549884796,0.054215896874666214,-0.15815114974975586,0.23502473533153534,0.15028522908687592,-0.04047422856092453,-0.0001003091674647294,-0.0001032863583532162,0.0002192879474023357,2.005781652769656e-06,1.8276703485753387e-05,4.2781204683706164e-05,0.00016503965889569372,-0.002716122195124626,-0.017526544630527496,-0.008117076009511948,-0.005902498960494995,-0.025133877992630005,-0.004756525158882141,0.009455453604459763,0.028725596144795418,-0.06564502418041229,0.046098820865154266,-0.16405364871025085,0.20989085733890533,0.14552870392799377,-0.031018774956464767,0.028725596144795418,-0.06564502418041229,0.046098820865154266,-0.16405364871025085,0.20989085733890533,0.14552870392799377,-0.031018774956464767,0.028725596144795418,-0.06564502418041229,0.046098820865154266,-0.16405364871025085,0.20989085733890533,0.14552870392799377,-0.031018774956464767
21.739999999999995,0.07496704161167145,0.07496704161167145,nan,nan,nan,nan,0.12953901290893555,0.0,0.12755368649959564,0.5293349623680115,0.0,0.0,0.0,0.0,0.004000000189989805,0.017000000923871994,100.0,0.13726387917995453,1.0406216382980347,0.017394311726093292,13.674341201782227,0.014797346666455269,0.017620980739593506,0.13037732243537903,0.09313619136810303,0.9994146227836609,0.017004050314426422,0.36404314637184143,9.0,1.0,0.0,0.0,0.07496703416109085,-7.450580596923828e-09,0.0910440981388092,0.01394437626004219,0.01617293246090412,-0.08434642851352692,0.03961260989308357,-0.1566438376903534,0.20368094742298126,0.11742714792490005,-0.035250529646873474,0.003487556939944625,-0.0181885976344347,0.008542126975953579,-0.033778924494981766,0.04392208158969879,0.02532217651605606,-0.007601480465382338,0.025289464741945267,-0.08267615735530853,0.052258916199207306,-0.1827622503042221,0.25012415647506714,0.15048439800739288,-0.04320299252867699,0.00010293166269548237,-0.00011176687985425815,7.546006600023247e-06,8.347405128006358e-06,7.765413465676829e-05,-9.637774383008946e-06,0.00012690931907854974,0.002452585846185684,0.011529698967933655,-0.0020312443375587463,0.010426968336105347,-0.017879873514175415,-0.0013650059700012207,0.0054151639342308044,0.02774205058813095,-0.07114645838737488,0.05022767186164856,-0.17233528196811676,0.23224428296089172,0.14911939203739166,-0.03778782859444618,0.02774205058813095,-0.07114645838737488,0.05022767186164856,-0.17233528196811676,0.23224428296089172,0.14911939203739166,-0.03778782859444618,0.02774205058813095,-0.07114645838737488,0.05022767186164856,-0.17233528196811676,0.23224428296089172,0.14911939203739166,-0.03778782859444618
21.839,0.07564054429531097,0.07564054429531097,nan,nan,nan,nan,0.14722229540348053,0.0,0.1399858146905899,0.5315866470336914,0.0,0.0,0.0,0.0,0.00800000037997961,0.009999999776482582,100.0,0.13718509674072266,1.918531894683838,0.02600438892841339,19.647756576538086,0.025938745588064194,0.01437712274491787,0.12842419743537903,0.06735026836395264,0.9920554757118225,0.017465446144342422,0.32762929797172546,9.0,1.0,0.0,0.0,0.07564052939414978,-1.4901161193847656e-08,0.08608749508857727,0.013944354839622974,0.023441508412361145,-0.0648237019777298,0.0309430044144392,-0.1466091424226761,0.20950224995613098,0.12809695303440094,0.0499664805829525,0.007601326797157526,-0.02102024108171463,0.010033820755779743,-0.04754062741994858,0.06793483346700668,0.04153771698474884,0.016202520579099655,0.04809555411338806,-0.10645376145839691,0.054250460118055344,-0.16933801770210266,0.236622154712677,0.1657734513282776,0.043778181076049805,-4.2325336835347116e-05,-9.355465590488166e-05,0.00016499916091561317,5.794153821625514e-06,3.940132592106238e-05,4.071071816724725e-05,0.00014686347276438028,-0.009293455630540848,0.013761043548583984,-0.0007571838796138763,-0.001673668622970581,-0.0021208077669143677,-0.008232265710830688,-0.04245441034436226,0.038802098482847214,-0.09269271790981293,0.05349327623844147,-0.17101168632507324,0.23450134694576263,0.1575411856174469,0.0013237707316875458,0.038802098482847214,-0.09269271790981293,0.05349327623844147,-0.17101168632507324,0.23450134694576263,0.1575411856174469,0.0013237707316875458,0.038802098482847214,-0.09269271790981293,0.05349327623844147,-0.17101168632507324,0.23450134694576263,0.1575411856174469,0.0013237707316875458
21.891,0.07627012580633163,0.07627012580633163,nan,nan,nan,nan,0.14622202515602112,0.0,0.14676712453365326,0.5342942476272583,0.0,0.0,0.0,0.0,0.007000000216066837,0.009999999776482582,100.0,0.13720157742500305,0.9116288423538208,0.015925616025924683,28.8837890625,0.027694499120116234,0.011087285354733467,0.1301599144935608,0.06295815110206604,0.9969844818115234,0.018430693075060844,0.15786948800086975,9.0,1.0,0.0,0.0,0.07627011090517044,-1.4901161193847656e-08,0.08513985574245453,0.010110253468155861,0.019525406882166862,-0.04289276525378227,0.052210476249456406,-0.12715914845466614,0.20754294097423553,0.11419831961393356,-0.11299670487642288,0.010087009519338608,-0.022158807143568993,0.02697242610156536,-0.06569162011146545,0.1072186529636383,0.05899593234062195,-0.05837516486644745,0.03964865952730179,-0.09177225083112717,0.059949882328510284,-0.1868756115436554,0.27625036239624023,0.17328454554080963,-0.014391151256859303,3.8810292608104646e-05,-9.536091238260269e-05,8.15367529867217e-05,8.163759957824368e-06,6.314369238680229e-05,2.1002484572818503e-05,0.0001312444219365716,0.0010133534669876099,-0.0038974061608314514,-0.005195774137973785,0.008892238140106201,-0.025521308183670044,-0.007771357893943787,0.025972142815589905,0.0406620129942894,-0.09566965699195862,0.0547541081905365,-0.1779833734035492,0.2507290542125702,0.16551318764686584,0.011580990627408028,0.0406620129942894,-0.09566965699195862,0.0547541081905365,-0.1779833734035492,0.2507290542125702,0.16551318764686584,0.011580990627408028,0.0406620129942894,-0.09566965699195862,0.0547541081905365,-0.1779833734035492,0.2507290542125702,0.16551318764686584,0.011580990627408028
22.019999999999996,0.07666188478469849,0.07666188478469849,nan,nan,nan,nan,0.13409492373466492,0.0,0.1353277713060379,0.5336752533912659,0.0,0.0,0.0,0.0,0.0020000000949949026,0.017000000923871994,100.0,0.13718758523464203,1.1087228059768677,0.0138869509100914,11.701603889465332,0.026288270950317383,0.00956135056912899,0.11860085278749466,0.02304464392364025,0.9895148873329163,0.020066317170858383,0.19944286346435547,9.0,1.0,0.0,0.0,0.07666187733411789,-7.450580596923828e-09,0.08341167867183685,0.020942382514476776,0.019525406882166862,-0.04289276525378227,0.052210476249456406,-0.12715914845466614,0.20754294097423553,0.11419831961393356,-0.11299670487642288,0.012442716397345066,-0.02733374573290348,0.033271532505750656,-0.0810331478714943,0.1322583556175232,0.0727737620472908,-0.07200802117586136,0.034763652831315994,-0.07819779217243195,0.0749158188700676,-0.19846218824386597,0.31265801191329956,0.1803705245256424,-0.11696235090494156,5.444878479465842e-05,-9.465106995776296e-05,6.522721378132701e-05,9.378818504046649e-06,6.749609019607306e-05,1.6916299500735477e-05,0.00012799394608009607,0.002927035093307495,-0.00855913758277893,-0.010147124528884888,0.01019240915775299,-0.030137628316879272,-0.0073020607233047485,0.06495444476604462,0.03769068792462349,-0.08675692975521088,0.06476869434118271,-0.18826977908611298,0.2825203835964203,0.17306846380233765,-0.05200790613889694,0.03769068792462349,-0.08675692975521088,0.06476869434118271,-0.18826977908611298,0.2825203835964203,0.17306846380233765,-0.05200790613889694,0.03769068792462349,-0.08675692975521088,0.06476869434118271,-0.18826977908611298,0.2825203835964203,0.17306846380233765,-0.05200790613889694
