{
  "duration_s": 29.590413093566895,
  "cycles": 519,
  "pct_dummy_selection": 0.3853564547206166,
  "min_h": -0.0007261103019118309,
  "min_h_corr": 0.022299740463495255,
  "pct_cbf_active": 21.27659574468085,
  "pct_escape": 0.0,
  "pct_cap_active": 0.0,
  "pct_recovery": 0.0,
  "pct_repair": 35.39651837524178,
  "worst_final_constraint": -0.05161314085125923,
  "mean_total_ms": 6.416805865447645,
  "p99_total_ms": 21.800967216491824,
  "accel_rms_in_before": 2.785199192764679,
  "accel_rms_in_after": 0.9070468664031073,
  "accel_rms_in_reduction": 3.070623245532374,
  "accel_rms_out_before": 0.9136865695394556,
  "accel_rms_out_after": 0.09189557535195991,
  "accel_rms_out_reduction": 9.942661178626254,
  "hdot_execution_ratio": -0.3751578606264921,
  "mean_alignment_active": 0.9923564385284077,
  "mean_active_constraints": 1.0,
  "monitor_only": false,
  "contact_time_s": null
}