{
  "duration_s": 42.66323757171631,
  "cycles": 532,
  "pct_dummy_selection": 0.18796992481203006,
  "min_h": -0.02490275725722313,
  "min_h_corr": -0.001876906375400722,
  "pct_cbf_active": 42.749529190207156,
  "pct_escape": 0.0,
  "pct_cap_active": 0.0,
  "pct_recovery": 0.0,
  "pct_repair": 47.83427495291902,
  "worst_final_constraint": -0.08601133525371552,
  "mean_total_ms": 6.827330844294756,
  "p99_total_ms": 25.52656850814818,
  "accel_rms_in_before": 4.346227605878872,
  "accel_rms_in_after": 1.5463120951786298,
  "accel_rms_in_reduction": 2.810705302914155,
  "accel_rms_out_before": 4.053377202429301,
  "accel_rms_out_after": 1.307340818890923,
  "accel_rms_out_reduction": 3.100474752917121,
  "min_h_real": -0.013460668812680477,
  "median_abs_gap_h_real_soft": 0.01217010033493511,
  "p95_abs_gap_h_real_soft": 0.016695768638209867,
  "max_abs_gap_h_real_soft": 0.02442527638986286,
  "hdot_execution_ratio": -0.21642007478945194,
  "mean_alignment_active": 0.6116286913160695,
  "mean_active_constraints": 1.0,
  "monitor_only": false,
  "contact_time_s": null
}