{
  "duration_s": 37.51599999999999,
  "cycles": 557,
  "pct_dummy_selection": 0.3590664272890485,
  "min_h": -0.002052653580904007,
  "min_h_corr": 0.020973198115825653,
  "pct_cbf_active": 29.72972972972973,
  "pct_escape": 0.0,
  "pct_cap_active": 0.0,
  "pct_recovery": 0.0,
  "pct_repair": 19.45945945945946,
  "worst_final_constraint": -8.649658411741257e-08,
  "mean_total_ms": 7.643383167376424,
  "p99_total_ms": 29.121460571288992,
  "accel_rms_in_before": 2.2064660622084764,
  "accel_rms_in_after": 0.8605180842523077,
  "accel_rms_in_reduction": 2.5641135294973427,
  "accel_rms_out_before": 0.8696613513595985,
  "accel_rms_out_after": 0.3429713316078687,
  "accel_rms_out_reduction": 2.535667769322228,
  "hdot_execution_ratio": -0.3050325925559591,
  "mean_alignment_active": 0.9846706892504836,
  "mean_active_constraints": 1.0,
  "monitor_only": false,
  "contact_time_s": null
}