{
  "duration_s": 64.58325242996216,
  "cycles": 595,
  "pct_dummy_selection": 0.16806722689075632,
  "min_h": -0.00015754718333482742,
  "min_h_corr": -0.00015754718333482742,
  "pct_cbf_active": 100.0,
  "pct_escape": 13.804713804713806,
  "pct_cap_active": 0.0,
  "pct_recovery": 0.0,
  "pct_repair": 7.912457912457913,
  "worst_final_constraint": -1.30385160446167e-08,
  "mean_total_ms": 8.70311718948749,
  "p99_total_ms": 25.748811264038043,
  "reflex_mean_compute_ms": 0.39757154932123384,
  "reflex_p99_compute_ms": 2.069433461874724,
  "reflex_median_period_ms": 1.2317928485572338,
  "reflex_achieved_rate_hz": 811.8248138648258,
  "rms_meas_vs_cmd_radps": 0.03907561052827538,
  "accel_rms_in_before": 3.7132201204889843,
  "accel_rms_in_after": 1.4789677479362608,
  "accel_rms_in_reduction": 2.5106836343594243,
  "accel_rms_out_before": 1.6481456038605997,
  "accel_rms_out_after": 0.8291873399115833,
  "accel_rms_out_reduction": 1.9876637335494562,
  "hdot_execution_ratio": 0.9119828956637396,
  "mean_alignment_active": 0.7748797135411916,
  "mean_active_constraints": 9.0,
  "monitor_only": false,
  "contact_time_s": null
}