{
  "duration_s": 45.083,
  "cycles": 464,
  "pct_dummy_selection": 0.43103448275862066,
  "min_h": -0.008385935798287392,
  "min_h_corr": -0.006083350628614426,
  "pct_cbf_active": 96.53679653679653,
  "pct_escape": 0.0,
  "pct_cap_active": 0.0,
  "pct_recovery": 0.0,
  "pct_repair": 41.77489177489178,
  "worst_final_constraint": -0.07427394390106201,
  "mean_total_ms": 18.038155616357407,
  "p99_total_ms": 51.77413257598879,
  "accel_rms_in_before": 5.363297568442666,
  "accel_rms_in_after": 2.5109733706283874,
  "accel_rms_in_reduction": 2.135943626953107,
  "accel_rms_out_before": 3.414777161280443,
  "accel_rms_out_after": 1.7834822197808118,
  "accel_rms_out_reduction": 1.9146684634176594,
  "min_h_real": -0.005280778491427697,
  "median_abs_gap_h_real_soft": 0.003181710947937631,
  "p95_abs_gap_h_real_soft": 0.023564662638155213,
  "max_abs_gap_h_real_soft": 0.10732194493612601,
  "hdot_execution_ratio": 0.07622140449815631,
  "mean_alignment_active": 0.8352311004596374,
  "mean_active_constraints": 9.0,
  "monitor_only": false,
  "contact_time_s": null
}