{
  "duration_s": 68.73500000000001,
  "cycles": 952,
  "pct_dummy_selection": 0.21008403361344538,
  "min_h": -0.012783495709300041,
  "min_h_corr": 0.010242355056107044,
  "pct_cbf_active": 46.63157894736842,
  "pct_escape": 0.0,
  "pct_cap_active": 0.0,
  "pct_recovery": 0.0,
  "pct_repair": 66.73684210526316,
  "worst_final_constraint": -0.03242732957005501,
  "mean_total_ms": 8.211862561081638,
  "p99_total_ms": 27.824774856567384,
  "accel_rms_in_before": 4.5324511893709065,
  "accel_rms_in_after": 1.8075357129912781,
  "accel_rms_in_reduction": 2.5075306434029927,
  "accel_rms_out_before": 1.8191288027420678,
  "accel_rms_out_after": 0.16404544565842158,
  "accel_rms_out_reduction": 11.089175901474833,
  "hdot_execution_ratio": -0.046699022960769596,
  "mean_alignment_active": 0.9725843598271465,
  "mean_active_constraints": 1.0,
  "monitor_only": false,
  "contact_time_s": null
}