{
  "duration_s": 55.258869647979736,
  "cycles": 381,
  "pct_dummy_selection": 0.26246719160104987,
  "min_h": -0.0010551735758781433,
  "min_h_corr": -0.0010551735758781433,
  "pct_cbf_active": 100.0,
  "pct_escape": 22.63157894736842,
  "pct_cap_active": 0.0,
  "pct_recovery": 0.0,
  "pct_repair": 12.894736842105264,
  "worst_final_constraint": -2.1886080503463745e-08,
  "mean_total_ms": 9.168103523454642,
  "p99_total_ms": 28.82096023559563,
  "accel_rms_in_before": 2.8118880646878326,
  "accel_rms_in_after": 1.0655021450378175,
  "accel_rms_in_reduction": 2.639026188528256,
  "accel_rms_out_before": 1.1647868086139572,
  "accel_rms_out_after": 0.6289056777850897,
  "accel_rms_out_reduction": 1.8520850578359533,
  "hdot_execution_ratio": 0.915876806667083,
  "mean_alignment_active": 0.7391444949806962,
  "mean_active_constraints": 9.0,
  "monitor_only": false,
  "contact_time_s": null
}