{
  "duration_s": 61.58029818534851,
  "cycles": 397,
  "pct_dummy_selection": 0.2518891687657431,
  "min_h": -0.0009790360927581787,
  "min_h_corr": -0.0009790360927581787,
  "pct_cbf_active": 100.0,
  "pct_escape": 75.5050505050505,
  "pct_cap_active": 0.0,
  "pct_recovery": 0.0,
  "pct_repair": 41.91919191919192,
  "worst_final_constraint": -3.795139491558075e-08,
  "mean_total_ms": 10.691172035274938,
  "p99_total_ms": 26.000002899169967,
  "reflex_L_configured": 5.0,
  "reflex_L_emp_median": 1.5919625759124756,
  "reflex_L_emp_p95": 7.4370317459106445,
  "reflex_L_emp_p99": 19.691835403442383,
  "reflex_L_emp_max": 71.64775085449219,
  "reflex_L_exceed_pct": 13.185024416711883,
  "reflex_alpha_min": 0.0,
  "reflex_alpha_braking_pct": 90.36796536796537,
  "reflex_mean_compute_ms": 0.585217256924909,
  "reflex_p99_compute_ms": 3.5273041017353717,
  "reflex_median_period_ms": 1.2156656011939049,
  "reflex_achieved_rate_hz": 822.5946337692703,
  "rms_meas_vs_cmd_radps": 0.12666541068928333,
  "accel_rms_in_before": 2.886176478817561,
  "accel_rms_in_after": 0.9215029082379721,
  "accel_rms_in_reduction": 3.132031872081976,
  "accel_rms_out_before": 1.3000427737010432,
  "accel_rms_out_after": 0.47001131913256133,
  "accel_rms_out_reduction": 2.7659818408211163,
  "hdot_execution_ratio": 0.291174045033318,
  "mean_alignment_active": 0.7113540421635138,
  "mean_active_constraints": 9.0,
  "monitor_only": false,
  "contact_time_s": null
}