{
  "duration_s": 48.24278020858765,
  "cycles": 441,
  "pct_dummy_selection": 0.22675736961451248,
  "min_h": -0.000374549999833107,
  "min_h_corr": -0.000374549999833107,
  "pct_cbf_active": 100.0,
  "pct_escape": 0.0,
  "pct_cap_active": 0.0,
  "pct_recovery": 0.0,
  "pct_repair": 53.18181818181819,
  "worst_final_constraint": -1.8227146938443184e-06,
  "mean_total_ms": 11.826062344099117,
  "p99_total_ms": 32.46367034912113,
  "sampled_margin_mean": 0.0036177551639180847,
  "sampled_margin_std": 0.004085844258887205,
  "sampled_margin_p95": 0.011645485647022724,
  "sampled_margin_max": 0.015577712096273899,
  "reflex_L_configured": 5.0,
  "reflex_L_emp_median": 1.4068794250488281,
  "reflex_L_emp_p95": 7.620567321777344,
  "reflex_L_emp_p99": 7.620567321777344,
  "reflex_L_emp_max": 41.351375579833984,
  "reflex_L_exceed_pct": 29.754860524091292,
  "reflex_alpha_min": 0.0,
  "reflex_alpha_braking_pct": 64.61282264779351,
  "reflex_mean_compute_ms": 0.9276607350083226,
  "reflex_p99_compute_ms": 7.9030141979455815,
  "reflex_median_period_ms": 1.394413411617279,
  "reflex_achieved_rate_hz": 717.1474339451257,
  "rms_meas_vs_cmd_radps": 0.11050786859076947,
  "accel_rms_in_before": 2.694082041291101,
  "accel_rms_in_after": 0.9320341894647173,
  "accel_rms_in_reduction": 2.890539930555935,
  "accel_rms_out_before": 0.8984876374232031,
  "accel_rms_out_after": 0.37062388914595035,
  "accel_rms_out_reduction": 2.424257215296184,
  "hdot_execution_ratio": 0.17532878707190866,
  "mean_alignment_active": 0.6079815045050716,
  "mean_active_constraints": 9.0,
  "monitor_only": false,
  "contact_time_s": null
}