{
	"class_name" : "PinholeCameraParameters",
	"extrinsic" : 
	[
		-0.71181645467320098,
		0.48626197176872932,
		-0.50682011569003682,
		0.0,
		0.68955378467229722,
		0.34662075542343573,
		-0.6359006447188098,
		0.0,
		-0.13353992998570099,
		-0.80212427137026243,
		-0.58203414021699773,
		0.0,
		-0.0066872092858436261,
		-0.035220849555846589,
		1.2472994039314123,
		1.0
	],
	"intrinsic" : 
	{
		"height" : 768,
		"intrinsic_matrix" : 
		[
			665.1075101064489,
			0.0,
			0.0,
			0.0,
			665.1075101064489,
			0.0,
			511.5,
			383.5,
			1.0
		],
		"width" : 1024
	},
	"version_major" : 1,
	"version_minor" : 0
}