t,h,h_corr,lam,cap_active,recovery_used,grad_degenerate,constr_pre,repair_applied,constr_final,grad_h_norm,escape_active,ema_applied,velocity_filter_active,vel_source,velocity_age,dt,selected_count,min_obs_dist,cbf_ms,q_cmd_ms,total_ms,cmd_hdot,real_hdot,real_constr,h_rate,alignment,q_lead,dq_real_norm,active_constraints,solver_mode,monitor_only,contact_stop,h_hard,softmin_gap,h_food,sampled_margin,dq_ff_0,dq_ff_1,dq_ff_2,dq_ff_3,dq_ff_4,dq_ff_5,dq_ff_6,dq_fb_0,dq_fb_1,dq_fb_2,dq_fb_3,dq_fb_4,dq_fb_5,dq_fb_6,dq_base_0,dq_base_1,dq_base_2,dq_base_3,dq_base_4,dq_base_5,dq_base_6,dq_escape_0,dq_escape_1,dq_escape_2,dq_escape_3,dq_escape_4,dq_escape_5,dq_escape_6,dq_cbf_delta_0,dq_cbf_delta_1,dq_cbf_delta_2,dq_cbf_delta_3,dq_cbf_delta_4,dq_cbf_delta_5,dq_cbf_delta_6,dq_pre_filter_0,dq_pre_filter_1,dq_pre_filter_2,dq_pre_filter_3,dq_pre_filter_4,dq_pre_filter_5,dq_pre_filter_6,dq_post_filter_0,dq_post_filter_1,dq_post_filter_2,dq_post_filter_3,dq_post_filter_4,dq_post_filter_5,dq_post_filter_6,dq_final_0,dq_final_1,dq_final_2,dq_final_3,dq_final_4,dq_final_5,dq_final_6
0.0,nan,nan,nan,nan,nan,nan,nan,nan,nan,nan,0.0,0.0,0.0,0.0,0.010999999940395355,0.0560000017285347,0.0,nan,4.9051642417907715,0.012548640370368958,12.196537017822266,nan,nan,nan,nan,nan,0.0001261450379388407,0.005573556292802095,0.0,1.0,0.0,0.0,nan,nan,nan,1.5806111832716851e-06,0.0,0.0,0.0,0.0,0.0,0.0,0.0,-0.005315036978572607,-0.00011473894119262695,0.004490140825510025,0.0002574920654296875,-0.0006681087543256581,-0.00023305416107177734,0.0006347894668579102,-0.005315037444233894,-0.00011473894846858457,0.004490140825510025,0.0002574920654296875,-0.000668108812533319,-0.00023305416107177734,0.0006347894668579102,0.0,0.0,0.0,0.0,0.0,0.0,0.0,0.0034070753026753664,7.355061097769067e-05,-0.0028782954905182123,-0.00016505902749486268,0.0004282748850528151,0.0001493937015766278,-0.0004069163405802101,-0.001907962141558528,-4.11883374908939e-05,0.0016118453349918127,9.243303793482482e-05,-0.00023983392748050392,-8.366045949514955e-05,0.00022787312627770007,-0.001907962141558528,-4.11883374908939e-05,0.0016118453349918127,9.243303793482482e-05,-0.00023983392748050392,-8.366045949514955e-05,0.00022787312627770007,-0.001907962141558528,-4.11883374908939e-05,0.0016118453349918127,9.243303793482482e-05,-0.00023983392748050392,-8.366045949514955e-05,0.00022787312627770007
0.1039999999999992,0.007433605380356312,0.007433605380356312,nan,nan,nan,nan,0.04148613661527634,0.0,0.04440700635313988,0.17785733938217163,0.0,0.0,0.0,0.0,0.01600000075995922,0.024000000208616257,64.0,0.19762970507144928,0.6534382700920105,0.009065493941307068,23.220495223999023,0.002758835209533572,-0.0001647689496167004,0.041483402252197266,nan,-0.9890428185462952,0.0037729924079030752,0.002726303180679679,9.0,1.0,0.0,0.0,0.007433596067130566,-9.313225746154785e-09,nan,0.0003654301108326763,0.0,0.0,0.0,0.0,0.0,0.0,0.0,0.0,0.0,0.0,0.0,0.0,0.0,0.0,-0.0020916901994496584,-4.5196829887572676e-05,0.0017660529119893909,0.00010135357297258452,-0.00026275546406395733,-9.167011012323201e-05,0.0002497159584891051,0.11952582001686096,2.2037556846044026e-06,-0.12918278574943542,2.8106291210860945e-05,0.026169169694185257,-1.6398675143136643e-05,-0.017223495990037918,0.052240848541259766,-2.9037182684987783e-06,-0.05654306337237358,3.0613351555075496e-05,0.011470329016447067,-2.2870539396535605e-05,-0.007535914424806833,0.050149157643318176,-4.8100548156071454e-05,-0.05477701127529144,0.00013196692452766,0.011207573115825653,-0.00011454064951976761,-0.007286198437213898,0.050149157643318176,-4.8100548156071454e-05,-0.05477701127529144,0.00013196692452766,0.011207573115825653,-0.00011454064951976761,-0.007286198437213898,0.050149157643318176,-4.8100548156071454e-05,-0.05477701127529144,0.00013196692452766,0.011207573115825653,-0.00011454064951976761,-0.007286198437213898
0.19099999999999895,0.007699358277022839,0.007699358277022839,nan,nan,nan,nan,0.04312726855278015,0.0,0.04831712692975998,0.17803862690925598,0.0,0.0,0.0,0.0,0.008999999612569809,0.03400000184774399,64.0,0.19762790203094482,0.49613136053085327,0.009279698133468628,10.361247062683105,0.005139261484146118,0.0016550890868529677,0.04483295604586601,0.003115986008197069,-0.9896270036697388,0.006907651200890541,0.04736338555812836,9.0,1.0,0.0,0.0,0.0076993415132164955,-1.6763806343078613e-08,nan,0.0004921586369164288,0.0,0.0,0.0,0.0,0.0,0.0,0.0,0.0,0.0,0.0,0.0,0.0,0.0,0.0,-0.0006522896001115441,-1.4094544894760475e-05,0.0005507402238436043,3.160691630910151e-05,-8.193979010684416e-05,-2.8587148335645907e-05,7.78734392952174e-05,0.11907915771007538,4.122660175198689e-05,-0.12870000302791595,-6.809511319261219e-07,0.026072589680552483,-2.7594707717071287e-05,-0.017157278954982758,0.09283401072025299,2.5021654437296093e-06,-0.10054140537977219,5.5102678743423894e-05,0.0204079058021307,-5.0744500185828656e-05,-0.013400166295468807,0.0921817198395729,-1.1592379451030865e-05,-0.09999066591262817,8.67095950525254e-05,0.02032596617937088,-7.933165034046397e-05,-0.01332229282706976,0.0921817198395729,-1.1592379451030865e-05,-0.09999066591262817,8.67095950525254e-05,0.02032596617937088,-7.933165034046397e-05,-0.01332229282706976,0.0921817198395729,-1.1592379451030865e-05,-0.09999066591262817,8.67095950525254e-05,0.02032596617937088,-7.933165034046397e-05,-0.01332229282706976
0.2560000000000002,0.00800515990704298,0.00800515990704298,nan,nan,nan,nan,0.045063816010951996,0.0,0.05081090331077576,0.17824973165988922,0.0,0.0,0.0,0.0,0.017999999225139618,0.00800000037997961,64.0,0.19756980240345,5.393406391143799,0.19434653222560883,20.275943756103516,0.005719570443034172,0.003710681339725852,0.04880201444029808,0.0,-0.9897322058677673,0.007657137233763933,0.10308974236249924,9.0,1.0,0.0,0.0,0.008005148731172085,-1.1175870895385742e-08,nan,0.0004846712981816381,0.0,0.0,0.0,0.0,0.0,0.0,0.0,0.0,0.0,0.0,0.0,0.0,0.0,0.0,-0.00035427414695732296,-7.655085937585682e-06,0.0002991202345583588,1.7166474208352156e-05,-4.4503467506729066e-05,-1.5526366041740403e-05,4.229493424645625e-05,0.11791340261697769,0.00019741494907066226,-0.1274401694536209,4.513755993684754e-05,0.025816354900598526,-5.1122762670274824e-05,-0.016990380361676216,0.10261191427707672,5.919342947890982e-05,-0.11107920855283737,5.6504148233216256e-05,0.02253658138215542,-5.796661207568832e-05,-0.014805088751018047,0.102257639169693,5.153834354132414e-05,-0.11078009009361267,7.367062062257901e-05,0.022492077201604843,-7.349297811742872e-05,-0.01476279366761446,0.102257639169693,5.153834354132414e-05,-0.11078009009361267,7.367062062257901e-05,0.022492077201604843,-7.349297811742872e-05,-0.01476279366761446,0.102257639169693,5.153834354132414e-05,-0.11078009009361267,7.367062062257901e-05,0.022492077201604843,-7.349297811742872e-05,-0.01476279366761446
0.31599999999999895,0.00839690025895834,0.00839690025895834,nan,nan,nan,nan,0.04752423241734505,0.0,0.05371462553739548,0.17854253947734833,0.0,0.0,0.0,0.0,0.01899999938905239,0.020999999716877937,64.0,0.19756770133972168,0.890149712562561,0.00930391252040863,13.032322883605957,0.0061791217885911465,0.004961243364959955,0.05249674990773201,0.009348793886601925,-0.9898247718811035,0.008240258321166039,0.13294336199760437,9.0,1.0,0.0,0.0,0.008396885357797146,-1.4901161193847656e-08,nan,0.0004815585562027991,0.0,0.0,0.0,0.0,0.0,0.0,0.0,0.0,0.0,0.0,0.0,0.0,0.0,0.0,-0.00014486767759080976,-3.1302722618420376e-06,0.0001223144499817863,7.019612894509919e-06,-1.8198090401710942e-05,-6.348948772938456e-06,1.7294993085670285e-05,0.11735178530216217,0.000269766547717154,-0.12683378159999847,4.597300721798092e-05,0.02569400519132614,-6.33198069408536e-05,-0.016904981806874275,0.11025912314653397,0.00016478993347845972,-0.119283027946949,5.57742387172766e-05,0.02418658137321472,-6.604959344258532e-05,-0.015897667035460472,0.11011425405740738,0.0001616596564417705,-0.1191607117652893,6.279384979279712e-05,0.024168383330106735,-7.239854312501848e-05,-0.015880372375249863,0.11011425405740738,0.0001616596564417705,-0.1191607117652893,6.279384979279712e-05,0.024168383330106735,-7.239854312501848e-05,-0.015880372375249863,0.11011425405740738,0.0001616596564417705,-0.1191607117652893,6.279384979279712e-05,0.024168383330106735,-7.239854312501848e-05,-0.015880372375249863
0.4220000000000006,0.008813505060970783,0.008813505060970783,nan,nan,nan,nan,0.05013936758041382,0.0,0.05650359392166138,0.1788705587387085,0.0,0.0,0.0,0.0,0.010999999940395355,0.019999999552965164,64.0,0.19761011004447937,2.0529589653015137,0.011453405022621155,15.469698905944824,0.006364224478602409,0.004978701006621122,0.05511806905269623,0.010572187602519989,1.0,0.008463839069008827,0.1308688223361969,9.0,1.0,0.0,0.0,0.008813493885099888,-1.1175870895385742e-08,nan,0.00047327482025139034,0.0,0.0,0.0,0.0,0.0,0.0,0.0,0.0,0.0,0.0,0.0,0.0,0.0,0.0,-0.0,-0.0,0.0,0.0,-0.0,-0.0,0.0,0.11620988696813583,0.0005294436123222113,-0.12560202181339264,8.072127093328163e-05,0.025449369102716446,-0.0001296038826694712,-0.0167466402053833,0.11313748359680176,0.00030513733508996665,-0.12236426770687103,6.997106538619846e-05,0.02480643428862095,-8.814206375973299e-05,-0.01631135120987892,0.11313748359680176,0.00030513733508996665,-0.12236426770687103,6.997106538619846e-05,0.02480643428862095,-8.814206375973299e-05,-0.01631135120987892,0.11313748359680176,0.00030513733508996665,-0.12236426770687103,6.997106538619846e-05,0.02480643428862095,-8.814206375973299e-05,-0.01631135120987892,0.11313748359680176,0.00030513733508996665,-0.12236426770687103,6.997106538619846e-05,0.02480643428862095,-8.814206375973299e-05,-0.01631135120987892
0.48400000000000176,0.009244083426892757,0.009244083426892757,nan,nan,nan,nan,0.052836768329143524,0.0,0.059266652911901474,0.1792207956314087,0.0,0.0,0.0,0.0,0.010999999940395355,0.014999999664723873,64.0,0.19768092036247253,2.5265486240386963,0.01410115510225296,15.710177421569824,0.006429883651435375,0.0055597745813429356,0.05839654430747032,0.0,1.0,0.008530720137059689,0.14536161720752716,9.0,1.0,0.0,0.0,0.009244064800441265,-1.862645149230957e-08,nan,0.0004582339897751808,0.0,0.0,0.0,0.0,0.0,0.0,0.0,0.0,0.0,0.0,0.0,0.0,0.0,0.0,0.0,0.0,0.0,0.0,0.0,0.0,0.0,0.11434267461299896,0.0007965785916894674,-0.12359017878770828,9.593375580152497e-05,0.0250537171959877,-0.00017078418750315905,-0.01648745872080326,0.11405190825462341,0.000509779725689441,-0.12331262975931168,9.376439993502572e-05,0.024995794519782066,-0.00012998367310501635,-0.016442500054836273,0.11405190825462341,0.000509779725689441,-0.12331262975931168,9.376439993502572e-05,0.024995794519782066,-0.00012998367310501635,-0.016442500054836273,0.11405190825462341,0.000509779725689441,-0.12331262975931168,9.376439993502572e-05,0.024995794519782066,-0.00012998367310501635,-0.016442500054836273,0.11405190825462341,0.000509779725689441,-0.12331262975931168,9.376439993502572e-05,0.024995794519782066,-0.00012998367310501635,-0.016442500054836273
0.5579999999999998,0.00989134144037962,0.00989134144037962,nan,nan,nan,nan,0.056872185319662094,0.0,0.06329979002475739,0.17976537346839905,0.0,0.0,0.0,0.0,0.012000000104308128,0.01899999938905239,64.0,0.19770780205726624,1.1420100927352905,0.014512799680233002,9.372130393981934,0.0064276051707565784,0.0070244017988443375,0.06389658898115158,0.011338705196976662,1.0,0.008506921119987965,0.18478545546531677,9.0,1.0,0.0,0.0,0.009891324676573277,-1.6763806343078613e-08,nan,0.0004545623960439116,0.0,0.0,0.0,0.0,0.0,0.0,0.0,0.0,0.0,0.0,0.0,0.0,0.0,0.0,0.0,0.0,0.0,0.0,0.0,0.0,0.0,0.11305130273103714,0.0008584114839322865,-0.1221967488527298,6.689821748295799e-05,0.024775497615337372,-0.00016885646618902683,-0.01630149595439434,0.11374214291572571,0.0006771890912204981,-0.12295955419540405,8.668383816257119e-05,0.02492639794945717,-0.00015058097778819501,-0.01639949530363083,0.11374214291572571,0.0006771890912204981,-0.12295955419540405,8.668383816257119e-05,0.02492639794945717,-0.00015058097778819501,-0.01639949530363083,0.11374214291572571,0.0006771890912204981,-0.12295955419540405,8.668383816257119e-05,0.02492639794945717,-0.00015058097778819501,-0.01639949530363083,0.11374214291572571,0.0006771890912204981,-0.12295955419540405,8.668383816257119e-05,0.02492639794945717,-0.00015058097778819501,-0.01639949530363083
0.6460000000000008,0.010320083238184452,0.010320083238184452,nan,nan,nan,nan,0.0595487505197525,0.0,0.06593231856822968,0.18013925850391388,0.0,0.0,0.0,0.0,0.010999999940395355,0.019999999552965164,64.0,0.19771870970726013,8.702851295471191,0.074705109000206,10.541827201843262,0.006383569911122322,0.005881110671907663,0.06542985886335373,0.0,1.0,0.008433678187429905,0.15549100935459137,9.0,1.0,0.0,0.0,0.010320072062313557,-1.1175870895385742e-08,nan,0.0004482872609514743,0.0,0.0,0.0,0.0,0.0,0.0,0.0,0.0,0.0,0.0,0.0,0.0,0.0,0.0,0.0,0.0,0.0,0.0,0.0,0.0,0.0,0.11114519834518433,0.0011104780714958906,-0.12014548480510712,7.631383050465956e-05,0.024379026144742966,-0.00021462581935338676,-0.016046645119786263,0.11276274174451828,0.0008846739074215293,-0.12189646065235138,8.914968930184841e-05,0.024721071124076843,-0.00018052423547487706,-0.016267549246549606,0.11276274174451828,0.0008846739074215293,-0.12189646065235138,8.914968930184841e-05,0.024721071124076843,-0.00018052423547487706,-0.016267549246549606,0.11276274174451828,0.0008846739074215293,-0.12189646065235138,8.914968930184841e-05,0.024721071124076843,-0.00018052423547487706,-0.016267549246549606,0.11276274174451828,0.0008846739074215293,-0.12189646065235138,8.914968930184841e-05,0.024721071124076843,-0.00018052423547487706,-0.016267549246549606
0.7250000000000014,0.010966706089675426,0.010966706089675426,nan,nan,nan,nan,0.06358519196510315,0.0,0.0699179619550705,0.18072453141212463,0.0,0.0,0.0,0.0,0.010999999940395355,0.014000000432133675,64.0,0.19772465527057648,1.105472445487976,0.009718351066112518,17.500925064086914,0.006332770921289921,0.007176559884101152,0.07076175510883331,0.015231113880872726,1.0,0.008347943425178528,0.19006644189357758,9.0,1.0,0.0,0.0,0.010966694913804531,-1.1175870895385742e-08,nan,0.00043860505684278905,0.0,0.0,0.0,0.0,0.0,0.0,0.0,0.0,0.0,0.0,0.0,0.0,0.0,0.0,0.0,0.0,0.0,0.0,0.0,0.0,0.0,0.10987912118434906,0.001357214292511344,-0.11878708750009537,0.0001881193893495947,0.024124721065163612,-0.0002615380217321217,-0.01587723195552826,0.11161156743764877,0.0011079341638833284,-0.12065508216619492,0.00013096522889100015,0.024484818801283836,-0.00021610829571727663,-0.016113555058836937,0.11161156743764877,0.0011079341638833284,-0.12065508216619492,0.00013096522889100015,0.024484818801283836,-0.00021610829571727663,-0.016113555058836937,0.11161156743764877,0.0011079341638833284,-0.12065508216619492,0.00013096522889100015,0.024484818801283836,-0.00021610829571727663,-0.016113555058836937,0.11161156743764877,0.0011079341638833284,-0.12065508216619492,0.00013096522889100015,0.024484818801283836,-0.00021610829571727663,-0.016113555058836937
0.8320000000000007,0.01139261294156313,0.01139261294156313,nan,nan,nan,nan,0.06624744087457657,0.0,0.0725063607096672,0.18112580478191376,0.0,0.0,0.0,0.0,0.01899999938905239,0.02800000086426735,64.0,0.19774129986763,1.8313294649124146,0.02834852784872055,10.996848106384277,0.006258923094719648,0.005855954717844725,0.07210339605808258,0.007590411230921745,1.0,0.008235749788582325,0.15460412204265594,9.0,1.0,0.0,0.0,0.011392605490982533,-7.450580596923828e-09,nan,0.00042824537376873195,0.0,0.0,0.0,0.0,0.0,0.0,0.0,0.0,0.0,0.0,0.0,0.0,0.0,0.0,0.0,0.0,0.0,0.0,0.0,0.0,0.0,0.1086193323135376,0.0015725743724033237,-0.1174379512667656,0.00016616546781733632,0.023878173902630806,-0.0003051631501875818,-0.015714939683675766,0.11010303348302841,0.001343276584520936,-0.1190323680639267,0.00015645939856767654,0.024178070947527885,-0.0002596602134872228,-0.015911387279629707,0.11010303348302841,0.001343276584520936,-0.1190323680639267,0.00015645939856767654,0.024178070947527885,-0.0002596602134872228,-0.015911387279629707,0.11010303348302841,0.001343276584520936,-0.1190323680639267,0.00015645939856767654,0.024178070947527885,-0.0002596602134872228,-0.015911387279629707,0.11010303348302841,0.001343276584520936,-0.1190323680639267,0.00015645939856767654,0.024178070947527885,-0.0002596602134872228,-0.015911387279629707
0.9080000000000013,0.012028639204800129,0.012028639204800129,nan,nan,nan,nan,0.07022049278020859,0.0,0.07638468593358994,0.18174363672733307,0.0,0.0,0.0,0.0,0.003000000026077032,0.028999999165534973,64.0,0.19777821004390717,0.49765127897262573,0.011314637959003448,8.490456581115723,0.006164190825074911,0.005807330831885338,0.07602782547473907,0.0,1.0,0.008091960102319717,0.1525159329175949,9.0,1.0,0.0,0.0,0.01202863734215498,-1.862645149230957e-09,nan,0.0004149132582824677,0.0,0.0,0.0,0.0,0.0,0.0,0.0,0.0,0.0,0.0,0.0,0.0,0.0,0.0,0.0,0.0,0.0,0.0,0.0,0.0,0.0,0.10607697069644928,0.0018909680657088757,-0.11471142619848251,0.0002116247924277559,0.023374805226922035,-0.00036588634247891605,-0.015385902486741543,0.10816705226898193,0.001601679832674563,-0.1169532760977745,0.00018292547611054033,0.023788975551724434,-0.0003075884887948632,-0.0156566072255373,0.10816705226898193,0.001601679832674563,-0.1169532760977745,0.00018292547611054033,0.023788975551724434,-0.0003075884887948632,-0.0156566072255373,0.10816705226898193,0.001601679832674563,-0.1169532760977745,0.00018292547611054033,0.023788975551724434,-0.0003075884887948632,-0.0156566072255373,0.10816705226898193,0.001601679832674563,-0.1169532760977745,0.00018292547611054033,0.023788975551724434,-0.0003075884887948632,-0.0156566072255373
0.9770000000000003,0.012447956018149853,0.012447956018149853,nan,nan,nan,nan,0.07284187525510788,0.0,0.0789470449090004,0.1821621060371399,0.0,0.0,0.0,0.0,0.0020000000949949026,0.014999999664723873,64.0,0.19779641926288605,1.1177314519882202,0.010224990546703339,9.355668067932129,0.006105171050876379,0.005801187828183174,0.0786430612206459,0.0,1.0,0.008002799935638905,0.15209245681762695,9.0,1.0,0.0,0.0,0.01244793925434351,-1.6763806343078613e-08,nan,0.00040379076381213963,0.0,0.0,0.0,0.0,0.0,0.0,0.0,0.0,0.0,0.0,0.0,0.0,0.0,0.0,0.0,0.0,0.0,0.0,0.0,0.0,0.0,0.10478439927101135,0.00195796275511384,-0.11332058161497116,0.0001786475913831964,0.023106519132852554,-0.0003359645197633654,-0.015207335352897644,0.10696635395288467,0.0017415189649909735,-0.11566434055566788,0.0001873673900263384,0.0235481895506382,-0.0003254379553254694,-0.015498464927077293,0.10696635395288467,0.0017415189649909735,-0.11566434055566788,0.0001873673900263384,0.0235481895506382,-0.0003254379553254694,-0.015498464927077293,0.10696635395288467,0.0017415189649909735,-0.11566434055566788,0.0001873673900263384,0.0235481895506382,-0.0003254379553254694,-0.015498464927077293,0.10696635395288467,0.0017415189649909735,-0.11566434055566788,0.0001873673900263384,0.0235481895506382,-0.0003254379553254694,-0.015498464927077293
1.056000000000001,0.012862318195402622,0.012862318195402622,nan,nan,nan,nan,0.07543028891086578,0.0,0.0814690962433815,0.18258418142795563,0.0,0.0,0.0,0.0,0.012000000104308128,0.020999999716877937,64.0,0.19781216979026794,0.751649022102356,0.013426877558231354,9.193999290466309,0.006038808263838291,0.005715371575206518,0.08114565908908844,0.0,1.0,0.007903173565864563,0.14971691370010376,9.0,1.0,0.0,0.0,0.012862303294241428,-1.4901161193847656e-08,nan,0.0003945943608414382,0.0,0.0,0.0,0.0,0.0,0.0,0.0,0.0,0.0,0.0,0.0,0.0,0.0,0.0,0.0,0.0,0.0,0.0,0.0,0.0,0.0,0.10356190800666809,0.002199052134528756,-0.11202136427164078,0.0002747404796537012,0.022888321429491043,-0.0004352761898189783,-0.015065162442624569,0.10562154650688171,0.0019150922307744622,-0.11422452330589294,0.00020435545593500137,0.02328583225607872,-0.0003629486309364438,-0.01532488688826561,0.10562154650688171,0.0019150922307744622,-0.11422452330589294,0.00020435545593500137,0.02328583225607872,-0.0003629486309364438,-0.01532488688826561,0.10562154650688171,0.0019150922307744622,-0.11422452330589294,0.00020435545593500137,0.02328583225607872,-0.0003629486309364438,-0.01532488688826561,0.10562154650688171,0.0019150922307744622,-0.11422452330589294,0.00020435545593500137,0.02328583225607872,-0.0003629486309364438,-0.01532488688826561
1.126999999999999,0.01327346358448267,0.01327346358448267,nan,nan,nan,nan,0.07799976319074631,0.0,0.08396413922309875,0.1830095648765564,0.0,0.0,0.0,0.0,0.017999999225139618,0.026000000536441803,64.0,0.1978205293416977,1.4298679828643799,0.018291175365447998,12.914359092712402,0.005964373704046011,0.00500120222568512,0.08300096541643143,0.0,1.0,0.007793388795107603,0.13081257045269012,9.0,1.0,0.0,0.0,0.013273450545966625,-1.30385160446167e-08,nan,0.00038414663868024945,0.0,0.0,0.0,0.0,0.0,0.0,0.0,0.0,0.0,0.0,0.0,0.0,0.0,0.0,0.0,0.0,0.0,0.0,0.0,0.0,0.0,0.1022738665342331,0.0022271834313869476,-0.11063417792320251,0.0002620892773848027,0.022617721930146217,-0.0004534469626378268,-0.01488454733043909,0.10414060205221176,0.0020761117339134216,-0.11263768374919891,0.00023814519227016717,0.022993724793195724,-0.00040728889871388674,-0.015132885426282883,0.10414060205221176,0.0020761117339134216,-0.11263768374919891,0.00023814519227016717,0.022993724793195724,-0.00040728889871388674,-0.015132885426282883,0.10414060205221176,0.0020761117339134216,-0.11263768374919891,0.00023814519227016717,0.022993724793195724,-0.00040728889871388674,-0.015132885426282883,0.10414060205221176,0.0020761117339134216,-0.11263768374919891,0.00023814519227016717,0.022993724793195724,-0.00040728889871388674,-0.015132885426282883
1.2100000000000009,0.013882665894925594,0.013882665894925594,nan,nan,nan,nan,0.08180293440818787,0.0,0.08769775182008743,0.1836460828781128,0.0,0.0,0.0,0.0,0.02199999988079071,0.01899999938905239,64.0,0.19783806800842285,0.6911940574645996,0.008186325430870056,9.872076034545898,0.005894819740206003,0.0064407214522361755,0.08824365586042404,0.010647762566804886,1.0,0.00768772279843688,0.16832679510116577,9.0,1.0,0.0,0.0,0.013882654719054699,-1.1175870895385742e-08,nan,0.00037257454823702574,0.0,0.0,0.0,0.0,0.0,0.0,0.0,0.0,0.0,0.0,0.0,0.0,0.0,0.0,0.0,0.0,0.0,0.0,0.0,0.0,0.0,0.10108204931020737,0.002468770369887352,-0.1093694195151329,0.000310505332890898,0.02241497114300728,-0.0004904513480141759,-0.014749675989151001,0.10271284729242325,0.0022423877380788326,-0.11111020296812057,0.0002674766001291573,0.02271915227174759,-0.00044329056981951,-0.014951888471841812,0.10271284729242325,0.0022423877380788326,-0.11111020296812057,0.0002674766001291573,0.02271915227174759,-0.00044329056981951,-0.014951888471841812,0.10271284729242325,0.0022423877380788326,-0.11111020296812057,0.0002674766001291573,0.02271915227174759,-0.00044329056981951,-0.014951888471841812,0.10271284729242325,0.0022423877380788326,-0.11111020296812057,0.0002674766001291573,0.02271915227174759,-0.00044329056981951,-0.014951888471841812
1.283999999999999,0.014284917153418064,0.014284917153418064,nan,nan,nan,nan,0.08431535959243774,0.0,0.09014539420604706,0.18407179415225983,0.0,0.0,0.0,0.0,0.010999999940395355,0.019999999552965164,64.0,0.1978466659784317,1.5073316097259521,0.014884397387504578,10.806770324707031,0.005830034147948027,0.005407906603068113,0.08972326666116714,0.010022427886724472,1.0,0.007592928130179644,0.1411268264055252,9.0,1.0,0.0,0.0,0.014284907840192318,-9.313225746154785e-09,nan,0.0003635799221228808,0.0,0.0,0.0,0.0,0.0,0.0,0.0,0.0,0.0,0.0,0.0,0.0,0.0,0.0,0.0,0.0,0.0,0.0,0.0,0.0,0.0,0.09981413930654526,0.002496302593499422,-0.10800285637378693,0.00023286798386834562,0.022150272503495216,-0.00044183930731378496,-0.014574086293578148,0.10143397748470306,0.002361028455197811,-0.10973986983299255,0.00025864350027404726,0.022469354793429375,-0.00044734388939104974,-0.014785995706915855,0.10143397748470306,0.002361028455197811,-0.10973986983299255,0.00025864350027404726,0.022469354793429375,-0.00044734388939104974,-0.014785995706915855,0.10143397748470306,0.002361028455197811,-0.10973986983299255,0.00025864350027404726,0.022469354793429375,-0.00044734388939104974,-0.014785995706915855,0.10143397748470306,0.002361028455197811,-0.10973986983299255,0.00025864350027404726,0.022469354793429375,-0.00044734388939104974,-0.014785995706915855
1.3610000000000007,0.014683716930449009,0.014683716930449009,nan,nan,nan,nan,0.08680729568004608,0.0,0.09256190061569214,0.18449603021144867,0.0,0.0,0.0,0.0,0.010999999940395355,0.019999999552965164,64.0,0.19787700474262238,0.8874386548995972,0.008526258170604706,8.656655311584473,0.005754605866968632,0.0053807818330824375,0.09218807518482208,0.0,1.0,0.007482659537345171,0.1402067095041275,9.0,1.0,0.0,0.0,0.014683694578707218,-2.2351741790771484e-08,nan,0.0003535354626365006,0.0,0.0,0.0,0.0,0.0,0.0,0.0,0.0,0.0,0.0,0.0,0.0,0.0,0.0,0.0,0.0,0.0,0.0,0.0,0.0,0.0,0.09801875054836273,0.0027706604450941086,-0.10609758645296097,0.00029607993201352656,0.02183644101023674,-0.0005118065164424479,-0.014372187666594982,0.09994111210107803,0.0025286695454269648,-0.10814590752124786,0.0002746676909737289,0.022189471870660782,-0.00048170765512622893,-0.014602985233068466,0.09994111210107803,0.0025286695454269648,-0.10814590752124786,0.0002746676909737289,0.022189471870660782,-0.00048170765512622893,-0.014602985233068466,0.09994111210107803,0.0025286695454269648,-0.10814590752124786,0.0002746676909737289,0.022189471870660782,-0.00048170765512622893,-0.014602985233068466,0.09994111210107803,0.0025286695454269648,-0.10814590752124786,0.0002746676909737289,0.022189471870660782,-0.00048170765512622893,-0.014602985233068466
1.4619999999999997,0.015298035927116871,0.015298035927116871,nan,nan,nan,nan,0.09064054489135742,0.0,0.09632384777069092,0.18515238165855408,0.0,0.0,0.0,0.0,0.012000000104308128,0.020999999716877937,64.0,0.19789355993270874,2.353090763092041,0.3395034074783325,12.139501571655273,0.0056833019480109215,0.006628185976296663,0.0972687304019928,0.010444029234349728,1.0,0.007376366760581732,0.17231737077236176,9.0,1.0,0.0,0.0,0.015298028476536274,-7.450580596923828e-09,nan,0.00034337848774157465,0.0,0.0,0.0,0.0,0.0,0.0,0.0,0.0,0.0,0.0,0.0,0.0,0.0,0.0,0.0,0.0,0.0,0.0,0.0,0.0,0.0,0.09682653099298477,0.002889629453420639,-0.10482102632522583,0.0003341548435855657,0.02161444164812565,-0.0005540487472899258,-0.01422458328306675,0.09850165247917175,0.002685351064428687,-0.1066092774271965,0.0002949750341940671,0.02192065678536892,-0.000511359132360667,-0.014427117072045803,0.09850165247917175,0.002685351064428687,-0.1066092774271965,0.0002949750341940671,0.02192065678536892,-0.000511359132360667,-0.014427117072045803,0.09850165247917175,0.002685351064428687,-0.1066092774271965,0.0002949750341940671,0.02192065678536892,-0.000511359132360667,-0.014427117072045803,0.09850165247917175,0.002685351064428687,-0.1066092774271965,0.0002949750341940671,0.02192065678536892,-0.000511359132360667,-0.014427117072045803
1.5199999999999996,0.015682104974985123,0.015682104974985123,nan,nan,nan,nan,0.09304065257310867,0.0,0.09864948689937592,0.185564786195755,0.0,0.0,0.0,0.0,0.010999999940395355,0.01600000075995922,64.0,0.19791088998317719,1.6581286191940308,0.0157281756401062,12.994131088256836,0.00560883479192853,0.005381198599934578,0.0984218493103981,0.0,1.0,0.007268915418535471,0.1396612673997879,9.0,1.0,0.0,0.0,0.01568209007382393,-1.4901161193847656e-08,nan,0.0003333830100018531,0.0,0.0,0.0,0.0,0.0,0.0,0.0,0.0,0.0,0.0,0.0,0.0,0.0,0.0,0.0,0.0,0.0,0.0,0.0,0.0,0.0,0.09494499862194061,0.0029934081248939037,-0.10280931740999222,0.00036872815690003335,0.02124381624162197,-0.0005936756497249007,-0.013981658034026623,0.09704670310020447,0.0028249553870409727,-0.10505623370409012,0.0003157203318551183,0.021647904068231583,-0.0005440182867459953,-0.014247252605855465,0.09704670310020447,0.0028249553870409727,-0.10505623370409012,0.0003157203318551183,0.021647904068231583,-0.0005440182867459953,-0.014247252605855465,0.09704670310020447,0.0028249553870409727,-0.10505623370409012,0.0003157203318551183,0.021647904068231583,-0.0005440182867459953,-0.014247252605855465,0.09704670310020447,0.0028249553870409727,-0.10505623370409012,0.0003157203318551183,0.021647904068231583,-0.0005440182867459953,-0.014247252605855465
1.597999999999999,0.016258712857961655,0.016258712857961655,nan,nan,nan,nan,0.09663864970207214,0.0,0.10217536985874176,0.18618157505989075,0.0,0.0,0.0,0.0,0.010999999940395355,0.017000000923871994,64.0,0.1979312151670456,0.7947003245353699,0.014044344425201416,8.587559700012207,0.005536717362701893,0.0061135441064834595,0.1027521938085556,0.011237666010856628,1.0,0.007164170034229755,0.15854758024215698,9.0,1.0,0.0,0.0,0.01625870168209076,-1.1175870895385742e-08,nan,0.0003237675700802356,0.0,0.0,0.0,0.0,0.0,0.0,0.0,0.0,0.0,0.0,0.0,0.0,0.0,0.0,0.0,0.0,0.0,0.0,0.0,0.0,0.0,0.09374877065420151,0.0030597466975450516,-0.10152848064899445,0.0003130435070488602,0.021016009151935577,-0.0005818200297653675,-0.013829965144395828,0.09562814235687256,0.0029502937104552984,-0.10354182869195938,0.00031622525420971215,0.02138342894613743,-0.0005647683283314109,-0.014073253609240055,0.09562814235687256,0.0029502937104552984,-0.10354182869195938,0.00031622525420971215,0.02138342894613743,-0.0005647683283314109,-0.014073253609240055,0.09562814235687256,0.0029502937104552984,-0.10354182869195938,0.00031622525420971215,0.02138342894613743,-0.0005647683283314109,-0.014073253609240055,0.09562814235687256,0.0029502937104552984,-0.10354182869195938,0.00031622525420971215,0.02138342894613743,-0.0005647683283314109,-0.014073253609240055
1.6980000000000004,0.016638778150081635,0.016638778150081635,nan,nan,nan,nan,0.09901349991559982,0.0,0.10447613894939423,0.18658442795276642,0.0,0.0,0.0,0.0,0.009999999776482582,0.019999999552965164,64.0,0.19794464111328125,0.9883158206939697,0.012245029211044312,13.191377639770508,0.005462638568133116,0.006272124592214823,0.10528562217950821,0.00947359949350357,1.0,0.007058200892060995,0.16232548654079437,9.0,1.0,0.0,0.0,0.016638770699501038,-7.450580596923828e-09,nan,0.00031425911583937705,0.0,0.0,0.0,0.0,0.0,0.0,0.0,0.0,0.0,0.0,0.0,0.0,0.0,0.0,0.0,0.0,0.0,0.0,0.0,0.0,0.0,0.0926123708486557,0.003218004945665598,-0.1003253161907196,0.0002883713459596038,0.020831221714615822,-0.0005845122504979372,-0.013707400299608707,0.09419182687997818,0.003080838592723012,-0.10200998187065125,0.0003300287644378841,0.02111922763288021,-0.0005905479774810374,-0.013898976147174835,0.09419182687997818,0.003080838592723012,-0.10200998187065125,0.0003300287644378841,0.02111922763288021,-0.0005905479774810374,-0.013898976147174835,0.09419182687997818,0.003080838592723012,-0.10200998187065125,0.0003300287644378841,0.02111922763288021,-0.0005905479774810374,-0.013898976147174835,0.09419182687997818,0.003080838592723012,-0.10200998187065125,0.0003300287644378841,0.02111922763288021,-0.0005905479774810374,-0.013898976147174835
1.8049999999999997,0.017218463122844696,0.017218463122844696,nan,nan,nan,nan,0.10263185203075409,0.0,0.10800667107105255,0.1871909201145172,0.0,0.0,0.0,0.0,0.014999999664723873,0.024000000208616257,64.0,0.19796323776245117,0.7481714487075806,0.009610317647457123,12.81464958190918,0.0053748153150081635,0.005867497529834509,0.10849934816360474,0.007781976368278265,1.0,0.00693326722830534,0.15172931551933289,9.0,1.0,0.0,0.0,0.0172184556722641,-7.450580596923828e-09,nan,0.00030376651557162404,0.0,0.0,0.0,0.0,0.0,0.0,0.0,0.0,0.0,0.0,0.0,0.0,0.0,0.0,0.0,0.0,0.0,0.0,0.0,0.0,0.0,0.09085435420274734,0.003391437465324998,-0.09845510125160217,0.00035275841946713626,0.020517569035291672,-0.0006355731165967882,-0.013498209416866302,0.09249821305274963,0.0032211048528552055,-0.10020366311073303,0.0003299192467238754,0.020807892084121704,-0.0006094953860156238,-0.013693020679056644,0.09249821305274963,0.0032211048528552055,-0.10020366311073303,0.0003299192467238754,0.020807892084121704,-0.0006094953860156238,-0.013693020679056644,0.09249821305274963,0.0032211048528552055,-0.10020366311073303,0.0003299192467238754,0.020807892084121704,-0.0006094953860156238,-0.013693020679056644,0.09249821305274963,0.0032211048528552055,-0.10020366311073303,0.0003299192467238754,0.020807892084121704,-0.0006094953860156238,-0.013693020679056644
1.879999999999999,0.017773792147636414,0.017773792147636414,nan,nan,nan,nan,0.10609908401966095,0.0,0.11138935387134552,0.18776190280914307,0.0,0.0,0.0,0.0,0.014999999664723873,0.019999999552965164,64.0,0.19798463582992554,0.6015319228172302,0.011117197573184967,9.80552864074707,0.005290271248668432,0.005943440366536379,0.11204252392053604,0.009199604392051697,1.0,0.006812889128923416,0.1533978432416916,9.0,1.0,0.0,0.0,0.017773784697055817,-7.450580596923828e-09,nan,0.00029307728982530534,0.0,0.0,0.0,0.0,0.0,0.0,0.0,0.0,0.0,0.0,0.0,0.0,0.0,0.0,0.0,0.0,0.0,0.0,0.0,0.0,0.0,0.08912207186222076,0.003455511759966612,-0.09659771621227264,0.00034779615816660225,0.020175274461507797,-0.0006456803530454636,-0.013274642638862133,0.09086448699235916,0.003365264507010579,-0.0984632670879364,0.000347964494721964,0.020511996001005173,-0.000633479852695018,-0.013497594743967056,0.09086448699235916,0.003365264507010579,-0.0984632670879364,0.000347964494721964,0.020511996001005173,-0.000633479852695018,-0.013497594743967056,0.09086448699235916,0.003365264507010579,-0.0984632670879364,0.000347964494721964,0.020511996001005173,-0.000633479852695018,-0.013497594743967056,0.09086448699235916,0.003365264507010579,-0.0984632670879364,0.000347964494721964,0.020511996001005173,-0.000633479852695018,-0.013497594743967056
1.9619999999999997,0.018187377601861954,0.018187377601861954,nan,nan,nan,nan,0.1086823120713234,0.0,0.1139034628868103,0.18818004429340363,0.0,0.0,0.0,0.0,0.014999999664723873,0.01899999938905239,64.0,0.19799678027629852,0.6341738700866699,0.010770745575428009,11.933445930480957,0.00522115221247077,0.006395424250513315,0.11507773399353027,0.01214444637298584,1.0,0.0067146881483495235,0.1646924912929535,9.0,1.0,0.0,0.0,0.01818736642599106,-1.1175870895385742e-08,nan,0.0002842981484718621,0.0,0.0,0.0,0.0,0.0,0.0,0.0,0.0,0.0,0.0,0.0,0.0,0.0,0.0,0.0,0.0,0.0,0.0,0.0,0.0,0.0,0.08804246038198471,0.003611307591199875,-0.09546169638633728,0.0003708724398165941,0.020010370761156082,-0.0006777112721465528,-0.013167759403586388,0.08953073620796204,0.0034821988083422184,-0.0970432311296463,0.00036508298944681883,0.02027321793138981,-0.0006514796987175941,-0.01334180124104023,0.08953073620796204,0.0034821988083422184,-0.0970432311296463,0.00036508298944681883,0.02027321793138981,-0.0006514796987175941,-0.01334180124104023,0.08953073620796204,0.0034821988083422184,-0.0970432311296463,0.00036508298944681883,0.02027321793138981,-0.0006514796987175941,-0.01334180124104023,0.08953073620796204,0.0034821988083422184,-0.0970432311296463,0.00036508298944681883,0.02027321793138981,-0.0006514796987175941,-0.01334180124104023
2.0549999999999997,0.01855364814400673,0.01855364814400673,nan,nan,nan,nan,0.11097155511379242,0.0,0.11611910909414291,0.18854127824306488,0.0,0.0,0.0,0.0,0.006000000052154064,0.010999999940395355,64.0,0.19801904261112213,0.9957132935523987,0.014639459550380707,9.77086067199707,0.005147550720721483,0.004630269017070532,0.11560182273387909,0.0,1.0,0.006611439399421215,0.11924908310174942,9.0,1.0,0.0,0.0,0.018553633242845535,-1.4901161193847656e-08,nan,0.0002752079162746668,0.0,0.0,0.0,0.0,0.0,0.0,0.0,0.0,0.0,0.0,0.0,0.0,0.0,0.0,0.0,0.0,0.0,0.0,0.0,0.0,0.0,0.08622001856565475,0.003711068071424961,-0.09351438283920288,0.00035275230766274035,0.01967531070113182,-0.0007005471270531416,-0.012950950302183628,0.08812826871871948,0.0035924154799431562,-0.09554985165596008,0.0003774627984967083,0.020023144781589508,-0.0006812553037889302,-0.013178670778870583,0.08812826871871948,0.0035924154799431562,-0.09554985165596008,0.0003774627984967083,0.020023144781589508,-0.0006812553037889302,-0.013178670778870583,0.08812826871871948,0.0035924154799431562,-0.09554985165596008,0.0003774627984967083,0.020023144781589508,-0.0006812553037889302,-0.013178670778870583,0.08812826871871948,0.0035924154799431562,-0.09554985165596008,0.0003774627984967083,0.020023144781589508,-0.0006812553037889302,-0.013178670778870583
2.126999999999999,0.018911898136138916,0.018911898136138916,nan,nan,nan,nan,0.11320815980434418,0.0,0.1182929277420044,0.18888796865940094,0.0,0.0,0.0,0.0,0.014999999664723873,0.019999999552965164,64.0,0.19803103804588318,1.2690443992614746,0.01759640872478485,19.769649505615234,0.005084769334644079,0.004733986221253872,0.11794214695692062,0.0,1.0,0.00652479100972414,0.12180870771408081,9.0,1.0,0.0,0.0,0.01891188696026802,-1.1175870895385742e-08,nan,0.00026900568627752364,0.0,0.0,0.0,0.0,0.0,0.0,0.0,0.0,0.0,0.0,0.0,0.0,0.0,0.0,0.0,0.0,0.0,0.0,0.0,0.0,0.0,0.08512817323207855,0.0037510476540774107,-0.09234260767698288,0.0003638325142674148,0.019459538161754608,-0.0006931581301614642,-0.012802673503756523,0.08695467561483383,0.003662229049950838,-0.09429675340652466,0.00036914797965437174,0.019806500524282455,-0.0006883681053295732,-0.01303472463041544,0.08695467561483383,0.003662229049950838,-0.09429675340652466,0.00036914797965437174,0.019806500524282455,-0.0006883681053295732,-0.01303472463041544,0.08695467561483383,0.003662229049950838,-0.09429675340652466,0.00036914797965437174,0.019806500524282455,-0.0006883681053295732,-0.01303472463041544,0.08695467561483383,0.003662229049950838,-0.09429675340652466,0.00036914797965437174,0.019806500524282455,-0.0006883681053295732,-0.01303472463041544
2.222999999999999,0.01947294920682907,0.01947294920682907,nan,nan,nan,nan,0.11671027541160583,0.0,0.12171843647956848,0.18941296637058258,0.0,0.0,0.0,0.0,0.004999999888241291,0.01600000075995922,64.0,0.1980510801076889,1.0401523113250732,0.014525838196277618,10.868337631225586,0.005008157808333635,0.004981819074600935,0.12169209122657776,0.0,1.0,0.006420087069272995,0.12798459827899933,9.0,1.0,0.0,0.0,0.019472938030958176,-1.1175870895385742e-08,nan,0.00026033975882455707,0.0,0.0,0.0,0.0,0.0,0.0,0.0,0.0,0.0,0.0,0.0,0.0,0.0,0.0,0.0,0.0,0.0,0.0,0.0,0.0,0.0,0.08339988440275192,0.0038058182690292597,-0.09049350023269653,0.0003973160346504301,0.01912088692188263,-0.0007169445161707699,-0.012584922835230827,0.08553459495306015,0.003748682327568531,-0.09278292953968048,0.0003819028497673571,0.01954581029713154,-0.0007089955033734441,-0.012863096781075,0.08553459495306015,0.003748682327568531,-0.09278292953968048,0.0003819028497673571,0.01954581029713154,-0.0007089955033734441,-0.012863096781075,0.08553459495306015,0.003748682327568531,-0.09278292953968048,0.0003819028497673571,0.01954581029713154,-0.0007089955033734441,-0.012863096781075,0.08553459495306015,0.003748682327568531,-0.09278292953968048,0.0003819028497673571,0.01954581029713154,-0.0007089955033734441,-0.012863096781075
2.2890000000000015,0.019821736961603165,0.019821736961603165,nan,nan,nan,nan,0.11889028549194336,0.0,0.12383407354354858,0.18972647190093994,0.0,0.0,0.0,0.0,0.014999999664723873,0.009999999776482582,64.0,0.19806386530399323,0.9150970578193665,0.010495074093341827,9.450811386108398,0.004943790379911661,0.004789525642991066,0.12367980927228928,0.0,1.0,0.006331985350698233,0.12297145277261734,9.0,1.0,0.0,0.0,0.019821729511022568,-7.450580596923828e-09,nan,0.0002524110022932291,0.0,0.0,0.0,0.0,0.0,0.0,0.0,0.0,0.0,0.0,0.0,0.0,0.0,0.0,0.0,0.0,0.0,0.0,0.0,0.0,0.0,0.08236843347549438,0.003915139939635992,-0.08940697461366653,0.00038361616316251457,0.018962865695357323,-0.0007496760808862746,-0.012479864992201328,0.08433783054351807,0.0038246838375926018,-0.09150896966457367,0.0003922275791410357,0.019330861046910286,-0.0007347047794610262,-0.012721454724669456,0.08433783054351807,0.0038246838375926018,-0.09150896966457367,0.0003922275791410357,0.019330861046910286,-0.0007347047794610262,-0.012721454724669456,0.08433783054351807,0.0038246838375926018,-0.09150896966457367,0.0003922275791410357,0.019330861046910286,-0.0007347047794610262,-0.012721454724669456,0.08433783054351807,0.0038246838375926018,-0.09150896966457367,0.0003922275791410357,0.019330861046910286,-0.0007347047794610262,-0.012721454724669456
2.3629999999999995,0.020166106522083282,0.020166106522083282,nan,nan,nan,nan,0.12104198336601257,0.0,0.12591667473316193,0.19002602994441986,0.0,0.0,0.0,0.0,0.014999999664723873,0.017999999225139618,64.0,0.19807031750679016,0.5481829643249512,0.009075738489627838,9.978049278259277,0.004874688107520342,0.004654677119106054,0.12569665908813477,0.0,1.0,0.006237052381038666,0.11943080276250839,9.0,1.0,0.0,0.0,0.02016609162092209,-1.4901161193847656e-08,nan,0.00024553306866437197,0.0,0.0,0.0,0.0,0.0,0.0,0.0,0.0,0.0,0.0,0.0,0.0,0.0,0.0,0.0,0.0,0.0,0.0,0.0,0.0,0.0,0.0813588947057724,0.004006798844784498,-0.08833672106266022,0.00041766330832615495,0.018792375922203064,-0.0007638472598046064,-0.012367052026093006,0.08304766565561295,0.003909502178430557,-0.0901360735297203,0.00039047448080964386,0.019101670011878014,-0.0007442521746270359,-0.01257161982357502,0.08304766565561295,0.003909502178430557,-0.0901360735297203,0.00039047448080964386,0.019101670011878014,-0.0007442521746270359,-0.01257161982357502,0.08304766565561295,0.003909502178430557,-0.0901360735297203,0.00039047448080964386,0.019101670011878014,-0.0007442521746270359,-0.01257161982357502,0.08304766565561295,0.003909502178430557,-0.0901360735297203,0.00039047448080964386,0.019101670011878014,-0.0007442521746270359,-0.01257161982357502
2.4430000000000014,0.020675715059041977,0.020675715059041977,nan,nan,nan,nan,0.12422361224889755,0.0,0.1290314942598343,0.19044962525367737,0.0,0.0,0.0,0.0,0.014999999664723873,0.019999999552965164,64.0,0.1980903148651123,0.8121626377105713,0.010936520993709564,15.097147941589355,0.004807886201888323,0.005496432073414326,0.1297200471162796,0.008442625403404236,1.0,0.0061463830061256886,0.14088034629821777,9.0,1.0,0.0,0.0,0.02067570388317108,-1.1175870895385742e-08,nan,0.00023836121545173228,0.0,0.0,0.0,0.0,0.0,0.0,0.0,0.0,0.0,0.0,0.0,0.0,0.0,0.0,0.0,0.0,0.0,0.0,0.0,0.0,0.0,0.08037979900836945,0.004126217681914568,-0.08730601519346237,0.0004367070214357227,0.01864810474216938,-0.0007952787564136088,-0.012272092513740063,0.08181291073560715,0.003998949658125639,-0.08882469683885574,0.00040891740354709327,0.018886901438236237,-0.0007685359450988472,-0.01242959313094616,0.08181291073560715,0.003998949658125639,-0.08882469683885574,0.00040891740354709327,0.018886901438236237,-0.0007685359450988472,-0.01242959313094616,0.08181291073560715,0.003998949658125639,-0.08882469683885574,0.00040891740354709327,0.018886901438236237,-0.0007685359450988472,-0.01242959313094616,0.08181291073560715,0.003998949658125639,-0.08882469683885574,0.00040891740354709327,0.018886901438236237,-0.0007685359450988472,-0.01242959313094616
2.5450000000000017,0.021010901778936386,0.021010901778936386,nan,nan,nan,nan,0.12631969153881073,0.0,0.131052628159523,0.1907142698764801,0.0,0.0,0.0,0.0,0.004000000189989805,0.01899999938905239,64.0,0.1981063336133957,3.471942663192749,0.01256261020898819,24.427715301513672,0.004732937552034855,0.003715397324413061,0.13003508746623993,0.0,1.0,0.00604401808232069,0.0951814129948616,9.0,1.0,0.0,0.0,0.021010901778936386,0.0,nan,0.0002306028181919828,0.0,0.0,0.0,0.0,0.0,0.0,0.0,0.0,0.0,0.0,0.0,0.0,0.0,0.0,0.0,0.0,0.0,0.0,0.0,0.0,0.0,0.07884301990270615,0.004152551759034395,-0.08565954864025116,0.00042926426976919174,0.01834634691476822,-0.000794897903688252,-0.01207052357494831,0.08042150735855103,0.004082976840436459,-0.08734474331140518,0.0004188676830381155,0.018639780580997467,-0.0007843765779398382,-0.012266031466424465,0.08042150735855103,0.004082976840436459,-0.08734474331140518,0.0004188676830381155,0.018639780580997467,-0.0007843765779398382,-0.012266031466424465,0.08042150735855103,0.004082976840436459,-0.08734474331140518,0.0004188676830381155,0.018639780580997467,-0.0007843765779398382,-0.012266031466424465,0.08042150735855103,0.004082976840436459,-0.08734474331140518,0.0004188676830381155,0.018639780580997467,-0.0007843765779398382,-0.012266031466424465
2.608999999999998,0.021343089640140533,0.021343089640140533,nan,nan,nan,nan,0.1283949762582779,0.0,0.13307596743106842,0.19096387922763824,0.0,0.0,0.0,0.0,0.014999999664723873,0.01899999938905239,64.0,0.19811858236789703,1.2033013105392456,0.011778436601161957,11.243281364440918,0.004680987913161516,0.004053319804370403,0.13244830071926117,0.0,1.0,0.005973394960165024,0.10370127856731415,9.0,1.0,0.0,0.0,0.021343082189559937,-7.450580596923828e-09,nan,0.00022524718951899558,0.0,0.0,0.0,0.0,0.0,0.0,0.0,0.0,0.0,0.0,0.0,0.0,0.0,0.0,0.0,0.0,0.0,0.0,0.0,0.0,0.0,0.07788723707199097,0.004257855471223593,-0.08465549349784851,0.0004260508867446333,0.018205983564257622,-0.0008125593303702772,-0.011980690993368626,0.07945866137742996,0.0041524916887283325,-0.08632313460111618,0.00041825909283943474,0.018476268276572227,-0.0007914791931398213,-0.012157809920608997,0.07945866137742996,0.0041524916887283325,-0.08632313460111618,0.00041825909283943474,0.018476268276572227,-0.0007914791931398213,-0.012157809920608997,0.07945866137742996,0.0041524916887283325,-0.08632313460111618,0.00041825909283943474,0.018476268276572227,-0.0007914791931398213,-0.012157809920608997,0.07945866137742996,0.0041524916887283325,-0.08632313460111618,0.00041825909283943474,0.018476268276572227,-0.0007914791931398213,-0.012157809920608997
2.7109999999999985,0.021834786981344223,0.021834786981344223,nan,nan,nan,nan,0.13146589696407318,0.0,0.13608436286449432,0.19131137430667877,0.0,0.0,0.0,0.0,0.014999999664723873,0.017000000923871994,64.0,0.19812867045402527,1.2054619789123535,0.015315599739551544,37.52059555053711,0.004618466831743717,0.005066112149506807,0.1365320086479187,0.009601387195289135,1.0,0.0058903624303638935,0.12957707047462463,9.0,1.0,0.0,0.0,0.02183477208018303,-1.4901161193847656e-08,nan,0.0002187344362027943,0.0,0.0,0.0,0.0,0.0,0.0,0.0,0.0,0.0,0.0,0.0,0.0,0.0,0.0,0.0,0.0,0.0,0.0,0.0,0.0,0.0,0.07691420614719391,0.004306272603571415,-0.08362068235874176,0.0004246188036631793,0.018034521490335464,-0.0008197487914003432,-0.011869056150317192,0.0783267691731453,0.0042276461608707905,-0.08512204140424728,0.0004265428869985044,0.018281875178217888,-0.0008053922210820019,-0.012030093930661678,0.0783267691731453,0.0042276461608707905,-0.08512204140424728,0.0004265428869985044,0.018281875178217888,-0.0008053922210820019,-0.012030093930661678,0.0783267691731453,0.0042276461608707905,-0.08512204140424728,0.0004265428869985044,0.018281875178217888,-0.0008053922210820019,-0.012030093930661678,0.0783267691731453,0.0042276461608707905,-0.08512204140424728,0.0004265428869985044,0.018281875178217888,-0.0008053922210820019,-0.012030093930661678
2.7620000000000005,0.02218317613005638,0.02218317613005638,nan,nan,nan,nan,0.13364443182945251,0.0,0.13819342851638794,0.19153878092765808,0.0,0.0,0.0,0.0,0.0020000000949949026,0.014000000432133675,64.0,0.19814862310886383,1.1789742708206177,0.016023404896259308,9.227259635925293,0.004548999946564436,0.004409348592162132,0.1380537748336792,0.0,1.0,0.005797930993139744,0.11258552223443985,9.0,1.0,0.0,0.0,0.022183168679475784,-7.450580596923828e-09,nan,0.000211938182474114,0.0,0.0,0.0,0.0,0.0,0.0,0.0,0.0,0.0,0.0,0.0,0.0,0.0,0.0,0.0,0.0,0.0,0.0,0.0,0.0,0.0,0.07537509500980377,0.004330942872911692,-0.08197256177663803,0.00043122671195305884,0.017734011635184288,-0.0008305286173708737,-0.011669543571770191,0.07707197219133377,0.004283786751329899,-0.08378514647483826,0.00043035452836193144,0.01805533841252327,-0.000820268236566335,-0.011882240884006023,0.07707197219133377,0.004283786751329899,-0.08378514647483826,0.00043035452836193144,0.01805533841252327,-0.000820268236566335,-0.011882240884006023,0.07707197219133377,0.004283786751329899,-0.08378514647483826,0.00043035452836193144,0.01805533841252327,-0.000820268236566335,-0.011882240884006023,0.07707197219133377,0.004283786751329899,-0.08378514647483826,0.00043035452836193144,0.01805533841252327,-0.000820268236566335,-0.011882240884006023
2.8659999999999997,0.02250739559531212,0.02250739559531212,nan,nan,nan,nan,0.13567142188549042,0.0,0.1401602029800415,0.19173263013362885,0.0,0.0,0.0,0.0,0.014999999664723873,0.019999999552965164,64.0,0.19815774261951447,0.8575124740600586,0.015865080058574677,11.424120903015137,0.00448878388851881,0.004330697003751993,0.14000211656093597,0.0,1.0,0.005718080326914787,0.11072444915771484,9.0,1.0,0.0,0.0,0.022507384419441223,-1.1175870895385742e-08,nan,0.00020648982899729162,0.0,0.0,0.0,0.0,0.0,0.0,0.0,0.0,0.0,0.0,0.0,0.0,0.0,0.0,0.0,0.0,0.0,0.0,0.0,0.0,0.0,0.07447589933872223,0.004435201641172171,-0.08102509379386902,0.00044769293162971735,0.017608588561415672,-0.0008557649562135339,-0.011580676771700382,0.07598645985126495,0.004337540362030268,-0.08262992650270462,0.00043334433576092124,0.017863193526864052,-0.0008306606905534863,-0.011754126287996769,0.07598645985126495,0.004337540362030268,-0.08262992650270462,0.00043334433576092124,0.017863193526864052,-0.0008306606905534863,-0.011754126287996769,0.07598645985126495,0.004337540362030268,-0.08262992650270462,0.00043334433576092124,0.017863193526864052,-0.0008306606905534863,-0.011754126287996769,0.07598645985126495,0.004337540362030268,-0.08262992650270462,0.00043334433576092124,0.017863193526864052,-0.0008306606905534863,-0.011754126287996769
2.942,0.022977139800786972,0.022977139800786972,nan,nan,nan,nan,0.13552314043045044,0.0,0.1412200778722763,0.1919603794813156,0.0,0.0,0.0,0.0,0.012000000104308128,0.010999999940395355,64.0,0.1981728971004486,2.307584524154663,0.009599141776561737,13.380098342895508,0.0034642128739506006,0.004240524955093861,0.14199639856815338,0.0,0.7395855784416199,0.00835337396711111,0.10916074365377426,9.0,1.0,0.0,0.0,0.022977124899625778,-1.4901161193847656e-08,nan,0.0010522406082600355,-0.007135932799428701,-0.011550159193575382,-0.0032071468885987997,-0.20116031169891357,0.01031057070940733,0.2197348028421402,-0.030825670808553696,-0.00441749207675457,-0.007150114513933659,-0.0019853811245411634,-0.12452809512615204,0.006382748484611511,0.13602660596370697,-0.019082600250840187,-0.006921857595443726,-0.011203658767044544,-0.00311093358322978,-0.19512557983398438,0.010001257061958313,0.21314282715320587,-0.029900912195444107,0.073038250207901,0.0044241431169211864,-0.07948025315999985,0.00040097645251080394,0.01731807552278042,-0.0008355178288184106,-0.011397335678339005,0.07866542786359787,0.010829828679561615,-0.07945594936609268,0.11258069425821304,0.011881187558174133,-0.12334806472063065,0.005586853250861168,0.07174357026815414,-0.00037383055314421654,-0.08256687968969345,-0.08254488557577133,0.021882444620132446,0.08979476243257523,-0.02431405894458294,0.07174357026815414,-0.00037383055314421654,-0.08256687968969345,-0.08254488557577133,0.021882444620132446,0.08979476243257523,-0.02431405894458294,0.07174357026815414,-0.00037383055314421654,-0.08256687968969345,-0.08254488557577133,0.021882444620132446,0.08979476243257523,-0.02431405894458294
3.0,0.023194894194602966,0.023194894194602966,nan,nan,nan,nan,0.13565631210803986,0.0,0.1415405571460724,0.19166748225688934,0.0,0.0,0.0,0.0,0.014999999664723873,0.01899999938905239,64.0,0.19773496687412262,0.4997923970222473,0.011758878827095032,8.461057662963867,0.002504807896912098,0.0034761824645102024,0.14251193404197693,0.0,0.9029707908630371,0.012941503897309303,0.11982849985361099,9.0,1.0,0.0,0.0,0.02319488301873207,-1.1175870895385742e-08,nan,0.0011406495468690991,-0.011033046059310436,-0.012283713556826115,-0.004059001803398132,-0.20348860323429108,0.0014633280225098133,0.21080173552036285,-0.06215931847691536,-0.008871354162693024,-0.009876979514956474,-0.003263726131990552,-0.16361932456493378,0.0011766197858378291,0.16949959099292755,-0.049980513751506805,-0.011058473959565163,-0.015969134867191315,-0.004658588208258152,-0.2745048999786377,0.010965333320200443,0.2958783209323883,-0.05279025435447693,0.07228200137615204,0.004496356938034296,-0.07866107672452927,0.0004557036445476115,0.017185036092996597,-0.0008643426699563861,-0.011297585442662239,0.07904984056949615,0.011344902217388153,-0.07815875858068466,0.11785367131233215,0.014053895138204098,-0.12577369809150696,0.01551814004778862,0.06799136847257614,-0.004624232649803162,-0.08281734585762024,-0.15665122866630554,0.02501922845840454,0.17010462284088135,-0.03727211430668831,0.06799136847257614,-0.004624232649803162,-0.08281734585762024,-0.15665122866630554,0.02501922845840454,0.17010462284088135,-0.03727211430668831,0.06799136847257614,-0.004624232649803162,-0.08281734585762024,-0.15665122866630554,0.02501922845840454,0.17010462284088135,-0.03727211430668831
3.094000000000001,0.023314721882343292,0.023314721882343292,nan,nan,nan,nan,0.13452096283435822,0.0,0.14045162498950958,0.191104456782341,0.0,0.0,0.0,0.0,0.014999999664723873,0.019999999552965164,64.0,0.19705234467983246,0.7770788073539734,0.013528391718864441,10.58548641204834,0.0010711275972425938,0.002220713999122381,0.14160121977329254,0.0027140602469444275,0.956946849822998,0.019053537398576736,0.16544340550899506,9.0,1.0,0.0,0.0,0.023314718157052994,-3.725290298461914e-09,nan,0.0015589045360684395,-0.011033046059310436,-0.012283713556826115,-0.004059001803398132,-0.20348860323429108,0.0014633280225098133,0.21080173552036285,-0.06215931847691536,-0.01051310170441866,-0.011704828590154648,-0.0038677165284752846,-0.1938989758491516,0.00139436696190387,0.2008674591779709,-0.05922998860478401,-0.017325691878795624,-0.020792236551642418,-0.0066165379248559475,-0.3485325276851654,0.006200551055371761,0.3657865822315216,-0.09370334446430206,0.07226833701133728,0.004560195375233889,-0.07854195684194565,0.00046815391397103667,0.017155103385448456,-0.0008859516819939017,-0.011288013309240341,0.07939627766609192,0.010779542848467827,-0.07719462364912033,0.10242965817451477,0.0185958631336689,-0.10392788052558899,0.026729382574558258,0.062070585787296295,-0.010012693703174591,-0.08381116390228271,-0.24610286951065063,0.024796415120363235,0.2618587017059326,-0.0669739618897438,0.062070585787296295,-0.010012693703174591,-0.08381116390228271,-0.24610286951065063,0.024796415120363235,0.2618587017059326,-0.0669739618897438,0.062070585787296295,-0.010012693703174591,-0.08381116390228271,-0.24610286951065063,0.024796415120363235,0.2618587017059326,-0.0669739618897438
3.183,0.023383278399705887,0.023383278399705887,nan,nan,nan,nan,0.14661502838134766,0.0,0.14331021904945374,0.19055142998695374,0.0,0.0,0.0,0.0,0.014999999664723873,0.019999999552965164,64.0,0.1924673169851303,0.6458070278167725,0.009855255484580994,10.342010498046875,0.005414606537669897,0.0015395096270367503,0.13943512737751007,0.0,0.9259740114212036,0.02108011581003666,0.25042733550071716,9.0,1.0,0.0,0.0,0.023383263498544693,-1.4901161193847656e-08,nan,0.003486103843897581,0.022629383951425552,0.08832966536283493,-0.002762378426268697,-0.16052080690860748,-0.0032166526652872562,0.16434285044670105,0.1699773371219635,0.016318755224347115,0.06369728595018387,-0.001992037519812584,-0.1157565638422966,-0.0023196288384497166,0.11851277202367783,0.12257596850395203,0.015015915036201477,0.07795234024524689,-0.005438624415546656,-0.30119025707244873,-0.0005909349420107901,0.31205976009368896,0.1278359591960907,0.07205261290073395,0.004580625798553228,-0.07812155038118362,0.0004336564161349088,0.017099156975746155,-0.0008886342984624207,-0.011269197799265385,0.05575089901685715,-0.05322284251451492,-0.07845057547092438,0.0212782621383667,0.022009368985891342,-0.01832488179206848,-0.1292056441307068,0.07076681405305862,0.024729497730731964,-0.0838892012834549,-0.27991199493408203,0.021418433636426926,0.2937348783016205,-0.001369677484035492,0.07076681405305862,0.024729497730731964,-0.0838892012834549,-0.27991199493408203,0.021418433636426926,0.2937348783016205,-0.001369677484035492,0.07076681405305862,0.024729497730731964,-0.0838892012834549,-0.27991199493408203,0.021418433636426926,0.2937348783016205,-0.001369677484035492
3.2439999999999998,0.02369512990117073,0.02369512990117073,nan,nan,nan,nan,0.1411924809217453,0.0,0.14669811725616455,0.1906520575284958,0.0,0.0,0.0,0.0,0.0020000000949949026,0.01899999938905239,64.0,0.1848880648612976,0.46113505959510803,0.007559545338153839,8.488414764404297,0.006177492905408144,0.002607709262520075,0.14312832057476044,0.0,0.9531388282775879,0.020985661074519157,0.34728148579597473,9.0,1.0,0.0,0.0,0.023695118725299835,-1.1175870895385742e-08,nan,0.002807652112096548,-0.018780218437314034,0.001457102713175118,-0.007571854628622532,-0.1985514909029007,0.005754369311034679,0.21098831295967102,-0.0749397724866867,-0.0,0.0,-0.0,-0.0,0.0,0.0,-0.0,-0.021342739462852478,0.04174067825078964,-0.0012795648071914911,-0.2748412787914276,0.03549933061003685,0.26228412985801697,-0.0763123407959938,0.07247405499219894,0.004784952849149704,-0.07825903594493866,0.0004988437285646796,0.01741466484963894,-0.0009469654178246856,-0.011515481397509575,0.08439717441797256,0.0005906671285629272,-0.08020032197237015,-0.009458541870117188,0.00187726691365242,0.021588891744613647,0.04554905742406845,0.06305443495512009,0.04233134537935257,-0.08147988468408585,-0.2842998206615448,0.03737659752368927,0.2838730216026306,-0.030763283371925354,0.06305443495512009,0.04233134537935257,-0.08147988468408585,-0.2842998206615448,0.03737659752368927,0.2838730216026306,-0.030763283371925354,0.06305443495512009,0.04233134537935257,-0.08147988468408585,-0.2842998206615448,0.03737659752368927,0.2838730216026306,-0.030763283371925354
3.3320000000000007,0.024199780076742172,0.024199780076742172,nan,nan,nan,nan,0.14250819385051727,0.0,0.14890305697917938,0.19143293797969818,0.0,0.0,0.0,0.0,0.013000000268220901,0.019999999552965164,64.0,0.17962901294231415,1.6418536901474,0.01573655754327774,31.679059982299805,0.00496730487793684,0.004797706380486488,0.1487334668636322,0.0,0.9555280208587646,0.019684214144945145,0.37613579630851746,9.0,1.0,0.0,0.0,0.02419976517558098,-1.4901161193847656e-08,nan,0.002527049044147134,-0.018780218437314034,0.001457102713175118,-0.007571854628622532,-0.1985514909029007,0.005754369311034679,0.21098831295967102,-0.0749397724866867,-0.0,0.0,-0.0,-0.0,0.0,0.0,-0.0,-0.019908834248781204,0.019199203699827194,-0.0048005408607423306,-0.2321518063545227,0.01885494776070118,0.23358052968978882,-0.07554429769515991,0.07248318195343018,0.005026458762586117,-0.07799744606018066,0.0004909848794341087,0.01806255616247654,-0.0009984081843867898,-0.012005281634628773,0.07770588248968124,0.01715245470404625,-0.07695396989583969,-0.03195744752883911,0.020324917510151863,0.028971046209335327,0.01706114411354065,0.05779704824090004,0.036351658403873444,-0.08175451308488846,-0.2641092538833618,0.03917986527085304,0.26255157589912415,-0.05848315358161926,0.05779704824090004,0.036351658403873444,-0.08175451308488846,-0.2641092538833618,0.03917986527085304,0.26255157589912415,-0.05848315358161926,0.05779704824090004,0.036351658403873444,-0.08175451308488846,-0.2641092538833618,0.03917986527085304,0.26255157589912415,-0.05848315358161926
3.407,0.025096304714679718,0.025096304714679718,nan,nan,nan,nan,0.15248140692710876,0.0,0.15481503307819366,0.19262303411960602,0.0,0.0,0.0,0.0,0.014999999664723873,0.019999999552965164,64.0,0.1748870313167572,2.350330352783203,0.009952113032341003,11.184465408325195,0.0049164798110723495,0.008072705939412117,0.15797126293182373,0.014292262494564056,0.9445457458496094,0.01798747479915619,0.4455382525920868,9.0,1.0,0.0,0.0,0.025096293538808823,-1.1175870895385742e-08,nan,0.0021377678494900465,0.02269723452627659,0.07756040245294571,-0.0002547970798332244,-0.17594978213310242,-0.00966925360262394,0.18575020134449005,0.13384394347667694,0.0,0.0,-0.0,-0.0,-0.0,0.0,0.0,-0.004312288016080856,0.03614771366119385,-0.0037984829396009445,-0.2042272984981537,0.005587250459939241,0.21118980646133423,-2.6142224669456482e-05,0.07162009179592133,0.005014111753553152,-0.07698362320661545,0.00041192263597622514,0.01808987744152546,-0.000980281620286405,-0.012050794437527657,0.06307816505432129,-0.003408558666706085,-0.07820775359869003,-0.03353360295295715,0.028113048523664474,0.02854245901107788,-0.05502668768167496,0.05876588076353073,0.03273915499448776,-0.08200623840093613,-0.23776090145111084,0.03370029851794243,0.2397322654724121,-0.055052828043699265,0.05876588076353073,0.03273915499448776,-0.08200623840093613,-0.23776090145111084,0.03370029851794243,0.2397322654724121,-0.055052828043699265,0.05876588076353073,0.03273915499448776,-0.08200623840093613,-0.23776090145111084,0.03370029851794243,0.2397322654724121,-0.055052828043699265
3.4830000000000005,0.02555648237466812,0.02555648237466812,nan,nan,nan,nan,0.15384261310100555,0.0,0.15903937816619873,0.19300580024719238,0.0,0.0,0.0,0.0,0.014999999664723873,0.019999999552965164,64.0,0.1708814650774002,0.8045509457588196,0.014104880392551422,17.528926849365234,0.005885242484509945,0.006229154299944639,0.15938328206539154,0.010613352060317993,0.9362280964851379,0.016365012153983116,0.3494971990585327,9.0,1.0,0.0,0.0,0.025556474924087524,-7.450580596923828e-09,nan,0.0017487425357103348,-0.03500199317932129,0.012561049312353134,0.004856514744460583,-0.1746593564748764,0.057091329246759415,0.16997800767421722,-0.16104552149772644,-0.0,0.0,0.0,-0.0,0.0,0.0,-0.0,-0.015924617648124695,0.029550470411777496,0.0007340404554270208,-0.1869206577539444,0.028463896363973618,0.18864241242408752,-0.06183595210313797,0.07132527977228165,0.005287174601107836,-0.07643482089042664,0.00046667145215906203,0.018731972202658653,-0.0010664716828614473,-0.012536493130028248,0.07659842073917389,0.007490523159503937,-0.0803026333451271,-0.026624783873558044,0.006646420806646347,0.027672097086906433,0.015836142003536224,0.060673803091049194,0.03704099357128143,-0.07956859469413757,-0.21354544162750244,0.035110317170619965,0.21631450951099396,-0.045999810099601746,0.060673803091049194,0.03704099357128143,-0.07956859469413757,-0.21354544162750244,0.035110317170619965,0.21631450951099396,-0.045999810099601746,0.060673803091049194,0.03704099357128143,-0.07956859469413757,-0.21354544162750244,0.035110317170619965,0.21631450951099396,-0.045999810099601746
3.5649999999999977,0.026056550443172455,0.026056550443172455,nan,nan,nan,nan,0.15477874875068665,0.0,0.1610591560602188,0.19352340698242188,0.0,0.0,0.0,0.0,0.004999999888241291,0.02800000086426735,64.0,0.16614685952663422,0.5916515588760376,0.01159869134426117,16.53752326965332,0.0045799370855093,0.005725313909351826,0.1622045338153839,0.0048011005856096745,0.9271768927574158,0.015529926866292953,0.3108155429363251,9.0,1.0,0.0,0.0,0.026056542992591858,-7.450580596923828e-09,nan,0.001536135096102953,-0.04674789309501648,0.05272994562983513,-0.01692678965628147,-0.1793588399887085,0.03680197894573212,0.20020578801631927,-0.10555252432823181,-0.0,0.0,-0.0,-0.0,0.0,0.0,-0.0,-0.03087507002055645,0.029362395405769348,-0.002340856706723571,-0.18048739433288574,0.04106862097978592,0.18483173847198486,-0.10936051607131958,0.07074299454689026,0.005464932881295681,-0.07558579742908478,0.00048708103713579476,0.019111666828393936,-0.0011313946451991796,-0.01283385418355465,0.08277028799057007,0.004399523138999939,-0.07490472495555878,-0.015189304947853088,0.007157906889915466,0.012472674250602722,0.024941399693489075,0.05189521610736847,0.03376191854476929,-0.07724557816982269,-0.19567669928073883,0.048226527869701385,0.19730441272258759,-0.0844191163778305,0.05189521610736847,0.03376191854476929,-0.07724557816982269,-0.19567669928073883,0.048226527869701385,0.19730441272258759,-0.0844191163778305,0.05189521610736847,0.03376191854476929,-0.07724557816982269,-0.19567669928073883,0.048226527869701385,0.19730441272258759,-0.0844191163778305
3.6469999999999985,0.02621087059378624,0.02621087059378624,nan,nan,nan,nan,0.15945535898208618,0.0,0.16195574402809143,0.19386370480060577,0.0,0.0,0.0,0.0,0.017000000923871994,0.02199999988079071,64.0,0.16449245810508728,0.5438150763511658,0.010936520993709564,10.516083717346191,0.004677570424973965,0.003770953742787242,0.16104912757873535,0.0016731632640585303,0.9336808919906616,0.015697160735726357,0.18361222743988037,9.0,1.0,0.0,0.0,0.026210881769657135,1.1175870895385742e-08,nan,0.0016931808786466718,0.014665825292468071,0.04913248494267464,0.0042146178893744946,-0.1942567527294159,0.00012509564112406224,0.21635396778583527,0.052994463592767715,0.004165126476436853,0.013953733257949352,0.001196960685774684,-0.05516934394836426,3.5527438740246e-05,0.061445001512765884,0.01505054347217083,-0.015840953215956688,0.04633639007806778,-0.002350637223571539,-0.20594258606433868,0.02535504661500454,0.22231286764144897,-0.043915774673223495,0.07054658979177475,0.0055565666407346725,-0.0753767117857933,0.0005092248902656138,0.01933007687330246,-0.0011584424646571279,-0.012999539263546467,0.06454980373382568,-0.006232134997844696,-0.07606220990419388,0.011241301894187927,0.02463856153190136,-0.02091112732887268,-0.042454708367586136,0.048708848655223846,0.040104255080223083,-0.07841284573078156,-0.19470128417015076,0.0499936081469059,0.2014017403125763,-0.08637048304080963,0.048708848655223846,0.040104255080223083,-0.07841284573078156,-0.19470128417015076,0.0499936081469059,0.2014017403125763,-0.08637048304080963,0.048708848655223846,0.040104255080223083,-0.07841284573078156,-0.19470128417015076,0.0499936081469059,0.2014017403125763,-0.08637048304080963
3.801000000000002,0.026152659207582474,0.026152659207582474,nan,nan,nan,nan,0.16104115545749664,0.0,0.1636255830526352,0.19311188161373138,0.0,0.0,0.0,0.0,0.014999999664723873,0.01899999938905239,64.0,0.16417403519153595,6.270458221435547,0.025367364287376404,51.534271240234375,0.007158087566494942,0.0011794035090133548,0.15764689445495605,-0.0014432559255510569,0.9465109705924988,0.016881562769412994,0.21331463754177094,9.0,1.0,0.0,0.0,0.026152651757001877,-7.450580596923828e-09,nan,0.002158824587240815,-0.03006548434495926,0.014142702333629131,0.009451767429709435,-0.15646220743656158,0.05734541639685631,0.20106157660484314,-0.14356891810894012,-0.007517220918089151,0.0035360753536224365,0.0023632089141756296,-0.03911997377872467,0.014337975531816483,0.05027107521891594,-0.035896286368370056,-0.005611279048025608,0.05031003803014755,0.003648079466074705,-0.232539564371109,0.024425994604825974,0.2624717950820923,-0.023085765540599823,0.07050960510969162,0.005567398387938738,-0.07525918632745743,0.0005043065175414085,0.019329935312271118,-0.0011702148476615548,-0.012992247007787228,0.06360180675983429,-0.0006158687174320221,-0.07963211089372635,0.019382372498512268,0.019522376358509064,-0.03396221995353699,-0.029869183897972107,0.057990528643131256,0.04969416931271553,-0.07598403096199036,-0.21315719187259674,0.04394837096333504,0.2285095751285553,-0.05295494943857193,0.057990528643131256,0.04969416931271553,-0.07598403096199036,-0.21315719187259674,0.04394837096333504,0.2285095751285553,-0.05295494943857193,0.057990528643131256,0.04969416931271553,-0.07598403096199036,-0.21315719187259674,0.04394837096333504,0.2285095751285553,-0.05295494943857193
3.878999999999998,0.026697970926761627,0.026697970926761627,nan,nan,nan,nan,0.16547150909900665,0.0,0.16739937663078308,0.19416846334934235,0.0,0.0,0.0,0.0,0.010999999940395355,0.019999999552965164,64.0,0.1596643328666687,1.4432212114334106,0.011158175766468048,9.73770523071289,0.008035908453166485,0.003213685005903244,0.16257715225219727,0.0,0.9439902901649475,0.018312426283955574,0.12990184128284454,9.0,1.0,0.0,0.0,0.026697956025600433,-1.4901161193847656e-08,nan,0.0026446382980793715,-0.01989702880382538,0.10484541207551956,0.009004958905279636,-0.14084260165691376,0.12737444043159485,0.19822581112384796,0.05635690316557884,-0.013080733828246593,0.06892762333154678,0.005920052994042635,-0.09259294718503952,0.08373868465423584,0.13031789660453796,0.03705023601651192,-0.024156495928764343,0.0863349437713623,0.009962623938918114,-0.2306564897298813,0.10362185537815094,0.2915232479572296,-0.025937078520655632,0.07016453146934509,0.005792864598333836,-0.07469096034765244,0.0005290956469252706,0.019862903282046318,-0.0012488201027736068,-0.013385909609496593,0.07783441245555878,-0.027245379984378815,-0.08105245977640152,0.008547797799110413,-0.035607874393463135,-0.03644511103630066,-0.03479066491127014,0.053677912801504135,0.05908956378698349,-0.07108983397483826,-0.22210869193077087,0.0680139809846878,0.25507813692092896,-0.060727741569280624,0.053677912801504135,0.05908956378698349,-0.07108983397483826,-0.22210869193077087,0.0680139809846878,0.25507813692092896,-0.060727741569280624,0.053677912801504135,0.05908956378698349,-0.07108983397483826,-0.22210869193077087,0.0680139809846878,0.25507813692092896,-0.060727741569280624
3.9739999999999966,0.027151010930538177,0.027151010930538177,nan,nan,nan,nan,0.16493287682533264,0.0,0.17064125835895538,0.19396156072616577,0.0,0.0,0.0,0.0,0.010999999940395355,0.014999999664723873,64.0,0.15876945853233337,0.4921266734600067,0.012736767530441284,9.25301456451416,0.008069295436143875,0.004392961040139198,0.16696493327617645,0.010686120018362999,0.9587146043777466,0.01884452998638153,0.2469477355480194,9.0,1.0,0.0,0.0,0.027150999754667282,-1.1175870895385742e-08,nan,0.0022728152107447386,-0.025225283578038216,0.028224065899848938,-0.0007502458756789565,-0.17658676207065582,0.030298303812742233,0.21845151484012604,-0.09351249784231186,-0.0036549344658851624,0.00408943323418498,-0.00010870441474253312,-0.02558596059679985,0.004389973357319832,0.0316518172621727,-0.013549186289310455,-0.010312050580978394,0.032434843480587006,0.005332477856427431,-0.2265082597732544,0.049998681992292404,0.2801777124404907,-0.02718900889158249,0.06960328668355942,0.005824491381645203,-0.07400638610124588,0.0005491017363965511,0.019949162378907204,-0.0012934458209201694,-0.013447156175971031,0.06667737662792206,0.020958442240953445,-0.07450629025697708,0.0010641813278198242,0.024837415665388107,-0.010532855987548828,-0.018625222146511078,0.05636532977223396,0.05339328572154045,-0.06917381286621094,-0.22544407844543457,0.07483609765768051,0.2696448564529419,-0.04581423103809357,0.05636532977223396,0.05339328572154045,-0.06917381286621094,-0.22544407844543457,0.07483609765768051,0.2696448564529419,-0.04581423103809357,0.05636532977223396,0.05339328572154045,-0.06917381286621094,-0.22544407844543457,0.07483609765768051,0.2696448564529419,-0.04581423103809357
4.0760000000000005,0.02801879495382309,0.02801879495382309,nan,nan,nan,nan,0.17295774817466736,0.0,0.17542970180511475,0.19405971467494965,0.0,0.0,0.0,0.0,0.012000000104308128,0.012000000104308128,64.0,0.15563929080963135,0.457667738199234,0.008298084139823914,8.609583854675293,0.007311507128179073,0.0074695865623652935,0.17558777332305908,0.0,0.956018328666687,0.018344204872846603,0.36182695627212524,9.0,1.0,0.0,0.0,0.028018783777952194,-1.1175870895385742e-08,nan,0.002147780964151025,0.011923901736736298,0.1405736356973648,0.010579952970147133,-0.14814040064811707,0.04647936299443245,0.18558332324028015,0.10694792866706848,0.0,0.0,0.0,-0.0,0.0,0.0,0.0,-0.012269901111721992,0.05971071869134903,0.004154038615524769,-0.19741033017635345,0.043013717979192734,0.24478648602962494,-0.02587267756462097,0.06773071736097336,0.0059590726159513,-0.07170122116804123,0.0005851598689332604,0.02032838761806488,-0.001436422811821103,-0.013726387172937393,0.06584145128726959,-0.01063208281993866,-0.07373693585395813,-0.019152164459228516,0.024989765137434006,0.018979564309120178,-0.032319970428943634,0.05357155203819275,0.04907863587141037,-0.06958289444446564,-0.21656249463558197,0.06800348311662674,0.2637660503387451,-0.058192647993564606,0.05357155203819275,0.04907863587141037,-0.06958289444446564,-0.21656249463558197,0.06800348311662674,0.2637660503387451,-0.058192647993564606,0.05357155203819275,0.04907863587141037,-0.06958289444446564,-0.21656249463558197,0.06800348311662674,0.2637660503387451,-0.058192647993564606
4.1469999999999985,0.028750941157341003,0.028750941157341003,nan,nan,nan,nan,0.1777995228767395,0.0,0.18223173916339874,0.1942538172006607,0.0,0.0,0.0,0.0,0.010999999940395355,0.012000000104308128,64.0,0.1539185792207718,2.2215490341186523,0.010407529771327972,24.750696182250977,0.009237434715032578,0.007734054233878851,0.18072836101055145,0.0,0.9450119137763977,0.016945408657193184,0.32922372221946716,9.0,1.0,0.0,0.0,0.02875092625617981,-1.4901161193847656e-08,nan,0.0018427311442792416,-0.03567724674940109,0.039952509105205536,0.014923634007573128,-0.14978358149528503,0.0594598650932312,0.18481533229351044,-0.16364875435829163,-0.0,0.0,0.0,-0.0,0.0,0.0,-0.0,-0.018907267600297928,0.06360238790512085,0.009853703901171684,-0.17016060650348663,0.05094655603170395,0.2108832150697708,-0.06615099310874939,0.0662156417965889,0.0059469412080943584,-0.07001976668834686,0.0006047972128726542,0.020203787833452225,-0.0014538964023813605,-0.013660838827490807,0.0727553516626358,0.00013687461614608765,-0.07602038234472275,-0.02584795653820038,0.01709754765033722,0.029558449983596802,0.014599889516830444,0.053848087787628174,0.06373926252126694,-0.06616667658090591,-0.196008563041687,0.06804410368204117,0.24044166505336761,-0.051551103591918945,0.053848087787628174,0.06373926252126694,-0.06616667658090591,-0.196008563041687,0.06804410368204117,0.24044166505336761,-0.051551103591918945,0.053848087787628174,0.06373926252126694,-0.06616667658090591,-0.196008563041687,0.06804410368204117,0.24044166505336761,-0.051551103591918945
4.2109999999999985,0.029522400349378586,0.029522400349378586,nan,nan,nan,nan,0.1806742548942566,0.0,0.18669340014457703,0.1943657249212265,0.0,0.0,0.0,0.0,0.010999999940395355,0.013000000268220901,64.0,0.1526411771774292,1.4094226360321045,0.02213846892118454,11.2787504196167,0.008700352162122726,0.008484207093715668,0.18647724390029907,0.0,0.9310895204544067,0.01614381931722164,0.32289087772369385,9.0,1.0,0.0,0.0,0.02952238917350769,-1.1175870895385742e-08,nan,0.0016628113808110356,-0.03567724674940109,0.039952509105205536,0.014923634007573128,-0.14978358149528503,0.0594598650932312,0.18481533229351044,-0.16364875435829163,-0.0,0.0,0.0,-0.0,0.0,0.0,-0.0,-0.02709393948316574,0.05205712467432022,0.01232871413230896,-0.16021306812763214,0.05510253459215164,0.19815754890441895,-0.11374689638614655,0.06461680680513382,0.005977589171379805,-0.06817030906677246,0.0005647395155392587,0.020353546366095543,-0.0014894690830260515,-0.013781496323645115,0.0753452330827713,0.01052045077085495,-0.07485931366682053,-0.021519184112548828,0.01570194959640503,0.025178492069244385,0.03515935689210892,0.04825129359960556,0.06257757544517517,-0.06253059953451157,-0.18173225224018097,0.07080448418855667,0.22333604097366333,-0.07858753949403763,0.04825129359960556,0.06257757544517517,-0.06253059953451157,-0.18173225224018097,0.07080448418855667,0.22333604097366333,-0.07858753949403763,0.04825129359960556,0.06257757544517517,-0.06253059953451157,-0.18173225224018097,0.07080448418855667,0.22333604097366333,-0.07858753949403763
4.274000000000001,0.029821977019309998,0.029821977019309998,nan,nan,nan,nan,0.1374145746231079,0.0,0.14171862602233887,0.7863845825195312,0.0,0.0,0.0,0.0,0.012000000104308128,0.019999999552965164,64.0,0.1518206149339676,0.7747486233711243,0.013877637684345245,18.149574279785156,-0.018565453588962555,-0.01590679958462715,0.14437727630138397,0.0,0.9642929434776306,0.015414097346365452,0.3123634159564972,9.0,1.0,0.0,0.0,0.0298219732940197,-3.725290298461914e-09,nan,0.006443683058023453,-0.040368933230638504,0.05102168023586273,0.0035081300884485245,-0.15780946612358093,0.06243113800883293,0.20894186198711395,-0.11531113088130951,-0.0,0.0,0.0,-0.0,0.0,0.0,-0.0,-0.03487657010555267,0.05145008862018585,0.007157535292208195,-0.15880395472049713,0.05939901992678642,0.20447999238967896,-0.11466395109891891,5.739830157835968e-05,1.7456519344705157e-05,2.3833697923691943e-05,2.6437835913384333e-05,-2.325688456039643e-06,-8.181022167264018e-06,8.418551442446187e-05,0.058849968016147614,0.007133413106203079,-0.05159443989396095,-0.01114298403263092,0.0105864517390728,0.007926881313323975,0.013865098357200623,0.02397339791059494,0.05858350172638893,-0.04443690553307533,-0.16994693875312805,0.06998547166585922,0.21240687370300293,-0.10079885274171829,0.02397339791059494,0.05858350172638893,-0.04443690553307533,-0.16994693875312805,0.06998547166585922,0.21240687370300293,-0.10079885274171829,0.02397339791059494,0.05858350172638893,-0.04443690553307533,-0.16994693875312805,0.06998547166585922,0.21240687370300293,-0.10079885274171829
4.375,0.028842821717262268,0.028842821717262268,nan,nan,nan,nan,0.146170511841774,0.0,0.13817523419857025,0.7836230397224426,0.0,0.0,0.0,0.0,0.010999999940395355,0.019999999552965164,64.0,0.1506473571062088,0.4948526620864868,0.008719973266124725,9.282256126403809,-0.016746673732995987,-0.013804985210299492,0.1411169171333313,0.0,0.9716436862945557,0.014594176784157753,0.27789950370788574,9.0,1.0,0.0,0.0,0.02884281426668167,-7.450580596923828e-09,nan,0.005755160935223103,0.00929922517389059,0.1365761160850525,0.01956409402191639,-0.14703170955181122,0.06110808625817299,0.20157313346862793,0.06995342671871185,0.00018875971727538854,0.002772281412035227,0.0003971204860135913,-0.0029845137614756823,0.0012403985019773245,0.004091619048267603,0.001419945154339075,-0.013927201740443707,0.0933445543050766,0.012893361039459705,-0.153575599193573,0.060789577662944794,0.20434370636940002,-0.024694710969924927,6.085071436245926e-05,1.777273791958578e-05,2.4830673282849602e-05,2.654649142641574e-05,-2.6531020012043882e-06,-7.802103937137872e-06,8.886046998668462e-05,0.013971534557640553,-0.02521238476037979,-0.02899855747818947,-0.008809074759483337,0.00425102561712265,0.003974407911300659,-0.054673224687576294,4.433281719684601e-05,0.06813216954469681,-0.016105197370052338,-0.16238467395305634,0.06504060328006744,0.20831811428070068,-0.07936793565750122,4.433281719684601e-05,0.06813216954469681,-0.016105197370052338,-0.16238467395305634,0.06504060328006744,0.20831811428070068,-0.07936793565750122,4.433281719684601e-05,0.06813216954469681,-0.016105197370052338,-0.16238467395305634,0.06504060328006744,0.20831811428070068,-0.07936793565750122
4.438000000000002,0.026993729174137115,0.026993729174137115,nan,nan,nan,nan,0.13209040462970734,0.0,0.12959951162338257,0.7791957259178162,0.0,0.0,0.0,0.0,0.010999999940395355,0.013000000268220901,64.0,0.1494590789079666,0.5959402918815613,0.009520910680294037,9.39892292022705,-0.0142688462510705,-0.019513504579663277,0.12435485422611237,-0.04832818731665611,0.9935460090637207,0.014263301156461239,0.32773301005363464,9.0,1.0,0.0,0.0,0.02699372172355652,-7.450580596923828e-09,nan,0.005362553987652063,-0.033700622618198395,0.04547131434082985,0.021494073793292046,-0.13556300103664398,0.06077403202652931,0.20021218061447144,-0.15549567341804504,-0.0,0.0,0.0,-0.0,0.0,0.0,-0.0,-0.025470387190580368,0.0653974637389183,0.017914224416017532,-0.1430603265762329,0.06078050285577774,0.20193184912204742,-0.10105273127555847,5.958844121778384e-05,1.8045137039734982e-05,3.155733065796085e-05,2.8134812964708544e-05,-4.9169789235747885e-06,-8.306139534397516e-06,9.576542652212083e-05,0.013894284144043922,0.004815302789211273,-0.017184792086482048,-0.010717123746871948,0.002071760594844818,0.0034104138612747192,0.02011767029762268,-0.011576103046536446,0.07021276652812958,0.0007294323295354843,-0.15377745032310486,0.06285226345062256,0.20534226298332214,-0.08093506097793579,-0.011576103046536446,0.07021276652812958,0.0007294323295354843,-0.15377745032310486,0.06285226345062256,0.20534226298332214,-0.08093506097793579,-0.011576103046536446,0.07021276652812958,0.0007294323295354843,-0.15377745032310486,0.06285226345062256,0.20534226298332214,-0.08093506097793579
4.520000000000003,0.025835193693637848,0.025835193693637848,nan,nan,nan,nan,0.12546874582767487,0.0,0.12319593131542206,0.776009202003479,0.0,0.0,0.0,0.0,0.012000000104308128,0.019999999552965164,64.0,0.14716537296772003,0.5170823931694031,0.008551403880119324,15.072635650634766,-0.013524412177503109,-0.017102805897593498,0.1196175366640091,0.0,0.9960803985595703,0.014255262911319733,0.2676753103733063,9.0,1.0,0.0,0.0,0.02583518624305725,-7.450580596923828e-09,nan,0.005349396727979183,-0.03347332403063774,0.11517882347106934,0.029743915423750877,-0.10636346787214279,0.15413898229599,0.1985459327697754,-0.015367968007922173,-0.0,0.0,0.0,-0.0,0.0,0.0,-0.0,-0.030278656631708145,0.06758764386177063,0.021675387397408485,-0.1327989250421524,0.07944967597723007,0.20058444142341614,-0.10513456910848618,6.206142279552296e-05,1.891355168481823e-05,3.708599251694977e-05,2.992166264448315e-05,-6.82387690176256e-06,-8.487634659104515e-06,0.00010502666555112228,0.009688537567853928,-0.0020567774772644043,-0.01095349621027708,-0.012744486331939697,-0.014560841023921967,0.0025434494018554688,0.006155043840408325,-0.020590119063854218,0.06553086638450623,0.010721891187131405,-0.1455434113740921,0.0648888349533081,0.2031278908252716,-0.09897952526807785,-0.020590119063854218,0.06553086638450623,0.010721891187131405,-0.1455434113740921,0.0648888349533081,0.2031278908252716,-0.09897952526807785,-0.020590119063854218,0.06553086638450623,0.010721891187131405,-0.1455434113740921,0.0648888349533081,0.2031278908252716,-0.09897952526807785
4.619,0.02410736307501793,0.02410736307501793,nan,nan,nan,nan,0.12022290378808975,0.0,0.11717915534973145,0.7717129588127136,0.0,0.0,0.0,0.0,0.010999999940395355,0.019999999552965164,64.0,0.14655500650405884,1.4425990581512451,0.009955838322639465,27.223052978515625,-0.009519670158624649,-0.017872672528028488,0.10882614552974701,-0.02942197024822235,0.9715306162834167,0.013080964796245098,0.3207615613937378,9.0,1.0,0.0,0.0,0.02410735934972763,-3.725290298461914e-09,nan,0.004679386038333178,-0.053778525441884995,0.06545212864875793,0.012355524115264416,-0.13658134639263153,0.08397932350635529,0.19225074350833893,-0.14143511652946472,-0.0,0.0,0.0,-0.0,0.0,0.0,-0.0,-0.0007736887782812119,0.037048548460006714,0.006949583068490028,-0.14185601472854614,0.02568225935101509,0.19222348928451538,-0.0017764680087566376,-0.00018720024672802538,-6.876257430121768e-06,0.0003026162157766521,2.88727260340238e-05,-0.00010031888814410195,-1.1758580740206526e-06,0.00017418239440303296,-0.011419258080422878,0.018255576491355896,0.004071746952831745,0.00020460784435272217,0.02616891637444496,0.006312206387519836,-0.052503909915685654,-0.01219294685870409,0.05530412495136261,0.011021330021321774,-0.14165140688419342,0.05185117572546005,0.19853569567203522,-0.05428037792444229,-0.01219294685870409,0.05530412495136261,0.011021330021321774,-0.14165140688419342,0.05185117572546005,0.19853569567203522,-0.05428037792444229,-0.01219294685870409,0.05530412495136261,0.011021330021321774,-0.14165140688419342,0.05185117572546005,0.19853569567203522,-0.05428037792444229
4.738999999999997,0.023261569440364838,0.023261569440364838,nan,nan,nan,nan,0.11549144238233566,0.0,0.1107219010591507,0.7687495350837708,0.0,0.0,0.0,0.0,0.0020000000949949026,0.023000000044703484,64.0,0.1448126584291458,1.150217890739441,0.015334226191043854,15.943927764892578,-0.010169325396418571,-0.01015348732471466,0.11073774099349976,-0.000545835995581001,0.9839638471603394,0.0131558608263731,0.16010519862174988,9.0,1.0,0.0,0.0,0.02326156571507454,-3.725290298461914e-09,nan,0.005274835973978043,0.008185653947293758,0.15042348206043243,0.02411016635596752,-0.1234470084309578,0.06286650151014328,0.21001964807510376,0.058522261679172516,0.0017534279031679034,0.032221827656030655,0.005164576694369316,-0.02644326537847519,0.013466471806168556,0.044987767934799194,0.012535903602838516,-0.00873771496117115,0.10506724566221237,0.017593974247574806,-0.14019399881362915,0.06047779694199562,0.21387507021427155,-0.0036831609904766083,7.575929339509457e-05,2.137023511750158e-05,3.467781425570138e-05,3.321435360703617e-05,-5.220035291131353e-06,-9.663331184128765e-06,0.00011573285155463964,-0.004968592897057533,-0.03658822923898697,-0.0051148422062397,0.00010095536708831787,-0.007319185882806778,-0.013186335563659668,-0.03466035798192024,-0.013706307858228683,0.0684790164232254,0.012479132041335106,-0.14009304344654083,0.05315861105918884,0.20068873465061188,-0.03834351897239685,-0.013706307858228683,0.0684790164232254,0.012479132041335106,-0.14009304344654083,0.05315861105918884,0.20068873465061188,-0.03834351897239685,-0.013706307858228683,0.0684790164232254,0.012479132041335106,-0.14009304344654083,0.05315861105918884,0.20068873465061188,-0.03834351897239685
4.829000000000001,0.023388322442770004,0.023388322442770004,nan,nan,nan,nan,0.11086811870336533,0.0,0.11147572100162506,0.7683212757110596,0.0,0.0,0.0,0.0,0.008999999612569809,0.019999999552965164,64.0,0.14481604099273682,0.414913535118103,0.0065583735704422,11.528127670288086,-0.009709730744361877,-0.0025930600240826607,0.11859238892793655,0.0,0.9866105318069458,0.013812149874866009,0.164751335978508,9.0,1.0,0.0,0.0,0.023388318717479706,-3.725290298461914e-09,nan,0.005783529486507177,-0.04047151654958725,0.05763891711831093,0.031206075102090836,-0.11686030775308609,0.07120838761329651,0.19596289098262787,-0.1641266942024231,-0.005290481261909008,0.007534622680395842,0.00407929252833128,-0.015276109799742699,0.009308438748121262,0.025616487488150597,-0.02145482413470745,-0.032072924077510834,0.07555055618286133,0.02823171764612198,-0.12968780100345612,0.07097826153039932,0.21063069999217987,-0.11982688307762146,-0.00010974320321111009,1.1710001217579702e-06,0.00022728658223059028,3.115037543466315e-05,-7.853445276850834e-05,-3.1448626032215543e-06,0.0001658656692598015,0.01049942709505558,0.0008127391338348389,-0.007685218006372452,-0.004866614937782288,-0.008778933435678482,-0.004483222961425781,0.048262521624565125,-0.021573496982455254,0.07636329531669617,0.020546499639749527,-0.1345544159412384,0.06219932809472084,0.2061474770307541,-0.07156436145305634,-0.021573496982455254,0.07636329531669617,0.020546499639749527,-0.1345544159412384,0.06219932809472084,0.2061474770307541,-0.07156436145305634,-0.021573496982455254,0.07636329531669617,0.020546499639749527,-0.1345544159412384,0.06219932809472084,0.2061474770307541,-0.07156436145305634
4.920999999999999,0.022599589079618454,0.022599589079618454,nan,nan,nan,nan,0.11575181782245636,0.0,0.10878271609544754,0.7657065987586975,0.0,0.0,0.0,0.0,0.017999999225139618,0.014000000432133675,64.0,0.14427655935287476,1.1871484518051147,0.036005862057209015,9.8630952835083,-0.007870479486882687,-0.007591672241687775,0.10906152427196503,-0.014697865583002567,0.9678091406822205,0.014277602545917034,0.1266479343175888,9.0,1.0,0.0,0.0,0.022599585354328156,-3.725290298461914e-09,nan,0.0054515693336725235,0.05476592481136322,0.06563056260347366,-0.0060700359754264355,-0.13568615913391113,-0.07734046876430511,0.21269537508487701,0.11412657052278519,0.019398480653762817,0.02324681356549263,-0.0021500498987734318,-0.048061005771160126,-0.027394544333219528,0.075338214635849,0.040424443781375885,0.0017677238211035728,0.08765845745801926,0.019049450755119324,-0.1445668637752533,0.02665107138454914,0.2397235631942749,-0.01877451129257679,8.488238381687552e-05,2.2126298063085414e-05,2.7756392228184268e-05,3.3548592909937724e-05,-4.231043476465857e-06,-9.80246204562718e-06,0.00011761819769162685,-0.02228109911084175,-0.007299400866031647,0.004705891013145447,0.010308191180229187,0.034573450684547424,-0.02348792552947998,-0.05582813918590546,-0.020513376221060753,0.08035905659198761,0.02375534176826477,-0.1342586725950241,0.061224520206451416,0.21623563766479492,-0.0746026486158371,-0.020513376221060753,0.08035905659198761,0.02375534176826477,-0.1342586725950241,0.061224520206451416,0.21623563766479492,-0.0746026486158371,-0.020513376221060753,0.08035905659198761,0.02375534176826477,-0.1342586725950241,0.061224520206451416,0.21623563766479492,-0.0746026486158371
5.009,0.022188644856214523,0.022188644856214523,nan,nan,nan,nan,0.10174768418073654,0.0,0.1019085943698883,0.764241099357605,0.0,0.0,0.0,0.0,0.009999999776482582,0.013000000268220901,64.0,0.1438319981098175,0.6694085597991943,0.009958632290363312,10.649092674255371,-0.010290726087987423,-0.005060242023319006,0.10713908076286316,-0.012927902862429619,0.996604323387146,0.015456175431609154,0.1972295194864273,9.0,1.0,0.0,0.0,0.022188641130924225,-3.725290298461914e-09,nan,0.007373674772679806,0.013715194538235664,0.1956208348274231,0.030924253165721893,-0.06445274502038956,0.06894174963235855,0.18436220288276672,0.08770138025283813,0.004464860074222088,0.06368263810873032,0.010067116469144821,-0.02098202146589756,0.02244337648153305,0.060017481446266174,0.0285504087805748,-0.028911767527461052,0.12013912200927734,0.030351631343364716,-0.1432148516178131,0.08091755956411362,0.2506313920021057,-0.07909451425075531,-8.823659300105646e-05,2.626007244543871e-06,0.00020951750047970563,3.176632890244946e-05,-7.513078162446618e-05,-3.701650712173432e-06,0.00016859965398907661,0.004289416596293449,-0.028841346502304077,-0.004648694768548012,0.0010320395231246948,-0.01503618061542511,-0.01661166548728943,-0.0023592188954353333,-0.024622350931167603,0.09129777550697327,0.025702936574816704,-0.14218281209468842,0.06588137894868851,0.23401972651481628,-0.08145373314619064,-0.024622350931167603,0.09129777550697327,0.025702936574816704,-0.14218281209468842,0.06588137894868851,0.23401972651481628,-0.08145373314619064,-0.024622350931167603,0.09129777550697327,0.025702936574816704,-0.14218281209468842,0.06588137894868851,0.23401972651481628,-0.08145373314619064
5.067,0.021555356681346893,0.021555356681346893,nan,nan,nan,nan,0.10139147192239761,0.0,0.10062680393457413,0.7621610760688782,0.0,0.0,0.0,0.0,0.010999999940395355,0.013000000268220901,64.0,0.14293977618217468,0.46146196126937866,0.009391456842422485,8.700005531311035,-0.007689367048442364,-0.00796583853662014,0.10035032778978348,0.0,0.9924131035804749,0.01608724519610405,0.22379808127880096,9.0,1.0,0.0,0.0,0.021555352956056595,-3.725290298461914e-09,nan,0.007350787986069918,-0.0504414364695549,0.07842107862234116,0.04366965591907501,-0.09754715114831924,0.0808611735701561,0.17583397030830383,-0.1800755262374878,-0.013152096420526505,0.02044750563800335,0.01138642244040966,-0.02543443627655506,0.021083734929561615,0.04584693908691406,-0.046952880918979645,-0.03633003309369087,0.13315929472446442,0.04268530383706093,-0.12524469196796417,0.0916282907128334,0.2371055632829666,-0.11162818968296051,7.966622069943696e-05,2.0514713469310664e-05,3.9470382034778595e-05,3.3478267141617835e-05,-1.0446465239510871e-05,-9.507217328064144e-06,0.0001281705335713923,0.010376470163464546,-0.013300344347953796,-0.010139446705579758,-0.009172752499580383,-0.013811111450195312,0.002477988600730896,0.03482848405838013,-0.025953562930226326,0.11985895037651062,0.03254585713148117,-0.13441744446754456,0.07781717926263809,0.2395835518836975,-0.07679970562458038,-0.025953562930226326,0.11985895037651062,0.03254585713148117,-0.13441744446754456,0.07781717926263809,0.2395835518836975,-0.07679970562458038,-0.025953562930226326,0.11985895037651062,0.03254585713148117,-0.13441744446754456,0.07781717926263809,0.2395835518836975,-0.07679970562458038
5.136000000000003,0.02128608524799347,0.02128608524799347,nan,nan,nan,nan,0.09863339364528656,0.0,0.10098489373922348,0.7612454295158386,0.0,0.0,0.0,0.0,0.008999999612569809,0.019999999552965164,64.0,0.14272069931030273,0.5163876414299011,0.008888542652130127,10.40164852142334,-0.008537465706467628,-0.005784010514616966,0.10373834520578384,0.0,0.9836364984512329,0.016827384009957314,0.11132799834012985,9.0,1.0,0.0,0.0,0.02128608152270317,-3.725290298461914e-09,nan,0.004484529606997967,-0.0504414364695549,0.07842107862234116,0.04366965591907501,-0.09754715114831924,0.0808611735701561,0.17583397030830383,-0.1800755262374878,-0.027844199910759926,0.04328925162553787,0.024106105789542198,-0.053847044706344604,0.044636212289333344,0.09706219285726547,-0.09940356761217117,-0.05432585999369621,0.12412534654140472,0.05284322425723076,-0.13350404798984528,0.1043601781129837,0.2465171217918396,-0.18459540605545044,8.553246880182996e-05,2.0869436411885545e-05,3.486451169010252e-05,3.352173007442616e-05,-7.991066013346426e-06,-9.90208991424879e-06,0.0001278621202800423,0.01894301548600197,-0.0019159242510795593,-0.013248708099126816,0.0009718239307403564,-0.017422668635845184,-0.006128817796707153,0.07234379649162292,-0.035382844507694244,0.12220942229032516,0.03959451615810394,-0.13253222405910492,0.08693750947713852,0.24038830399513245,-0.11225160956382751,-0.035382844507694244,0.12220942229032516,0.03959451615810394,-0.13253222405910492,0.08693750947713852,0.24038830399513245,-0.11225160956382751,-0.035382844507694244,0.12220942229032516,0.03959451615810394,-0.13253222405910492,0.08693750947713852,0.24038830399513245,-0.11225160956382751
5.231999999999999,0.02134764939546585,0.02134764939546585,nan,nan,nan,nan,0.0993102490901947,0.0,0.0959719568490982,0.760729193687439,0.0,0.0,0.0,0.0,0.004999999888241291,0.02199999988079071,64.0,0.14271707832813263,2.034768581390381,0.020237639546394348,12.174673080444336,-0.008663637563586235,-0.0019871718250215054,0.10264842212200165,0.0026170164346694946,0.9945880174636841,0.01855718530714512,0.16888152062892914,9.0,1.0,0.0,0.0,0.021347645670175552,-3.725290298461914e-09,nan,0.009768974035978317,0.033433981239795685,0.020704880356788635,-0.0006697421194985509,-0.1472603678703308,-0.02079356461763382,0.25076496601104736,0.05875353142619133,0.004450458101928234,0.0027560642920434475,-8.915059152059257e-05,-0.019602095708251,-0.002767869271337986,0.033379778265953064,0.007820789702236652,-0.04592815041542053,0.12768958508968353,0.05451160669326782,-0.13614723086357117,0.13955073058605194,0.28046369552612305,-0.10368088632822037,-4.399334648041986e-05,5.775098998128669e-06,0.00016872910782694817,3.171829303028062e-05,-6.341115658869967e-05,-4.840985639020801e-06,0.00016616584616713226,-0.0017487965524196625,0.0028535574674606323,-0.0035863518714904785,0.003079026937484741,-0.01995798945426941,-0.022838354110717773,-0.028454385697841644,-0.047676946967840195,0.13054314255714417,0.050925254821777344,-0.13306820392608643,0.11959274113178253,0.2576253414154053,-0.132135272026062,-0.047676946967840195,0.13054314255714417,0.050925254821777344,-0.13306820392608643,0.11959274113178253,0.2576253414154053,-0.132135272026062,-0.047676946967840195,0.13054314255714417,0.050925254821777344,-0.13306820392608643,0.11959274113178253,0.2576253414154053,-0.132135272026062
5.3359999999999985,0.02046728879213333,0.02046728879213333,nan,nan,nan,nan,0.09216294437646866,0.0,0.09367041289806366,0.7581861019134521,0.0,0.0,0.0,0.0,0.014000000432133675,0.027000000700354576,64.0,0.14213675260543823,0.9610047340393066,0.015145167708396912,9.463926315307617,-0.007004648447036743,-0.008003727532923222,0.09267133474349976,-0.018355056643486023,0.9975837469100952,0.017402734607458115,0.21155938506126404,9.0,1.0,0.0,0.0,0.020467285066843033,-3.725290298461914e-09,nan,0.008290842175483704,-0.05359208211302757,0.07610233128070831,0.03471972793340683,-0.1154332235455513,0.09882809966802597,0.19116786122322083,-0.14315687119960785,-0.0,0.0,0.0,-0.0,0.0,0.0,-0.0,-0.026084480807185173,0.08014160394668579,0.03199832886457443,-0.14056764543056488,0.07970257103443146,0.2532752454280853,-0.07342220842838287,9.222785593010485e-05,2.077232966257725e-05,2.9562095733126625e-05,3.298820956842974e-05,-8.654192242829595e-06,-9.437039807380643e-06,0.00013004415086470544,-0.004568660631775856,0.023259617388248444,0.008200883865356445,-0.0011181384325027466,0.015367120504379272,0.014006644487380981,-0.012262135744094849,-0.03065314143896103,0.10340122133493423,0.04019921272993088,-0.14168578386306763,0.09506969153881073,0.2672818899154663,-0.08568434417247772,-0.03065314143896103,0.10340122133493423,0.04019921272993088,-0.14168578386306763,0.09506969153881073,0.2672818899154663,-0.08568434417247772,-0.03065314143896103,0.10340122133493423,0.04019921272993088,-0.14168578386306763,0.09506969153881073,0.2672818899154663,-0.08568434417247772
5.435000000000002,0.020153384655714035,0.020153384655714035,nan,nan,nan,nan,0.10358238965272903,0.0,0.09549479931592941,0.7566457390785217,0.0,0.0,0.0,0.0,0.006000000052154064,0.05400000140070915,64.0,0.14140166342258453,0.4650428891181946,0.008162111043930054,10.690226554870605,-0.004767631180584431,-0.004185833502560854,0.096076600253582,-0.0006255038315430284,0.9673445224761963,0.016419995576143265,0.17132514715194702,9.0,1.0,0.0,0.0,0.020153384655714035,0.0,nan,0.006780074909329414,0.017354603856801987,0.19899176061153412,0.031561221927404404,-0.05593205615878105,0.06317581236362457,0.18377360701560974,0.09062378108501434,0.006566860247403383,0.07529708743095398,0.011942545883357525,-0.021164298057556152,0.023905284702777863,0.0695386454463005,0.034291405230760574,-0.0075835781171917915,0.17477720975875854,0.038467101752758026,-0.10572955757379532,0.08797165751457214,0.24286164343357086,0.00833025574684143,8.695422002347186e-05,1.940084621310234e-05,3.896531416103244e-05,3.297390867373906e-05,-1.165199682873208e-05,-9.632161891204305e-06,0.00013595663767773658,-0.01580248400568962,-0.049953311681747437,-0.0004031062126159668,-0.020952992141246796,0.0029157400131225586,0.008257940411567688,-0.06217289716005325,-0.023386061191558838,0.12482389807701111,0.03806399554014206,-0.12668254971504211,0.0908873975276947,0.25111958384513855,-0.05384264141321182,-0.023386061191558838,0.12482389807701111,0.03806399554014206,-0.12668254971504211,0.0908873975276947,0.25111958384513855,-0.05384264141321182,-0.023386061191558838,0.12482389807701111,0.03806399554014206,-0.12668254971504211,0.0908873975276947,0.25111958384513855,-0.05384264141321182
5.542000000000002,0.019855264574289322,0.019855264574289322,nan,nan,nan,nan,0.0926952064037323,0.0,0.09374581277370453,0.7554765343666077,0.0,0.0,0.0,0.0,0.014999999664723873,0.027000000700354576,64.0,0.1410214751958847,1.2322356700897217,0.010643154382705688,26.819765090942383,-0.004849765449762344,-0.00696913618594408,0.09162644296884537,-0.004403707105666399,0.9829556345939636,0.015584798529744148,0.3099179267883301,9.0,1.0,0.0,0.0,0.019855260848999023,-3.725290298461914e-09,nan,0.006612902507185936,-0.054868780076503754,0.08759690076112747,0.05130856856703758,-0.08631222695112228,0.08266010135412216,0.16675736010074615,-0.1859922707080841,-0.0,0.0,0.0,-0.0,0.0,0.0,-0.0,-0.03823918476700783,0.12209784984588623,0.04753319174051285,-0.09535573422908783,0.0863354280591011,0.19871219992637634,-0.1168479174375534,8.967804751591757e-05,1.874143345048651e-05,3.742670742212795e-05,3.224039028282277e-05,-1.4316601664177142e-05,-9.083859367819969e-06,0.00013926165411248803,0.010714847594499588,0.008516639471054077,-0.0053160786628723145,-0.015585541725158691,0.0023882314562797546,0.02976582944393158,0.04492397606372833,-0.02752433717250824,0.1306144893169403,0.04221711307764053,-0.11094127595424652,0.08872365951538086,0.22847802937030792,-0.07192394137382507,-0.02752433717250824,0.1306144893169403,0.04221711307764053,-0.11094127595424652,0.08872365951538086,0.22847802937030792,-0.07192394137382507,-0.02752433717250824,0.1306144893169403,0.04221711307764053,-0.11094127595424652,0.08872365951538086,0.22847802937030792,-0.07192394137382507
5.610999999999997,0.019179079681634903,0.019179079681634903,nan,nan,nan,nan,0.08959466218948364,0.0,0.09135102480649948,0.7542142271995544,0.0,0.0,0.0,0.0,0.014000000432133675,0.006000000052154064,64.0,0.14049063622951508,1.1280523538589478,0.015332363545894623,10.011666297912598,-0.00416342169046402,-0.007287859916687012,0.08822658658027649,-0.0646052286028862,0.9963024258613586,0.014402690343558788,0.29199153184890747,9.0,1.0,0.0,0.0,0.019179072231054306,-7.450580596923828e-09,nan,0.005499448161572218,-0.06808200478553772,0.10937394201755524,0.05018783360719681,-0.07245440781116486,0.11629302054643631,0.16863010823726654,-0.1538620889186859,-0.0,0.0,0.0,-0.0,0.0,0.0,-0.0,-0.026587486267089844,0.1221146211028099,0.037612054497003555,-0.08739718794822693,0.06151164323091507,0.1910521686077118,-0.07898885756731033,0.00010592039325274527,2.0063138435943983e-05,2.293111538165249e-05,3.265148916398175e-05,-8.652387805341277e-06,-1.0193935850111302e-05,0.0001376098662149161,0.005514401942491531,0.006196506321430206,0.0005961991846561432,-0.014201335608959198,0.006024710834026337,0.022403985261917114,0.014489993453025818,-0.021073084324598312,0.1283111274242401,0.0382082536816597,-0.10159852355718613,0.0675363540649414,0.2134561538696289,-0.06449886411428452,-0.021073084324598312,0.1283111274242401,0.0382082536816597,-0.10159852355718613,0.0675363540649414,0.2134561538696289,-0.06449886411428452,-0.021073084324598312,0.1283111274242401,0.0382082536816597,-0.10159852355718613,0.0675363540649414,0.2134561538696289,-0.06449886411428452
5.686,0.018791187554597855,0.018791187554597855,nan,nan,nan,nan,0.08794678747653961,0.0,0.08643874526023865,0.75278240442276,0.0,0.0,0.0,0.0,0.006000000052154064,0.02500000037252903,64.0,0.14001132547855377,1.4152629375457764,0.015207566320896149,17.38323211669922,-0.0069983163848519325,-0.007507079280912876,0.0859299823641777,-0.004855245351791382,0.9931771159172058,0.01384017989039421,0.3155784606933594,9.0,1.0,0.0,0.0,0.018791183829307556,-3.725290298461914e-09,nan,0.0051883007399737835,0.02152804471552372,0.21563638746738434,0.030710743740200996,-0.014413210563361645,0.05029628425836563,0.17457465827465057,0.09423676878213882,0.0,0.0,0.0,-0.0,0.0,0.0,0.0,-0.02971470169723034,0.1399039924144745,0.04038865491747856,-0.06476840376853943,0.07809428870677948,0.17924869060516357,-0.06405893713235855,9.577267337590456e-05,1.878280636447016e-05,3.6447156162466854e-05,3.373686922714114e-05,-1.570854874444194e-05,-1.0495016795175616e-05,0.00014581033610738814,0.0004246905446052551,-0.012681320309638977,-0.0003811679780483246,-0.023255184292793274,-0.0042631253600120544,0.01772552728652954,-0.013265378773212433,-0.029290011152625084,0.1272226721048355,0.04000748693943024,-0.0880235880613327,0.07383116334676743,0.19697421789169312,-0.07732431590557098,-0.029290011152625084,0.1272226721048355,0.04000748693943024,-0.0880235880613327,0.07383116334676743,0.19697421789169312,-0.07732431590557098,-0.029290011152625084,0.1272226721048355,0.04000748693943024,-0.0880235880613327,0.07383116334676743,0.19697421789169312,-0.07732431590557098
5.753,0.018689293414354324,0.018689293414354324,nan,nan,nan,nan,0.09428946673870087,0.0,0.09015641361474991,0.7515891790390015,0.0,0.0,0.0,0.0,0.008999999612569809,0.020999999716877937,64.0,0.13962435722351074,0.44541341066360474,0.009002164006233215,8.734465599060059,-0.003201914019882679,-0.005331755615770817,0.08802657574415207,0.0,0.9927247762680054,0.0132078742608428,0.26221799850463867,9.0,1.0,0.0,0.0,0.018689285963773727,-7.450580596923828e-09,nan,0.004660023842006922,-0.06619555503129959,0.09680794924497604,0.06397347152233124,-0.0625767633318901,0.09465675055980682,0.1555841863155365,-0.1872740536928177,-0.0,0.0,0.0,-0.0,0.0,0.0,-0.0,-0.018244143575429916,0.15933570265769958,0.04173693060874939,-0.04563151299953461,0.07127811014652252,0.17281071841716766,-0.030777707695961,-0.00033316080225631595,-3.6346082197269425e-05,0.0004707700863946229,2.6748159143608063e-05,-0.000249884178629145,1.3490811397787184e-05,0.0003083764750044793,-0.003183932974934578,-0.013211697340011597,-0.0023525170981884003,-0.021265767514705658,0.00019384175539016724,0.01355789601802826,-0.015056751668453217,-0.021428076550364494,0.146124005317688,0.03938441351056099,-0.06689728051424026,0.07147195190191269,0.18636861443519592,-0.045834459364414215,-0.021428076550364494,0.146124005317688,0.03938441351056099,-0.06689728051424026,0.07147195190191269,0.18636861443519592,-0.045834459364414215,-0.021428076550364494,0.146124005317688,0.03938441351056099,-0.06689728051424026,0.07147195190191269,0.18636861443519592,-0.045834459364414215
5.829000000000001,0.01779058203101158,0.01779058203101158,nan,nan,nan,nan,0.0818418562412262,0.0,0.0835583508014679,0.7506751418113708,0.0,0.0,0.0,0.0,0.006000000052154064,0.017000000923871994,64.0,0.1392991840839386,0.5258936285972595,0.00931229442358017,8.383255004882812,-0.004158699885010719,-0.006326349452137947,0.08139070123434067,-0.013667869381606579,0.9769701361656189,0.013025760650634766,0.29846492409706116,9.0,1.0,0.0,0.0,0.01779058203101158,0.0,nan,0.004707210697233677,-0.06619555503129959,0.09680794924497604,0.06397347152233124,-0.0625767633318901,0.09465675055980682,0.1555841863155365,-0.1872740536928177,-0.0,0.0,0.0,-0.0,0.0,0.0,-0.0,-0.0459289625287056,0.12323520332574844,0.05457523092627525,-0.05541487783193588,0.08477579802274704,0.16286496818065643,-0.12113112211227417,-0.0002712068671826273,-2.991550718434155e-05,0.0004101641243323684,2.7540118026081473e-05,-0.00022671667102258652,1.103240174415987e-05,0.00029603857547044754,0.015753911808133125,0.016061358153820038,-0.009132016450166702,-0.004384458065032959,-0.008389793336391449,0.012932896614074707,0.04920072853565216,-0.03017505072057247,0.13929656147956848,0.04544321447610855,-0.05979933589696884,0.07638600468635559,0.17579786479473114,-0.07193039357662201,-0.03017505072057247,0.13929656147956848,0.04544321447610855,-0.05979933589696884,0.07638600468635559,0.17579786479473114,-0.07193039357662201,-0.03017505072057247,0.13929656147956848,0.04544321447610855,-0.05979933589696884,0.07638600468635559,0.17579786479473114,-0.07193039357662201
5.930999999999997,0.017498955130577087,0.017498955130577087,nan,nan,nan,nan,0.07755592465400696,0.0,0.08156090974807739,0.7498958110809326,0.0,0.0,0.0,0.0,0.008999999612569809,0.019999999552965164,64.0,0.13899891078472137,0.7696244716644287,0.009809620678424835,20.847610473632812,-0.005258332937955856,-0.0047848038375377655,0.08203443884849548,-0.006183795630931854,0.9899351000785828,0.011843379586935043,0.24391445517539978,9.0,1.0,0.0,0.0,0.01749894767999649,-7.450580596923828e-09,nan,0.0038018410559743643,-0.09263225644826889,0.10534210503101349,0.06223953142762184,-0.05192895606160164,0.13221588730812073,0.12883473932743073,-0.17225708067417145,-0.0,0.0,0.0,-0.0,0.0,0.0,-0.0,-0.04228803515434265,0.09438160061836243,0.043333202600479126,-0.05942470580339432,0.07617520540952682,0.13570620119571686,-0.09189164638519287,-0.0002935579395852983,-3.443060631980188e-05,0.0004331383970566094,2.6577477910905145e-05,-0.0002501492854207754,1.3615291209134739e-05,0.00031424814369529486,0.010325044393539429,0.022161036729812622,0.000338967889547348,-0.0007258132100105286,-0.005030356347560883,0.022023871541023254,0.01419001817703247,-0.03196299076080322,0.11654263734817505,0.043672170490026474,-0.060150519013404846,0.07114484906196594,0.1577300727367401,-0.0777016282081604,-0.03196299076080322,0.11654263734817505,0.043672170490026474,-0.060150519013404846,0.07114484906196594,0.1577300727367401,-0.0777016282081604,-0.03196299076080322,0.11654263734817505,0.043672170490026474,-0.060150519013404846,0.07114484906196594,0.1577300727367401,-0.0777016282081604
5.993000000000002,0.017205029726028442,0.017205029726028442,nan,nan,nan,nan,0.07886472344398499,0.0,0.0767194926738739,0.7486437559127808,0.0,0.0,0.0,0.0,0.00800000037997961,0.017999999225139618,64.0,0.13861699402332306,1.194581389427185,0.01430511474609375,8.428089141845703,-0.008348003029823303,-0.004723242484033108,0.08034425228834152,0.0,0.9926970601081848,0.01186918281018734,0.2336246818304062,9.0,1.0,0.0,0.0,0.017205026000738144,-3.725290298461914e-09,nan,0.0037478397134691477,0.026265889406204224,0.18450060486793518,0.031809769570827484,-0.0523783303797245,0.042350634932518005,0.21175765991210938,0.06985267996788025,0.0,0.0,0.0,-0.0,0.0,0.0,0.0,-0.03397278115153313,0.12540458142757416,0.04465562477707863,-0.05526992678642273,0.08019889146089554,0.15768766403198242,-0.06226734071969986,0.00011578817066038027,1.85232020157855e-05,2.5335986720165238e-05,3.398718035896309e-05,-1.3956400835013483e-05,-1.2646719369513448e-05,0.00015439493290614337,-0.006223559379577637,-0.012448318302631378,0.0009553432464599609,-0.0029125139117240906,-0.00030854344367980957,-0.007090345025062561,-0.024032749235630035,-0.040196340531110764,0.11295626312494278,0.04561096802353859,-0.05818244069814682,0.07989034801721573,0.15059731900691986,-0.0863000899553299,-0.040196340531110764,0.11295626312494278,0.04561096802353859,-0.05818244069814682,0.07989034801721573,0.15059731900691986,-0.0863000899553299,-0.040196340531110764,0.11295626312494278,0.04561096802353859,-0.05818244069814682,0.07989034801721573,0.15059731900691986,-0.0863000899553299
6.07,0.01645280048251152,0.01645280048251152,nan,nan,nan,nan,0.08105076849460602,0.0,0.07610823959112167,0.7463316917419434,0.0,0.0,0.0,0.0,0.006000000052154064,0.019999999552965164,64.0,0.1380816251039505,0.44231581687927246,0.008781440556049347,8.3840913772583,-0.003907589241862297,-0.007645249366760254,0.07237058132886887,-0.013873353600502014,0.9950360655784607,0.012024462223052979,0.27102360129356384,9.0,1.0,0.0,0.0,0.01645280048251152,0.0,nan,0.004155876114964485,-0.07074367254972458,0.08130285888910294,0.07589856535196304,-0.05762243643403053,0.09696169942617416,0.1620195508003235,-0.18344572186470032,-0.0,0.0,0.0,-0.0,0.0,0.0,-0.0,-0.017891984432935715,0.139812171459198,0.04596269503235817,-0.054695747792720795,0.06891519576311111,0.17987073957920074,-0.03508533164858818,0.00012372355558909476,1.8887167243519798e-05,1.9873072233167477e-05,3.383231160114519e-05,-1.115805844165152e-05,-1.2994266398891341e-05,0.00015502246969845146,-0.008618097752332687,-0.010374724864959717,-0.0022280998528003693,-0.0015079081058502197,0.00435212254524231,-0.014912888407707214,-0.01714111492037773,-0.026510082185268402,0.12943744659423828,0.0437345951795578,-0.056203655898571014,0.07326731830835342,0.16495785117149353,-0.05222644656896591,-0.026510082185268402,0.12943744659423828,0.0437345951795578,-0.056203655898571014,0.07326731830835342,0.16495785117149353,-0.05222644656896591,-0.026510082185268402,0.12943744659423828,0.0437345951795578,-0.056203655898571014,0.07326731830835342,0.16495785117149353,-0.05222644656896591
6.164999999999999,0.015887286514043808,0.015887286514043808,nan,nan,nan,nan,0.07227569073438644,0.0,0.07259510457515717,0.7452517151832581,0.0,0.0,0.0,0.0,0.00800000037997961,0.02199999988079071,64.0,0.13725344836711884,0.4243291914463043,0.007413327693939209,9.07072639465332,-0.0033439137041568756,-0.007751706056296825,0.06818731874227524,0.0,0.9816147685050964,0.01247171126306057,0.22992028295993805,9.0,1.0,0.0,0.0,0.01588728278875351,-3.725290298461914e-09,nan,0.004725226201117039,-0.07074367254972458,0.08130285888910294,0.07589856535196304,-0.05762243643403053,0.09696169942617416,0.1620195508003235,-0.18344572186470032,-0.0,0.0,0.0,-0.0,0.0,0.0,-0.0,-0.049520093947649,0.10479837656021118,0.06387726217508316,-0.05644717067480087,0.08569911122322083,0.16918805241584778,-0.12386884540319443,0.0001072517188731581,1.583001903782133e-05,4.008076211903244e-05,3.313584238640033e-05,-2.6149204131797887e-05,-1.1263256055826787e-05,0.00016959759523160756,0.015170086175203323,0.016374140977859497,-0.011899583041667938,0.00036644190549850464,-0.008174099028110504,-0.0005816817283630371,0.045957811176776886,-0.03435000777244568,0.12117251753807068,0.05197767913341522,-0.05608072876930237,0.07752501219511032,0.16860637068748474,-0.07791103422641754,-0.03435000777244568,0.12117251753807068,0.05197767913341522,-0.05608072876930237,0.07752501219511032,0.16860637068748474,-0.07791103422641754,-0.03435000777244568,0.12117251753807068,0.05197767913341522,-0.05608072876930237,0.07752501219511032,0.16860637068748474,-0.07791103422641754
6.241999999999997,0.01533594075590372,0.01533594075590372,nan,nan,nan,nan,0.07583785057067871,0.0,0.07173189520835876,0.7436566948890686,0.0,0.0,0.0,0.0,0.009999999776482582,0.010999999940395355,64.0,0.1367897391319275,0.7098876237869263,0.008866190910339355,9.495746612548828,-0.0009848810732364655,-0.0061794426292181015,0.06653732806444168,-0.006313859019428492,0.9911285042762756,0.012749486602842808,0.28177061676979065,9.0,1.0,0.0,0.0,0.01533594075590372,0.0,nan,0.004541439935564995,-0.09726093709468842,0.14252884685993195,0.07749462127685547,-0.021833116188645363,0.12666547298431396,0.12739378213882446,-0.14652787148952484,-0.0,0.0,0.0,-0.0,0.0,0.0,-0.0,-0.030102983117103577,0.10629016160964966,0.06173577532172203,-0.0663888081908226,0.10675692558288574,0.189085453748703,-0.04016013443470001,0.00012541719479486346,1.819445242290385e-05,2.4494927856721915e-05,3.403395021450706e-05,-1.6361924281227402e-05,-1.2853672160417773e-05,0.00016541738295927644,-0.006095550954341888,0.008150950074195862,-0.0029161013662815094,0.009427584707736969,-0.011233992874622345,-0.01492290198802948,-0.026549220085144043,-0.036198534071445465,0.11444111168384552,0.05881967395544052,-0.05696122348308563,0.0955229327082634,0.17416255176067352,-0.06670935451984406,-0.036198534071445465,0.11444111168384552,0.05881967395544052,-0.05696122348308563,0.0955229327082634,0.17416255176067352,-0.06670935451984406,-0.036198534071445465,0.11444111168384552,0.05881967395544052,-0.05696122348308563,0.0955229327082634,0.17416255176067352,-0.06670935451984406
6.332999999999998,0.01542805414646864,0.01542805414646864,nan,nan,nan,nan,0.06890307366847992,0.0,0.06970683485269547,0.7429181933403015,0.0,0.0,0.0,0.0,0.00800000037997961,0.017999999225139618,64.0,0.136744886636734,0.43523311614990234,0.007552094757556915,21.53944969177246,-0.003381110727787018,-0.0029594069346785545,0.07012853771448135,0.004421092104166746,0.9953474998474121,0.013084599748253822,0.23634344339370728,9.0,1.0,0.0,0.0,0.015428050421178341,-3.725290298461914e-09,nan,0.004764437675476074,0.031468529254198074,0.2017078697681427,0.02948809787631035,-0.016163060441613197,0.03469136357307434,0.20098085701465607,0.07480695098638535,0.002662322949618101,0.017065033316612244,0.00249477312900126,-0.00136743881739676,0.002934983465820551,0.017003526911139488,0.0063288710080087185,-0.0459425114095211,0.14326730370521545,0.06360847502946854,-0.040425028651952744,0.10377754271030426,0.17238403856754303,-0.06153770908713341,0.00012477037671487778,1.82294643309433e-05,2.557899642852135e-05,3.4519180189818144e-05,-1.7948399545275606e-05,-1.2941311069880612e-05,0.00016719145060051233,0.0017200671136379242,-0.022240713238716125,-0.0007960349321365356,-0.011788453906774521,-0.0001730099320411682,-0.0005716234445571899,-0.008846905082464218,-0.04422244429588318,0.12102659046649933,0.062812440097332,-0.052213482558727264,0.10360453277826309,0.17181241512298584,-0.07038461416959763,-0.04422244429588318,0.12102659046649933,0.062812440097332,-0.052213482558727264,0.10360453277826309,0.17181241512298584,-0.07038461416959763,-0.04422244429588318,0.12102659046649933,0.062812440097332,-0.052213482558727264,0.10360453277826309,0.17181241512298584,-0.07038461416959763
6.405999999999999,0.015483618713915348,0.015483618713915348,nan,nan,nan,nan,0.07864369451999664,0.0,0.07344795018434525,0.7419994473457336,0.0,0.0,0.0,0.0,0.009999999776482582,0.010999999940395355,64.0,0.13673128187656403,0.7167235016822815,0.009510666131973267,9.446013450622559,0.0008595865219831467,-0.0015863776206970215,0.07100198417901993,0.0,0.9858964085578918,0.013630968518555164,0.21742796897888184,9.0,1.0,0.0,0.0,0.015483618713915348,0.0,nan,0.005634271074086428,-0.08435523509979248,0.08717527985572815,0.09293513000011444,-0.04172704741358757,0.09587755054235458,0.1473565697669983,-0.18439121544361115,-0.0,0.0,0.0,-0.0,0.0,0.0,-0.0,-0.01025398075580597,0.1859794557094574,0.05401669442653656,-0.030727026984095573,0.0735464096069336,0.20452295243740082,-0.0032771900296211243,-0.00029988435562700033,-4.245780291967094e-05,0.0004379240272101015,2.237569060525857e-05,-0.000331263494445011,2.5853807528619654e-05,0.00038296706043183804,-0.016034040600061417,-0.030559062957763672,0.003264114260673523,-0.010519193485379219,0.01591874659061432,-0.016235962510108948,-0.028907157480716705,-0.026288021355867386,0.15542039275169373,0.05728080868721008,-0.04124622046947479,0.08946515619754791,0.18828698992729187,-0.03218434751033783,-0.026288021355867386,0.15542039275169373,0.05728080868721008,-0.04124622046947479,0.08946515619754791,0.18828698992729187,-0.03218434751033783,-0.026288021355867386,0.15542039275169373,0.05728080868721008,-0.04124622046947479,0.08946515619754791,0.18828698992729187,-0.03218434751033783
6.481000000000002,0.01532967109233141,0.01532967109233141,nan,nan,nan,nan,0.07159626483917236,0.0,0.07282351702451706,0.7410718202590942,0.0,0.0,0.0,0.0,0.006000000052154064,0.019999999552965164,64.0,0.1364976465702057,1.2901909351348877,0.2558566629886627,9.446844100952148,0.0006822571158409119,-0.0025015221908688545,0.06963973492383957,0.0,0.9745257496833801,0.013619636185467243,0.23187986016273499,9.0,1.0,0.0,0.0,0.015329667367041111,-3.725290298461914e-09,nan,0.005142390727996826,-0.08435523509979248,0.08717527985572815,0.09293513000011444,-0.04172704741358757,0.09587755054235458,0.1473565697669983,-0.18439121544361115,-0.008094422519207,0.008365023881196976,0.008917718194425106,-0.004003976006060839,0.009200061671435833,0.014139801263809204,-0.01769351214170456,-0.05434282124042511,0.13132648169994354,0.07817929238080978,-0.037876490503549576,0.08829175680875778,0.17490831017494202,-0.11058555543422699,0.00013625583960674703,2.0747653252328746e-05,1.4768189430469647e-05,3.6717399780172855e-05,-1.2332114238233771e-05,-1.4533320609189104e-05,0.00016444736684206873,0.020048238337039948,0.0187385231256485,-0.01387004554271698,-0.0005929954349994659,-0.001702912151813507,0.009926334023475647,0.05380161106586456,-0.03429458290338516,0.15006500482559204,0.0643092468380928,-0.03846948593854904,0.08658884465694427,0.18483464419841766,-0.05678394436836243,-0.03429458290338516,0.15006500482559204,0.0643092468380928,-0.03846948593854904,0.08658884465694427,0.18483464419841766,-0.05678394436836243,-0.03429458290338516,0.15006500482559204,0.0643092468380928,-0.03846948593854904,0.08658884465694427,0.18483464419841766,-0.05678394436836243
6.560000000000002,0.015051518566906452,0.015051518566906452,nan,nan,nan,nan,0.0654422715306282,0.0,0.06825307011604309,0.7396053075790405,0.0,0.0,0.0,0.0,0.006000000052154064,0.014000000432133675,64.0,0.13664135336875916,0.7582921385765076,0.009552575647830963,10.556156158447266,-0.001683104783296585,-0.0017600059509277344,0.06817616522312164,9.978455636883155e-05,0.9901664853096008,0.013940639793872833,0.2979857325553894,9.0,1.0,0.0,0.0,0.015051514841616154,-3.725290298461914e-09,nan,0.00564568443223834,-0.08619078993797302,0.15879018604755402,0.07807502895593643,-0.02245244011282921,0.11591396480798721,0.1637294739484787,-0.1025359034538269,-0.0,0.0,0.0,-0.0,0.0,0.0,-0.0,-0.07460032403469086,0.1342981904745102,0.09005298465490341,-0.02568521723151207,0.12094557285308838,0.16345076262950897,-0.11097464710474014,-0.00036537047708407044,-5.3242212743498385e-05,0.0004984664265066385,2.024381683440879e-05,-0.00040835331310518086,3.5289169318275526e-05,0.00043887653737328947,0.021794937551021576,0.004040971398353577,-0.013029903173446655,-0.00934896245598793,-0.02244430035352707,0.011974290013313293,0.020561881363391876,-0.05280538648366928,0.13833916187286377,0.07702308148145676,-0.0350341796875,0.09850127249956131,0.17542505264282227,-0.09041276574134827,-0.05280538648366928,0.13833916187286377,0.07702308148145676,-0.0350341796875,0.09850127249956131,0.17542505264282227,-0.09041276574134827,-0.05280538648366928,0.13833916187286377,0.07702308148145676,-0.0350341796875,0.09850127249956131,0.17542505264282227,-0.09041276574134827
6.652000000000001,0.015269181691110134,0.015269181691110134,nan,nan,nan,nan,0.06321850419044495,0.0,0.06473094969987869,0.7387384176254272,0.0,0.0,0.0,0.0,0.012000000104308128,0.01600000075995922,64.0,0.13651277124881744,0.761955976486206,0.01401267945766449,10.736360549926758,-0.006573295220732689,-0.0005606543272733688,0.07074359059333801,0.0,0.9973970651626587,0.014397493563592434,0.25586017966270447,9.0,1.0,0.0,0.0,0.015269181691110134,0.0,nan,0.005659674759954214,-0.0048150792717933655,0.21949845552444458,0.06651464104652405,0.004621575120836496,0.06848461925983429,0.18057787418365479,0.007291944697499275,-0.0001424449437763542,0.0064934431575238705,0.0019677088130265474,0.00013672048225998878,0.002025987021625042,0.005342051852494478,0.00021571828983724117,-0.068679578602314,0.1614527851343155,0.0816102996468544,-0.019311459735035896,0.11101503670215607,0.1683274656534195,-0.08810494095087051,-0.00036531282239593565,-5.4807478591101244e-05,0.000493182975333184,1.965651972568594e-05,-0.0004305817128624767,3.721845132531598e-05,0.0004540028457995504,0.0026335716247558594,-0.016966432332992554,-0.00025175511837005615,-0.009337924420833588,-0.002350851893424988,0.0019526630640029907,-0.009024329483509064,-0.06604600697755814,0.14448635280132294,0.08135854452848434,-0.028649384155869484,0.10866418480873108,0.17028012871742249,-0.09712927043437958,-0.06604600697755814,0.14448635280132294,0.08135854452848434,-0.028649384155869484,0.10866418480873108,0.17028012871742249,-0.09712927043437958,-0.06604600697755814,0.14448635280132294,0.08135854452848434,-0.028649384155869484,0.10866418480873108,0.17028012871742249,-0.09712927043437958
6.732999999999997,0.015269138850271702,0.015269138850271702,nan,nan,nan,nan,0.06804345548152924,0.0,0.06657978892326355,0.7380056977272034,0.0,0.0,0.0,0.0,0.014999999664723873,0.010999999940395355,64.0,0.13628889620304108,0.8183093667030334,0.00916793942451477,20.38808822631836,-0.0049894098192453384,-0.004106974229216576,0.06746222078800201,0.0,0.9915808439254761,0.014322193339467049,0.3303857445716858,9.0,1.0,0.0,0.0,0.015269133262336254,-5.587935447692871e-09,nan,0.005412776954472065,-0.10069739073514938,0.0774296298623085,0.10613660514354706,-0.022246357053518295,0.09463396668434143,0.12525387108325958,-0.19354763627052307,-0.0,0.0,0.0,-0.0,0.0,0.0,-0.0,-0.07450566440820694,0.13344860076904297,0.09182678163051605,-0.017157860100269318,0.09810438752174377,0.15236026048660278,-0.1236247792840004,-0.0003157542960252613,-4.85428718093317e-05,0.000442523043602705,1.9624400010798126e-05,-0.0004096210468560457,3.5372391721466556e-05,0.000440549774793908,0.00927676260471344,0.01664412021636963,-0.007663361728191376,-0.004199717193841934,0.005471326410770416,0.013824552297592163,0.026757322251796722,-0.0652289018034935,0.1500927209854126,0.08416341990232468,-0.021357577294111252,0.10357571393251419,0.16618481278419495,-0.09686745703220367,-0.0652289018034935,0.1500927209854126,0.08416341990232468,-0.021357577294111252,0.10357571393251419,0.16618481278419495,-0.09686745703220367,-0.0652289018034935,0.1500927209854126,0.08416341990232468,-0.021357577294111252,0.10357571393251419,0.16618481278419495,-0.09686745703220367
6.802,0.014470514841377735,0.014470514841377735,nan,nan,nan,nan,0.06216176971793175,0.0,0.06174878776073456,0.7371528744697571,0.0,0.0,0.0,0.0,0.006000000052154064,0.019999999552965164,64.0,0.1359299272298813,0.744560718536377,0.010234303772449493,14.844321250915527,-0.004816062748432159,-0.00734531506896019,0.05921953544020653,-0.01974795013666153,0.9821619391441345,0.014185815118253231,0.32494762539863586,9.0,1.0,0.0,0.0,0.014470511116087437,-3.725290298461914e-09,nan,0.005447048228234053,-0.10069739073514938,0.0774296298623085,0.10613660514354706,-0.022246357053518295,0.09463396668434143,0.12525387108325958,-0.19354763627052307,-0.0,0.0,0.0,-0.0,0.0,0.0,-0.0,-0.0883941799402237,0.10384822636842728,0.09943298995494843,-0.01985706016421318,0.09630265086889267,0.1380685716867447,-0.16067546606063843,0.00015023151354398578,2.095969466608949e-05,3.8213079278648365e-06,3.890617881552316e-05,-8.676136530993972e-06,-1.8419754269416444e-05,0.00016579695511609316,0.014253757894039154,0.02859637886285782,-0.00915505737066269,-0.0004694424569606781,0.004125259816646576,0.01692967116832733,0.03908698260784149,-0.07414042204618454,0.1324446052312851,0.09027793258428574,-0.02032650262117386,0.10042791068553925,0.15499824285507202,-0.12158848345279694,-0.07414042204618454,0.1324446052312851,0.09027793258428574,-0.02032650262117386,0.10042791068553925,0.15499824285507202,-0.12158848345279694,-0.07414042204618454,0.1324446052312851,0.09027793258428574,-0.02032650262117386,0.10042791068553925,0.15499824285507202,-0.12158848345279694
6.886000000000003,0.013873898424208164,0.013873898424208164,nan,nan,nan,nan,0.050122279673814774,0.0,0.057724446058273315,0.7360125780105591,0.0,0.0,0.0,0.0,0.006000000052154064,0.019999999552965164,64.0,0.1350821852684021,0.8083749413490295,0.009898096323013306,13.453656196594238,-0.0055338721722364426,-0.006892923265695572,0.056365396827459335,0.0,0.9791375994682312,0.013715997338294983,0.27419593930244446,9.0,1.0,0.0,0.0,0.013873896561563015,-1.862645149230957e-09,nan,0.005053240340203047,-0.14703942835330963,0.18928325176239014,0.05064541473984718,0.044547878205776215,0.06505477428436279,-0.019611088559031487,-0.15292178094387054,-0.0,0.0,0.0,0.0,0.0,-0.0,-0.0,-0.0934101864695549,0.1535736322402954,0.08687981963157654,0.021169163286685944,0.1161692887544632,0.09426096826791763,-0.08865058422088623,0.00014167922199703753,1.8212023860542104e-05,1.6574727851548232e-05,3.6972156522097066e-05,-2.2610976884607226e-05,-1.570722997712437e-05,0.0001807238149922341,0.013361342251300812,-0.0168154239654541,0.00512000173330307,-0.025084422901272774,-0.005932122468948364,0.04061643034219742,-0.017731554806232452,-0.08004884421825409,0.1367582082748413,0.09199982136487961,-0.00391525961458683,0.11023716628551483,0.13487739861011505,-0.10638213902711868,-0.08004884421825409,0.1367582082748413,0.09199982136487961,-0.00391525961458683,0.11023716628551483,0.13487739861011505,-0.10638213902711868,-0.08004884421825409,0.1367582082748413,0.09199982136487961,-0.00391525961458683,0.11023716628551483,0.13487739861011505,-0.10638213902711868
6.979999999999997,0.013088623993098736,0.013088623993098736,nan,nan,nan,nan,0.05026039108633995,0.0,0.04871918633580208,0.7349874973297119,0.0,0.0,0.0,0.0,0.0,0.020999999716877937,64.0,0.134459987282753,0.9152721762657166,0.010304152965545654,10.384795188903809,-0.010239768773317337,-0.005556618794798851,0.053402334451675415,-0.011365505866706371,0.9972872734069824,0.01284138485789299,0.2858794629573822,9.0,1.0,0.0,0.0,0.013088620267808437,-3.725290298461914e-09,nan,0.004470257554203272,-0.11998887360095978,0.028795819729566574,0.1058385893702507,-0.021262269467115402,0.06567023694515228,0.07452284544706345,-0.23076686263084412,-0.0,0.0,0.0,-0.0,0.0,0.0,-0.0,-0.06684008985757828,0.14079861342906952,0.07116720080375671,0.004433321300894022,0.07664076238870621,0.12046647816896439,-0.08370596170425415,0.0001607942394912243,2.089769986923784e-05,1.5703556073276559e-06,3.7138288462301716e-05,-7.516892310377443e-06,-1.66604841069784e-05,0.00017320248298346996,-0.01034003496170044,0.008646860718727112,0.00814054161310196,0.002112340647727251,0.01970008760690689,-0.0018896609544754028,-0.005713082849979401,-0.07718012481927872,0.14944547414779663,0.07930774241685867,0.006545661948621273,0.0963408499956131,0.11857681721448898,-0.08941904455423355,-0.07718012481927872,0.14944547414779663,0.07930774241685867,0.006545661948621273,0.0963408499956131,0.11857681721448898,-0.08941904455423355,-0.07718012481927872,0.14944547414779663,0.07930774241685867,0.006545661948621273,0.0963408499956131,0.11857681721448898,-0.08941904455423355
7.060000000000002,0.012421681545674801,0.012421681545674801,nan,nan,nan,nan,0.04605071246623993,0.0,0.04552854597568512,0.7332991361618042,0.0,0.0,0.0,0.0,0.004999999888241291,0.013000000268220901,64.0,0.1338498443365097,0.9336890578269958,0.011933967471122742,14.658777236938477,-0.009591118432581425,-0.007768106646835804,0.04735155776143074,-0.02830776385962963,0.9610965847969055,0.012410014867782593,0.285412073135376,9.0,1.0,0.0,0.0,0.012421677820384502,-3.725290298461914e-09,nan,0.004183370154350996,-0.11998887360095978,0.028795819729566574,0.1058385893702507,-0.021262269467115402,0.06567023694515228,0.07452284544706345,-0.23076686263084412,-0.0,0.0,0.0,-0.0,0.0,0.0,-0.0,-0.09447905421257019,0.08255380392074585,0.08919735997915268,-0.008929155766963959,0.07093576341867447,0.09657441079616547,-0.16018204391002655,0.00015627651009708643,2.0364645024528727e-05,8.271433216577861e-06,3.648095662356354e-05,-1.4275741705205292e-05,-1.4579076378140599e-05,0.00018055470718536526,0.012696772813796997,0.04335026443004608,-0.007463634014129639,0.010030119679868221,0.014574304223060608,0.014790453016757965,0.047632575035095215,-0.0817822813987732,0.12590406835079193,0.08173372596502304,0.0011009639129042625,0.08551006764173508,0.11136486381292343,-0.11254946887493134,-0.0817822813987732,0.12590406835079193,0.08173372596502304,0.0011009639129042625,0.08551006764173508,0.11136486381292343,-0.11254946887493134,-0.0817822813987732,0.12590406835079193,0.08173372596502304,0.0011009639129042625,0.08551006764173508,0.11136486381292343,-0.11254946887493134
7.131999999999998,0.011659699492156506,0.011659699492156506,nan,nan,nan,nan,0.054139263927936554,0.0,0.047498997300863266,0.7297101616859436,0.0,0.0,0.0,0.0,0.01600000075995922,0.012000000104308128,64.0,0.13266409933567047,0.549415111541748,0.008553266525268555,15.975136756896973,-0.004619073588401079,-0.008695240132510662,0.04342282935976982,0.0,0.6611459255218506,0.009155702777206898,0.23481936752796173,9.0,1.0,0.0,0.0,0.011659695766866207,-3.725290298461914e-09,nan,0.0025122978258877993,-0.01424885168671608,0.06076677516102791,0.019667359068989754,0.1073242649435997,0.14548584818840027,-0.10081860423088074,0.20704719424247742,-0.002818128326907754,0.012018411420285702,0.0038897970225661993,0.02122652158141136,0.028774093836545944,-0.019939836114645004,0.04094965383410454,-0.04646047577261925,0.07365056872367859,0.04811505228281021,0.06995335221290588,0.1270943433046341,-0.031445641070604324,0.07940255105495453,-0.00022984910174272954,-3.7604750104947016e-05,0.00036735678440891206,1.541786150482949e-05,-0.00040830072248354554,4.293542224331759e-05,0.0004587763687595725,-0.021470528095960617,0.024243846535682678,0.019918732345104218,-0.041863709688186646,-0.027308277785778046,0.08132511377334595,-0.11774458736181259,-0.06793100386857986,0.09789441525936127,0.06803378462791443,0.02808964252471924,0.09978606551885605,0.04987947642803192,-0.03834203630685806,-0.06793100386857986,0.09789441525936127,0.06803378462791443,0.02808964252471924,0.09978606551885605,0.04987947642803192,-0.03834203630685806,-0.06793100386857986,0.09789441525936127,0.06803378462791443,0.02808964252471924,0.09978606551885605,0.04987947642803192,-0.03834203630685806
7.216999999999999,0.01038364041596651,0.01038364041596651,nan,nan,nan,nan,0.052562836557626724,0.0,0.04514721781015396,0.7234463095664978,0.0,0.0,0.0,0.0,0.012000000104308128,0.026000000536441803,64.0,0.13159704208374023,0.5104206800460815,0.008997507393360138,12.823105812072754,0.0008823121897876263,-0.01220042072236538,0.03206448256969452,-0.01781211607158184,0.726026177406311,0.007530689239501953,0.16441944241523743,9.0,1.0,0.0,0.0,0.010383632965385914,-7.450580596923828e-09,nan,0.002546690171584487,0.0982464924454689,0.17923717200756073,-0.04743240401148796,0.025612767785787582,-0.12335728108882904,0.1717192679643631,0.02472423017024994,0.02155338041484356,0.039321169257164,-0.010405751876533031,0.005618945695459843,-0.027062201872467995,0.03767188638448715,0.005424018017947674,0.04365178197622299,0.14782102406024933,-0.010019393637776375,0.046703141182661057,-0.025213032960891724,0.09771434962749481,0.05019468069076538,-7.214564539026469e-05,-1.43404849950457e-05,0.00022505891683977097,2.4354862034670077e-05,-0.0002587272902019322,2.0990582925151102e-05,0.0003590847481973469,-0.06808237731456757,-0.035719431936740875,0.04693342745304108,-0.0065995194017887115,0.08268004655838013,-0.04150872305035591,-0.04078464210033417,-0.024430595338344574,0.11210159212350845,0.03691403567790985,0.040103621780872345,0.0574670135974884,0.0562056265771389,0.009410038590431213,-0.024430595338344574,0.11210159212350845,0.03691403567790985,0.040103621780872345,0.0574670135974884,0.0562056265771389,0.009410038590431213,-0.024430595338344574,0.11210159212350845,0.03691403567790985,0.040103621780872345,0.0574670135974884,0.0562056265771389,0.009410038590431213
7.3089999999999975,0.010706509463489056,0.010706509463489056,nan,nan,nan,nan,0.04420963674783707,0.0,0.045826807618141174,0.7260017991065979,0.0,0.0,0.0,0.0,0.017999999225139618,0.026000000536441803,64.0,0.13107337057590485,1.4668116569519043,0.010089948773384094,13.077393531799316,-0.0016897395253181458,-0.0015232244040817022,0.04599332436919212,0.0095774345099926,0.9774661064147949,0.005803738720715046,0.08650359511375427,9.0,1.0,0.0,0.0,0.010706502012908459,-7.450580596923828e-09,nan,0.0012490926310420036,-0.05365573614835739,0.14834719896316528,0.09902505576610565,0.011590520851314068,0.1453527808189392,0.18437586724758148,0.0072093927301466465,-0.0,0.0,0.0,0.0,0.0,0.0,0.0,-0.0008896831423044205,0.1010209321975708,0.008439069613814354,0.022269606590270996,0.019765673205256462,0.0856931209564209,0.02243298850953579,0.00017106372979469597,2.181357740482781e-05,5.055061592429411e-06,3.886388731189072e-05,-1.011290805763565e-05,-1.6088246411527507e-05,0.00018899379938375205,0.009216207079589367,-0.009815618395805359,-0.00900629349052906,0.003911459818482399,-0.011573292315006256,-0.02702198177576065,0.007405977696180344,0.008326523937284946,0.09120531380176544,-0.0005672238767147064,0.026181066408753395,0.008192380890250206,0.05867113918066025,0.029838966205716133,0.008326523937284946,0.09120531380176544,-0.0005672238767147064,0.026181066408753395,0.008192380890250206,0.05867113918066025,0.029838966205716133,0.008326523937284946,0.09120531380176544,-0.0005672238767147064,0.026181066408753395,0.008192380890250206,0.05867113918066025,0.029838966205716133
7.378,0.011183886788785458,0.011183886788785458,nan,nan,nan,nan,0.049668677151203156,0.0,0.048422861844301224,0.7287741899490356,0.0,0.0,0.0,0.0,0.017000000923871994,0.01899999938905239,64.0,0.13196910917758942,0.6292797327041626,0.00843685120344162,8.371655464172363,-0.00036547426134347916,0.0022701742127537727,0.051058508455753326,0.0,0.9276543855667114,0.007420375011861324,0.08369746804237366,9.0,1.0,0.0,0.0,0.011183884926140308,-1.862645149230957e-09,nan,0.0028916005976498127,-0.07932338863611221,0.12368710339069366,0.09541911631822586,0.0038795049767941236,0.02852861024439335,0.15784695744514465,-0.1831936091184616,-0.0017517015803605318,0.002731387037783861,0.0021071441005915403,8.567125769332051e-05,0.0006299984524957836,0.003485740628093481,-0.004045471549034119,-0.0405149906873703,0.12121106684207916,0.06072370707988739,0.013512691482901573,0.05529065057635307,0.13549813628196716,-0.049445658922195435,0.0001547909778309986,1.983813490369357e-05,1.541949859529268e-05,3.760218169190921e-05,-2.5451347028138116e-05,-1.3965021025796887e-05,0.00019540940411388874,0.0305109154433012,-0.016065292060375214,-0.03661312907934189,0.0077458955347537994,-0.02145225927233696,-0.042709290981292725,0.0584566593170166,-0.0100040752440691,0.10514577478170395,0.0241105780005455,0.021258587017655373,0.03383839130401611,0.09278884530067444,0.009011000394821167,-0.0100040752440691,0.10514577478170395,0.0241105780005455,0.021258587017655373,0.03383839130401611,0.09278884530067444,0.009011000394821167,-0.0100040752440691,0.10514577478170395,0.0241105780005455,0.021258587017655373,0.03383839130401611,0.09278884530067444,0.009011000394821167
7.439,0.011439836584031582,0.011439836584031582,nan,nan,nan,nan,0.04866349697113037,0.0,0.04839611053466797,0.7299781441688538,0.0,0.0,0.0,0.0,0.007000000216066837,0.013000000268220901,64.0,0.13218040764331818,0.7951352596282959,0.00911857932806015,9.390192985534668,-0.00019087083637714386,0.00345574039965868,0.05204271897673607,0.007735564839094877,0.939525842666626,0.008895622566342354,0.12982624769210815,9.0,1.0,0.0,0.0,0.011439830996096134,-5.587935447692871e-09,nan,0.004662542603909969,-0.07932338863611221,0.12368710339069366,0.09541911631822586,0.0038795049767941236,0.02852861024439335,0.15784695744514465,-0.1831936091184616,-0.017683949321508408,0.027574168518185616,0.021272247657179832,0.0008648769580759108,0.006360021885484457,0.035189591348171234,-0.04084024205803871,-0.0640699565410614,0.13238345086574554,0.08377955108880997,0.009586989879608154,0.045831549912691116,0.15820585191249847,-0.1232735812664032,-2.7957385100307874e-05,-7.96431595517788e-06,0.0001809634850360453,2.6901230739895254e-05,-0.00021842528076376766,1.4085771908867173e-05,0.0003285804414190352,0.03653303161263466,-0.018463879823684692,-0.039944395422935486,0.007728587836027145,-0.006539542227983475,-0.04364493489265442,0.09121718257665634,-0.027536924928426743,0.11391957104206085,0.04383515566587448,0.0173155777156353,0.03929200768470764,0.11456091701984406,-0.03205639868974686,-0.027536924928426743,0.11391957104206085,0.04383515566587448,0.0173155777156353,0.03929200768470764,0.11456091701984406,-0.03205639868974686,-0.027536924928426743,0.11391957104206085,0.04383515566587448,0.0173155777156353,0.03929200768470764,0.11456091701984406,-0.03205639868974686
7.5390000000000015,0.011506582610309124,0.011506582610309124,nan,nan,nan,nan,0.05194713920354843,0.0,0.050485700368881226,0.7298405170440674,0.0,0.0,0.0,0.0,0.012000000104308128,0.01899999938905239,64.0,0.13256165385246277,42.896812438964844,0.02085138112306595,52.3110466003418,0.0006290357559919357,0.0015693847090005875,0.051426053047180176,0.0,0.9390041828155518,0.010102191008627415,0.13894906640052795,9.0,1.0,0.0,0.0,0.011506577022373676,-5.587935447692871e-09,nan,0.003813460934907198,-0.018058696761727333,0.19694644212722778,0.03665895015001297,0.11717692762613297,0.11663401126861572,0.03364839777350426,0.14517562091350555,-0.0017663701437413692,0.019263865426182747,0.003585711121559143,0.011461392976343632,0.011408288963139057,0.003291240893304348,0.014200020581483841,-0.03654180467128754,0.1751837432384491,0.055928684771060944,0.07694951444864273,0.09090319275856018,0.08339811116456985,0.042040467262268066,-0.00017138062685262412,-3.088829544140026e-05,0.0003079903544858098,1.8244727471028455e-05,-0.0003818274417426437,3.588884646887891e-05,0.00044100714148953557,0.0006203651428222656,-0.03522166609764099,-0.002020750194787979,-0.03736630082130432,-0.03074575960636139,0.024402596056461334,-0.05719330534338951,-0.03592143952846527,0.1399620771408081,0.053907934576272964,0.03958321362733841,0.06015743315219879,0.10780070722103119,-0.015152838081121445,-0.03592143952846527,0.1399620771408081,0.053907934576272964,0.03958321362733841,0.06015743315219879,0.10780070722103119,-0.015152838081121445,-0.03592143952846527,0.1399620771408081,0.053907934576272964,0.03958321362733841,0.06015743315219879,0.10780070722103119,-0.015152838081121445
7.609000000000002,0.01107968669384718,0.01107968669384718,nan,nan,nan,nan,0.03925999253988266,0.0,0.04703494906425476,0.7297354340553284,0.0,0.0,0.0,0.0,0.0,0.017000000923871994,64.0,0.1322275698184967,11.844931602478027,0.012872740626335144,25.77780532836914,-0.0004680231213569641,-0.0011158622801303864,0.04638710990548134,0.0,0.9753023982048035,0.011320156045258045,0.1975226253271103,9.0,1.0,0.0,0.0,0.011079682968556881,-3.725290298461914e-09,nan,0.0035016832407563925,-0.015279224142432213,0.03522329404950142,-0.10615989565849304,0.05199833959341049,-0.10401158779859543,-0.25194811820983887,0.015995504334568977,-0.0,0.0,-0.0,0.0,-0.0,-0.0,0.0,-0.06821829080581665,0.13313212990760803,0.06680119782686234,0.03312491625547409,0.05759325623512268,0.07926744222640991,-0.06917373836040497,-0.00019202398834750056,-3.4985638194484636e-05,0.00032552878838032484,1.743664688547142e-05,-0.0004197742964606732,3.907881546183489e-05,0.0004694876552093774,0.01373877003788948,0.013501465320587158,0.005011916160583496,0.005497962236404419,0.014928147196769714,0.0356937050819397,0.028372135013341904,-0.05447952076792717,0.1466335952281952,0.07181311398744583,0.03862287849187851,0.0725214034318924,0.11496114730834961,-0.040801603347063065,-0.05447952076792717,0.1466335952281952,0.07181311398744583,0.03862287849187851,0.0725214034318924,0.11496114730834961,-0.040801603347063065,-0.05447952076792717,0.1466335952281952,0.07181311398744583,0.03862287849187851,0.0725214034318924,0.11496114730834961,-0.040801603347063065
7.673000000000002,0.01095512043684721,0.01095512043684721,nan,nan,nan,nan,0.0428985059261322,0.0,0.0429098941385746,0.7305042147636414,0.0,0.0,0.0,0.0,0.006000000052154064,0.019999999552965164,64.0,0.1321105808019638,9.400161743164062,0.011947005987167358,10.438782691955566,-0.005105346906930208,-0.0012249704450368881,0.04679027199745178,0.0,0.3862878978252411,0.007937618531286716,0.20342400670051575,9.0,1.0,0.0,0.0,0.010955114848911762,-5.587935447692871e-09,nan,0.002191651612520218,0.1427644044160843,0.022745618596673012,-0.12092456221580505,0.04774870723485947,-0.0794684886932373,-0.014380127191543579,0.21372000873088837,0.016239887103438377,0.0025873836129903793,-0.013755537569522858,0.0054315607994794846,-0.009039783850312233,-0.001635783351957798,0.024311302229762077,0.028616003692150116,0.07696063816547394,-0.03335946053266525,0.04247308894991875,-0.019291052594780922,0.0028895223513245583,0.06280636787414551,-0.00015935863484628499,-3.070935053983703e-05,0.0002945023006759584,1.94257045222912e-05,-0.0003943447081837803,3.402864604140632e-05,0.0004524815012700856,-0.062374211847782135,0.045116886496543884,0.07055948674678802,-0.0032954178750514984,0.05892548710107803,0.06346388161182404,-0.07916626334190369,-0.03375820815563202,0.12207752466201782,0.03720002993941307,0.03917767107486725,0.03963443636894226,0.06635340303182602,-0.01635989546775818,-0.03375820815563202,0.12207752466201782,0.03720002993941307,0.03917767107486725,0.03963443636894226,0.06635340303182602,-0.01635989546775818,-0.03375820815563202,0.12207752466201782,0.03720002993941307,0.03917767107486725,0.03963443636894226,0.06635340303182602,-0.01635989546775818
7.75,0.010713628493249416,0.010713628493249416,nan,nan,nan,nan,0.0466371513903141,0.0,0.04533500224351883,0.7306317090988159,0.0,0.0,0.0,0.0,0.004999999888241291,0.02199999988079071,64.0,0.13204076886177063,0.5131559371948242,0.010431744158267975,9.203875541687012,-0.002463654149323702,-0.002887737937271595,0.044910918921232224,0.0,0.9588125944137573,0.005200318526476622,0.1653900295495987,9.0,1.0,0.0,0.0,0.010713622905313969,-5.587935447692871e-09,nan,0.0008957322570495307,-0.14482806622982025,-0.016557930037379265,0.12569047510623932,-0.018746690824627876,0.09194859862327576,0.03693857416510582,-0.20683841407299042,-0.0,-0.0,0.0,-0.0,0.0,0.0,-0.0,0.005776561796665192,0.03237287700176239,-0.007499558851122856,0.02566518820822239,-0.0005676094442605972,0.009635072201490402,0.020208485424518585,-8.266832446679473e-05,-1.9587843780755065e-05,0.0002253501006634906,2.4464436137350276e-05,-0.00031485248473472893,2.128067171724979e-05,0.0003982705238740891,0.001905534416437149,0.050991058349609375,0.0027688825502991676,0.012966932728886604,0.006072027608752251,0.023076962679624557,0.014338094741106033,0.007682096213102341,0.08336393535137177,-0.0047306763008236885,0.038632120937108994,0.0055044181644916534,0.03271203488111496,0.03454658016562462,0.007682096213102341,0.08336393535137177,-0.0047306763008236885,0.038632120937108994,0.0055044181644916534,0.03271203488111496,0.03454658016562462,0.007682096213102341,0.08336393535137177,-0.0047306763008236885,0.038632120937108994,0.0055044181644916534,0.03271203488111496,0.03454658016562462
7.859999999999999,0.01016001496464014,0.01016001496464014,nan,nan,nan,nan,0.03823520615696907,0.0,0.03999590873718262,0.7291585803031921,0.0,0.0,0.0,0.0,0.006000000052154064,0.019999999552965164,64.0,0.13152937591075897,0.5472963452339172,0.009144656360149384,9.251603126525879,-0.0032160645350813866,-0.005706223659217358,0.037505749613046646,-0.004719477146863937,0.6824284195899963,0.0038247054908424616,0.09692415595054626,9.0,1.0,0.0,0.0,0.010160011239349842,-3.725290298461914e-09,nan,0.0020591553766280413,-0.14482806622982025,-0.016557930037379265,0.12569047510623932,-0.018746690824627876,0.09194859862327576,0.03693857416510582,-0.20683841407299042,-0.02156105823814869,-0.002465036464855075,0.018711978569626808,-0.0027908850461244583,0.013688708655536175,0.005499173887073994,-0.030792754143476486,-0.08724282681941986,0.0032868830021470785,0.07467485219240189,-0.0008730634581297636,0.05668506771326065,0.026896584779024124,-0.1195964366197586,6.421206489903852e-05,2.4341195512533886e-06,9.598740871297196e-05,3.5303517506690696e-05,-0.0001466481335228309,-5.115247404319234e-06,0.0002832379541359842,0.059840843081474304,0.043233562260866165,-0.050587430596351624,0.02302270010113716,-0.033316098153591156,0.0003275573253631592,0.09554728120565414,-0.027401983737945557,0.04652044549584389,0.024087421596050262,0.02214963734149933,0.023368969559669495,0.027224142104387283,-0.02404915541410446,-0.027401983737945557,0.04652044549584389,0.024087421596050262,0.02214963734149933,0.023368969559669495,0.027224142104387283,-0.02404915541410446,-0.027401983737945557,0.04652044549584389,0.024087421596050262,0.02214963734149933,0.023368969559669495,0.027224142104387283,-0.02404915541410446
7.933,0.010412284173071384,0.010412284173071384,nan,nan,nan,nan,0.03141263872385025,0.0,0.037728823721408844,0.7306607961654663,0.0,0.0,0.0,0.0,0.012000000104308128,0.017000000923871994,64.0,0.1315138041973114,0.9247427582740784,0.016609206795692444,18.16176986694336,-0.0072870259173214436,0.0007630262989550829,0.045778874307870865,0.008596216328442097,0.8504871726036072,0.007122447714209557,0.07165372371673584,9.0,1.0,0.0,0.0,0.010412278585135937,-5.587935447692871e-09,nan,0.0017944052815437317,-0.040004581212997437,-0.029230104759335518,-0.04109413921833038,0.08441329002380371,-0.05180291086435318,-0.2752358913421631,-0.01710452325642109,-0.0014691731194034219,-0.0010734791867434978,-0.001509187277406454,0.003100088331848383,-0.0019024682696908712,-0.010108072310686111,-0.0006281657260842621,-0.08251217752695084,-0.04821494594216347,0.042828161269426346,-0.00824083760380745,0.026118116453289986,-0.05229723080992699,-0.11378433555364609,0.00017683362239040434,1.9989638531114906e-05,-3.5883676900994033e-06,4.3390005885157734e-05,-1.17434728963417e-05,-2.5209696104866453e-05,0.00018952719983644783,0.01028260588645935,0.04273608326911926,0.01263945922255516,0.0017601712606847286,0.016504747793078423,0.07066158950328827,0.014930762350559235,-0.07222957164049149,-0.005478862673044205,0.055467620491981506,-0.006480666343122721,0.04262286424636841,0.018364354968070984,-0.09885357320308685,-0.07222957164049149,-0.005478862673044205,0.055467620491981506,-0.006480666343122721,0.04262286424636841,0.018364354968070984,-0.09885357320308685,-0.07222957164049149,-0.005478862673044205,0.055467620491981506,-0.006480666343122721,0.04262286424636841,0.018364354968070984,-0.09885357320308685
8.006999999999998,0.010379145853221416,0.010379145853221416,nan,nan,nan,nan,0.039060890674591064,0.0,0.037474289536476135,0.7298688292503357,0.0,0.0,0.0,0.0,0.014999999664723873,0.014999999664723873,64.0,0.13160844147205353,4.844338417053223,0.015774741768836975,13.767195701599121,-0.008267505094408989,-7.969513535499573e-05,0.04566209763288498,-0.006679073441773653,0.25054919719696045,0.005130393896251917,0.10573865473270416,9.0,1.0,0.0,0.0,0.010379142127931118,-3.725290298461914e-09,nan,0.0008811510051600635,0.09809880703687668,0.010308919474482536,-0.054544366896152496,-0.0829710140824318,0.0034057621378451586,0.2341938316822052,0.1247105598449707,0.0,0.0,-0.0,-0.0,0.0,0.0,0.0,-0.00031182076781988144,-0.021377619355916977,-0.006187221966683865,-0.03418010100722313,0.010354733094573021,0.05652523413300514,-0.002171160653233528,0.00015397975221276283,1.6593716281931847e-05,1.559754673507996e-05,4.1221093852072954e-05,-3.8489673897856846e-05,-2.0500818209256977e-05,0.00020704252528958023,-0.05216964706778526,0.005062678828835487,0.04041367396712303,0.021462948992848396,0.018907567486166954,-0.04297580569982529,-0.06948637217283249,-0.05248146876692772,-0.01631494052708149,0.03422645106911659,-0.012717152014374733,0.029262300580739975,0.013549428433179855,-0.07165753096342087,-0.05248146876692772,-0.01631494052708149,0.03422645106911659,-0.012717152014374733,0.029262300580739975,0.013549428433179855,-0.07165753096342087,-0.05248146876692772,-0.01631494052708149,0.03422645106911659,-0.012717152014374733,0.029262300580739975,0.013549428433179855,-0.07165753096342087
8.078000000000003,0.009593176655471325,0.009593176655471325,nan,nan,nan,nan,0.03935807943344116,0.0,0.035439323633909225,0.7262601852416992,0.0,0.0,0.0,0.0,0.010999999940395355,0.02500000037252903,64.0,0.1310487985610962,0.8346643447875977,0.008420087397098541,13.250385284423828,-0.005251819733530283,-0.006880344823002815,0.033810801804065704,-0.019564032554626465,0.9187652468681335,0.004213702864944935,0.10596909373998642,9.0,1.0,0.0,0.0,0.009593174792826176,-1.862645149230957e-09,nan,0.001109705655835569,-0.14955256879329681,0.036406274884939194,0.14104697108268738,0.030869480222463608,0.08731511235237122,0.005880485288798809,-0.19442975521087646,-0.0,0.0,0.0,0.0,0.0,0.0,-0.0,0.0038173161447048187,0.0036575384438037872,0.008933968842029572,-0.040766626596450806,0.026603303849697113,0.12008056789636612,0.0030662156641483307,0.00017644335457589477,1.9884379071299918e-05,-2.799405137920985e-06,4.258138142176904e-05,-1.4172401279211044e-05,-2.3142114514485e-05,0.00019190589955542237,-0.01812836341559887,-0.014215484261512756,0.0025295885279774666,0.00992565043270588,-0.004175165668129921,-0.05121172219514847,-0.0244473647326231,-0.01431104727089405,-0.010557945817708969,0.011463557370007038,-0.030840976163744926,0.022428138181567192,0.06886884570121765,-0.02138114906847477,-0.01431104727089405,-0.010557945817708969,0.011463557370007038,-0.030840976163744926,0.022428138181567192,0.06886884570121765,-0.02138114906847477,-0.01431104727089405,-0.010557945817708969,0.011463557370007038,-0.030840976163744926,0.022428138181567192,0.06886884570121765,-0.02138114906847477
8.155000000000001,0.008549944497644901,0.008549944497644901,nan,nan,nan,nan,0.03263569250702858,0.0,0.03022417612373829,0.7220009565353394,0.0,0.0,0.0,0.0,0.006000000052154064,0.019999999552965164,64.0,0.12934523820877075,1.0640071630477905,0.01881364732980728,10.691378593444824,-0.0029834862798452377,-0.009774970822036266,0.023432690650224686,0.0,0.8964493870735168,0.005507952533662319,0.07615618407726288,9.0,1.0,0.0,0.0,0.008549938909709454,-5.587935447692871e-09,nan,0.0021794685162603855,-0.14955256879329681,0.036406274884939194,0.14104697108268738,0.030869480222463608,0.08731511235237122,0.005880485288798809,-0.19442975521087646,-0.0,0.0,0.0,0.0,0.0,0.0,-0.0,-0.08346766978502274,0.022295311093330383,0.08412136137485504,2.5024637579917908e-06,0.06115525960922241,0.05508767440915108,-0.10933155566453934,6.267147546168417e-05,1.7382908481522463e-06,0.00010372421093052253,3.412026126170531e-05,-0.00016094690363388509,-1.3146278661224642e-06,0.00030110919033177197,0.04623793810606003,-0.018954461440443993,-0.046334974467754364,-0.02081931382417679,-0.02404191344976425,0.015413705259561539,0.059043899178504944,-0.03722973167896271,0.0033408496528863907,0.03778638690710068,-0.02081681229174137,0.03711334615945816,0.07050137966871262,-0.05028765648603439,-0.03722973167896271,0.0033408496528863907,0.03778638690710068,-0.02081681229174137,0.03711334615945816,0.07050137966871262,-0.05028765648603439,-0.03722973167896271,0.0033408496528863907,0.03778638690710068,-0.02081681229174137,0.03711334615945816,0.07050137966871262,-0.05028765648603439
8.240000000000002,0.00814408902078867,0.00814408902078867,nan,nan,nan,nan,0.031645551323890686,0.0,0.030275333672761917,0.7200223803520203,0.0,0.0,0.0,0.0,0.010999999940395355,0.01899999938905239,64.0,0.12885694205760956,1.5813791751861572,0.014722347259521484,10.885485649108887,-0.001264054561033845,-0.006000467576086521,0.025538921356201172,0.0,0.9827801585197449,0.006668731104582548,0.07520145177841187,9.0,1.0,0.0,0.0,0.00814408715814352,-1.862645149230957e-09,nan,0.0013606053544208407,0.14114879071712494,-0.06897855550050735,-0.14014078676700592,-0.06533171981573105,-0.0760650560259819,0.08571642637252808,0.16816096007823944,0.0,-0.0,-0.0,-0.0,-0.0,0.0,0.0,-0.03263724595308304,0.01653357222676277,0.03491511940956116,0.0042174141854047775,0.03110562264919281,0.03741821274161339,-0.03705970197916031,0.00018798850942403078,2.0405279428814538e-05,-5.5184013945108745e-06,4.311460361350328e-05,-1.4938773347239476e-05,-2.3303857233258896e-05,0.00020188237249385566,-0.02615848183631897,-0.0010706176981329918,0.02421402558684349,-0.008091341704130173,0.01594541221857071,0.014291960746049881,-0.038398317992687225,-0.05879572778940201,0.01546295452862978,0.05912914499640465,-0.003873927518725395,0.04705103486776352,0.05171017348766327,-0.07545801997184753,-0.05879572778940201,0.01546295452862978,0.05912914499640465,-0.003873927518725395,0.04705103486776352,0.05171017348766327,-0.07545801997184753,-0.05879572778940201,0.01546295452862978,0.05912914499640465,-0.003873927518725395,0.04705103486776352,0.05171017348766327,-0.07545801997184753
8.329,0.008383150212466717,0.008383150212466717,nan,nan,nan,nan,0.026137271896004677,0.0,0.031004060059785843,0.7202937006950378,0.0,0.0,0.0,0.0,0.009999999776482582,0.02199999988079071,64.0,0.12895743548870087,1.2611355781555176,0.015593133866786957,19.776193618774414,-0.0029143348801881075,-0.0009663384407758713,0.03295205533504486,0.002411194145679474,0.2137969583272934,0.002988348249346018,0.12208160012960434,9.0,1.0,0.0,0.0,0.008383146487176418,-3.725290298461914e-09,nan,0.00046894882689230144,-0.12900586426258087,-0.08901108801364899,0.05852070078253746,-0.015255670994520187,5.9791429521283135e-05,-0.12787728011608124,-0.21313025057315826,-0.0,-0.0,0.0,-0.0,0.0,-0.0,-0.0,0.026053937152028084,-0.04528678208589554,-0.03983171284198761,-0.032739248126745224,-0.02342286892235279,0.028848301619291306,0.018975786864757538,6.25653556198813e-05,1.5966044202286866e-06,0.00010419322643429041,3.317887239973061e-05,-0.00016733923985157162,1.4610418475058395e-07,0.00030734945903532207,-0.03624899312853813,0.03810926526784897,0.048433251678943634,0.016309667378664017,0.03761923313140869,0.022120241075754166,-0.03550569713115692,-0.010195055976510048,-0.00717751681804657,0.008601538836956024,-0.016429580748081207,0.0141963642090559,0.05096854269504547,-0.016529912129044533,-0.010195055976510048,-0.00717751681804657,0.008601538836956024,-0.016429580748081207,0.0141963642090559,0.05096854269504547,-0.016529912129044533,-0.010195055976510048,-0.00717751681804657,0.008601538836956024,-0.016429580748081207,0.0141963642090559,0.05096854269504547,-0.016529912129044533
8.401000000000003,0.008240812458097935,0.008240812458097935,nan,nan,nan,nan,0.014953099191188812,0.0,0.022990010678768158,0.7195119261741638,0.0,0.0,0.0,0.0,0.00800000037997961,0.013000000268220901,64.0,0.12882637977600098,0.9173769354820251,0.014410354197025299,9.356581687927246,-0.00856325775384903,-0.0019541289657354355,0.029599139466881752,0.0,0.8833544254302979,0.003578800242394209,0.09351793676614761,9.0,1.0,0.0,0.0,0.008240808732807636,-3.725290298461914e-09,nan,0.0019640119280666113,-0.12900586426258087,-0.08901108801364899,0.05852070078253746,-0.015255670994520187,5.9791429521283135e-05,-0.12787728011608124,-0.21313025057315826,-0.018376169726252556,-0.012679136358201504,0.008335948921740055,-0.002173085929825902,8.516957677784376e-06,-0.01821541041135788,-0.03035922348499298,-0.06742595136165619,-0.07331742346286774,0.01872151717543602,-0.02314508892595768,-0.009884333238005638,-0.06555600464344025,-0.12158812582492828,8.688056550454348e-05,5.2496334319585e-06,8.28628326416947e-05,3.48856374330353e-05,-0.00014074819046072662,-3.593356950659654e-06,0.0002895851794164628,0.04074934870004654,0.036731693893671036,-0.012600058689713478,0.0022350475192070007,0.010186529718339443,0.07013770937919617,0.07082170993089676,-0.02667660266160965,-0.0365857295691967,0.006121458485722542,-0.02091004140675068,0.0003021964803338051,0.00458170473575592,-0.050766415894031525,-0.02667660266160965,-0.0365857295691967,0.006121458485722542,-0.02091004140675068,0.0003021964803338051,0.00458170473575592,-0.050766415894031525,-0.02667660266160965,-0.0365857295691967,0.006121458485722542,-0.02091004140675068,0.0003021964803338051,0.00458170473575592,-0.050766415894031525
8.473999999999997,0.00769378338009119,0.00769378338009119,nan,nan,nan,nan,0.0024779699742794037,0.0,0.010887599550187588,0.7158654928207397,0.0,0.0,0.0,0.0,0.006000000052154064,0.019999999552965164,64.0,0.12882637977600098,1.1635478734970093,0.009149312973022461,9.971646308898926,-0.014849682338535786,-0.004566068295389414,0.021171214058995247,-0.013998989015817642,0.8209140300750732,0.004822019021958113,0.06349719315767288,9.0,1.0,0.0,0.0,0.007693781517446041,-1.862645149230957e-09,nan,0.004452228546142578,0.10217366367578506,-0.08284085988998413,-0.14559520781040192,-0.005062668118625879,-0.06316044181585312,-0.08211560547351837,0.20184677839279175,0.07684092223644257,-0.062301456928253174,-0.10949660837650299,-0.0038074394688010216,-0.04750056192278862,-0.06175602227449417,0.15180127322673798,0.06798121333122253,-0.10865449905395508,-0.1292310357093811,-0.014447563327848911,-0.06359340250492096,-0.10472515225410461,0.13915666937828064,0.00011031494796043262,8.571058060624637e-06,6.324852438410744e-05,3.6602228647097945e-05,-0.00011408657883293927,-7.675842425669543e-06,0.00027229837724007666,-0.06560385972261429,0.04115396738052368,0.08790706098079681,-0.0042275069281458855,0.039241645485162735,0.059909701347351074,-0.13014887273311615,0.002377353608608246,-0.0675005316734314,-0.04132397472858429,-0.018675070255994797,-0.024351757019758224,-0.04481545090675354,0.00900779664516449,0.002377353608608246,-0.0675005316734314,-0.04132397472858429,-0.018675070255994797,-0.024351757019758224,-0.04481545090675354,0.00900779664516449,0.002377353608608246,-0.0675005316734314,-0.04132397472858429,-0.018675070255994797,-0.024351757019758224,-0.04481545090675354,0.00900779664516449
8.588000000000001,0.006702792830765247,0.006702792830765247,nan,nan,nan,nan,-0.004163531586527824,0.0,1.1866912245750427e-05,0.7107738256454468,0.0,0.0,0.0,0.0,0.0020000000949949026,0.01600000075995922,64.0,0.12704841792583466,0.5293972492218018,0.008998438715934753,10.091064453125,-0.021612998098134995,-0.007733628153800964,0.01389123685657978,0.0,0.9812853336334229,0.010588357225060463,0.04504954442381859,9.0,1.0,0.0,0.0,0.0067027872428298,-5.587935447692871e-09,nan,0.0024982444010674953,-0.11050137877464294,-0.06843814998865128,0.0225747711956501,0.022246479988098145,0.045458968728780746,-0.26131394505500793,-0.041828736662864685,-0.006657639518380165,-0.004123356193304062,0.0013601159444078803,0.0013403366319835186,0.002738874638453126,-0.015744002535939217,-0.00252015539444983,0.05074998736381531,-0.10881730169057846,-0.12600389122962952,-0.004644508007913828,-0.09959430992603302,-0.1760299652814865,0.07554826885461807,0.00031177772325463593,3.7767204048577696e-05,-0.00010794758418342099,5.237868390395306e-05,0.00012415883247740567,-4.3771142372861505e-05,0.00011257169535383582,-0.009493697434663773,0.000361613929271698,0.024072468280792236,-0.01620938628911972,0.022810667753219604,0.06777580082416534,-0.021320536732673645,0.041256289929151535,-0.10845568776130676,-0.10193142294883728,-0.02085389383137226,-0.07678364217281342,-0.10825416445732117,0.05422773212194443,0.041256289929151535,-0.10845568776130676,-0.10193142294883728,-0.02085389383137226,-0.07678364217281342,-0.10825416445732117,0.05422773212194443,0.041256289929151535,-0.10845568776130676,-0.10193142294883728,-0.02085389383137226,-0.07678364217281342,-0.10825416445732117,0.05422773212194443
8.649999999999999,0.005968927405774593,0.005968927405774593,nan,nan,nan,nan,-7.503479719161987e-05,0.0,0.0014228634536266327,0.7069830894470215,0.0,0.0,0.0,0.0,0.006000000052154064,0.019999999552965164,64.0,0.12665210664272308,0.5040960311889648,0.00951811671257019,8.349102020263672,-0.015696993097662926,-0.008656022138893604,0.008463834412395954,0.0,0.9438387751579285,0.011623977683484554,0.04556085169315338,9.0,1.0,0.0,0.0,0.005968921817839146,-5.587935447692871e-09,nan,0.0025113592855632305,0.13278846442699432,-0.07946449518203735,-0.12932658195495605,-0.08493094146251678,-0.05602312460541725,0.10574620217084885,0.16671274602413177,0.04067142307758331,-0.024338966235518456,-0.0396110899746418,-0.026013270020484924,-0.017159171402454376,0.03238872066140175,0.051061999052762985,0.10607843101024628,-0.10273768752813339,-0.14163434505462646,-0.05392787605524063,-0.08387936651706696,-0.023839814588427544,0.13910047709941864,0.0004587418807204813,5.904249337618239e-05,-0.000234109305893071,6.331923941615969e-05,0.00029749961686320603,-6.971423863433301e-05,-4.713478119811043e-06,-0.03221516311168671,-0.001998431980609894,0.024222664535045624,0.025436686351895332,0.0006788074970245361,-0.06218716502189636,-0.04581959545612335,0.07386326789855957,-0.10473611950874329,-0.11741168051958084,-0.0284911897033453,-0.08320055902004242,-0.08602698147296906,0.09328088164329529,0.07386326789855957,-0.10473611950874329,-0.11741168051958084,-0.0284911897033453,-0.08320055902004242,-0.08602698147296906,0.09328088164329529,0.07386326789855957,-0.10473611950874329,-0.11741168051958084,-0.0284911897033453,-0.08320055902004242,-0.08602698147296906,0.09328088164329529
8.722999999999999,0.004968323744833469,0.004968323744833469,nan,nan,nan,nan,-0.009189320728182793,0.0,0.0,0.7011367082595825,0.0,0.0,0.0,0.0,0.006000000052154064,0.01600000075995922,64.0,0.12576395273208618,1.2539048194885254,0.015375204384326935,11.134621620178223,-0.01098373532295227,-0.00950640719383955,0.0014773281291127205,0.0,0.5391747951507568,0.009082511998713017,0.10354316234588623,9.0,1.0,0.0,0.0,0.00496832188218832,-1.862645149230957e-09,nan,0.002539869863539934,-0.13008084893226624,-0.08571512252092361,0.06050124764442444,-0.019468706101179123,-0.0012001098366454244,-0.11861588805913925,-0.21822303533554077,-0.010061044245958328,-0.006629596929997206,0.0046794419176876545,-0.0015057983109727502,-9.282194514526054e-05,-0.009174291975796223,-0.016878362745046616,-0.033778414130210876,-0.0938824787735939,-0.022582154721021652,-0.03401631489396095,-0.03551807627081871,-0.0808236300945282,-0.07278743386268616,0.00042546336771920323,5.474304634844884e-05,-0.00020176195539534092,6.079694867366925e-05,0.0002499476249795407,-6.253046740312129e-05,3.265170380473137e-05,0.0850895568728447,-0.004327110946178436,-0.062070224434137344,0.0022500939667224884,-0.03242472931742668,0.0061580464243888855,0.12128692865371704,0.05131114274263382,-0.09820958971977234,-0.084652379155159,-0.031766220927238464,-0.06794280558824539,-0.07466558367013931,0.048499494791030884,0.05131114274263382,-0.09820958971977234,-0.084652379155159,-0.031766220927238464,-0.06794280558824539,-0.07466558367013931,0.048499494791030884,0.05131114274263382,-0.09820958971977234,-0.084652379155159,-0.031766220927238464,-0.06794280558824539,-0.07466558367013931,0.048499494791030884
8.793999999999997,0.004807979799807072,0.004807979799807072,nan,nan,nan,nan,-0.010222522541880608,1.0,9.313225746154785e-10,0.6999298334121704,0.0,0.0,0.0,0.0,0.006000000052154064,0.019999999552965164,64.0,0.12503322958946228,3.1458799839019775,0.019641593098640442,10.17497730255127,-0.010709636844694614,-0.005656998138874769,0.00505263963714242,0.0,0.9866353273391724,0.00785894226282835,0.06834976375102997,9.0,1.0,0.0,0.0,0.004807972349226475,-7.450580596923828e-09,nan,0.0018419898115098476,0.10326272249221802,-0.0837053582072258,-0.1467280387878418,-0.009277737699449062,-0.06538660079240799,-0.08336224406957626,0.19872181117534637,0.02242005243897438,-0.018173823133111,-0.031857091933488846,-0.0020143508445471525,-0.014196516945958138,-0.018099326640367508,0.043145801872015,0.017509769648313522,-0.09531044960021973,-0.07422834634780884,-0.021905049681663513,-0.04815082624554634,-0.09513962268829346,0.035741087049245834,0.00030492988298647106,3.737513179657981e-05,-9.498082363279536e-05,5.089600017527118e-05,0.00010364153422415257,-3.958218076149933e-05,0.00013517256593331695,0.009578516706824303,0.0004619210958480835,0.012322243303060532,-0.00513719767332077,-0.007197998464107513,0.011053547263145447,-0.019077738747000694,0.027088286355137825,-0.09484852850437164,-0.061906103044748306,-0.027042247354984283,-0.055348824709653854,-0.08408607542514801,0.01666334830224514,0.027088286355137825,-0.09484852850437164,-0.061906103044748306,-0.027042247354984283,-0.055348824709653854,-0.08408607542514801,0.01666334830224514,0.027088286355137825,-0.09484852850437164,-0.061906103044748306,-0.027042247354984283,-0.055348824709653854,-0.08408607542514801,0.01666334830224514
8.893,0.0044304924085736275,0.0044304924085736275,nan,nan,nan,nan,-0.02139201946556568,0.0,9.313225746154785e-10,0.6967174410820007,0.0,0.0,0.0,0.0,0.009999999776482582,0.019999999552965164,64.0,0.1248558908700943,1.94087815284729,0.016247853636741638,10.866199493408203,-0.006584440357983112,-0.005152670666575432,0.0014317706227302551,-0.011269096285104752,0.9680444598197937,0.010456386022269726,0.10547851771116257,9.0,1.0,0.0,0.0,0.00443048682063818,-5.587935447692871e-09,nan,0.0036882006097584963,0.04174913838505745,0.04356720298528671,-0.0862703025341034,0.11241196095943451,-0.10636767745018005,-0.22607827186584473,0.062084004282951355,0.009322565980255604,0.009728539735078812,-0.01926412619650364,0.025101548060774803,-0.023751862347126007,-0.05048318952322006,0.0138633344322443,0.033919285982847214,-0.11708960682153702,-0.11388802528381348,-0.012587502598762512,-0.10007385909557343,-0.14926698803901672,0.035177141427993774,0.0002093302900902927,2.3476626665797085e-05,-1.0321235095034353e-05,4.394795905682258e-05,-9.940728887158912e-06,-2.226007381977979e-05,0.00021444544836413115,0.026424866169691086,0.008082859218120575,0.025242313742637634,-0.01174536719918251,0.022520512342453003,0.047477684915065765,0.023001067340373993,0.0603441521525383,-0.10900674760341644,-0.08864571154117584,-0.024332869797945023,-0.07755334675312042,-0.10178930312395096,0.05817820876836777,0.0603441521525383,-0.10900674760341644,-0.08864571154117584,-0.024332869797945023,-0.07755334675312042,-0.10178930312395096,0.05817820876836777,0.0603441521525383,-0.10900674760341644,-0.08864571154117584,-0.024332869797945023,-0.07755334675312042,-0.10178930312395096,0.05817820876836777
8.956000000000003,0.00424040574580431,0.00424040574580431,nan,nan,nan,nan,-0.03798580914735794,1.0,0.0,0.6948822736740112,0.0,0.0,0.0,0.0,0.006000000052154064,0.01600000075995922,64.0,0.12440270930528641,0.5402975082397461,0.9073848128318787,8.450319290161133,-0.006059722974896431,-0.003559113945811987,0.002500609029084444,0.0,0.8220774531364441,0.011681695468723774,0.06624706834554672,9.0,1.0,0.0,0.0,0.004240398295223713,-7.450580596923828e-09,nan,0.0030707574915140867,-0.09290588647127151,-0.1827964037656784,-0.036984845995903015,-0.050710033625364304,-0.008994139730930328,-0.19008298218250275,-0.0883297547698021,-0.024979455396533012,-0.04914817586541176,-0.009944056160748005,-0.013634325005114079,-0.0024182398337870836,-0.05110730603337288,-0.023749077692627907,-0.0464082807302475,-0.1710069626569748,-0.0737038180232048,-0.03881435841321945,-0.04930247738957405,-0.1897503286600113,-0.04285275936126709,0.0003050571831408888,3.8164227589732036e-05,-9.275614866055548e-05,5.085399970994331e-05,0.00010025650408351794,-3.834672679658979e-05,0.0001400842156726867,0.10167883336544037,0.04421018064022064,-0.013454556465148926,0.016110161319375038,-0.028933588415384293,0.05375272035598755,0.09504513442516327,0.05527055636048317,-0.12679678201675415,-0.08715837448835373,-0.022704197093844414,-0.07823606580495834,-0.13599760830402374,0.05219237506389618,0.05527055636048317,-0.12679678201675415,-0.08715837448835373,-0.022704197093844414,-0.07823606580495834,-0.13599760830402374,0.05219237506389618,0.05527057126164436,-0.12679678201675415,-0.08715837448835373,-0.022704195231199265,-0.07823607325553894,-0.13599760830402374,0.05219238996505737
9.030999999999999,0.0038142455741763115,0.0038142455741763115,nan,nan,nan,nan,-0.031217819079756737,1.0,1.862645149230957e-09,0.691190242767334,0.0,0.0,0.0,0.0,0.006000000052154064,0.019999999552965164,64.0,0.12416967749595642,1.0095610618591309,0.008580274879932404,9.01050853729248,-0.001233614981174469,-0.004808824509382248,-0.0035752076655626297,-0.009283237159252167,0.9729698300361633,0.013435697183012962,0.13151773810386658,9.0,1.0,0.0,0.0,0.003814239986240864,-5.587935447692871e-09,nan,0.005325661040842533,0.10909631103277206,-0.13631190359592438,-0.15582136809825897,-0.05799873173236847,-0.11035886406898499,-0.02159629762172699,0.13866299390792847,0.028596285730600357,-0.0357300266623497,-0.040843844413757324,-0.015202607028186321,-0.02892722561955452,-0.005660813767462969,0.03634629398584366,0.059688158333301544,-0.16837351024150848,-0.14259137213230133,-0.05773594602942467,-0.09980204701423645,-0.09330029785633087,0.0824725329875946,0.0002092308277497068,2.3932127078296617e-05,-7.071845629980089e-06,4.384955173009075e-05,-1.1515914593474008e-05,-2.129511267412454e-05,0.00021841756824869663,0.027507416903972626,0.026334375143051147,0.03546534478664398,0.025914762169122696,0.007411077618598938,-0.029749564826488495,0.008432112634181976,0.08719557523727417,-0.14203913509845734,-0.10712602734565735,-0.03182118386030197,-0.09239096939563751,-0.12304986268281937,0.09090464562177658,0.08719557523727417,-0.14203913509845734,-0.10712602734565735,-0.03182118386030197,-0.09239096939563751,-0.12304986268281937,0.09090464562177658,0.08719558268785477,-0.14203913509845734,-0.10712602734565735,-0.03182118386030197,-0.09239096939563751,-0.12304986268281937,0.09090465307235718
9.134999999999998,0.0040969764813780785,0.0040969764813780785,nan,nan,nan,nan,-0.03231377899646759,1.0,2.7939677238464355e-09,0.6912041306495667,0.0,0.0,0.0,0.0,0.006000000052154064,0.019999999552965164,64.0,0.12396085262298584,1.1251847743988037,0.007992610335350037,9.352460861206055,-0.002911939285695553,-0.0020340634509921074,0.0008778786286711693,0.017523858696222305,0.7731070518493652,0.013456789776682854,0.15270474553108215,9.0,1.0,0.0,0.0,0.004096974618732929,-1.862645149230957e-09,nan,0.005414058454334736,-0.0854734405875206,-0.14180342853069305,-0.004149099346250296,-0.023017168045043945,-0.043231330811977386,-0.1769391894340515,-0.16989009082317352,-0.0375666469335556,-0.06232437863945961,-0.0018235810566693544,-0.01011633314192295,-0.019000710919499397,-0.07776699215173721,-0.07466882467269897,-0.030051007866859436,-0.18175771832466125,-0.07184644043445587,-0.044476188719272614,-0.08067157119512558,-0.16799762845039368,-0.08178918063640594,0.00020778243197128177,2.4286689949803986e-05,-3.603638333515846e-06,4.303892274037935e-05,-1.1788182746386155e-05,-1.9831830286420882e-05,0.00022003032790962607,0.10854517668485641,0.02516689896583557,-0.03162446618080139,0.007567808032035828,-0.01733824610710144,0.03957025706768036,0.14165881276130676,0.07849416881799698,-0.15659081935882568,-0.10347090661525726,-0.036908380687236786,-0.09800981730222702,-0.12842737138271332,0.05986963212490082,0.07849416881799698,-0.15659081935882568,-0.10347090661525726,-0.036908380687236786,-0.09800981730222702,-0.12842737138271332,0.05986963212490082,0.07849418371915817,-0.15659081935882568,-0.10347090661525726,-0.03690837696194649,-0.09800982475280762,-0.12842737138271332,0.05986965075135231
9.223999999999997,0.00395550113171339,0.00395550113171339,nan,nan,nan,nan,-0.03699337691068649,0.0,0.0,0.6924537420272827,0.0,0.0,0.0,0.0,0.004000000189989805,0.019999999552965164,64.0,0.12396085262298584,1.199087142944336,0.13344454765319824,9.272123336791992,-0.001866983249783516,-0.0011477656662464142,0.0007192175835371017,-0.0030829571187496185,0.9119239449501038,0.013811730779707432,0.14055052399635315,9.0,1.0,0.0,0.0,0.003955497406423092,-3.725290298461914e-09,nan,0.005543554201722145,0.014892172999680042,-0.05273080989718437,-0.11471521854400635,0.059291109442710876,-0.11639571189880371,-0.23505613207817078,0.03902974724769592,0.0028483993373811245,-0.010085728019475937,-0.021941374987363815,0.011340504512190819,-0.022262800484895706,-0.04495876654982567,0.007465150207281113,-0.026905253529548645,-0.16422513127326965,-0.08697319775819778,-0.01119139976799488,-0.09208375215530396,-0.2171047031879425,-0.05183405429124832,0.000718274328391999,0.00010340479639125988,-0.00045987777411937714,7.687187462579459e-05,0.0005630244268104434,-0.00010327032941859215,-0.00017961925186682492,0.08655885607004166,0.00021161139011383057,-0.0008763596415519714,-0.015978673473000526,-0.007302187383174896,0.052499234676361084,0.0722922757267952,0.05965360254049301,-0.16401351988315582,-0.08784955739974976,-0.027170073240995407,-0.09938593953847885,-0.16460546851158142,0.020458221435546875,0.05965360254049301,-0.16401351988315582,-0.08784955739974976,-0.027170073240995407,-0.09938593953847885,-0.16460546851158142,0.020458221435546875,0.05965360254049301,-0.16401351988315582,-0.08784955739974976,-0.027170073240995407,-0.09938593953847885,-0.16460546851158142,0.020458221435546875
9.292000000000002,0.0039509860798716545,0.0039509860798716545,nan,nan,nan,nan,-0.043483950197696686,0.0,-1.862645149230957e-09,0.6939659714698792,0.0,0.0,0.0,0.0,0.006000000052154064,0.017999999225139618,64.0,0.12398508191108704,0.9287651777267456,0.008623115718364716,9.659505844116211,-0.0014296900480985641,-0.0005645495839416981,0.0008651386015117168,0.0,0.8789767026901245,0.014460189267992973,0.15957637131214142,9.0,1.0,0.0,0.0,0.003950980491936207,-5.587935447692871e-09,nan,0.005914824549108744,-0.09504269063472748,-0.20252199470996857,-0.03001989610493183,-0.058897338807582855,0.00021757303329650313,-0.15173527598381042,-0.11206246167421341,-0.015473687089979649,-0.032972149550914764,-0.004887471906840801,-0.009588942863047123,3.542257400113158e-05,-0.024703679606318474,-0.018244637176394463,-0.0442415326833725,-0.1626308709383011,-0.08068753778934479,-0.010744525119662285,-0.07136432081460953,-0.2169014811515808,-0.05426836013793945,0.0002012011973420158,2.5461571567575447e-05,2.659657866388443e-06,4.040207204525359e-05,-1.3984662473376375e-05,-1.4949923752283212e-05,0.00022048826212994754,0.10531885176897049,0.014609605073928833,-0.009928591549396515,0.005474441684782505,-0.03473453223705292,0.02378883957862854,0.08903971314430237,0.06107731908559799,-0.14802126586437225,-0.0906161293387413,-0.00527008343487978,-0.10609885305166245,-0.19311264157295227,0.034771353006362915,0.06107731908559799,-0.14802126586437225,-0.0906161293387413,-0.00527008343487978,-0.10609885305166245,-0.19311264157295227,0.034771353006362915,0.06107731908559799,-0.14802126586437225,-0.0906161293387413,-0.00527008343487978,-0.10609885305166245,-0.19311264157295227,0.034771353006362915
9.396,0.0038408180698752403,0.0038408180698752403,nan,nan,nan,nan,-0.04315410926938057,0.0,2.7939677238464355e-09,0.6965240836143494,0.0,0.0,0.0,0.0,0.01600000075995922,0.026000000536441803,64.0,0.1240060105919838,1.2158900499343872,0.014931894838809967,9.13962173461914,-0.0012724781408905983,-0.0007781637832522392,0.0004943171516060829,-0.002421796787530184,0.9036114811897278,0.014043394476175308,0.16861006617546082,9.0,1.0,0.0,0.0,0.003840814344584942,-3.725290298461914e-09,nan,0.005319529678672552,0.10100935399532318,-0.1322447955608368,-0.14854034781455994,-0.04094548895955086,-0.12237734347581863,-0.04801817238330841,0.14589618146419525,0.0,-0.0,-0.0,-0.0,-0.0,-0.0,0.0,-0.036474332213401794,-0.18835146725177765,-0.0805683583021164,-0.04180518910288811,-0.05643013119697571,-0.16391082108020782,-0.03721458837389946,0.0002038158563664183,2.5753128284122795e-05,8.835445441945922e-07,3.9453483623219654e-05,-9.39488108997466e-06,-1.4425263543671463e-05,0.00021727239072788507,0.08732651174068451,0.02453969419002533,0.0014856457710266113,0.026530396193265915,-0.03097318857908249,-0.021526038646697998,0.06808581203222275,0.05085218325257301,-0.16381177306175232,-0.07908271253108978,-0.015274792909622192,-0.0874033197760582,-0.18543685972690582,0.03087122179567814,0.05085218325257301,-0.16381177306175232,-0.07908271253108978,-0.015274792909622192,-0.0874033197760582,-0.18543685972690582,0.03087122179567814,0.05085218325257301,-0.16381177306175232,-0.07908271253108978,-0.015274792909622192,-0.0874033197760582,-0.18543685972690582,0.03087122179567814
9.503999999999998,0.0036871833726763725,0.0036871833726763725,nan,nan,nan,nan,-0.03158806264400482,1.0,0.0,0.6973239779472351,0.0,0.0,0.0,0.0,0.012000000104308128,0.020999999716877937,64.0,0.12390143424272537,2.0083041191101074,0.01269858330488205,14.409045219421387,-0.0003081187605857849,-0.0005991780199110508,-0.0002910592593252659,-0.000198593465029262,0.9623768329620361,0.014520118944346905,0.1341947615146637,9.0,1.0,0.0,0.0,0.003687179647386074,-3.725290298461914e-09,nan,0.005303677637130022,-0.0652419701218605,-0.1452532261610031,-0.023407896980643272,-0.012510044500231743,-0.0597197525203228,-0.1956942230463028,-0.14858625829219818,-0.016578642651438713,-0.03691030666232109,-0.005948182195425034,-0.003178928280249238,-0.015175390988588333,-0.049727875739336014,-0.0377572663128376,0.03267034888267517,-0.17173302173614502,-0.11827850341796875,-0.039894528687000275,-0.10509012639522552,-0.12747091054916382,0.037524085491895676,0.00019099861674476415,2.2437281586462632e-05,1.3492742255039047e-05,3.7771733332192525e-05,-2.2347336198436096e-05,-1.26086306408979e-05,0.00022682636335957795,0.0541817843914032,0.00975644588470459,0.011409364640712738,0.01276351511478424,-0.002154812216758728,-0.009012609720230103,0.05339861288666725,0.08685213327407837,-0.16197657585144043,-0.10686913877725601,-0.027131013572216034,-0.10724493861198425,-0.13648352026939392,0.09092269837856293,0.08685213327407837,-0.16197657585144043,-0.10686913877725601,-0.027131013572216034,-0.10724493861198425,-0.13648352026939392,0.09092269837856293,0.08685214072465897,-0.16197657585144043,-0.10686913877725601,-0.027131011709570885,-0.10724493861198425,-0.13648352026939392,0.09092270582914352
9.601999999999997,0.0034048696979880333,0.0034048696979880333,nan,nan,nan,nan,-0.0481136292219162,1.0,-1.862645149230957e-09,0.6955679655075073,0.0,0.0,0.0,0.0,0.013000000268220901,0.017000000923871994,64.0,0.12367584556341171,0.7889484763145447,0.015525147318840027,9.048460960388184,0.002048652619123459,-0.0016861013136804104,-0.0037347557954490185,-0.004497630055993795,0.8787663578987122,0.015156403183937073,0.18704579770565033,9.0,1.0,0.0,0.0,0.0034048696979880333,0.0,nan,0.005939891561865807,-0.08595268428325653,-0.20580142736434937,-0.03613435849547386,-0.055070728063583374,-0.0026298444718122482,-0.1575833559036255,-0.10526156425476074,-0.00910534430295229,-0.021801447495818138,-0.003827870823442936,-0.005833883304148912,-0.0002785909455269575,-0.016693495213985443,-0.011150817386806011,-0.009357953444123268,-0.16312028467655182,-0.11313623189926147,-0.01648501120507717,-0.09689777344465256,-0.1848285049200058,-0.0024641919881105423,0.0004677806282415986,6.304035196080804e-05,-0.00023947798763401806,5.3139374358579516e-05,0.00025300757260993123,-5.388687350205146e-05,3.739940075320192e-05,0.10255131870508194,0.0082472562789917,0.0024372339248657227,0.000707162544131279,-0.022724777460098267,0.03139854967594147,0.096601203083992,0.09319336712360382,-0.15487302839756012,-0.11069899797439575,-0.015777848660945892,-0.11962255090475082,-0.15342995524406433,0.09413701295852661,0.09319336712360382,-0.15487302839756012,-0.11069899797439575,-0.015777848660945892,-0.11962255090475082,-0.15342995524406433,0.09413701295852661,0.09319338202476501,-0.15487302839756012,-0.11069899797439575,-0.015777846798300743,-0.11962255090475082,-0.15342995524406433,0.0941370278596878
9.701999999999998,0.003556610085070133,0.003556610085070133,nan,nan,nan,nan,-0.05056132376194,1.0,0.0,0.6957372426986694,0.0,0.0,0.0,0.0,0.014000000432133675,0.01600000075995922,64.0,0.12386392802000046,0.39167049527168274,0.008444301784038544,9.418097496032715,0.0014713313430547714,0.001154520083218813,-0.0003168112598359585,0.007018562871962786,0.8407319784164429,0.015094290487468243,0.18461836874485016,9.0,1.0,0.0,0.0,0.0035566063597798347,-3.725290298461914e-09,nan,0.006306713912636042,0.09341634064912796,-0.1365620642900467,-0.14047397673130035,-0.03469202294945717,-0.13194918632507324,-0.057593248784542084,0.14477618038654327,0.0,-0.0,-0.0,-0.0,-0.0,-0.0,0.0,-0.04528912156820297,-0.21658194065093994,-0.08632906526327133,-0.04836052656173706,-0.05688123404979706,-0.17849567532539368,-0.04732536897063255,0.000191524566616863,1.9522836737451144e-05,1.3607131222670432e-05,3.8509013393195346e-05,-2.3458935174858198e-05,-1.6557729395572096e-05,0.00022849054948892444,0.11562749743461609,0.03446418046951294,-0.007112368941307068,0.024820206686854362,-0.04254433512687683,0.0066779255867004395,0.11311323940753937,0.07033837586641312,-0.182117760181427,-0.0934414342045784,-0.023540319874882698,-0.09942556917667389,-0.17181774973869324,0.06578786671161652,0.07033837586641312,-0.182117760181427,-0.0934414342045784,-0.023540319874882698,-0.09942556917667389,-0.17181774973869324,0.06578786671161652,0.07033837586641312,-0.182117760181427,-0.0934414342045784,-0.023540319874882698,-0.09942556917667389,-0.17181774973869324,0.06578786671161652
9.783999999999999,0.003977288492023945,0.003977288492023945,nan,nan,nan,nan,-0.02848985604941845,0.0,0.0,0.6948599815368652,0.0,0.0,0.0,0.0,0.014999999664723873,0.023000000044703484,64.0,0.1242469996213913,6.758203029632568,0.023954547941684723,10.385798454284668,-0.0013587269932031631,0.002484709955751896,0.003843436948955059,0.006380207370966673,0.9841999411582947,0.015467552468180656,0.2135341465473175,9.0,1.0,0.0,0.0,0.003977284766733646,-3.725290298461914e-09,nan,0.006127826403826475,0.09341634064912796,-0.1365620642900467,-0.14047397673130035,-0.03469202294945717,-0.13194918632507324,-0.057593248784542084,0.14477618038654327,0.018458331003785133,-0.026983587071299553,-0.027756549417972565,-0.006854869890958071,-0.026072118431329727,-0.011379971168935299,0.028606630861759186,0.05741381645202637,-0.1792333573102951,-0.13838045299053192,-0.04328782111406326,-0.12182410061359406,-0.10496129095554352,0.09668482840061188,0.0005737637402489781,7.763902976876125e-05,-0.00034145795507356524,5.8533398259896785e-05,0.00034172096638940275,-6.942711479496211e-05,-2.5470490072621033e-05,0.02878526598215103,-0.0005126893520355225,0.026838377118110657,0.013096548616886139,0.00804709643125534,-0.03464691340923309,0.004162512719631195,0.0861990824341774,-0.17974604666233063,-0.11154207587242126,-0.030191272497177124,-0.11377700418233871,-0.1396082043647766,0.10084734112024307,0.0861990824341774,-0.17974604666233063,-0.11154207587242126,-0.030191272497177124,-0.11377700418233871,-0.1396082043647766,0.10084734112024307,0.0861990824341774,-0.17974604666233063,-0.11154207587242126,-0.030191272497177124,-0.11377700418233871,-0.1396082043647766,0.10084734112024307
9.866,0.004156571812927723,0.004156571812927723,nan,nan,nan,nan,-0.0344071164727211,1.0,-9.313225746154785e-10,0.6935306191444397,0.0,0.0,0.0,0.0,0.012000000104308128,0.019999999552965164,64.0,0.12449725717306137,0.6361426711082458,0.4437752068042755,12.18868350982666,-0.000980638898909092,0.0006486987695097923,0.0016293367370963097,0.0015080906450748444,0.8417922854423523,0.015630215406417847,0.2104083001613617,9.0,1.0,0.0,0.0,0.004156569950282574,-1.862645149230957e-09,nan,0.007659670431166887,-0.05192599818110466,-0.14974938333034515,-0.033952247351408005,-0.009735208936035633,-0.0690685361623764,-0.20314417779445648,-0.13263961672782898,-0.02921009622514248,-0.08423899859189987,-0.019099265336990356,-0.005476378370076418,-0.038853343576192856,-0.11427534371614456,-0.07461418956518173,-0.020540961995720863,-0.20480991899967194,-0.08770136535167694,-0.026670755818486214,-0.11099521070718765,-0.2195003181695938,-0.07356737554073334,0.00019940000493079424,2.081350248772651e-05,3.1175070489553036e-06,4.081988299731165e-05,-1.238555159943644e-05,-2.037113154074177e-05,0.00021741210366599262,0.09763536602258682,0.021407663822174072,-0.01710055023431778,0.0015527624636888504,-0.01308836042881012,0.0578608363866806,0.14430174231529236,0.07709440588951111,-0.18340225517749786,-0.10480191558599472,-0.025117993354797363,-0.12408357113599777,-0.1616394817829132,0.07073437422513962,0.07709440588951111,-0.18340225517749786,-0.10480191558599472,-0.025117993354797363,-0.12408357113599777,-0.1616394817829132,0.07073437422513962,0.0770944133400917,-0.18340225517749786,-0.10480191558599472,-0.025117991492152214,-0.12408357113599777,-0.1616394817829132,0.07073438167572021
9.951,0.003987596370279789,0.003987596370279789,nan,nan,nan,nan,-0.04346797242760658,1.0,9.313225746154785e-10,0.6907531023025513,0.0,0.0,0.0,0.0,0.009999999776482582,0.019999999552965164,64.0,0.12418679893016815,0.5247052907943726,0.009431503713130951,13.51891040802002,-0.000779847614467144,-0.0006855549290776253,9.429361671209335e-05,0.0,0.8900758624076843,0.016122961416840553,0.17619310319423676,9.0,1.0,0.0,0.0,0.0039875926449894905,-3.725290298461914e-09,nan,0.00687380088493228,-0.08977586030960083,-0.20119263231754303,-0.023728158324956894,-0.04924769699573517,0.013843146152794361,-0.15648843348026276,-0.11744443327188492,-0.010165192186832428,-0.022780753672122955,-0.0026867054402828217,-0.005576246418058872,0.0015674395253881812,-0.017718959599733353,-0.013298065401613712,-0.03527826443314552,-0.19250498712062836,-0.09012841433286667,-0.019453831017017365,-0.09150770306587219,-0.21292132139205933,-0.05882185697555542,0.0001862015196820721,1.9451530533842742e-05,1.6020039765862748e-05,4.1385585063835606e-05,-2.3643042368348688e-05,-1.9615257770055905e-05,0.0002256133157061413,0.10069505870342255,0.007725059986114502,-0.006419174373149872,0.005215255543589592,-0.03803803026676178,0.019946113228797913,0.10366649180650711,0.06541679054498672,-0.18477992713451385,-0.09654758870601654,-0.014238575473427773,-0.12954573333263397,-0.1929752081632614,0.04484463483095169,0.06541679054498672,-0.18477992713451385,-0.09654758870601654,-0.014238575473427773,-0.12954573333263397,-0.1929752081632614,0.04484463483095169,0.06541679799556732,-0.18477992713451385,-0.09654758870601654,-0.014238574542105198,-0.12954573333263397,-0.1929752081632614,0.04484464228153229
10.029000000000003,0.003935276530683041,0.003935276530683041,nan,nan,nan,nan,-0.03985893353819847,0.0,1.862645149230957e-09,0.6870541572570801,0.0,0.0,0.0,0.0,0.012000000104308128,0.019999999552965164,64.0,0.12412610650062561,1.0205926895141602,0.011743046343326569,19.300369262695312,-0.0009973514825105667,-0.0007688626646995544,0.0002284906804561615,0.0012158416211605072,0.9064896106719971,0.015374117530882359,0.20584891736507416,9.0,1.0,0.0,0.0,0.003935274668037891,-1.862645149230957e-09,nan,0.0064217709004879,0.09179024398326874,-0.1266430914402008,-0.13372394442558289,-0.025323277339339256,-0.1410963386297226,-0.058680083602666855,0.1538219302892685,0.0,-0.0,-0.0,-0.0,-0.0,-0.0,0.0,-0.0387720912694931,-0.20012657344341278,-0.07515512406826019,-0.03644596412777901,-0.05937545746564865,-0.17374397814273834,-0.049196504056453705,0.00018131843535229564,1.928947131091263e-05,2.124270577041898e-05,4.1837287426460534e-05,-2.645163840497844e-05,-1.9292843717266805e-05,0.00022785665350966156,0.08824312686920166,0.00963263213634491,-0.005484282970428467,0.019340503960847855,-0.04678448289632797,-0.018280044198036194,0.07873018085956573,0.04947103187441826,-0.19049394130706787,-0.08063940703868866,-0.017105460166931152,-0.10615994036197662,-0.19202402234077454,0.02953367680311203,0.04947103187441826,-0.19049394130706787,-0.08063940703868866,-0.017105460166931152,-0.10615994036197662,-0.19202402234077454,0.02953367680311203,0.04947103187441826,-0.19049394130706787,-0.08063940703868866,-0.017105460166931152,-0.10615994036197662,-0.19202402234077454,0.02953367680311203
10.128,0.0036387043073773384,0.0036387043073773384,nan,nan,nan,nan,-0.024494731798768044,0.0,3.725290298461914e-09,0.6841091513633728,0.0,0.0,0.0,0.0,0.008999999612569809,0.012000000104308128,64.0,0.12396470457315445,2.4696831703186035,0.1716669648885727,10.970051765441895,-0.00010230019688606262,-0.00115165114402771,-0.0010493472218513489,0.0,0.9803274869918823,0.014459493570029736,0.1731802076101303,9.0,1.0,0.0,0.0,0.0036387043073773384,0.0,nan,0.005536869168281555,0.09179024398326874,-0.1266430914402008,-0.13372394442558289,-0.025323277339339256,-0.1410963386297226,-0.058680083602666855,0.1538219302892685,0.005605656653642654,-0.007734130136668682,-0.008166559971868992,-0.0015464999014511704,-0.008616793900728226,-0.003583609825000167,0.009393949061632156,0.0450296625494957,-0.15438133478164673,-0.11348487436771393,-0.029570844024419785,-0.11249448359012604,-0.10100173205137253,0.08119973540306091,0.0006287950091063976,8.806540427030995e-05,-0.00039873202331364155,6.076620411477052e-05,0.0003553579736035317,-6.935728015378118e-05,-3.4583750675665215e-05,0.024586908519268036,-0.01630362868309021,0.021270304918289185,0.010471129789948463,-0.0014823675155639648,-0.04720576852560043,-0.0048652514815330505,0.06961657106876373,-0.17068496346473694,-0.09221456944942474,-0.01909971423447132,-0.11397685110569,-0.14820750057697296,0.07633448392152786,0.06961657106876373,-0.17068496346473694,-0.09221456944942474,-0.01909971423447132,-0.11397685110569,-0.14820750057697296,0.07633448392152786,0.06961657106876373,-0.17068496346473694,-0.09221456944942474,-0.01909971423447132,-0.11397685110569,-0.14820750057697296,0.07633448392152786
10.189,0.0034330980852246284,0.0034330980852246284,nan,nan,nan,nan,-0.029441997408866882,0.0,1.862645149230957e-09,0.6841510534286499,0.0,0.0,0.0,0.0,0.017000000923871994,0.013000000268220901,64.0,0.12375962734222412,1.017350673675537,0.013958662748336792,9.410680770874023,0.0008515659719705582,-0.0009245257824659348,-0.0017760898917913437,0.0,0.8694894313812256,0.013988845981657505,0.15983572602272034,9.0,1.0,0.0,0.0,0.0034330962225794792,-1.862645149230957e-09,nan,0.00520465150475502,-0.05167190358042717,-0.15362043678760529,-0.03307913988828659,-0.008448658511042595,-0.06556258350610733,-0.19861158728599548,-0.13718657195568085,-0.012539609335362911,-0.03728022426366806,-0.00802756380289793,-0.0020502994302660227,-0.015910565853118896,-0.04819856584072113,-0.033292096108198166,-0.01187050435692072,-0.1691565066576004,-0.07368890196084976,-0.01909281685948372,-0.09383750706911087,-0.17291082441806793,-0.0493263378739357,0.0005338654736988246,7.417429878842086e-05,-0.000308748974930495,5.589354987023398e-05,0.00026742188492789865,-5.572292138822377e-05,2.751939246081747e-05,0.07839115709066391,0.00616098940372467,-0.012515485286712646,0.0038046585395932198,-0.02228882908821106,0.024153992533683777,0.1125965341925621,0.06652065366506577,-0.16299551725387573,-0.08620438724756241,-0.015288158319890499,-0.11612633615732193,-0.14875683188438416,0.0632701963186264,0.06652065366506577,-0.16299551725387573,-0.08620438724756241,-0.015288158319890499,-0.11612633615732193,-0.14875683188438416,0.0632701963186264,0.06652065366506577,-0.16299551725387573,-0.08620438724756241,-0.015288158319890499,-0.11612633615732193,-0.14875683188438416,0.0632701963186264
10.264000000000003,0.0032878434285521507,0.0032878434285521507,nan,nan,nan,nan,-0.04084118828177452,0.0,2.7939677238464355e-09,0.6837337017059326,0.0,0.0,0.0,0.0,0.012000000104308128,0.019999999552965164,64.0,0.12376035749912262,0.8074883222579956,0.01405179500579834,9.661476135253906,0.0030321991071105003,-0.0012542265467345715,-0.004286422859877348,0.0,0.8155249357223511,0.01400764100253582,0.16432486474514008,9.0,1.0,0.0,0.0,0.0032878415659070015,-1.862645149230957e-09,nan,0.006487874314188957,-0.08059530705213547,-0.20920616388320923,-0.03236651048064232,-0.05341444909572601,0.009118207730352879,-0.15114609897136688,-0.1136142686009407,-0.01743162050843239,-0.04524832218885422,-0.007000416051596403,-0.011552786454558372,0.0019721388816833496,-0.032690756022930145,-0.024573151022195816,-0.053653016686439514,-0.20392534136772156,-0.05449559912085533,-0.03308112919330597,-0.054774124175310135,-0.19372960925102234,-0.1077229380607605,0.00017670312081463635,2.1406849555205554e-05,2.9658061976078898e-05,4.1468272684141994e-05,-2.6598057957016863e-05,-1.5874938981141895e-05,0.0002307447575731203,0.1058126762509346,0.03334547579288483,-0.015063989907503128,0.020279664546251297,-0.05460313335061073,0.023260638117790222,0.1330544650554657,0.05215965956449509,-0.17057986557483673,-0.06955958902835846,-0.012801465578377247,-0.10937725752592087,-0.17046897113323212,0.025331534445285797,0.05215965956449509,-0.17057986557483673,-0.06955958902835846,-0.012801465578377247,-0.10937725752592087,-0.17046897113323212,0.025331534445285797,0.05215965956449509,-0.17057986557483673,-0.06955958902835846,-0.012801465578377247,-0.10937725752592087,-0.17046897113323212,0.025331534445285797
10.344999999999999,0.0035915030166506767,0.0035915030166506767,nan,nan,nan,nan,-0.031022371724247932,0.0,3.725290298461914e-09,0.6857126951217651,0.0,0.0,0.0,0.0,0.013000000268220901,0.012000000104308128,64.0,0.1240341067314148,1.3781096935272217,0.014773570001125336,10.804030418395996,-0.00022553279995918274,0.0011650812812149525,0.0013906178064644337,0.012842783704400063,0.9786936044692993,0.013861634768545628,0.17337539792060852,9.0,1.0,0.0,0.0,0.0035914992913603783,-3.725290298461914e-09,nan,0.005078540183603764,0.07532580941915512,-0.1354006677865982,-0.1270153969526291,-0.017756327986717224,-0.15044516324996948,-0.07366912811994553,0.14657284319400787,0.0025451420806348324,-0.004574978724122047,-0.0042916531674563885,-0.0005999587592668831,-0.005083308555185795,-0.0024891656357795,0.0049524689093232155,0.004299761261790991,-0.18050146102905273,-0.09026385098695755,-0.029938075691461563,-0.09620276093482971,-0.13728652894496918,0.013130949810147285,0.00018613757856655866,2.344921085750684e-05,2.0374889572849497e-05,4.1653165681054816e-05,-1.7083077182178386e-05,-1.637597415538039e-05,0.00022357379202730954,0.04162101820111275,0.0027447640895843506,0.021309934556484222,0.012213341891765594,-0.007010795176029205,-0.025937601923942566,0.014928676187992096,0.045920778065919876,-0.17775669693946838,-0.06895391643047333,-0.01772473379969597,-0.10321355611085892,-0.16322413086891174,0.02805962599813938,0.045920778065919876,-0.17775669693946838,-0.06895391643047333,-0.01772473379969597,-0.10321355611085892,-0.16322413086891174,0.02805962599813938,0.045920778065919876,-0.17775669693946838,-0.06895391643047333,-0.01772473379969597,-0.10321355611085892,-0.16322413086891174,0.02805962599813938
10.454,0.003808862529695034,0.003808862529695034,nan,nan,nan,nan,-0.02619240991771221,1.0,0.0,0.6859228610992432,0.0,0.0,0.0,0.0,-0.003000000026077032,0.026000000536441803,64.0,0.12418311089277267,4.028345584869385,0.019690021872520447,12.53986644744873,-0.0003585759550333023,0.0008189701475203037,0.001177546102553606,0.0,0.9832348823547363,0.01468881405889988,0.15247772634029388,9.0,1.0,0.0,0.0,0.003808860667049885,-1.862645149230957e-09,nan,0.006298743654042482,0.07532580941915512,-0.1354006677865982,-0.1270153969526291,-0.017756327986717224,-0.15044516324996948,-0.07366912811994553,0.14657284319400787,0.020835261791944504,-0.037452083081007004,-0.03513270244002342,-0.00491143437102437,-0.04161342233419418,-0.0203770212829113,0.040542326867580414,0.05715462565422058,-0.17018724977970123,-0.12878315150737762,-0.024764936417341232,-0.14835727214813232,-0.10785217583179474,0.11307436972856522,0.00018047676712740213,2.3343116481555626e-05,2.4844499421305954e-05,4.1462015360593796e-05,-1.8065180483972654e-05,-1.559738302603364e-05,0.00022272448404692113,0.015371963381767273,0.0005567818880081177,0.03674516826868057,0.008048266172409058,0.018261045217514038,-0.02806955575942993,-0.022966213524341583,0.07252658903598785,-0.16963046789169312,-0.09203798323869705,-0.016716670244932175,-0.1300962269306183,-0.13592173159122467,0.09010815620422363,0.07252658903598785,-0.16963046789169312,-0.09203798323869705,-0.016716670244932175,-0.1300962269306183,-0.13592173159122467,0.09010815620422363,0.07252660393714905,-0.16963046789169312,-0.09203798323869705,-0.016716668382287025,-0.1300962269306183,-0.13592173159122467,0.09010817110538483
10.502000000000002,0.004038904793560505,0.004038904793560505,nan,nan,nan,nan,-0.0335070975124836,1.0,0.0,0.6871979236602783,0.0,0.0,0.0,0.0,0.00800000037997961,0.023000000044703484,64.0,0.12404270470142365,0.7244423031806946,0.012888573110103607,28.637529373168945,-0.002398096024990082,0.0002839737571775913,0.002682069782167673,4.778089714818634e-05,0.8697217106819153,0.01516534574329853,0.14371876418590546,9.0,1.0,0.0,0.0,0.0040389010682702065,-3.725290298461914e-09,nan,0.00566510995849967,-0.04992460831999779,-0.14950792491436005,-0.038255296647548676,0.0044546290300786495,-0.06533340364694595,-0.20663462579250336,-0.12924891710281372,-0.026156296953558922,-0.07832957804203033,-0.020042557269334793,0.002333850832656026,-0.034229207783937454,-0.1082591563463211,-0.06771556288003922,-0.021254094317555428,-0.19666895270347595,-0.08353855460882187,-0.005766914691776037,-0.11477446556091309,-0.22218340635299683,-0.06862153857946396,0.0001604601857252419,2.0474499251577072e-05,4.347070353105664e-05,4.053562952321954e-05,-3.126842784695327e-05,-1.3805808521283325e-05,0.00023099964892026037,0.0836363211274147,0.022056743502616882,-0.005792208015918732,-0.0016359714791178703,-0.021346047520637512,0.05652475357055664,0.1286877989768982,0.062382228672504425,-0.17461220920085907,-0.0893307626247406,-0.0074028861708939075,-0.1361205130815506,-0.16565865278244019,0.060066256672143936,0.062382228672504425,-0.17461220920085907,-0.0893307626247406,-0.0074028861708939075,-0.1361205130815506,-0.16565865278244019,0.060066256672143936,0.06238223612308502,-0.17461220920085907,-0.0893307626247406,-0.007402884773910046,-0.1361205130815506,-0.16565865278244019,0.06006626412272453
10.594000000000001,0.0038368580862879753,0.0038368580862879753,nan,nan,nan,nan,-0.04358436167240143,1.0,-9.313225746154785e-10,0.6855320930480957,0.0,0.0,0.0,0.0,0.020999999716877937,0.02500000037252903,64.0,0.12403341382741928,0.9532980918884277,0.009712763130664825,9.706296920776367,-0.0010673096403479576,-0.0016316650435328484,-0.0005643563345074654,-0.003607422113418579,0.8294067978858948,0.015308446250855923,0.18684794008731842,9.0,1.0,0.0,0.0,0.0038368580862879753,0.0,nan,0.005774750839918852,-0.07776809483766556,-0.20993980765342712,-0.03518838807940483,-0.04349074512720108,0.015721682459115982,-0.1586679071187973,-0.10641923546791077,-0.022343283519148827,-0.060317087918519974,-0.010109854862093925,-0.012495176866650581,0.004516942892223597,-0.04558633267879486,-0.030574947595596313,-0.06153741851449013,-0.2306942641735077,-0.06245433911681175,-0.030190547928214073,-0.045502521097660065,-0.2121993601322174,-0.10501724481582642,0.00018515114788897336,2.28716144192731e-05,1.9950390196754597e-05,4.0127491956809536e-05,-1.449179217161145e-05,-1.5927205822663382e-05,0.00021964454208500683,0.10870999097824097,0.04082027077674866,-0.012002501636743546,0.022799676284193993,-0.07194555550813675,0.02445654571056366,0.133674755692482,0.04717256873846054,-0.18987399339675903,-0.0744568407535553,-0.007390871178358793,-0.11744807660579681,-0.18774281442165375,0.02865751087665558,0.04717256873846054,-0.18987399339675903,-0.0744568407535553,-0.007390871178358793,-0.11744807660579681,-0.18774281442165375,0.02865751087665558,0.04717256873846054,-0.18987399339675903,-0.0744568407535553,-0.007390870712697506,-0.11744807660579681,-0.18774281442165375,0.028657512739300728
10.661999999999999,0.0038849851116538048,0.0038849851116538048,nan,nan,nan,nan,-0.03590032458305359,0.0,0.0,0.6838259100914001,0.0,0.0,0.0,0.0,0.012000000104308128,0.019999999552965164,64.0,0.12394718080759048,2.8150033950805664,0.011116266250610352,19.117704391479492,-0.0009747873991727829,-0.0008916701190173626,8.31172801554203e-05,0.0,0.9644457697868347,0.015220185741782188,0.16116449236869812,9.0,1.0,0.0,0.0,0.0038849832490086555,-1.862645149230957e-09,nan,0.006210722494870424,0.07763143628835678,-0.11475132405757904,-0.11580918729305267,-0.008108125068247318,-0.15659314393997192,-0.0644749328494072,0.16926179826259613,0.008414694108068943,-0.01243822555989027,-0.012552889995276928,-0.0008788629784248769,-0.016973579302430153,-0.006988622713834047,0.018346771597862244,-0.019547628238797188,-0.20502716302871704,-0.08168328553438187,-0.02883226051926613,-0.07517297565937042,-0.1628638207912445,-0.011642083525657654,0.000504417228512466,6.770809704903513e-05,-0.00028673643828369677,4.963566243532114e-05,0.00021447114704642445,-4.4553617044584826e-05,6.196375034051016e-05,0.05916459858417511,0.002992376685142517,0.01443561166524887,0.015816349536180496,-0.024129614233970642,-0.024421945214271545,0.03703631833195686,0.03961697220802307,-0.20203478634357452,-0.067247673869133,-0.013015910051763058,-0.09930258989334106,-0.18728576600551605,0.02539423480629921,0.03961697220802307,-0.20203478634357452,-0.067247673869133,-0.013015910051763058,-0.09930258989334106,-0.18728576600551605,0.02539423480629921,0.03961697220802307,-0.20203478634357452,-0.067247673869133,-0.013015910051763058,-0.09930258989334106,-0.18728576600551605,0.02539423480629921
10.759,0.003544985316693783,0.003544985316693783,nan,nan,nan,nan,-0.028959866613149643,1.0,-9.313225746154785e-10,0.6815292835235596,0.0,0.0,0.0,0.0,0.0020000000949949026,0.029999999329447746,64.0,0.12376097589731216,2.3967373371124268,0.00955536961555481,10.468318939208984,0.0007934169843792915,-0.0005998862907290459,-0.001393304206430912,-0.004056592937558889,0.9696665406227112,0.014899096451699734,0.20605243742465973,9.0,1.0,0.0,0.0,0.003544985316693783,0.0,nan,0.00591134512796998,-0.052534159272909164,-0.12911184132099152,-0.029524561017751694,0.019853811711072922,-0.05687721073627472,-0.21432720124721527,-0.1418916881084442,-0.008092416450381279,-0.01988852024078369,-0.004547993652522564,0.0030583017505705357,-0.008761423639953136,-0.0330151803791523,-0.021857140585780144,0.00920548103749752,-0.16578809916973114,-0.08896529674530029,-0.007935942150652409,-0.11249658465385437,-0.1555245816707611,0.022997938096523285,0.00016150141891557723,1.820968282117974e-05,4.493199594435282e-05,3.929845479433425e-05,-2.941104321507737e-05,-1.501848419138696e-05,0.0002314932062290609,0.05025888979434967,-0.015482902526855469,0.010137371718883514,-0.0003759339451789856,-0.00833141803741455,-0.0054232776165008545,0.051914870738983154,0.05946436896920204,-0.1812710016965866,-0.07882792502641678,-0.008311876095831394,-0.12082800269126892,-0.16094785928726196,0.07491280883550644,0.05946436896920204,-0.1812710016965866,-0.07882792502641678,-0.008311876095831394,-0.12082800269126892,-0.16094785928726196,0.07491280883550644,0.05946437641978264,-0.1812710016965866,-0.07882792502641678,-0.008311874233186245,-0.12082800269126892,-0.16094785928726196,0.07491281628608704
10.811,0.00332805048674345,0.00332805048674345,nan,nan,nan,nan,-0.03459368646144867,1.0,-9.313225746154785e-10,0.6813732981681824,0.0,0.0,0.0,0.0,0.012000000104308128,0.019999999552965164,64.0,0.12367996573448181,0.7998459339141846,0.009947456419467926,9.068330764770508,0.0027118297293782234,-0.0012926915660500526,-0.004004522226750851,-0.005902070552110672,0.8450674414634705,0.014654727652668953,0.18704962730407715,9.0,1.0,0.0,0.0,0.0033280467614531517,-3.725290298461914e-09,nan,0.006477812305092812,-0.052534159272909164,-0.12911184132099152,-0.029524561017751694,0.019853811711072922,-0.05687721073627472,-0.21432720124721527,-0.1418916881084442,-0.01858121156692505,-0.04566656053066254,-0.010442769154906273,0.007022248115390539,-0.020117338746786118,-0.07580704241991043,-0.05018676444888115,-0.0328560508787632,-0.16692999005317688,-0.06152483448386192,0.010378377512097359,-0.09158743172883987,-0.22236105799674988,-0.08959557116031647,0.00017159059643745422,1.8851420463761315e-05,3.627356272772886e-05,3.786735032917932e-05,-2.363082967349328e-05,-1.4501847545034252e-05,0.00022852109395898879,0.08514174818992615,-0.0021237432956695557,-0.007125798612833023,-0.006100840866565704,-0.031274162232875824,0.04214242100715637,0.13740557432174683,0.05228569358587265,-0.16905373334884644,-0.06865063309669495,0.004277536645531654,-0.1228615939617157,-0.1802186369895935,0.04780999571084976,0.05228569358587265,-0.16905373334884644,-0.06865063309669495,0.004277536645531654,-0.1228615939617157,-0.1802186369895935,0.04780999571084976,0.05228569731116295,-0.16905373334884644,-0.06865063309669495,0.004277537576854229,-0.1228615939617157,-0.1802186369895935,0.04781000316143036
10.917000000000002,0.0033527882769703865,0.0033527882769703865,nan,nan,nan,nan,-0.043723925948143005,1.0,-9.313225746154785e-10,0.6802176237106323,0.0,0.0,0.0,0.0,0.01600000075995922,0.017000000923871994,64.0,0.12377955764532089,2.5128657817840576,0.014295801520347595,22.90317726135254,0.002522888593375683,-0.00045807473361492157,-0.002980964258313179,0.0,0.9292424321174622,0.015594652853906155,0.1639491468667984,9.0,1.0,0.0,0.0,0.0033527882769703865,0.0,nan,0.006472374778240919,-0.07348994165658951,-0.2113911211490631,-0.03547364100813866,-0.052358515560626984,0.022524645552039146,-0.15855304896831512,-0.10132522135972977,-0.008009655401110649,-0.023039480671286583,-0.003866265993565321,-0.005706545431166887,0.002454956993460655,-0.017280669882893562,-0.011043417267501354,-0.031324371695518494,-0.18587461113929749,-0.0839434489607811,0.01617247983813286,-0.0891830325126648,-0.2295691817998886,-0.02870544046163559,0.0005128390621393919,6.55229450785555e-05,-0.00029451801674440503,4.567603536997922e-05,0.00019941141363233328,-3.956754881073721e-05,7.507449481636286e-05,0.08056925982236862,0.018667489290237427,0.015563830733299255,0.0048399418592453,-0.03813654184341431,0.020834490656852722,0.0733802542090416,0.04924488812685013,-0.16720712184906006,-0.06837961822748184,0.02101242169737816,-0.1273195743560791,-0.2087346911430359,0.044674813747406006,0.04924488812685013,-0.16720712184906006,-0.06837961822748184,0.02101242169737816,-0.1273195743560791,-0.2087346911430359,0.044674813747406006,0.04924489185214043,-0.16720712184906006,-0.06837961822748184,0.021012423560023308,-0.1273195743560791,-0.2087346911430359,0.0446748211979866
11.006999999999998,0.0035346122458577156,0.0035346122458577156,nan,nan,nan,nan,-0.03769657760858536,0.0,9.313225746154785e-10,0.6805621981620789,0.0,0.0,0.0,0.0,0.012000000104308128,0.014000000432133675,64.0,0.12394339591264725,0.9825769662857056,0.010582618415355682,12.119023323059082,0.0012124357745051384,0.0005058166570961475,-0.0007066181860864162,0.0,0.9697534441947937,0.015416024252772331,0.1547834426164627,9.0,1.0,0.0,0.0,0.003534608520567417,-3.725290298461914e-09,nan,0.006289707031100988,0.05608556792140007,-0.1210620328783989,-0.1158839762210846,0.006215113215148449,-0.17063170671463013,-0.08878134191036224,0.1474224030971527,0.00485567469149828,-0.010481089353561401,-0.010032793506979942,0.000538080814294517,-0.014772643335163593,-0.007686350028961897,0.012763269245624542,-0.006552867591381073,-0.17598816752433777,-0.09116537123918533,-0.002695085247978568,-0.10280114412307739,-0.16862431168556213,0.026109617203474045,0.00049252511234954,6.251042941585183e-05,-0.000276042555924505,4.442472709342837e-05,0.00018322476535104215,-3.680907320813276e-05,8.53427845868282e-05,0.05386868119239807,0.0014145970344543457,0.023181818425655365,0.017331721261143684,-0.015280865132808685,-0.03204461932182312,0.031335633248090744,0.047315813601017,-0.17457357048988342,-0.06798355281352997,0.014636635780334473,-0.11808200925588608,-0.20066893100738525,0.05744525045156479,0.047315813601017,-0.17457357048988342,-0.06798355281352997,0.014636635780334473,-0.11808200925588608,-0.20066893100738525,0.05744525045156479,0.047315813601017,-0.17457357048988342,-0.06798355281352997,0.014636635780334473,-0.11808200925588608,-0.20066893100738525,0.05744525045156479
11.097000000000001,0.004097535274922848,0.004097535274922848,nan,nan,nan,nan,-0.034928224980831146,0.0,9.313225746154785e-10,0.6812130212783813,0.0,0.0,0.0,0.0,0.004999999888241291,0.03099999949336052,64.0,0.12402783334255219,0.37825852632522583,0.007109716534614563,21.707338333129883,-0.002277054823935032,0.0009370027109980583,0.003214058466255665,0.00017707145889289677,0.9492413997650146,0.015580699779093266,0.16167913377285004,9.0,1.0,0.0,0.0,0.004097527824342251,-7.450580596923828e-09,nan,0.006302212364971638,-0.06076029688119888,-0.13831846415996552,-0.046084169298410416,0.012234692461788654,-0.0636032298207283,-0.19720858335494995,-0.1482098400592804,-0.01648738794028759,-0.03753289952874184,-0.012505000457167625,0.003319900017231703,-0.017258821055293083,-0.0535128116607666,-0.04021693766117096,0.003567676991224289,-0.16182273626327515,-0.10049393028020859,0.006524901837110519,-0.136798694729805,-0.16483919322490692,0.026781007647514343,0.00016677142411936074,1.9028848328161985e-05,3.941070826840587e-05,3.669851503218524e-05,-2.0111205230932683e-05,-1.3454733561957255e-05,0.00022343489399645478,0.058985065668821335,0.001968950033187866,0.015213601291179657,0.00793752633035183,-0.01031900942325592,-0.0023237019777297974,0.07601790875196457,0.06255274266004562,-0.15985378623008728,-0.08528032898902893,0.014462428167462349,-0.1471177041530609,-0.16716289520263672,0.10279891639947891,0.06255274266004562,-0.15985378623008728,-0.08528032898902893,0.014462428167462349,-0.1471177041530609,-0.16716289520263672,0.10279891639947891,0.06255274266004562,-0.15985378623008728,-0.08528032898902893,0.014462428167462349,-0.1471177041530609,-0.16716289520263672,0.10279891639947891
11.177,0.0037720641121268272,0.0037720641121268272,nan,nan,nan,nan,-0.04719948768615723,1.0,0.0,0.6783053874969482,0.0,0.0,0.0,0.0,0.008999999612569809,0.024000000208616257,64.0,0.12388627231121063,0.9796796441078186,0.009062699973583221,18.090944290161133,0.0005357172340154648,-0.002048991620540619,-0.0025847088545560837,-0.006827681325376034,0.7995789647102356,0.015617390163242817,0.2161332666873932,9.0,1.0,0.0,0.0,0.003772054798901081,-9.313225746154785e-09,nan,0.0071534826420247555,-0.06076029688119888,-0.13831846415996552,-0.046084169298410416,0.012234692461788654,-0.0636032298207283,-0.19720858335494995,-0.1482098400592804,-0.026261158287525177,-0.05978250876069069,-0.01991800218820572,0.005287946667522192,-0.027489900588989258,-0.0852353647351265,-0.06405765563249588,-0.04078822582960129,-0.17703792452812195,-0.0820581316947937,0.011801213026046753,-0.1123124361038208,-0.21977785229682922,-0.09053733944892883,0.00017435431072954088,2.0291261535021476e-05,3.278164876974188e-05,3.730228854692541e-05,-1.4802154510107357e-05,-1.4516906958306208e-05,0.000220418834942393,0.10108857601881027,0.018024086952209473,0.00424937903881073,0.008551497012376785,-0.038954123854637146,0.03718724846839905,0.16767685115337372,0.060300350189208984,-0.15901383757591248,-0.07780875265598297,0.020352710038423538,-0.15126655995845795,-0.18259060382843018,0.07713951170444489,0.060300350189208984,-0.15901383757591248,-0.07780875265598297,0.020352710038423538,-0.15126655995845795,-0.18259060382843018,0.07713951170444489,0.06030035763978958,-0.15901383757591248,-0.07780875265598297,0.020352711901068687,-0.15126655995845795,-0.18259060382843018,0.07713951915502548
11.243000000000002,0.003884059377014637,0.003884059377014637,nan,nan,nan,nan,-0.056244857609272,0.0,9.313225746154785e-10,0.6772651076316833,0.0,0.0,0.0,0.0,0.013000000268220901,0.014000000432133675,64.0,0.12380801141262054,4.80429744720459,0.03048870712518692,11.976861000061035,0.0008343467488884926,-0.0012684292159974575,-0.0021027750335633755,0.0032399380579590797,0.7977611422538757,0.01598942279815674,0.19146783649921417,9.0,1.0,0.0,0.0,0.0038840537890791893,-5.587935447692871e-09,nan,0.008178088814020157,-0.07786934822797775,-0.19810086488723755,-0.05362272262573242,-0.039916813373565674,0.0016307785408571362,-0.17055515944957733,-0.10550800710916519,-0.010355597361922264,-0.02634480781853199,-0.00713111599907279,-0.005308410618454218,0.00021687208209186792,-0.022681590169668198,-0.014031176455318928,-0.07080931216478348,-0.20380569994449615,-0.07141245901584625,-0.009434109553694725,-0.06403100490570068,-0.22717739641666412,-0.13105902075767517,0.000516255444381386,6.537776062032208e-05,-0.0003020362346433103,4.42727941845078e-05,0.00018649495905265212,-3.591161294025369e-05,8.177304698619992e-05,0.11668890714645386,0.03263847529888153,0.00606749951839447,0.03157477080821991,-0.07718953490257263,0.014000803232192993,0.15778996050357819,0.04587959498167038,-0.17116722464561462,-0.06534495949745178,0.022140659391880035,-0.14122053980827332,-0.21317659318447113,0.026730939745903015,0.04587959498167038,-0.17116722464561462,-0.06534495949745178,0.022140659391880035,-0.14122053980827332,-0.21317659318447113,0.026730939745903015,0.04587959498167038,-0.17116722464561462,-0.06534495949745178,0.022140659391880035,-0.14122053980827332,-0.21317659318447113,0.026730939745903015
11.308,0.0037775402888655663,0.0037775402888655663,nan,nan,nan,nan,-0.06474903970956802,0.0,0.0,0.6770758628845215,0.0,0.0,0.0,0.0,0.014000000432133675,0.02199999988079071,64.0,0.12397173047065735,2.859987258911133,0.01967884600162506,15.840470314025879,0.0022922586649656296,-0.0006131846457719803,-0.00290544331073761,0.0,0.792969286441803,0.015935460105538368,0.1509707123041153,9.0,1.0,0.0,0.0,0.003777538426220417,-1.862645149230957e-09,nan,0.008974988013505936,-0.07786934822797775,-0.19810086488723755,-0.05362272262573242,-0.039916813373565674,0.0016307785408571362,-0.17055515944957733,-0.10550800710916519,-0.029313432052731514,-0.07457384467124939,-0.020185941830277443,-0.015026436187326908,0.0006138964672572911,-0.06420443207025528,-0.039717838168144226,-0.08631986379623413,-0.23146352171897888,-0.0707978904247284,-0.030780993402004242,-0.0310366153717041,-0.22520309686660767,-0.13456323742866516,0.00015935840201564133,1.8910172002506442e-05,4.840647670789622e-05,3.75804265786428e-05,-2.1871470380574465e-05,-1.4338113942358177e-05,0.00022585474653169513,0.12525135278701782,0.046453624963760376,0.015156496316194534,0.04347265139222145,-0.09006649255752563,0.007070913910865784,0.1526114046573639,0.038931481540203094,-0.1850098967552185,-0.05564139410853386,0.012691657990217209,-0.12110310792922974,-0.21813218295574188,0.01804817095398903,0.038931481540203094,-0.1850098967552185,-0.05564139410853386,0.012691657990217209,-0.12110310792922974,-0.21813218295574188,0.01804817095398903,0.038931481540203094,-0.1850098967552185,-0.05564139410853386,0.012691657990217209,-0.12110310792922974,-0.21813218295574188,0.01804817095398903
11.372,0.003564325161278248,0.003564325161278248,nan,nan,nan,nan,-0.05284145101904869,0.0,0.0,0.675760805606842,0.0,0.0,0.0,0.0,0.014000000432133675,0.014000000432133675,64.0,0.12398290634155273,0.8458420634269714,0.00927504152059555,9.480559349060059,0.000408124178647995,1.2849923223257065e-05,-0.00039527425542473793,0.0,0.9479109048843384,0.015863658860325813,0.17819851636886597,9.0,1.0,0.0,0.0,0.0035643214359879494,-3.725290298461914e-09,nan,0.0057911379262804985,0.01282850094139576,-0.1431715488433838,-0.11367389559745789,0.023872381076216698,-0.17260217666625977,-0.1380847990512848,0.08358690142631531,0.0018299645744264126,-0.02042318508028984,-0.01621539518237114,0.0034053558483719826,-0.02462141588330269,-0.01969756931066513,0.011923533864319324,-0.028208743780851364,-0.18760336935520172,-0.10144463181495667,0.002108741784468293,-0.12188076972961426,-0.18176354467868805,-0.003880131058394909,0.0004115765914320946,5.1998278649989516e-05,-0.00019904937653336674,4.245401578373276e-05,0.00011813222954515368,-2.7806903744931333e-05,0.00013011843839194626,0.07338610291481018,0.004889160394668579,0.03832040727138519,0.011238474398851395,-0.008807063102722168,-0.022479459643363953,0.051619287580251694,0.04517735540866852,-0.18271420896053314,-0.06312422454357147,0.013347215950489044,-0.13068783283233643,-0.204243004322052,0.04773915559053421,0.04517735540866852,-0.18271420896053314,-0.06312422454357147,0.013347215950489044,-0.13068783283233643,-0.204243004322052,0.04773915559053421,0.04517735540866852,-0.18271420896053314,-0.06312422454357147,0.013347215950489044,-0.13068783283233643,-0.204243004322052,0.04773915559053421
11.473999999999997,0.003416093997657299,0.003416093997657299,nan,nan,nan,nan,-0.05752938240766525,0.0,-9.313225746154785e-10,0.6741173267364502,0.0,0.0,0.0,0.0,0.012000000104308128,0.019999999552965164,64.0,0.12380822002887726,0.9062662720680237,0.014037825167179108,10.991372108459473,0.0019720131531357765,-0.0009302315302193165,-0.0029022456146776676,0.0,0.9192228317260742,0.01705864630639553,0.16388347744941711,9.0,1.0,0.0,0.0,0.003416093997657299,0.0,nan,0.006469666957855225,-0.059996962547302246,-0.14744091033935547,-0.06526225060224533,0.025224221870303154,-0.07801451534032822,-0.1966838389635086,-0.1224554032087326,-0.02564050257205963,-0.06301084160804749,-0.02789069339632988,0.010779907926917076,-0.03334054350852966,-0.08405546098947525,-0.05233294889330864,-0.02253405749797821,-0.1875440776348114,-0.1146576777100563,0.019504806026816368,-0.15490862727165222,-0.19677188992500305,0.003509949892759323,0.00016728707123547792,2.1642805222654715e-05,4.303229434299283e-05,3.853853195323609e-05,-1.4027055840415414e-05,-1.4424180335481651e-05,0.00022230276954360306,0.08667268604040146,0.013084113597869873,0.038212746381759644,0.005945021286606789,-0.01260364055633545,0.0031829476356506348,0.09558433294296265,0.06413862854242325,-0.17445996403694153,-0.07644493132829666,0.025449827313423157,-0.16751226782798767,-0.19358894228935242,0.09909427911043167,0.06413862854242325,-0.17445996403694153,-0.07644493132829666,0.025449827313423157,-0.16751226782798767,-0.19358894228935242,0.09909427911043167,0.06413862854242325,-0.17445996403694153,-0.07644493132829666,0.025449827313423157,-0.16751226782798767,-0.19358894228935242,0.09909427911043167
11.557000000000002,0.0035244720056653023,0.0035244720056653023,nan,nan,nan,nan,-0.07297463715076447,0.0,9.313225746154785e-10,0.6752526760101318,0.0,0.0,0.0,0.0,0.010999999940395355,0.019999999552965164,64.0,0.12385020405054092,0.8793249726295471,0.014500692486763,19.58145523071289,0.003815789707005024,0.0004298798739910126,-0.0033859089016914368,0.0044803135097026825,0.7942870259284973,0.018250111490488052,0.1776263564825058,9.0,1.0,0.0,0.0,0.003524470143020153,-1.862645149230957e-09,nan,0.008962422609329224,-0.059996962547302246,-0.14744091033935547,-0.06526225060224533,0.025224221870303154,-0.07801451534032822,-0.1966838389635086,-0.1224554032087326,-0.03821095451712608,-0.09390238672494888,-0.04156431928277016,0.01606483943760395,-0.049685999751091,-0.12526430189609528,-0.07798957824707031,-0.06454238295555115,-0.21332022547721863,-0.10752146691083908,0.03128741309046745,-0.13591866195201874,-0.26245778799057007,-0.11124173551797867,0.00015208568947855383,2.0698678781627677e-05,5.832794340676628e-05,3.8807927921880037e-05,-2.0300603864598088e-05,-1.371777671010932e-05,0.00022670571343041956,0.13072240352630615,0.034475818276405334,0.03156726062297821,0.010197225958108902,-0.04770149290561676,0.04227122664451599,0.19594135880470276,0.066180020570755,-0.1788444072008133,-0.07595420628786087,0.041484639048576355,-0.1836201548576355,-0.22018656134605408,0.08469963073730469,0.066180020570755,-0.1788444072008133,-0.07595420628786087,0.041484639048576355,-0.1836201548576355,-0.22018656134605408,0.08469963073730469,0.066180020570755,-0.1788444072008133,-0.07595420628786087,0.041484639048576355,-0.1836201548576355,-0.22018656134605408,0.08469963073730469
11.674,0.003710526041686535,0.003710526041686535,nan,nan,nan,nan,-0.07420682907104492,0.0,3.725290298461914e-09,0.6765414476394653,0.0,0.0,0.0,0.0,0.0,0.03799999877810478,64.0,0.12413077056407928,1.8360642194747925,0.03254413604736328,10.764250755310059,0.000508386641740799,0.0010730805806815624,0.0005646976642310619,0.000924411229789257,0.7735140323638916,0.01773117482662201,0.17145684361457825,9.0,1.0,0.0,0.0,0.0037105223163962364,-3.725290298461914e-09,nan,0.0067856330424547195,-0.08091121166944504,-0.17175589501857758,-0.062274493277072906,0.008021362125873566,-0.00887193065136671,-0.19586274027824402,-0.10756353288888931,-0.032203059643507004,-0.06835969537496567,-0.02478555589914322,0.003192541655153036,-0.0035310720559209585,-0.07795433700084686,-0.04281081631779671,-0.09192760288715363,-0.21965594589710236,-0.08933602273464203,0.01710892654955387,-0.05146966129541397,-0.25665271282196045,-0.13038091361522675,0.00015077917487360537,2.2020811229594983e-05,5.844554107170552e-05,4.024918962386437e-05,-1.826065818022471e-05,-1.4733904208696913e-05,0.0002239500026917085,0.1380266398191452,0.033533647656440735,0.024774201214313507,0.028947526589035988,-0.09756249934434891,0.015555858612060547,0.1789882481098175,0.04609903693199158,-0.18612229824066162,-0.06456182152032852,0.04605645313858986,-0.14903216063976288,-0.2410968542098999,0.04860733449459076,0.04609903693199158,-0.18612229824066162,-0.06456182152032852,0.04605645313858986,-0.14903216063976288,-0.2410968542098999,0.04860733449459076,0.04609903693199158,-0.18612229824066162,-0.06456182152032852,0.04605645313858986,-0.14903216063976288,-0.2410968542098999,0.04860733449459076
11.747,0.0036595044657588005,0.0036595044657588005,nan,nan,nan,nan,-0.06140684336423874,1.0,9.313225746154785e-10,0.677330493927002,0.0,0.0,0.0,0.0,0.004999999888241291,0.020999999716877937,64.0,0.12431274354457855,0.6028562784194946,0.009367242455482483,8.784135818481445,0.001008559949696064,0.0010779546573758125,6.939563900232315e-05,0.0,0.9157050848007202,0.017616571858525276,0.1752612441778183,9.0,1.0,0.0,0.0,0.003659500740468502,-3.725290298461914e-09,nan,0.006947197951376438,0.008456161245703697,-0.14038172364234924,-0.10211318731307983,0.037021759897470474,-0.18150493502616882,-0.1294064223766327,0.09345419704914093,0.0005037261289544404,-0.008362416177988052,-0.006082793232053518,0.002205353695899248,-0.010812090709805489,-0.007708627264946699,0.005566984415054321,-0.04826994240283966,-0.19051340222358704,-0.09813246130943298,0.026536865159869194,-0.11104065924882889,-0.2037631869316101,-0.025288134813308716,0.0005084722652100027,6.589816621271893e-05,-0.00029836426256224513,4.777091817231849e-05,0.00015409133629873395,-3.1336912797996774e-05,0.00010400066094007343,0.09256637841463089,0.0036299526691436768,0.03677598014473915,0.02327798493206501,-0.029234521090984344,-0.036318227648735046,0.08600816875696182,0.04429643601179123,-0.18688344955444336,-0.06135648116469383,0.049814850091934204,-0.14027518033981323,-0.24008141458034515,0.06072003394365311,0.04429643601179123,-0.18688344955444336,-0.06135648116469383,0.049814850091934204,-0.14027518033981323,-0.24008141458034515,0.06072003394365311,0.044296443462371826,-0.18688344955444336,-0.061356477439403534,0.0498148538172245,-0.14027518033981323,-0.24008141458034515,0.060720045119524
11.835999999999999,0.003563937731087208,0.003563937731087208,nan,nan,nan,nan,-0.0527227446436882,0.0,3.725290298461914e-09,0.6760380864143372,0.0,0.0,0.0,0.0,0.004000000189989805,0.019999999552965164,64.0,0.12439993768930435,1.1951559782028198,0.009139999747276306,9.550666809082031,0.0009950287640094757,0.00014285463839769363,-0.0008521704003214836,0.0,0.955436646938324,0.017640922218561172,0.1614242047071457,9.0,1.0,0.0,0.0,0.0035639340057969093,-3.725290298461914e-09,nan,0.006368683651089668,0.008456161245703697,-0.14038172364234924,-0.10211318731307983,0.037021759897470474,-0.18150493502616882,-0.1294064223766327,0.09345419704914093,0.0018976040882989764,-0.03150234743952751,-0.0229147020727396,0.008307864889502525,-0.04073059931397438,-0.02903943695127964,0.02097157947719097,-0.014253787696361542,-0.17373599112033844,-0.10964079946279526,0.03601007163524628,-0.16865894198417664,-0.17179742455482483,0.05272265896201134,0.0005663738120347261,7.192002522060648e-05,-0.0003565798106137663,4.9751059123082086e-05,0.0001760527229635045,-3.4339685953455046e-05,8.889515447663143e-05,0.06959150731563568,0.0016748905181884766,0.04056398570537567,0.018093258142471313,-0.0008917450904846191,-0.03889267146587372,0.05204775556921959,0.05533771961927414,-0.17206110060214996,-0.06907681375741959,0.05410332977771759,-0.16955068707466125,-0.21069009602069855,0.10477041453123093,0.05533771961927414,-0.17206110060214996,-0.06907681375741959,0.05410332977771759,-0.16955068707466125,-0.21069009602069855,0.10477041453123093,0.05533771961927414,-0.17206110060214996,-0.06907681375741959,0.05410332977771759,-0.16955068707466125,-0.21069009602069855,0.10477041453123093
11.915999999999997,0.003664945252239704,0.003664945252239704,nan,nan,nan,nan,-0.08408821374177933,0.0,7.450580596923828e-09,0.6750869750976562,0.0,0.0,0.0,0.0,0.007000000216066837,0.023000000044703484,64.0,0.12460765987634659,0.5261217951774597,0.008814036846160889,16.48670196533203,0.002240261062979698,9.52230766415596e-05,-0.0021450305357575417,0.0,0.680925190448761,0.017428060993552208,0.17095431685447693,9.0,1.0,0.0,0.0,0.003664935939013958,-9.313225746154785e-09,nan,0.008268987759947777,-0.10776345431804657,-0.18956288695335388,-0.10319589823484421,-0.09244084358215332,-0.04283088073134422,0.04257876053452492,-0.1400386095046997,-0.042302027344703674,-0.07441200315952301,-0.04050905629992485,-0.03628721088171005,-0.01681305654346943,0.01671408861875534,-0.05497148633003235,-0.07839521020650864,-0.20481528341770172,-0.11150535941123962,-0.0050263721495866776,-0.108618825674057,-0.13646869361400604,-0.0937972217798233,0.00014581362484022975,2.3524704374722205e-05,6.268802098929882e-05,4.5905577280791476e-05,-1.5334877389250323e-05,-2.0054234482813627e-05,0.0002208858641097322,0.13423538208007812,0.03624238073825836,0.04510939121246338,0.06276822090148926,-0.07039421796798706,-0.06485165655612946,0.1919909119606018,0.05584017187356949,-0.16857290267944336,-0.06639596819877625,0.05774185061454773,-0.17901304364204407,-0.2013203501701355,0.0981936976313591,0.05584017187356949,-0.16857290267944336,-0.06639596819877625,0.05774185061454773,-0.17901304364204407,-0.2013203501701355,0.0981936976313591,0.05584017187356949,-0.16857290267944336,-0.06639596819877625,0.05774185061454773,-0.17901304364204407,-0.2013203501701355,0.0981936976313591
12.026000000000003,0.0037851696833968163,0.0037851696833968163,nan,nan,nan,nan,-0.07803048938512802,0.0,3.725290298461914e-09,0.6746558547019958,0.0,0.0,0.0,0.0,0.004000000189989805,0.019999999552965164,64.0,0.124472476541996,1.4568781852722168,0.010677613317966461,19.272497177124023,0.0008679665625095367,0.0004995996132493019,-0.00036836322396993637,0.00039618462324142456,0.6606303453445435,0.01614171825349331,0.18502256274223328,9.0,1.0,0.0,0.0,0.003785167820751667,-1.862645149230957e-09,nan,0.00765887601301074,-0.08459102362394333,-0.15806783735752106,-0.05921146273612976,0.026221513748168945,0.006305549293756485,-0.19754280149936676,-0.12084053456783295,-0.029392007738351822,-0.05492226779460907,-0.02057362161576748,0.009110930375754833,0.0021909268107265234,-0.06863824278116226,-0.04198726639151573,-0.09475155174732208,-0.20167765021324158,-0.09023202210664749,0.01698964089155197,-0.0412609726190567,-0.2015945464372635,-0.12767460942268372,0.00014187497436068952,2.310946729267016e-05,6.598643085453659e-05,4.5757333282381296e-05,-1.6038255125749856e-05,-2.048135684162844e-05,0.00022049917606636882,0.13989503681659698,0.03051784634590149,0.03193599730730057,0.035763997584581375,-0.11120742559432983,0.006081536412239075,0.20002999901771545,0.0451434850692749,-0.1711598038673401,-0.058296024799346924,0.05275363847613335,-0.15246839821338654,-0.19551301002502441,0.07235539704561234,0.0451434850692749,-0.1711598038673401,-0.058296024799346924,0.05275363847613335,-0.15246839821338654,-0.19551301002502441,0.07235539704561234,0.0451434850692749,-0.1711598038673401,-0.058296024799346924,0.05275363847613335,-0.15246839821338654,-0.19551301002502441,0.07235539704561234
12.101999999999997,0.003823385573923588,0.003823385573923588,nan,nan,nan,nan,-0.06375475972890854,0.0,9.313225746154785e-10,0.6736171245574951,0.0,0.0,0.0,0.0,0.017999999225139618,0.03200000151991844,64.0,0.12453635782003403,0.5059810280799866,0.00946875661611557,18.105974197387695,-0.0011965641751885414,0.000711164902895689,0.001907730009406805,0.0028277861420065165,0.873359203338623,0.01622631959617138,0.14870700240135193,9.0,1.0,0.0,0.0,0.0038233837112784386,-1.862645149230957e-09,nan,0.005859165918081999,0.006440659053623676,-0.1309155523777008,-0.09067527204751968,0.04876459017395973,-0.18322905898094177,-0.13080783188343048,0.10740607976913452,0.0,-0.0,-0.0,0.0,-0.0,-0.0,0.0,-0.06577537208795547,-0.18558736145496368,-0.09008289873600006,0.03615787625312805,-0.08039923012256622,-0.2037937045097351,-0.05373884737491608,0.00015320548845920712,2.4057593691395596e-05,5.5099149903981015e-05,4.512477244134061e-05,-1.0209644642600324e-05,-2.1072140953037888e-05,0.0002166620542993769,0.0984603762626648,0.009476035833358765,0.038536250591278076,0.024274013936519623,-0.04502469301223755,-0.015667185187339783,0.10879632830619812,0.03268500417470932,-0.17611132562160492,-0.051546648144721985,0.060431890189647675,-0.12542392313480377,-0.2194608896970749,0.05505748465657234,0.03268500417470932,-0.17611132562160492,-0.051546648144721985,0.060431890189647675,-0.12542392313480377,-0.2194608896970749,0.05505748465657234,0.03268500417470932,-0.17611132562160492,-0.051546648144721985,0.060431890189647675,-0.12542392313480377,-0.2194608896970749,0.05505748465657234
12.174,0.0039000706747174263,0.0039000706747174263,nan,nan,nan,nan,-0.05015084892511368,1.0,0.0,0.6723297834396362,0.0,0.0,0.0,0.0,-0.0010000000474974513,0.007000000216066837,64.0,0.12470227479934692,1.320908784866333,0.011030584573745728,10.31970500946045,-0.0010091252624988556,7.69319012761116e-06,0.0010168184526264668,0.0,0.946557879447937,0.016146887093782425,0.1660207360982895,9.0,1.0,0.0,0.0,0.003900066949427128,-3.725290298461914e-09,nan,0.006558071356266737,0.006440659053623676,-0.1309155523777008,-0.09067527204751968,0.04876459017395973,-0.18322905898094177,-0.13080783188343048,0.10740607976913452,0.0,-0.0,-0.0,0.0,-0.0,-0.0,0.0,-0.02973278798162937,-0.1583009958267212,-0.0903785452246666,0.04244981333613396,-0.13172097504138947,-0.1673669070005417,0.026687610894441605,0.00046203777310438454,5.671946928487159e-05,-0.00025623090914450586,4.5889843022450805e-05,0.00011272913252469152,-2.771544131974224e-05,0.00013043137732893229,0.06864345818758011,-0.005363181233406067,0.0364997424185276,0.020619694143533707,-0.011241033673286438,-0.03676210343837738,0.056984130293130875,0.03891066834330559,-0.16366417706012726,-0.05387880280613899,0.06306950747966766,-0.1429620087146759,-0.20412901043891907,0.08367174118757248,0.03891066834330559,-0.16366417706012726,-0.05387880280613899,0.06306950747966766,-0.1429620087146759,-0.20412901043891907,0.08367174118757248,0.038910672068595886,-0.16366417706012726,-0.05387880280613899,0.06306950747966766,-0.1429620087146759,-0.20412901043891907,0.08367174863815308
12.235999999999997,0.0035986369475722313,0.0035986369475722313,nan,nan,nan,nan,-0.07392458617687225,0.0,3.725290298461914e-09,0.6718846559524536,0.0,0.0,0.0,0.0,0.004000000189989805,0.019999999552965164,64.0,0.12458951771259308,1.393707513809204,0.009275972843170166,9.472081184387207,0.0010089147835969925,-0.0010774997062981129,-0.002086410764604807,-0.010461173951625824,0.6471847891807556,0.015505232848227024,0.17748545110225677,9.0,1.0,0.0,0.0,0.0035986313596367836,-5.587935447692871e-09,nan,0.006703277118504047,-0.12363670766353607,-0.1597757637500763,-0.07244552671909332,-0.06734281033277512,0.03301031142473221,0.0282488651573658,-0.1936868131160736,-0.051655128598213196,-0.06675394624471664,-0.03026757389307022,-0.028135668486356735,0.013791631907224655,0.01180231012403965,-0.08092190325260162,-0.07102265954017639,-0.1743822991847992,-0.09359516948461533,-0.0023014619946479797,-0.08066456764936447,-0.09093044698238373,-0.0586286298930645,0.00014527719758916646,2.3192886146716774e-05,6.332746124826372e-05,4.2610645323293284e-05,-1.1402911695768125e-05,-1.9009417883353308e-05,0.00021733071480412036,0.11768215149641037,0.020989596843719482,0.04079405218362808,0.05967913940548897,-0.073911152780056,-0.08060631155967712,0.16379262506961823,0.04665949195623398,-0.1533927023410797,-0.052801117300987244,0.05737767741084099,-0.15457572042942047,-0.17153675854206085,0.10516399145126343,0.04665949195623398,-0.1533927023410797,-0.052801117300987244,0.05737767741084099,-0.15457572042942047,-0.17153675854206085,0.10516399145126343,0.04665949195623398,-0.1533927023410797,-0.052801117300987244,0.05737767741084099,-0.15457572042942047,-0.17153675854206085,0.10516399145126343
12.308999999999997,0.0033470401540398598,0.0033470401540398598,nan,nan,nan,nan,-0.0836256742477417,0.0,0.0,0.6732356548309326,0.0,0.0,0.0,0.0,0.004000000189989805,0.019999999552965164,64.0,0.12439019978046417,0.5845986604690552,0.692816436290741,11.047780990600586,0.0022452455013990402,-0.0015156744047999382,-0.0037609199061989784,0.0,0.5208079814910889,0.013803456909954548,0.16139069199562073,9.0,1.0,0.0,0.0,0.003347034566104412,-5.587935447692871e-09,nan,0.006333355326205492,-0.08345232158899307,-0.14856530725955963,-0.05871197581291199,0.039656732231378555,0.012913624756038189,-0.20100827515125275,-0.12398877739906311,-0.029820870608091354,-0.05308835953474045,-0.020980151370167732,0.01417094562202692,0.004614557605236769,-0.07182834297418594,-0.04430617764592171,-0.10108546167612076,-0.18970565497875214,-0.08660582453012466,0.012593699619174004,-0.019627878442406654,-0.15719468891620636,-0.13261651992797852,0.00014326621021609753,2.3299358872463927e-05,6.771561311325058e-05,3.9686863601673394e-05,-1.2082053217454813e-05,-1.6223111742874607e-05,0.0002198927541030571,0.14227820932865143,0.03370256721973419,0.043195489794015884,0.03390459716320038,-0.11130616813898087,0.008613035082817078,0.21576416492462158,0.04119274765253067,-0.15600308775901794,-0.04341033473610878,0.04649829491972923,-0.13093404471874237,-0.14858165383338928,0.08314764499664307,0.04119274765253067,-0.15600308775901794,-0.04341033473610878,0.04649829491972923,-0.13093404471874237,-0.14858165383338928,0.08314764499664307,0.04119274765253067,-0.15600308775901794,-0.04341033473610878,0.04649829491972923,-0.13093404471874237,-0.14858165383338928,0.08314764499664307
12.392000000000003,0.0033207880333065987,0.0033207880333065987,nan,nan,nan,nan,-0.07757596671581268,0.0,-9.313225746154785e-10,0.6743869185447693,0.0,0.0,0.0,0.0,0.004000000189989805,0.019999999552965164,64.0,0.12453670054674149,5.362981796264648,0.009666197001934052,14.451922416687012,0.0017816117033362389,-0.001105681760236621,-0.0028872943948954344,0.0,0.7356679439544678,0.014260830357670784,0.1440233290195465,9.0,1.0,0.0,0.0,0.0033207843080163,-3.725290298461914e-09,nan,0.005676865112036467,-0.00021507381461560726,-0.125581756234169,-0.08177804201841354,0.06298060715198517,-0.1825774759054184,-0.13889643549919128,0.10463372617959976,-0.0,-0.0,-0.0,0.0,-0.0,-0.0,0.0,-0.08970649540424347,-0.18873225152492523,-0.08578137308359146,0.04068722575902939,-0.03708737716078758,-0.20840546488761902,-0.10509331524372101,0.00012757786316797137,2.2344676835928112e-05,8.3875325799454e-05,3.883154931827448e-05,-1.6640688045299612e-05,-1.5241709661495406e-05,0.00022318797709885985,0.12132444232702255,0.026790931820869446,0.049345001578330994,0.017510823905467987,-0.07197311520576477,0.024651676416397095,0.1663258671760559,0.03161794692277908,-0.1619413197040558,-0.03643637150526047,0.058198049664497375,-0.10906048864126205,-0.18375378847122192,0.0612325593829155,0.03161794692277908,-0.1619413197040558,-0.03643637150526047,0.058198049664497375,-0.10906048864126205,-0.18375378847122192,0.0612325593829155,0.03161794692277908,-0.1619413197040558,-0.03643637150526047,0.058198049664497375,-0.10906048864126205,-0.18375378847122192,0.0612325593829155
12.473999999999997,0.003951604478061199,0.003951604478061199,nan,nan,nan,nan,-0.05246899276971817,0.0,1.862645149230957e-09,0.6784870624542236,0.0,0.0,0.0,0.0,0.004000000189989805,0.019999999552965164,64.0,0.12490399926900864,1.4885627031326294,0.010319054126739502,10.146085739135742,-0.0020565353333950043,0.0016116611659526825,0.003668198361992836,0.013862177729606628,0.9347863793373108,0.01480077300220728,0.1825389564037323,9.0,1.0,0.0,0.0,0.003951604478061199,0.0,nan,0.005678812973201275,-0.00021507381461560726,-0.125581756234169,-0.08177804201841354,0.06298060715198517,-0.1825774759054184,-0.13889643549919128,0.10463372617959976,-0.0,-0.0,-0.0,0.0,-0.0,-0.0,0.0,-0.036870766431093216,-0.15144822001457214,-0.08341782540082932,0.0538492426276207,-0.12298473715782166,-0.16736732423305511,0.018729528412222862,0.00013958670024294406,2.4003889848245308e-05,7.020876364549622e-05,3.8498419598909095e-05,-1.0946851034532301e-05,-1.5147756130318157e-05,0.0002176457637688145,0.06868944317102432,-0.00010539591312408447,0.041709452867507935,0.012751758098602295,-0.006474345922470093,-0.016563326120376587,0.06421081721782684,0.03181867673993111,-0.15155361592769623,-0.04170837253332138,0.06660100072622299,-0.12945908308029175,-0.1839306503534317,0.08294034749269485,0.03181867673993111,-0.15155361592769623,-0.04170837253332138,0.06660100072622299,-0.12945908308029175,-0.1839306503534317,0.08294034749269485,0.03181867673993111,-0.15155361592769623,-0.04170837253332138,0.06660100072622299,-0.12945908308029175,-0.1839306503534317,0.08294034749269485
12.572000000000003,0.00391171220690012,0.00391171220690012,nan,nan,nan,nan,-0.05808086693286896,1.0,0.0,0.6798228025436401,0.0,0.0,0.0,0.0,0.004999999888241291,0.019999999552965164,64.0,0.12497676908969879,1.0331683158874512,0.13444852828979492,15.866348266601562,-0.0013336967676877975,0.000686312559992075,0.0020200093276798725,0.0,0.8299703598022461,0.01516369916498661,0.15525685250759125,9.0,1.0,0.0,0.0,0.0039117103442549706,-1.862645149230957e-09,nan,0.006118934601545334,-0.1276589035987854,-0.10871841758489609,-0.05572221055626869,-0.00567263551056385,0.08243027329444885,-0.05736447498202324,-0.22059223055839539,-0.04308536276221275,-0.03669288009405136,-0.01880645751953125,-0.0019145359983667731,0.02782052755355835,-0.019360728561878204,-0.07445071637630463,-0.04933508485555649,-0.14014257490634918,-0.08099982887506485,0.04512685164809227,-0.09960263967514038,-0.13812386989593506,-0.010487962514162064,0.0006198175251483917,6.918719736859202e-05,-0.00041716729174368083,4.071042712894268e-05,0.00014868592552375048,-2.2809623260400258e-05,0.00010519234638195485,0.08847170323133469,0.0032076239585876465,0.03637766093015671,0.02613203600049019,-0.05293193459510803,-0.031549230217933655,0.12259306013584137,0.0391366183757782,-0.13693495094776154,-0.04462216794490814,0.07125888764858246,-0.1525345742702484,-0.1696731001138687,0.11210509389638901,0.0391366183757782,-0.13693495094776154,-0.04462216794490814,0.07125888764858246,-0.1525345742702484,-0.1696731001138687,0.11210509389638901,0.0391366221010685,-0.13693495094776154,-0.04462216794490814,0.07125888764858246,-0.1525345742702484,-0.1696731001138687,0.1121051013469696
12.630000000000003,0.003809756599366665,0.003809756599366665,nan,nan,nan,nan,-0.08118900656700134,0.0,4.656612873077393e-10,0.6798422336578369,0.0,0.0,0.0,0.0,0.004000000189989805,0.014000000432133675,64.0,0.12496985495090485,1.669223427772522,0.013374723494052887,9.711888313293457,-0.00033357320353388786,-0.0007647816091775894,-0.00043120793998241425,0.0021218187175691128,0.5234745740890503,0.01336301863193512,0.17785298824310303,9.0,1.0,0.0,0.0,0.0038097528740763664,-3.725290298461914e-09,nan,0.006481349002569914,-0.08239899575710297,-0.1439293622970581,-0.05893770977854729,0.04827797785401344,0.021520696580410004,-0.19947533309459686,-0.1282060146331787,-0.03369000926613808,-0.0588475838303566,-0.02409752644598484,0.019739143550395966,0.008799045346677303,-0.08155834674835205,-0.052418868988752365,-0.10349404811859131,-0.1672593504190445,-0.08193151652812958,0.041988104581832886,-0.004594734404236078,-0.1787828505039215,-0.14019624888896942,0.00038191705243662,4.495864413911477e-05,-0.00017603719606995583,3.897554051945917e-05,6.591265264432877e-05,-1.9626973880804144e-05,0.00016331767255906016,0.13311061263084412,0.03400278091430664,0.04706643521785736,0.028061240911483765,-0.11401136219501495,0.015445992350578308,0.21717362105846405,0.02961656078696251,-0.13325656950473785,-0.03486508131027222,0.07004934549331665,-0.1186060979962349,-0.1633368581533432,0.07697737216949463,0.02961656078696251,-0.13325656950473785,-0.03486508131027222,0.07004934549331665,-0.1186060979962349,-0.1633368581533432,0.07697737216949463,0.02961656078696251,-0.13325656950473785,-0.03486508131027222,0.07004934549331665,-0.1186060979962349,-0.1633368581533432,0.07697737216949463
12.723999999999997,0.0037190495058894157,0.0037190495058894157,nan,nan,nan,nan,-0.096756212413311,0.0,9.313225746154785e-10,0.6790522336959839,0.0,0.0,0.0,0.0,0.003000000026077032,0.019999999552965164,64.0,0.12501206994056702,2.088085651397705,0.009541399776935577,9.76408576965332,0.005120241083204746,-0.0017772745341062546,-0.006897514685988426,-0.004047807306051254,0.6386457681655884,0.014747846871614456,0.1855935901403427,9.0,1.0,0.0,0.0,0.003719043917953968,-5.587935447692871e-09,nan,0.011387992650270462,-0.08239899575710297,-0.1439293622970581,-0.05893770977854729,0.04827797785401344,0.021520696580410004,-0.19947533309459686,-0.1282060146331787,-0.05828673020005226,-0.10181158035993576,-0.041690874844789505,0.03415048122406006,0.015223135240375996,-0.14110323786735535,-0.09068932384252548,-0.12178734689950943,-0.20719365775585175,-0.09034903347492218,0.06371694803237915,0.018854428082704544,-0.26543545722961426,-0.18095828592777252,0.00012591145059559494,2.039213723037392e-05,8.329253614647314e-05,3.680937516037375e-05,-1.5115994756342843e-05,-1.7052532712114044e-05,0.0002194439002778381,0.15064051747322083,0.05883309245109558,0.06457175314426422,0.021228499710559845,-0.11390416324138641,0.05575539171695709,0.238197922706604,0.028853174299001694,-0.14836056530475616,-0.025777284055948257,0.084945447742939,-0.09504973143339157,-0.20968006551265717,0.057239633053541183,0.028853174299001694,-0.14836056530475616,-0.025777284055948257,0.084945447742939,-0.09504973143339157,-0.20968006551265717,0.057239633053541183,0.028853174299001694,-0.14836056530475616,-0.025777284055948257,0.084945447742939,-0.09504973143339157,-0.20968006551265717,0.057239633053541183
12.814999999999998,0.0035875877365469933,0.0035875877365469933,nan,nan,nan,nan,-0.0729985460639,0.0,9.313225746154785e-10,0.6799240112304688,0.0,0.0,0.0,0.0,0.004000000189989805,0.01899999938905239,64.0,0.12489145994186401,2.6282639503479004,0.01654587686061859,22.186847686767578,0.001823686994612217,-0.00027237064205110073,-0.002096056705340743,0.0,0.8646644949913025,0.016178378835320473,0.15886712074279785,9.0,1.0,0.0,0.0,0.0035875821486115456,-5.587935447692871e-09,nan,0.007248008623719215,-0.009425129741430283,-0.11970377713441849,-0.07263273745775223,0.08143782615661621,-0.1757681965827942,-0.1563187837600708,0.0913483202457428,-0.0,-0.0,-0.0,0.0,-0.0,-0.0,0.0,-0.07574017345905304,-0.17515929043293,-0.08432670682668686,0.07442016899585724,-0.06350912153720856,-0.22959768772125244,-0.06796136498451233,0.0003531419497448951,3.957790249842219e-05,-0.00014632404781877995,3.7022593460278586e-05,5.155286271474324e-05,-1.957153835974168e-05,0.00017392936570104212,0.09926383197307587,0.016404062509536743,0.056586261838674545,0.02143741399049759,-0.031182579696178436,-0.009857326745986938,0.1196974441409111,0.02352365478873253,-0.15875522792339325,-0.027740444988012314,0.09585758298635483,-0.094691701233387,-0.23945501446723938,0.05173607915639877,0.02352365478873253,-0.15875522792339325,-0.027740444988012314,0.09585758298635483,-0.094691701233387,-0.23945501446723938,0.05173607915639877,0.02352365478873253,-0.15875522792339325,-0.027740444988012314,0.09585758298635483,-0.094691701233387,-0.23945501446723938,0.05173607915639877
12.896999999999998,0.0038397526368498802,0.0038397526368498802,nan,nan,nan,nan,-0.06595825403928757,0.0,-9.313225746154785e-10,0.6817916631698608,0.0,0.0,0.0,0.0,0.019999999552965164,0.014000000432133675,64.0,0.12528277933597565,0.5757613182067871,0.009374693036079407,14.139274597167969,-0.0012065274640917778,0.0015804737340658903,0.0027870002668350935,0.0,0.7355796098709106,0.015553724020719528,0.14583753049373627,9.0,1.0,0.0,0.0,0.0038397451862692833,-7.450580596923828e-09,nan,0.005747136194258928,-0.11522120237350464,-0.08400290459394455,-0.047170065343379974,0.015477240085601807,0.10597391426563263,-0.08034605532884598,-0.22252430021762848,-0.036173734813928604,-0.026372738182544708,-0.01480905618518591,0.004859084263443947,0.033270541578531265,-0.02522466704249382,-0.06986157596111298,-0.07568450272083282,-0.13694226741790771,-0.07367844134569168,0.06069064512848854,-0.0413406565785408,-0.16764448583126068,-0.08054953813552856,0.00030321357189677656,3.501779792713933e-05,-9.713002509670332e-05,3.6975096008973196e-05,3.554009163053706e-05,-1.8982591427629814e-05,0.00018374602950643748,0.10109560191631317,-0.0040890127420425415,0.04176616296172142,0.03542933985590935,-0.07688514143228531,-0.04762950539588928,0.15574508905410767,0.025411099195480347,-0.14103128015995026,-0.03191227838397026,0.09611998498439789,-0.11822579801082611,-0.21527399122714996,0.0751955583691597,0.025411099195480347,-0.14103128015995026,-0.03191227838397026,0.09611998498439789,-0.11822579801082611,-0.21527399122714996,0.0751955583691597,0.025411099195480347,-0.14103128015995026,-0.03191227838397026,0.09611998498439789,-0.11822579801082611,-0.21527399122714996,0.0751955583691597
12.956000000000003,0.003817266784608364,0.003817266784608364,nan,nan,nan,nan,-0.08746050298213959,0.0,1.3969838619232178e-09,0.6807153224945068,0.0,0.0,0.0,0.0,0.012000000104308128,0.01899999938905239,64.0,0.12533697485923767,0.5836244821548462,0.010157935321331024,9.35010814666748,0.0008319276385009289,-0.0006535418797284365,-0.0014854681212455034,-0.0019428370287641883,0.4950951635837555,0.013317260891199112,0.17452146112918854,9.0,1.0,0.0,0.0,0.003817259334027767,-7.450580596923828e-09,nan,0.007671959698200226,-0.0812503919005394,-0.1394200325012207,-0.06173241510987282,0.05686776712536812,0.023045554757118225,-0.19890612363815308,-0.12969523668289185,-0.03540842980146408,-0.06075841188430786,-0.026902616024017334,0.024782631546258926,0.010043114423751831,-0.08668209612369537,-0.056520406156778336,-0.12151089310646057,-0.14685717225074768,-0.0764784961938858,0.05133760720491409,0.048430632799863815,-0.17474885284900665,-0.1981397569179535,0.0001285133621422574,2.097339165629819e-05,8.001612877706066e-05,3.657095294329338e-05,-1.2031934602418914e-05,-1.7499993191449903e-05,0.00021641164494212717,0.13837623596191406,0.02083572745323181,0.05569092556834221,0.03992792218923569,-0.1288619339466095,-0.02016831934452057,0.23751609027385712,0.01686534658074379,-0.12602144479751587,-0.020787570625543594,0.09126552939414978,-0.08043130487203598,-0.19491717219352722,0.03937632963061333,0.01686534658074379,-0.12602144479751587,-0.020787570625543594,0.09126552939414978,-0.08043130487203598,-0.19491717219352722,0.03937632963061333,0.01686534658074379,-0.12602144479751587,-0.020787570625543594,0.09126552939414978,-0.08043130487203598,-0.19491717219352722,0.03937632963061333
13.049,0.0039052003994584084,0.0039052003994584084,nan,nan,nan,nan,-0.0945257768034935,0.0,2.3283064365386963e-09,0.6804398894309998,0.0,0.0,0.0,0.0,0.013000000268220901,0.02800000086426735,64.0,0.12532362341880798,0.6791399717330933,0.01102592796087265,10.079214096069336,-0.0016224063001573086,-0.00036871712654829025,0.0012536915019154549,0.00010809993545990437,0.7305746078491211,0.014501831494271755,0.14653059840202332,9.0,1.0,0.0,0.0,0.00390519667416811,-3.725290298461914e-09,nan,0.005774096120148897,-0.0812503919005394,-0.1394200325012207,-0.06173241510987282,0.05686776712536812,0.023045554757118225,-0.19890612363815308,-0.12969523668289185,-0.0577542744576931,-0.09910232573747635,-0.043880537152290344,0.04042265936732292,0.01638120412826538,-0.14138613641262054,-0.09218976646661758,-0.12894877791404724,-0.19588696956634521,-0.09145008772611618,0.07637427747249603,0.042324259877204895,-0.26515182852745056,-0.207553893327713,0.00011027749860659242,2.0489038433879614e-05,9.840051643550396e-05,3.7277364754118025e-05,-1.4587673831556458e-05,-1.7887819922179915e-05,0.00021790756727568805,0.13670162856578827,0.056518033146858215,0.07213608920574188,0.02364153414964676,-0.09909210354089737,0.03947286307811737,0.21795248985290527,0.007752846926450729,-0.139368936419487,-0.019314002245664597,0.10001581162214279,-0.056767843663692474,-0.2256789654493332,0.01039859652519226,0.007752846926450729,-0.139368936419487,-0.019314002245664597,0.10001581162214279,-0.056767843663692474,-0.2256789654493332,0.01039859652519226,0.007752846926450729,-0.139368936419487,-0.019314002245664597,0.10001581162214279,-0.056767843663692474,-0.2256789654493332,0.01039859652519226
13.148000000000003,0.003780069760978222,0.003780069760978222,nan,nan,nan,nan,-0.07210877537727356,0.0,-9.313225746154785e-10,0.6796762347221375,0.0,0.0,0.0,0.0,0.013000000268220901,0.04699999839067459,64.0,0.12514053285121918,1.3478370904922485,0.010530464351177216,9.63969898223877,-0.0003451509401202202,-0.0004929532296955585,-0.00014780322089791298,-0.0001707292685750872,0.8866068124771118,0.016221582889556885,0.15945453941822052,9.0,1.0,0.0,0.0,0.003780064173042774,-5.587935447692871e-09,nan,0.006288379896432161,-0.018586644902825356,-0.1149674504995346,-0.06670133769512177,0.09300332516431808,-0.16996897757053375,-0.16805046796798706,0.0787903442978859,-0.0,-0.0,-0.0,0.0,-0.0,-0.0,0.0,-0.0771431177854538,-0.16439497470855713,-0.08217451721429825,0.08847574889659882,-0.06217237934470177,-0.23157282173633575,-0.07048270106315613,0.00012429825437720865,2.2573009118787013e-05,8.420658559771255e-05,3.80573546863161e-05,-9.586678061168641e-06,-1.8059297872241586e-05,0.000214447733014822,0.09135560691356659,0.01724933087825775,0.061363451182842255,0.025394760072231293,-0.016971755772829056,-0.018690332770347595,0.10375939309597015,0.014212489128112793,-0.14714564383029938,-0.020811064168810844,0.11387050896883011,-0.07914413511753082,-0.25026315450668335,0.033276695758104324,0.014212489128112793,-0.14714564383029938,-0.020811064168810844,0.11387050896883011,-0.07914413511753082,-0.25026315450668335,0.033276695758104324,0.014212489128112793,-0.14714564383029938,-0.020811064168810844,0.11387050896883011,-0.07914413511753082,-0.25026315450668335,0.033276695758104324
13.243000000000002,0.0037158941850066185,0.0037158941850066185,nan,nan,nan,nan,-0.07307308912277222,1.0,4.656612873077393e-10,0.6785417795181274,0.0,0.0,0.0,0.0,0.010999999940395355,0.019999999552965164,64.0,0.12508107721805573,0.7717991471290588,0.010219402611255646,10.213301658630371,-0.00027676811441779137,-0.0014675783459097147,-0.001190809765830636,0.0,0.6638274192810059,0.015230568125844002,0.15187294781208038,9.0,1.0,0.0,0.0,0.0037158923223614693,-1.862645149230957e-09,nan,0.005984025541692972,-0.11049783229827881,-0.085032619535923,-0.055472712963819504,0.022383198142051697,0.09763211011886597,-0.09508250653743744,-0.2200198620557785,-0.036182284355163574,-0.02784375287592411,-0.01816442236304283,0.007329331245273352,0.031969428062438965,-0.03113456629216671,-0.07204503566026688,-0.08871088176965714,-0.129889577627182,-0.07400944828987122,0.06562897562980652,-0.013655217364430428,-0.17166832089424133,-0.11871882528066635,0.0003251303278375417,3.806434688158333e-05,-0.00012071520905010402,3.897226633853279e-05,3.696212297654711e-05,-1.842884194047656e-05,0.0001818424934754148,0.10743506252765656,0.001598075032234192,0.053221169859170914,0.045304134488105774,-0.0881364569067955,-0.0509285032749176,0.17642268538475037,0.01872417703270912,-0.12829150259494781,-0.020788278430700302,0.11093311011791229,-0.10179167240858078,-0.22259682416915894,0.057703856378793716,0.01872417703270912,-0.12829150259494781,-0.020788278430700302,0.11093311011791229,-0.10179167240858078,-0.22259682416915894,0.057703856378793716,0.01872417889535427,-0.12829150259494781,-0.020788276568055153,0.11093311011791229,-0.10179167240858078,-0.22259682416915894,0.057703860104084015
13.314999999999998,0.003361229784786701,0.003361229784786701,nan,nan,nan,nan,-0.09351988136768341,0.0,2.3283064365386963e-09,0.677824079990387,0.0,0.0,0.0,0.0,0.010999999940395355,0.019999999552965164,64.0,0.12497828155755997,0.7426738739013672,0.008597970008850098,15.481743812561035,0.004191661719232798,-0.0012424006126821041,-0.005434060003608465,-0.0011294148862361908,0.505668044090271,0.013220224529504776,0.1980259120464325,9.0,1.0,0.0,0.0,0.003361227922141552,-1.862645149230957e-09,nan,0.00825374387204647,-0.0801539421081543,-0.13033926486968994,-0.06305962055921555,0.06670055538415909,0.025552917271852493,-0.20001386106014252,-0.13229906558990479,-0.02651013247668743,-0.043108437210321426,-0.020856352522969246,0.022060556337237358,0.008451377972960472,-0.06615263223648071,-0.043756622821092606,-0.12317124009132385,-0.1383218616247177,-0.07999221980571747,0.05792005732655525,0.05904943868517876,-0.17994815111160278,-0.21424344182014465,0.0003237171040382236,3.893566463375464e-05,-0.00011814816389232874,4.004564834758639e-05,3.631363142631017e-05,-1.8475906472303905e-05,0.00018343406554777175,0.13850905001163483,0.02614489197731018,0.07046044617891312,0.04674069210886955,-0.12536287307739258,-0.022486165165901184,0.24009090662002563,0.015337813645601273,-0.11217696964740753,-0.009531772695481777,0.1046607494354248,-0.06631343066692352,-0.20243431627750397,0.025847457349300385,0.015337813645601273,-0.11217696964740753,-0.009531772695481777,0.1046607494354248,-0.06631343066692352,-0.20243431627750397,0.025847457349300385,0.015337813645601273,-0.11217696964740753,-0.009531772695481777,0.1046607494354248,-0.06631343066692352,-0.20243431627750397,0.025847457349300385
13.399999999999999,0.0035242075100541115,0.0035242075100541115,nan,nan,nan,nan,-0.09413646161556244,0.0,2.3283064365386963e-09,0.6784286499023438,0.0,0.0,0.0,0.0,0.010999999940395355,0.017999999225139618,64.0,0.1251167207956314,0.48117339611053467,0.007078051567077637,9.176908493041992,0.0016761762090027332,0.0005779415369033813,-0.0010982323437929153,0.0,0.7263577580451965,0.01417524367570877,0.17041581869125366,9.0,1.0,0.0,0.0,0.003524203784763813,-3.725290298461914e-09,nan,0.006741754245012999,-0.0801539421081543,-0.13033926486968994,-0.06305962055921555,0.06670055538415909,0.025552917271852493,-0.20001386106014252,-0.13229906558990479,-0.04619631916284561,-0.07512037456035614,-0.03634409233927727,0.03844252973794937,0.014727295376360416,-0.11527698487043381,-0.07624989748001099,-0.12128958851099014,-0.17183804512023926,-0.08849303424358368,0.08266553282737732,0.046773117035627365,-0.2504546344280243,-0.20467950403690338,0.00010980972729157656,2.6787281967699528e-05,9.846150351222605e-05,4.27517261414323e-05,-6.770438176317839e-06,-1.9178523871232755e-05,0.00021207203099038452,0.12897330522537231,0.051624640822410583,0.07926196604967117,0.029445014894008636,-0.09353934228420258,0.024577975273132324,0.20646926760673523,0.007683718577027321,-0.12021340429782867,-0.009231065399944782,0.11211054772138596,-0.04676622152328491,-0.22587665915489197,0.0017897691577672958,0.007683718577027321,-0.12021340429782867,-0.009231065399944782,0.11211054772138596,-0.04676622152328491,-0.22587665915489197,0.0017897691577672958,0.007683718577027321,-0.12021340429782867,-0.009231065399944782,0.11211054772138596,-0.04676622152328491,-0.22587665915489197,0.0017897691577672958
13.537999999999997,0.004040644504129887,0.004040644504129887,nan,nan,nan,nan,-0.06637949496507645,1.0,0.0,0.6799944639205933,0.0,0.0,0.0,0.0,0.003000000026077032,0.027000000700354576,64.0,0.12546062469482422,1.0143406391143799,0.01398380845785141,31.028039932250977,-0.0020975712686777115,0.002152274362742901,0.004249845631420612,0.0,0.9062327146530151,0.015214369632303715,0.17579221725463867,9.0,1.0,0.0,0.0,0.004040638916194439,-5.587935447692871e-09,nan,0.006156595423817635,-0.025611329823732376,-0.10726212710142136,-0.06330650299787521,0.10324112325906754,-0.1679273098707199,-0.17389442026615143,0.06880117952823639,-0.0,-0.0,-0.0,0.0,-0.0,-0.0,0.0,-0.06978347897529602,-0.13993145525455475,-0.0758642926812172,0.09600343555212021,-0.07064148783683777,-0.21496456861495972,-0.0563608855009079,0.00013276930258143693,3.060671588173136e-05,7.202287815744057e-05,4.5211429096525535e-05,4.622330322945345e-07,-1.976249950530473e-05,0.0002041895204456523,0.0776795968413353,0.017088204622268677,0.06145714968442917,0.02604992687702179,-0.0016327053308486938,-0.02298085391521454,0.07853886485099792,0.007896117866039276,-0.12284325063228607,-0.014407141134142876,0.122053362429142,-0.07227419316768646,-0.23794542253017426,0.022177977487444878,0.007896117866039276,-0.12284325063228607,-0.014407141134142876,0.122053362429142,-0.07227419316768646,-0.23794542253017426,0.022177977487444878,0.00789611879736185,-0.12284325063228607,-0.014407141134142876,0.122053362429142,-0.07227419316768646,-0.23794542253017426,0.022177979350090027
13.64,0.003961722366511822,0.003961722366511822,nan,nan,nan,nan,-0.08908255398273468,0.0,-4.656612873077393e-10,0.6803807020187378,0.0,0.0,0.0,0.0,0.0010000000474974513,0.03799999877810478,64.0,0.12530501186847687,1.9023139476776123,0.012678094208240509,10.764898300170898,6.114458665251732e-05,-0.0016624093987047672,-0.0017235544510185719,-0.005177320446819067,0.6480993032455444,0.01401748601347208,0.14804184436798096,9.0,1.0,0.0,0.0,0.003961716778576374,-5.587935447692871e-09,nan,0.007812392432242632,-0.0815429538488388,-0.13081420958042145,-0.06773218512535095,0.07021467387676239,0.02797257900238037,-0.19220228493213654,-0.13782761991024017,-0.03141111508011818,-0.05039086565375328,-0.02609107457101345,0.027047354727983475,0.010775300674140453,-0.07403812557458878,-0.05309249460697174,-0.11157398670911789,-0.1418055295944214,-0.08701086044311523,0.0749739557504654,0.03364972025156021,-0.19898971915245056,-0.1805572211742401,0.00018368034216109663,3.514448326313868e-05,1.8528155123931356e-05,4.6861441660439596e-05,1.010752657748526e-05,-1.9984370737802237e-05,0.00019601274107117206,0.12041351199150085,0.033802375197410583,0.07657445967197418,0.04533609002828598,-0.09633134305477142,-0.020218566060066223,0.19755561649799347,0.008839529007673264,-0.1080031543970108,-0.010436398908495903,0.12031004577875137,-0.06268162280321121,-0.21920828521251678,0.016998395323753357,0.008839529007673264,-0.1080031543970108,-0.010436398908495903,0.12031004577875137,-0.06268162280321121,-0.21920828521251678,0.016998395323753357,0.008839529007673264,-0.1080031543970108,-0.010436398908495903,0.12031004577875137,-0.06268162280321121,-0.21920828521251678,0.016998395323753357
13.755000000000003,0.003715147264301777,0.003715147264301777,nan,nan,nan,nan,-0.10144133865833282,0.0,6.984919309616089e-10,0.6794013977050781,0.0,0.0,0.0,0.0,0.006000000052154064,0.027000000700354576,64.0,0.12492401897907257,1.0115914344787598,0.015139579772949219,8.938037872314453,0.0028046031948179007,-0.0019097212934866548,-0.004714323673397303,9.699552174424753e-05,0.7266629934310913,0.015523971058428288,0.16663844883441925,9.0,1.0,0.0,0.0,0.0037151435390114784,-3.725290298461914e-09,nan,0.009039239026606083,-0.0815429538488388,-0.13081420958042145,-0.06773218512535095,0.07021467387676239,0.02797257900238037,-0.19220228493213654,-0.13782761991024017,-0.05295306071639061,-0.08494924753904343,-0.04398450255393982,0.04559660330414772,0.018165070563554764,-0.12481395155191422,-0.08950367569923401,-0.12162123620510101,-0.1824464648962021,-0.09909301996231079,0.09754003584384918,0.04014621302485466,-0.2648763656616211,-0.20283523201942444,0.00023191425134427845,3.762598862522282e-05,-2.8769838536391035e-05,4.6836288674967363e-05,1.8664775780052878e-05,-2.036059959209524e-05,0.00019190972670912743,0.13282263278961182,0.061702899634838104,0.09113172441720963,0.035798877477645874,-0.09318000078201294,0.018000274896621704,0.21229209005832672,0.011201389133930206,-0.12074356526136398,-0.007961293682456017,0.13333891332149506,-0.05303378775715828,-0.2468760907649994,0.009456858038902283,0.011201389133930206,-0.12074356526136398,-0.007961293682456017,0.13333891332149506,-0.05303378775715828,-0.2468760907649994,0.009456858038902283,0.011201389133930206,-0.12074356526136398,-0.007961293682456017,0.13333891332149506,-0.05303378775715828,-0.2468760907649994,0.009456858038902283
13.832,0.0035311495885252953,0.0035311495885252953,nan,nan,nan,nan,-0.0672948956489563,0.0,9.313225746154785e-10,0.6825460195541382,0.0,0.0,0.0,0.0,0.009999999776482582,0.023000000044703484,64.0,0.12522421777248383,0.8945614099502563,0.00933092087507248,9.502856254577637,0.0017310241237282753,0.0003401439171284437,-0.001390879275277257,0.0004152079054620117,0.9062651991844177,0.016113342717289925,0.19995208084583282,9.0,1.0,0.0,0.0,0.003531145863234997,-3.725290298461914e-09,nan,0.006737056653946638,-0.03380605950951576,-0.09244415909051895,-0.05843245983123779,0.12412536889314651,-0.1527327448129654,-0.18896888196468353,0.049530185759067535,-0.0,-0.0,-0.0,0.0,-0.0,-0.0,0.0,-0.06253854185342789,-0.12189224362373352,-0.07173629105091095,0.11542684584856033,-0.08962416648864746,-0.21380524337291718,-0.03304191306233406,0.00012630865967366844,2.850906275853049e-05,8.027929288800806e-05,4.318929131841287e-05,4.7581639250893204e-07,-1.982251342269592e-05,0.00020563154248520732,0.07929308712482452,0.009504690766334534,0.06179317086935043,0.02670382708311081,-0.005450107157230377,-0.029318228363990784,0.08299526572227478,0.016754548996686935,-0.11238755285739899,-0.009943121112883091,0.14213067293167114,-0.09507427364587784,-0.24312347173690796,0.04995335265994072,0.016754548996686935,-0.11238755285739899,-0.009943121112883091,0.14213067293167114,-0.09507427364587784,-0.24312347173690796,0.04995335265994072,0.016754548996686935,-0.11238755285739899,-0.009943121112883091,0.14213067293167114,-0.09507427364587784,-0.24312347173690796,0.04995335265994072
13.929000000000002,0.003586689941585064,0.003586689941585064,nan,nan,nan,nan,-0.08140653371810913,1.0,0.0,0.6849732995033264,0.0,0.0,0.0,0.0,0.004000000189989805,0.019999999552965164,64.0,0.12580128014087677,1.1938568353652954,0.028351321816444397,18.58961296081543,0.0017251111567020416,0.0008025264833122492,-0.0009225846733897924,0.00014491379261016846,0.6759714484214783,0.015949895605444908,0.2086581289768219,9.0,1.0,0.0,0.0,0.0035866862162947655,-3.725290298461914e-09,nan,0.007017590571194887,-0.10800963640213013,-0.08838427811861038,-0.07370404899120331,0.02029094658792019,0.08698423206806183,-0.08438220620155334,-0.22358782589435577,-0.04543738439679146,-0.03718140721321106,-0.031005745753645897,0.008535975590348244,0.03659243881702423,-0.03549782186746597,-0.09405869990587234,-0.08756442368030548,-0.11866700649261475,-0.08125682920217514,0.09107264876365662,-0.035469409078359604,-0.1809300184249878,-0.1093733161687851,9.822630090638995e-05,2.4948836653493345e-05,0.00010876647138502449,4.0840157453203574e-05,-4.634579454432242e-06,-1.9544946553651243e-05,0.00020887787104584277,0.10682021826505661,0.01643921434879303,0.07193447649478912,0.05080656707286835,-0.08139407634735107,-0.047538965940475464,0.179142564535141,0.01925579644739628,-0.10222779214382172,-0.009322351776063442,0.14187921583652496,-0.11686348915100098,-0.22846898436546326,0.06976925581693649,0.01925579644739628,-0.10222779214382172,-0.009322351776063442,0.14187921583652496,-0.11686348915100098,-0.22846898436546326,0.06976925581693649,0.019255798310041428,-0.10222779214382172,-0.009322349913418293,0.14187921583652496,-0.11686348915100098,-0.22846898436546326,0.06976926326751709
14.002000000000002,0.0037523554638028145,0.0037523554638028145,nan,nan,nan,nan,-0.09910845756530762,0.0,-4.656612873077393e-10,0.6866983771324158,0.0,0.0,0.0,0.0,0.004999999888241291,0.020999999716877937,64.0,0.12638820707798004,0.8509876132011414,0.014936551451683044,13.159912109375,0.0025464841164648533,0.0003756547812372446,-0.002170829800888896,0.0,0.5768484473228455,0.014614620245993137,0.15408653020858765,9.0,1.0,0.0,0.0,0.003752349875867367,-5.587935447692871e-09,nan,0.008831246756017208,-0.08311452716588974,-0.11133145540952682,-0.07047869265079498,0.08321134001016617,0.033918920904397964,-0.19236211478710175,-0.14370884001255035,-0.044812120497226715,-0.06002558395266533,-0.037999365478754044,0.044864315539598465,0.018287761136889458,-0.10371416062116623,-0.077482208609581,-0.11568126827478409,-0.1401575356721878,-0.0961003303527832,0.09324569255113602,0.029571175575256348,-0.21358415484428406,-0.1927478313446045,0.00018285782425664365,2.757340007519815e-05,2.1433814254123718e-05,3.989742253907025e-05,6.658430720563047e-06,-2.019507701334078e-05,0.00019997454364784062,0.13030803203582764,0.04013976454734802,0.09014439582824707,0.04096037894487381,-0.1185184046626091,-0.00484822690486908,0.23206044733524323,0.0146267618983984,-0.10001777112483978,-0.005955934524536133,0.13420607149600983,-0.08894722908735275,-0.21843238174915314,0.03931261971592903,0.0146267618983984,-0.10001777112483978,-0.005955934524536133,0.13420607149600983,-0.08894722908735275,-0.21843238174915314,0.03931261971592903,0.0146267618983984,-0.10001777112483978,-0.005955934524536133,0.13420607149600983,-0.08894722908735275,-0.21843238174915314,0.03931261971592903
14.073999999999998,0.003863484598696232,0.003863484598696232,nan,nan,nan,nan,-0.11436762660741806,0.0,-4.656612873077393e-10,0.6899808645248413,0.0,0.0,0.0,0.0,0.004000000189989805,0.019999999552965164,64.0,0.12727126479148865,0.6708102226257324,0.009280629456043243,12.07756233215332,0.0060934931971132755,0.0010248911567032337,-0.005068602506071329,-0.0009091570973396301,0.6596530675888062,0.016139859333634377,0.20040281116962433,9.0,1.0,0.0,0.0,0.003863479010760784,-5.587935447692871e-09,nan,0.012990749441087246,-0.08311452716588974,-0.11133145540952682,-0.07047869265079498,0.08321134001016617,0.033918920904397964,-0.19236211478710175,-0.14370884001255035,-0.06157401204109192,-0.08247804641723633,-0.05221296101808548,0.06164573132991791,0.025128265842795372,-0.14250825345516205,-0.10646429657936096,-0.12922993302345276,-0.16695468127727509,-0.1087547019124031,0.12000250071287155,0.04540988430380821,-0.27659285068511963,-0.2204236537218094,0.00012852283543907106,2.3727257939754054e-05,7.620537508046255e-05,3.958198067266494e-05,-4.245805200753239e-07,-2.195185879827477e-05,0.00020409567514434457,0.14563588798046112,0.05646461248397827,0.10647378116846085,0.029306329786777496,-0.11837373673915863,0.024909496307373047,0.24788814783096313,0.01640595681965351,-0.11049006879329681,-0.00228092260658741,0.14930883049964905,-0.07296384871006012,-0.2516833543777466,0.02746448665857315,0.01640595681965351,-0.11049006879329681,-0.00228092260658741,0.14930883049964905,-0.07296384871006012,-0.2516833543777466,0.02746448665857315,0.01640595681965351,-0.11049006879329681,-0.00228092260658741,0.14930883049964905,-0.07296384871006012,-0.2516833543777466,0.02746448665857315
14.164000000000001,0.00393278431147337,0.00393278431147337,nan,nan,nan,nan,-0.0749393031001091,0.0,9.313225746154785e-10,0.6942565441131592,0.0,0.0,0.0,0.0,0.017999999225139618,0.014999999664723873,64.0,0.12886691093444824,0.6702747344970703,0.010292045772075653,26.193359375,-0.0004312461242079735,0.0018035460961982608,0.0022347932681441307,0.0,0.8824913501739502,0.01657731458544731,0.17161327600479126,9.0,1.0,0.0,0.0,0.003932778723537922,-5.587935447692871e-09,nan,0.006792238913476467,-0.0411524623632431,-0.0879422202706337,-0.06073042005300522,0.1270666867494583,-0.163726806640625,-0.17927560210227966,0.04233565181493759,-0.0,-0.0,-0.0,0.0,-0.0,-0.0,0.0,-0.07330004125833511,-0.11678114533424377,-0.07825890928506851,0.12448831647634506,-0.08739355951547623,-0.21479563415050507,-0.053569428622722626,0.00021510351507458836,2.8102351279812865e-05,-1.2803626304958016e-05,4.1473562305327505e-05,1.1217053724976722e-05,-2.3496542780776508e-05,0.00019546652038116008,0.08596762269735336,0.010663360357284546,0.06977499276399612,0.03020598739385605,-0.013916067779064178,-0.03433455526828766,0.10015566647052765,0.012667583301663399,-0.10611778497695923,-0.008483916521072388,0.1546943038702011,-0.1013096272945404,-0.24913018941879272,0.04658624157309532,0.012667583301663399,-0.10611778497695923,-0.008483916521072388,0.1546943038702011,-0.1013096272945404,-0.24913018941879272,0.04658624157309532,0.012667583301663399,-0.10611778497695923,-0.008483916521072388,0.1546943038702011,-0.1013096272945404,-0.24913018941879272,0.04658624157309532
14.232999999999997,0.0039120083674788475,0.0039120083674788475,nan,nan,nan,nan,-0.0837792307138443,0.0,1.3969838619232178e-09,0.6971454620361328,0.0,0.0,0.0,0.0,0.004000000189989805,0.019999999552965164,64.0,0.1294068694114685,0.7110871076583862,0.008706003427505493,8.909911155700684,-0.0010377676226198673,0.0009527116781100631,0.001990480814129114,-0.009083747863769531,0.5501101016998291,0.015307794325053692,0.15186339616775513,9.0,1.0,0.0,0.0,0.0039120027795434,-5.587935447692871e-09,nan,0.005983646493405104,-0.09983101487159729,-0.06211129575967789,-0.06740633398294449,0.023693695664405823,0.12231402099132538,-0.07095016539096832,-0.22600068151950836,-0.04815729707479477,-0.029961751773953438,-0.03251601383090019,0.01142955757677555,0.0590028315782547,-0.03422551602125168,-0.10902004688978195,-0.09943294525146484,-0.10144679993391037,-0.08386880904436111,0.08538040518760681,0.01770041696727276,-0.16186241805553436,-0.15909813344478607,0.00010866652155527845,2.2650461687589996e-05,9.485987538937479e-05,4.164765414316207e-05,-2.356465756747639e-06,-2.47336647589691e-05,0.0002037795347860083,0.10989362001419067,0.006998717784881592,0.07600492238998413,0.061187416315078735,-0.11690258979797363,-0.06464165449142456,0.20395919680595398,0.010460671037435532,-0.09444808214902878,-0.007863885723054409,0.14656782150268555,-0.09920217096805573,-0.22650407254695892,0.044861067086458206,0.010460671037435532,-0.09444808214902878,-0.007863885723054409,0.14656782150268555,-0.09920217096805573,-0.22650407254695892,0.044861067086458206,0.010460671037435532,-0.09444808214902878,-0.007863885723054409,0.14656782150268555,-0.09920217096805573,-0.22650407254695892,0.044861067086458206
14.316000000000003,0.003495217300951481,0.003495217300951481,nan,nan,nan,nan,-0.10447569191455841,0.0,1.862645149230957e-09,0.6987743973731995,0.0,0.0,0.0,0.0,0.004000000189989805,0.019999999552965164,64.0,0.13053852319717407,0.44006481766700745,0.008279457688331604,24.102514266967773,0.004916234873235226,-1.794891431927681e-05,-0.004934181924909353,0.0,0.5456357002258301,0.013712621293962002,0.15184637904167175,9.0,1.0,0.0,0.0,0.003495209850370884,-7.450580596923828e-09,nan,0.009291981346905231,-0.08419573307037354,-0.09970381110906601,-0.07410349696874619,0.09555134922266006,0.03271761164069176,-0.19323211908340454,-0.14120817184448242,-0.043313439935445786,-0.05129137635231018,-0.03812161833047867,0.04915519431233406,0.0168311670422554,-0.09940584003925323,-0.07264278084039688,-0.12298247218132019,-0.11777034401893616,-0.0990222916007042,0.09448468685150146,0.0707528218626976,-0.1953493356704712,-0.22523684799671173,0.00011400504445191473,2.232422230008524e-05,9.154412691714242e-05,4.491925210459158e-05,-1.4115545354798087e-06,-2.927828063548077e-05,0.0002051105402642861,0.13244670629501343,0.03287091106176376,0.09827792644500732,0.04482482373714447,-0.12877821922302246,-0.016681000590324402,0.23886807262897491,0.009464239701628685,-0.0848994329571724,-0.0007443614304065704,0.13930951058864594,-0.05802538990974426,-0.2120303362607956,0.013631224632263184,0.009464239701628685,-0.0848994329571724,-0.0007443614304065704,0.13930951058864594,-0.05802538990974426,-0.2120303362607956,0.013631224632263184,0.009464239701628685,-0.0848994329571724,-0.0007443614304065704,0.13930951058864594,-0.05802538990974426,-0.2120303362607956,0.013631224632263184
14.396,0.0032997382804751396,0.0032997382804751396,nan,nan,nan,nan,-0.11748532205820084,0.0,9.313225746154785e-10,0.7008718252182007,0.0,0.0,0.0,0.0,0.004000000189989805,0.019999999552965164,64.0,0.13151325285434723,1.054439663887024,0.014860183000564575,9.390268325805664,0.009693624451756477,0.002424299716949463,-0.00726932380348444,0.001826789230108261,0.6838921904563904,0.01570507325232029,0.19350285828113556,9.0,1.0,0.0,0.0,0.003299734555184841,-3.725290298461914e-09,nan,0.012795190326869488,-0.08419573307037354,-0.09970381110906601,-0.07410349696874619,0.09555134922266006,0.03271761164069176,-0.19323211908340454,-0.14120817184448242,-0.058898359537124634,-0.06974689662456512,-0.051838427782058716,0.06684207916259766,0.02288730815052986,-0.1351737678050995,-0.09878089278936386,-0.13168276846408844,-0.14451970160007477,-0.11212094128131866,0.13096897304058075,0.06058003008365631,-0.2666081488132477,-0.22862708568572998,0.000119717326015234,2.10516791412374e-05,8.644337503938004e-05,4.832336708204821e-05,-9.272107490687631e-07,-3.4452554245945066e-05,0.00020523901912383735,0.1424865871667862,0.05013474076986313,0.11334779113531113,0.028933435678482056,-0.10824781656265259,0.018119394779205322,0.2353326380252838,0.010803814977407455,-0.09438496083021164,0.0012268517166376114,0.1599024087190628,-0.04766778647899628,-0.24848875403404236,0.0067055560648441315,0.010803814977407455,-0.09438496083021164,0.0012268517166376114,0.1599024087190628,-0.04766778647899628,-0.24848875403404236,0.0067055560648441315,0.010803814977407455,-0.09438496083021164,0.0012268517166376114,0.1599024087190628,-0.04766778647899628,-0.24848875403404236,0.0067055560648441315
14.473999999999997,0.0035010864958167076,0.0035010864958167076,nan,nan,nan,nan,-0.07693671435117722,1.0,0.0,0.701262891292572,0.0,0.0,0.0,0.0,0.004000000189989805,0.019999999552965164,64.0,0.13361147046089172,8.345926284790039,0.012404285371303558,16.57529067993164,0.002490677870810032,0.004411496687680483,0.001920818816870451,0.0,0.8832526803016663,0.016412563621997833,0.17276321351528168,9.0,1.0,0.0,0.0,0.0035010771825909615,-9.313225746154785e-09,nan,0.006840896792709827,-0.04595904424786568,-0.07726214826107025,-0.05991030111908913,0.14182236790657043,-0.15975503623485565,-0.1787371039390564,0.027329035103321075,-0.0,-0.0,-0.0,0.0,-0.0,-0.0,0.0,-0.08111423254013062,-0.10484438389539719,-0.0813218280673027,0.13737140595912933,-0.06939591467380524,-0.21477290987968445,-0.07763823866844177,0.00016384979244321585,1.9190474631614052e-05,3.958107117796317e-05,5.67457391298376e-05,2.1247658423817484e-06,-4.60483533970546e-05,0.00020074768690392375,0.08460412174463272,0.009376570582389832,0.07311084866523743,0.03135553002357483,-0.007260605692863464,-0.037915587425231934,0.09653695672750473,0.003489891067147255,-0.09546781331300735,-0.008210981264710426,0.16872693598270416,-0.0766565203666687,-0.2526884973049164,0.01889871619641781,0.003489891067147255,-0.09546781331300735,-0.008210981264710426,0.16872693598270416,-0.0766565203666687,-0.2526884973049164,0.01889871619641781,0.003489892231300473,-0.09546781331300735,-0.008210980333387852,0.16872693598270416,-0.0766565203666687,-0.2526884973049164,0.018898718059062958
14.560000000000002,0.0037722112610936165,0.0037722112610936165,nan,nan,nan,nan,-0.07008707523345947,0.0,0.0,0.6967573761940002,0.0,0.0,0.0,0.0,0.004000000189989805,0.019999999552965164,64.0,0.13532188534736633,1.4393376111984253,0.011966563761234283,9.955163955688477,0.0006916709244251251,0.008900223299860954,0.00820855237543583,-0.0024557113647460938,0.6928406357765198,0.015551704913377762,0.21803073585033417,9.0,1.0,0.0,0.0,0.003772207535803318,-3.725290298461914e-09,nan,0.0068490575067698956,-0.09435037523508072,-0.04804961755871773,-0.0677095577120781,0.02872936613857746,0.14081667363643646,-0.06475766748189926,-0.22216297686100006,-0.03799287974834442,-0.01934855431318283,-0.027265191078186035,0.011568701826035976,0.05670386552810669,-0.026076529175043106,-0.08946028351783752,-0.0900857150554657,-0.08434401452541351,-0.08033639192581177,0.10311256349086761,0.003686569631099701,-0.16100282967090607,-0.13437524437904358,0.00010427342931507155,1.1705889846780337e-05,9.796184167498723e-05,6.439157004933804e-05,-5.597459221462486e-06,-5.903107376070693e-05,0.00020293876877985895,0.08638640493154526,-0.003278203308582306,0.06535693258047104,0.05961407721042633,-0.09564174711704254,-0.07003837823867798,0.15697555243968964,-0.0036993110552430153,-0.08762221783399582,-0.014979458414018154,0.16272664070129395,-0.09195517748594284,-0.23104120790958405,0.022600306198000908,-0.0036993110552430153,-0.08762221783399582,-0.014979458414018154,0.16272664070129395,-0.09195517748594284,-0.23104120790958405,0.022600306198000908,-0.0036993110552430153,-0.08762221783399582,-0.014979458414018154,0.16272664070129395,-0.09195517748594284,-0.23104120790958405,0.022600306198000908
14.637,0.003693818114697933,0.003693818114697933,nan,nan,nan,nan,-0.08567523211240768,0.0,0.0,0.6864528059959412,0.0,0.0,0.0,0.0,0.004000000189989805,0.019999999552965164,64.0,0.1366988718509674,0.9118728637695312,0.011738389730453491,9.51312255859375,0.0014311466366052628,0.008331917226314545,0.006900770589709282,-0.001286529004573822,0.5042609572410583,0.013467195443809032,0.18469864130020142,9.0,1.0,0.0,0.0,0.0036938143894076347,-3.725290298461914e-09,nan,0.0073561891913414,-0.09435037523508072,-0.04804961755871773,-0.0677095577120781,0.02872936613857746,0.14081667363643646,-0.06475766748189926,-0.22216297686100006,-0.07397712022066116,-0.03767417371273041,-0.05308890342712402,0.02252577804028988,0.11040986329317093,-0.05077442154288292,-0.17419090867042542,-0.12961074709892273,-0.08181929588317871,-0.09946252405643463,0.07057728618383408,0.13968735933303833,-0.12972642481327057,-0.27322936058044434,0.00011233649274799973,6.275492069107713e-06,8.833432366373017e-05,7.785576599417254e-05,-7.67994424677454e-06,-7.810275565134361e-05,0.0002017075748881325,0.11198277771472931,0.0008771270513534546,0.08076503127813339,0.0746874287724495,-0.17305979132652283,-0.07493938505649567,0.23815862834453583,-0.017627965658903122,-0.08094216883182526,-0.01869749277830124,0.14526471495628357,-0.0333724245429039,-0.20466580986976624,-0.03507073223590851,-0.017627965658903122,-0.08094216883182526,-0.01869749277830124,0.14526471495628357,-0.0333724245429039,-0.20466580986976624,-0.03507073223590851,-0.017627965658903122,-0.08094216883182526,-0.01869749277830124,0.14526471495628357,-0.0333724245429039,-0.20466580986976624,-0.03507073223590851
14.717999999999996,0.004085971973836422,0.004085971973836422,nan,nan,nan,nan,-0.0641416385769844,0.0,3.725290298461914e-09,0.6657482981681824,0.0,0.0,0.0,0.0,0.004000000189989805,0.020999999716877937,64.0,0.13832515478134155,1.093739628791809,0.011304393410682678,21.03913688659668,0.0016239248216152191,0.01524774543941021,0.013623824343085289,0.00823156163096428,0.8699430227279663,0.015023435465991497,0.21290487051010132,9.0,1.0,0.0,0.0,0.004085962660610676,-9.313225746154785e-09,nan,0.010517537593841553,-0.08558160811662674,-0.08867821842432022,-0.077642522752285,0.10504011064767838,0.033883679658174515,-0.19013269245624542,-0.14300920069217682,-0.039425402879714966,-0.04085193946957588,-0.0357680544257164,0.04838946834206581,0.01560940220952034,-0.08758958429098129,-0.0658809244632721,-0.1254376918077469,-0.1086781844496727,-0.10644581913948059,0.11804144084453583,0.08552709221839905,-0.21446774899959564,-0.23259836435317993,9.989625687012449e-05,-8.782367331150454e-06,9.325534483650699e-05,0.00011029917368432507,-1.593685374245979e-05,-0.00012416062236297876,0.00019657143275253475,0.08334988355636597,0.015347994863986969,0.06933941692113876,0.030021876096725464,-0.08670547604560852,-0.0061851441860198975,0.14421547949314117,-0.04208780452609062,-0.09333018958568573,-0.03710640221834183,0.1480633169412613,-0.001178382895886898,-0.22065289318561554,-0.08838288486003876,-0.04208780452609062,-0.09333018958568573,-0.03710640221834183,0.1480633169412613,-0.001178382895886898,-0.22065289318561554,-0.08838288486003876,-0.04208780452609062,-0.09333018958568573,-0.03710640221834183,0.1480633169412613,-0.001178382895886898,-0.22065289318561554,-0.08838288486003876
14.805999999999997,0.0047088852152228355,0.0047088852152228355,nan,nan,nan,nan,-0.01778918318450451,0.0,0.003663690760731697,0.6522877216339111,0.0,0.0,0.0,0.0,0.012000000104308128,0.017000000923871994,64.0,0.1389927864074707,1.5806304216384888,0.29682740569114685,10.040495872497559,-0.0021557174623012543,0.016909776255488396,0.022729184478521347,0.0,0.990612268447876,0.01662300154566765,0.19619448482990265,9.0,1.0,0.0,0.0,0.004708872176706791,-1.30385160446167e-08,nan,0.007303930353373289,-0.05023006349802017,-0.06556488573551178,-0.05945320427417755,0.1539713591337204,-0.15556421875953674,-0.1774936020374298,0.015235421247780323,-0.0,-0.0,-0.0,0.0,-0.0,-0.0,0.0,-0.09649120271205902,-0.09727100282907486,-0.09034094214439392,0.14205636084079742,-0.01916072517633438,-0.2163943648338318,-0.12986089289188385,-0.0001444629015168175,-3.5960241802968085e-05,0.0003199935599695891,0.0001566900609759614,-4.24329555244185e-05,-0.00018944645125884563,0.00018963032925967127,0.024670720100402832,-0.004798322916030884,0.02546384185552597,0.006957978010177612,0.02204097993671894,-0.01478227972984314,0.007027804851531982,-0.07182048261165619,-0.10206932574510574,-0.06487710028886795,0.14901433885097504,0.0028802547603845596,-0.23117664456367493,-0.12283308804035187,-0.07182048261165619,-0.10206932574510574,-0.06487710028886795,0.14901433885097504,0.0028802547603845596,-0.23117664456367493,-0.12283308804035187,-0.07182048261165619,-0.10206932574510574,-0.06487710028886795,0.14901433885097504,0.0028802547603845596,-0.23117664456367493,-0.12283308804035187
14.872,0.006253439001739025,0.006253439001739025,nan,nan,nan,nan,0.021212829276919365,0.0,0.03310474753379822,0.6478312015533447,0.0,0.0,0.0,0.0,0.004000000189989805,0.019999999552965164,64.0,0.13922542333602905,1.3995561599731445,0.007241964340209961,9.949577331542969,0.01694905385375023,0.028937850147485733,0.04509354382753372,0.04701511934399605,0.995344877243042,0.015674423426389694,0.24056373536586761,9.0,1.0,0.0,0.0,0.006253422237932682,-1.6763806343078613e-08,nan,0.006732524838298559,-0.08992381393909454,-0.03474265709519386,-0.07076644152402878,0.04950126260519028,0.14947284758090973,-0.08041798323392868,-0.21080608665943146,-0.019755547866225243,-0.007632686290889978,-0.015546825714409351,0.010875034146010876,0.03283799812197685,-0.017667191103100777,-0.046312425285577774,-0.08277726173400879,-0.07508495450019836,-0.07861775159835815,0.12993185222148895,-0.02707992121577263,-0.17898257076740265,-0.10402633249759674,-0.0002067564200842753,-4.689686466008425e-05,0.00036881567211821675,0.0001740016887197271,-4.9986494559561834e-05,-0.00021503136667888612,0.00017894571647047997,0.00617140531539917,-0.01765848696231842,0.006779789924621582,0.015039518475532532,0.0036498941481113434,-0.03483861684799194,-0.002548396587371826,-0.07660585641860962,-0.09274344146251678,-0.07183796167373657,0.14497137069702148,-0.023430027067661285,-0.2138211876153946,-0.10657472908496857,-0.07660585641860962,-0.09274344146251678,-0.07183796167373657,0.14497137069702148,-0.023430027067661285,-0.2138211876153946,-0.10657472908496857,-0.07660585641860962,-0.09274344146251678,-0.07183796167373657,0.14497137069702148,-0.023430027067661285,-0.2138211876153946,-0.10657472908496857
14.967999999999996,0.007607215084135532,0.007607215084135532,nan,nan,nan,nan,0.021082671359181404,0.0,0.04541926085948944,0.6615919470787048,0.0,0.0,0.0,0.0,0.010999999940395355,0.017000000923871994,64.0,0.13808739185333252,1.0051531791687012,0.010436400771141052,11.212931632995605,0.021444600075483322,0.040643345564603806,0.06461800634860992,0.0,0.9302224516868591,0.014851399697363377,0.2588074505329132,9.0,1.0,0.0,0.0,0.007607205770909786,-9.313225746154785e-09,nan,0.007030634209513664,-0.08992381393909454,-0.03474265709519386,-0.07076644152402878,0.04950126260519028,0.14947284758090973,-0.08041798323392868,-0.21080608665943146,-0.039937689900398254,-0.015430190600454807,-0.031429365277290344,0.021984901279211044,0.06638509035110474,-0.03571588173508644,-0.09362490475177765,-0.10591860115528107,-0.05783393234014511,-0.08864074945449829,0.09140644967556,0.11145009845495224,-0.13590122759342194,-0.21298053860664368,-0.0003750562609639019,-7.06565915606916e-05,0.0004884329391643405,0.00020530154870357364,-6.48211280349642e-05,-0.0002641389437485486,0.00013558926002588123,0.01743088662624359,-0.01818004995584488,0.010064922273159027,0.029573366045951843,-0.08247359842061996,-0.04121015965938568,0.06601369380950928,-0.08848771452903748,-0.07601398229598999,-0.07857582718133926,0.12097981572151184,0.028976500034332275,-0.17711138725280762,-0.1469668447971344,-0.08848771452903748,-0.07601398229598999,-0.07857582718133926,0.12097981572151184,0.028976500034332275,-0.17711138725280762,-0.1469668447971344,-0.08848771452903748,-0.07601398229598999,-0.07857582718133926,0.12097981572151184,0.028976500034332275,-0.17711138725280762,-0.1469668447971344
15.061,0.00937384832650423,0.00937384832650423,nan,nan,nan,nan,0.03691303730010986,0.0,0.03802064061164856,0.11108817905187607,0.0,0.0,0.0,0.0,0.004000000189989805,0.019999999552965164,64.0,0.13666179776191711,1.44058096408844,0.014740042388439178,10.541531562805176,-0.015955360606312752,-0.01374286599457264,0.04023313522338867,-0.028192438185214996,0.993063747882843,0.015754735097289085,0.23743203282356262,9.0,1.0,0.0,0.0,0.009373831562697887,-1.6763806343078613e-08,nan,0.0018333509797230363,-0.08677871525287628,-0.07755346596240997,-0.08226452022790909,0.11626087129116058,0.014700216241180897,-0.19042643904685974,-0.14033013582229614,-0.008070086129009724,-0.007212173193693161,-0.007650282699614763,0.010811812244355679,0.0013670633779838681,-0.017708923667669296,-0.013050160370767117,-0.10745943337678909,-0.06408043950796127,-0.09169240295886993,0.0972059890627861,0.10577888786792755,-0.15298150479793549,-0.21475937962532043,0.039894938468933105,0.0008437916985712945,-0.040236469358205795,0.00018829674809239805,0.0017671979730948806,-3.6842175177298486e-06,-0.0011041369289159775,0.018838435411453247,-0.0033301040530204773,-0.004327878355979919,0.008650876581668854,-0.027978844940662384,-0.005579903721809387,0.026966869831085205,-0.08862099796533585,-0.06741054356098175,-0.09602028131484985,0.10585686564445496,0.07780004292726517,-0.15856140851974487,-0.18779250979423523,-0.08862099796533585,-0.06741054356098175,-0.09602028131484985,0.10585686564445496,0.07780004292726517,-0.15856140851974487,-0.18779250979423523,-0.08862099796533585,-0.06741054356098175,-0.09602028131484985,0.10585686564445496,0.07780004292726517,-0.15856140851974487,-0.18779250979423523
15.131,0.008803547360002995,0.008803547360002995,nan,nan,nan,nan,0.032027699053287506,0.0,0.033817827701568604,0.10828837752342224,0.0,0.0,0.0,0.0,0.0020000000949949026,0.009999999776482582,64.0,0.13469383120536804,0.5719084143638611,0.010292045772075653,23.80305290222168,-0.016381898894906044,-0.010118439793586731,0.040081288665533066,0.0,0.9914376139640808,0.016762258484959602,0.1615772247314453,9.0,1.0,0.0,0.0,0.0088035324588418,-1.4901161193847656e-08,nan,0.0021152333356440067,-0.08677871525287628,-0.07755346596240997,-0.08226452022790909,0.11626087129116058,0.014700216241180897,-0.19042643904685974,-0.14033013582229614,-0.03516411408782005,-0.031425897032022476,-0.0333348885178566,0.047110751271247864,0.005956761073321104,-0.07716381549835205,-0.056863997131586075,-0.11136811226606369,-0.08584742993116379,-0.10121756047010422,0.1291836053133011,0.05636036768555641,-0.20892365276813507,-0.19764173030853271,0.03661024197936058,0.0006876931292936206,-0.03685075789690018,0.000154780616867356,0.0014128065668046474,-1.7874508557724766e-06,-0.0008403125102631748,0.03108229488134384,0.012403406202793121,-0.014786504209041595,-0.01574203372001648,0.016722623258829117,0.032358139753341675,0.0034570693969726562,-0.08028581738471985,-0.07344402372837067,-0.11600406467914581,0.1134415715932846,0.07308299094438553,-0.1765655130147934,-0.19418466091156006,-0.08028581738471985,-0.07344402372837067,-0.11600406467914581,0.1134415715932846,0.07308299094438553,-0.1765655130147934,-0.19418466091156006,-0.08028581738471985,-0.07344402372837067,-0.11600406467914581,0.1134415715932846,0.07308299094438553,-0.1765655130147934,-0.19418466091156006
15.203000000000003,0.008473393507301807,0.008473393507301807,nan,nan,nan,nan,0.03484669700264931,0.0,0.03345140069723129,0.10716825723648071,0.0,0.0,0.0,0.0,0.004000000189989805,0.019999999552965164,64.0,0.13372716307640076,0.48434826731681824,0.007769092917442322,8.770689010620117,-0.015221326611936092,-0.006036156788468361,0.04263657331466675,0.0,0.9244235754013062,0.01572282612323761,0.1702497899532318,9.0,1.0,0.0,0.0,0.008473373018205166,-2.0489096641540527e-08,nan,0.0016067723045125604,-0.05764928087592125,-0.05581440031528473,-0.06257114559412003,0.16643422842025757,-0.1524885594844818,-0.16933026909828186,-0.004506863187998533,-0.007941699586808681,-0.00768892839550972,-0.008619730360805988,0.022927790880203247,-0.02100665122270584,-0.023326747119426727,-0.0006208603736013174,-0.08204098045825958,-0.0702270120382309,-0.0808129832148552,0.1563096046447754,-0.07004628330469131,-0.19148030877113342,-0.08553275465965271,0.03730062022805214,0.0006880799192003906,-0.03754465654492378,0.00014722695050295442,0.0014075825456529856,-5.158273779670708e-06,-0.0008409200236201286,0.016562752425670624,-0.002750970423221588,-0.038302741944789886,-0.02526146173477173,0.08708116412162781,0.006279781460762024,-0.06716838479042053,-0.06547822803258896,-0.07297798246145248,-0.11911572515964508,0.13104814291000366,0.017034880816936493,-0.1852005273103714,-0.15270113945007324,-0.06547822803258896,-0.07297798246145248,-0.11911572515964508,0.13104814291000366,0.017034880816936493,-0.1852005273103714,-0.15270113945007324,-0.06547822803258896,-0.07297798246145248,-0.11911572515964508,0.13104814291000366,0.017034880816936493,-0.1852005273103714,-0.15270113945007324
15.299999999999997,0.007889938540756702,0.007889938540756702,nan,nan,nan,nan,0.03149323910474777,0.0,0.03133881092071533,0.10414022207260132,0.0,0.0,0.0,0.0,0.004000000189989805,0.017999999225139618,64.0,0.13283368945121765,4.516953468322754,0.009606592357158661,15.4210844039917,-0.013849334791302681,-0.005662376992404461,0.03952576965093613,-0.0066070095635950565,0.9754266738891602,0.015858067199587822,0.11293646693229675,9.0,1.0,0.0,0.0,0.007889929227530956,-9.313225746154785e-09,nan,0.0015204617520794272,-0.07515830546617508,-0.007216606754809618,-0.06408069282770157,0.10149987787008286,0.10627129673957825,-0.130781352519989,-0.20369888842105865,-0.03640074282884598,-0.0034951542038470507,-0.03103562630712986,0.04915852099657059,0.05146942287683487,-0.06334015727043152,-0.09865564852952957,-0.09476462006568909,-0.03480655699968338,-0.08527659624814987,0.14674408733844757,0.05728381499648094,-0.18498672544956207,-0.20042486488819122,0.0360327772796154,0.0006405282183550298,-0.036240000277757645,0.00014707315131090581,0.00128031091298908,-5.750527634518221e-06,-0.0007430983241647482,0.035518430173397064,-0.022652149200439453,-0.03397112339735031,-0.007490918040275574,-0.03654367849230766,0.0005974769592285156,0.03999067842960358,-0.05924618989229202,-0.05745870620012283,-0.11924771964550018,0.139253169298172,0.02074013650417328,-0.18438924849033356,-0.16043418645858765,-0.05924618989229202,-0.05745870620012283,-0.11924771964550018,0.139253169298172,0.02074013650417328,-0.18438924849033356,-0.16043418645858765,-0.05924618989229202,-0.05745870620012283,-0.11924771964550018,0.139253169298172,0.02074013650417328,-0.18438924849033356,-0.16043418645858765
15.418999999999997,0.007265874184668064,0.007265874184668064,nan,nan,nan,nan,0.023890819400548935,0.0,0.02640473283827305,0.1011885404586792,0.0,0.0,0.0,0.0,0.007000000216066837,0.010999999940395355,64.0,0.13241465389728546,1.129051685333252,0.01137610524892807,9.550066947937012,-0.014981349930167198,-0.005396027117967606,0.03599005565047264,0.0,0.9903048872947693,0.018842706456780434,0.19279338419437408,9.0,1.0,0.0,0.0,0.007265864871442318,-9.313225746154785e-09,nan,0.0014959160471335053,-0.09230844676494598,-0.023632364347577095,-0.08850434422492981,0.13153643906116486,-0.0047460878267884254,-0.1837848573923111,-0.1482781320810318,-0.054197221994400024,-0.01387531217187643,-0.05196370929479599,0.07722922414541245,-0.0027865790762007236,-0.10790592432022095,-0.08705879747867584,-0.1253240704536438,-0.031846847385168076,-0.11647656559944153,0.18037649989128113,0.04021070525050163,-0.24347856640815735,-0.23684443533420563,0.035185426473617554,0.0006096239667385817,-0.035372260957956314,0.00014406195259653032,0.0012004164746031165,-1.070665803126758e-05,-0.0006833875086158514,0.051923513412475586,-0.007010307163000107,-0.01761642098426819,-0.021736249327659607,0.009915046393871307,0.03392675518989563,0.02342219650745392,-0.07340055704116821,-0.03885715454816818,-0.13409298658370972,0.15864025056362152,0.05012575164437294,-0.20955181121826172,-0.2134222388267517,-0.07340055704116821,-0.03885715454816818,-0.13409298658370972,0.15864025056362152,0.05012575164437294,-0.20955181121826172,-0.2134222388267517,-0.07340055704116821,-0.03885715454816818,-0.13409298658370972,0.15864025056362152,0.05012575164437294,-0.20955181121826172,-0.2134222388267517
15.479,0.006266622804105282,0.006266622804105282,nan,nan,nan,nan,0.016022849828004837,0.0,0.01777489297091961,0.0948282927274704,0.0,0.0,0.0,0.0,0.003000000026077032,0.013000000268220901,64.0,0.1319669485092163,0.38446205854415894,0.007252208888530731,8.455060005187988,-0.016304491087794304,-0.007669690530747175,0.02640969306230545,-0.018792083486914635,0.9692789316177368,0.02074209228157997,0.15182183682918549,9.0,1.0,0.0,0.0,0.006266619078814983,-3.725290298461914e-09,nan,0.002716299146413803,-0.08417994529008865,-0.06439174711704254,-0.08858637511730194,0.13829365372657776,-0.21213430166244507,-0.07579094171524048,-0.03239648789167404,-0.02767455019056797,-0.021169088780879974,-0.029123183339834213,0.04546468332409859,-0.06974013894796371,-0.024916624650359154,-0.010650496929883957,-0.13351280987262726,-0.04944228380918503,-0.12951305508613586,0.19746337831020355,-0.06459842622280121,-0.2307712733745575,-0.19035594165325165,0.03139333799481392,0.00046677779755555093,-0.031502753496170044,9.594467701390386e-05,0.0009453120292164385,-1.4871649000269827e-05,-0.0004921394865959883,0.04247698187828064,0.01026458665728569,-0.021796375513076782,-0.015760421752929688,0.08269135653972626,-0.007822185754776001,-0.031244173645973206,-0.09103582799434662,-0.03917769715189934,-0.15130943059921265,0.18170295655727386,0.01809293031692505,-0.2385934591293335,-0.22160011529922485,-0.09103582799434662,-0.03917769715189934,-0.15130943059921265,0.18170295655727386,0.01809293031692505,-0.2385934591293335,-0.22160011529922485,-0.09103582799434662,-0.03917769715189934,-0.15130943059921265,0.18170295655727386,0.01809293031692505,-0.2385934591293335,-0.22160011529922485
15.572000000000003,0.005782865919172764,0.005782865919172764,nan,nan,nan,nan,0.01583062671124935,0.0,0.015270540490746498,0.09274692833423615,0.0,0.0,0.0,0.0,0.009999999776482582,0.023000000044703484,64.0,0.13152146339416504,0.9363181591033936,0.01498498022556305,10.528189659118652,-0.016071094200015068,-0.00755762355402112,0.023784011602401733,-0.011749322526156902,0.9838041067123413,0.01940142549574375,0.24092403054237366,9.0,1.0,0.0,0.0,0.005782856605947018,-9.313225746154785e-09,nan,0.002482605865225196,-0.08945076167583466,0.021421413868665695,-0.08115393668413162,0.08899299800395966,0.06910470128059387,-0.11643665283918381,-0.22068306803703308,-0.004946422763168812,0.001184555352665484,-0.004487627185881138,0.004921109415590763,0.0038213320076465607,-0.006438680924475193,-0.012203268706798553,-0.11806195974349976,-0.03685645014047623,-0.1149066910147667,0.1652591973543167,-0.07493239641189575,-0.17041407525539398,-0.17046071588993073,0.030733684077858925,0.00039025471778586507,-0.0307939350605011,7.538519275840372e-05,0.000789979996625334,-1.2998618331039324e-05,-0.000376356445485726,0.02615935355424881,-0.006938822567462921,-0.036766327917575836,0.016334697604179382,0.037688255310058594,-0.04305936396121979,-0.022575601935386658,-0.09190260618925095,-0.04379527270793915,-0.15167301893234253,0.1815938949584961,-0.03724414110183716,-0.21347343921661377,-0.19303631782531738,-0.09190260618925095,-0.04379527270793915,-0.15167301893234253,0.1815938949584961,-0.03724414110183716,-0.21347343921661377,-0.19303631782531738,-0.09190260618925095,-0.04379527270793915,-0.15167301893234253,0.1815938949584961,-0.03724414110183716,-0.21347343921661377,-0.19303631782531738
15.704,0.005037623457610607,0.005037623457610607,nan,nan,nan,nan,0.012028206139802933,0.0,0.0126748476177454,0.08790647983551025,0.0,0.0,0.0,0.0,0.012000000104308128,0.024000000208616257,64.0,0.13051441311836243,0.9857174158096313,0.010277144610881805,10.452814102172852,-0.014537710696458817,-0.007131283171474934,0.020081274211406708,-0.006886509712785482,0.9818562269210815,0.018146542832255363,0.15879268944263458,9.0,1.0,0.0,0.0,0.005037608556449413,-1.4901161193847656e-08,nan,0.0020749266259372234,-0.11374641209840775,0.005883039906620979,-0.10750596225261688,0.1019137054681778,0.029584867879748344,-0.12889929115772247,-0.19388893246650696,-0.04029851779341698,0.002084266161546111,-0.0380876287817955,0.03610638156533241,0.01048144232481718,-0.04566694051027298,-0.06869172304868698,-0.1273745894432068,-0.001358001958578825,-0.12018755078315735,0.13761165738105774,0.015358585864305496,-0.16254842281341553,-0.23327788710594177,0.029595395550131798,0.0003056038112845272,-0.029618876054883003,2.302354550920427e-05,0.0006640130886808038,-5.244548901828239e-06,-0.00028102181386202574,0.037256866693496704,-0.020576372742652893,-0.026603087782859802,0.019419535994529724,-0.029947403818368912,-0.019322365522384644,0.024423152208328247,-0.09011772274971008,-0.021934375166893005,-0.14679063856601715,0.15703119337558746,-0.014588817954063416,-0.18187078833580017,-0.20885473489761353,-0.09011772274971008,-0.021934375166893005,-0.14679063856601715,0.15703119337558746,-0.014588817954063416,-0.18187078833580017,-0.20885473489761353,-0.09011772274971008,-0.021934375166893005,-0.14679063856601715,0.15703119337558746,-0.014588817954063416,-0.18187078833580017,-0.20885473489761353
15.781999999999996,0.004029295407235622,0.004029295407235622,nan,nan,nan,nan,0.007072913460433483,0.0,0.016983117908239365,0.08213723450899124,0.0,0.0,0.0,0.0,0.014000000432133675,0.019999999552965164,64.0,0.12984225153923035,1.04239022731781,0.014564022421836853,8.772309303283691,-0.004589898977428675,-0.008310087025165558,0.013262929394841194,-0.013174209743738174,0.7284240126609802,0.013110704720020294,0.19020390510559082,9.0,1.0,0.0,0.0,0.004029278643429279,-1.6763806343078613e-08,nan,0.001556650036945939,-0.10711947083473206,-0.03209126740694046,-0.11212972551584244,0.09133829921483994,-0.23257523775100708,0.008433816954493523,-0.049167465418577194,-0.016271740198135376,-0.004874750971794128,-0.017032811418175697,0.013874536380171776,-0.03532881289720535,0.0012811197666451335,-0.007468672003597021,-0.1259387880563736,-0.017076140269637108,-0.12483108043670654,0.11995204538106918,-0.115256167948246,-0.08001961559057236,-0.14919064939022064,0.03142888844013214,0.00027245102683082223,-0.03146171197295189,-3.440097134443931e-05,0.000674748735036701,4.330292540544178e-06,-0.0002902361156884581,0.11452771723270416,-0.014202585443854332,0.05426345765590668,0.04002613574266434,0.09762436151504517,-0.09864034503698349,0.07958630472421646,-0.011411070823669434,-0.03127872571349144,-0.07056762278079987,0.15997818112373352,-0.017631810158491135,-0.17865996062755585,-0.06960434466600418,-0.011411070823669434,-0.03127872571349144,-0.07056762278079987,0.15997818112373352,-0.017631810158491135,-0.17865996062755585,-0.06960434466600418,-0.011411070823669434,-0.03127872571349144,-0.07056762278079987,0.15997818112373352,-0.017631810158491135,-0.17865996062755585,-0.06960434466600418
15.863999999999997,0.0037855440750718117,0.0037855440750718117,nan,nan,nan,nan,0.006080848164856434,0.0,0.017801150679588318,0.07999355345964432,0.0,0.0,0.0,0.0,0.014000000432133675,0.01600000075995922,64.0,0.12947039306163788,0.9044241309165955,0.011078082025051117,9.761004447937012,-0.0026637567207217216,-0.006033832672983408,0.014431074261665344,-0.005530192982405424,0.6076493263244629,0.010954078286886215,0.15140540897846222,9.0,1.0,0.0,0.0,0.003785531036555767,-1.30385160446167e-08,nan,0.0011949046747758985,-0.08747541159391403,0.047114912420511246,-0.07653633505105972,0.05526752769947052,0.08205097168684006,-0.07005538791418076,-0.2440815567970276,-0.05664819851517677,0.030511140823364258,-0.04956416040658951,0.03579069301486015,0.053135380148887634,-0.04536716267466545,-0.15806475281715393,-0.13278110325336456,0.025154342874884605,-0.12454642355442047,0.10349727421998978,-0.013964582234621048,-0.08569125086069107,-0.2554726004600525,0.02811046876013279,0.00015449403144884855,-0.028072763234376907,-7.239398109959438e-05,0.0004822004120796919,2.089564304696978e-06,-0.0001437789323972538,0.13588137924671173,-0.05009491369128227,0.07055774331092834,0.037279315292835236,-0.010815385729074478,-0.061519719660282135,0.2070273905992508,0.003100277855992317,-0.024940570816397667,-0.053988680243492126,0.140776589512825,-0.024779967963695526,-0.1472109705209732,-0.0484452098608017,0.003100277855992317,-0.024940570816397667,-0.053988680243492126,0.140776589512825,-0.024779967963695526,-0.1472109705209732,-0.0484452098608017,0.003100277855992317,-0.024940570816397667,-0.053988680243492126,0.140776589512825,-0.024779967963695526,-0.1472109705209732,-0.0484452098608017
15.950000000000003,0.0037507982924580574,0.0037507982924580574,nan,nan,nan,nan,0.005871139466762543,0.0,0.016922852024435997,0.07955124229192734,0.0,0.0,0.0,0.0,0.003000000026077032,0.024000000208616257,64.0,0.13192710280418396,0.9137382507324219,0.009317882359027863,9.581134796142578,-0.003409352619200945,-0.002154049463570118,0.018178153783082962,0.0,0.817345142364502,0.011539953760802746,0.11755436658859253,9.0,1.0,0.0,0.0,0.003750787116587162,-1.1175870895385742e-08,nan,0.0011215037666261196,-0.11216963827610016,0.043893106281757355,-0.10559028387069702,0.1081523671746254,0.013940474018454552,-0.12314852327108383,-0.19309383630752563,-0.05576997250318527,0.021823350340127945,-0.05249876528978348,0.053772613406181335,0.0069311074912548065,-0.06122859939932823,-0.0960049256682396,-0.13531339168548584,0.04050896316766739,-0.1258901208639145,0.12706229090690613,0.04729596525430679,-0.12751120328903198,-0.2817722260951996,0.027797343209385872,0.00014053475752007216,-0.027754519134759903,-9.070984378922731e-05,0.00046206891420297325,1.3319867321115453e-05,-0.00012829217303078622,0.1292126327753067,-0.047276586294174194,0.0670866072177887,0.004550501704216003,-0.021165424957871437,-0.01939442753791809,0.1810677945613861,-0.006100758910179138,-0.006767622660845518,-0.05880351364612579,0.13161279261112213,0.026130540296435356,-0.14690563082695007,-0.10070443153381348,-0.006100758910179138,-0.006767622660845518,-0.05880351364612579,0.13161279261112213,0.026130540296435356,-0.14690563082695007,-0.10070443153381348,-0.006100758910179138,-0.006767622660845518,-0.05880351364612579,0.13161279261112213,0.026130540296435356,-0.14690563082695007,-0.10070443153381348
16.048000000000002,0.003840499557554722,0.003840499557554722,nan,nan,nan,nan,0.0036758296191692352,1.0,0.01656275987625122,0.07885261625051498,0.0,0.0,0.0,0.0,0.014000000432133675,0.019999999552965164,64.0,0.1339760571718216,0.9377477765083313,0.014409422874450684,14.260440826416016,-0.004726335871964693,-0.0005232619005255401,0.02076583355665207,0.0,0.8662101626396179,0.013810398057103157,0.06773174554109573,9.0,1.0,0.0,0.0,0.003840486519038677,-1.30385160446167e-08,nan,0.0007427114760503173,-0.11216963827610016,0.043893106281757355,-0.10559028387069702,0.1081523671746254,0.013940474018454552,-0.12314852327108383,-0.19309383630752563,-0.08890952169895172,0.034791186451911926,-0.08369449526071548,0.08572529256343842,0.01104969996958971,-0.09761176258325577,-0.15305282175540924,-0.16559600830078125,0.059212058782577515,-0.1552153378725052,0.15813606977462769,0.03426921367645264,-0.17235174775123596,-0.30699849128723145,0.02423248440027237,7.050417480058968e-05,-0.02415039949119091,-0.0001049531128956005,0.0003424383176025003,7.017296411504503e-06,-4.3908403313253075e-05,0.14486083388328552,-0.055848218500614166,0.08660610020160675,-0.009165123105049133,0.00466763973236084,-0.005697458982467651,0.18156881630420685,-0.020735178142786026,0.003363841213285923,-0.06860923767089844,0.14897094666957855,0.03893685340881348,-0.1780492067337036,-0.1254296749830246,-0.020735178142786026,0.003363841213285923,-0.06860923767089844,0.14897094666957855,0.03893685340881348,-0.1780492067337036,-0.1254296749830246,-0.02073517255485058,0.00336383911781013,-0.06860923022031784,0.14897094666957855,0.03893685340881348,-0.1780492067337036,-0.1254296600818634
16.124000000000002,0.0037181032821536064,0.0037181032821536064,nan,nan,nan,nan,0.0009639281779527664,1.0,0.014259008690714836,0.07938346266746521,0.0,0.0,0.0,0.0,0.017999999225139618,0.014000000432133675,64.0,0.13496072590351105,1.137618899345398,0.015173107385635376,24.21611976623535,-0.004794691223651171,-0.0012258758069947362,0.017827823758125305,-0.006527373567223549,0.6737356781959534,0.014684971421957016,0.18479423224925995,9.0,1.0,0.0,0.0,0.003718092106282711,-1.1175870895385742e-08,nan,0.0021998591255396605,-0.10587211698293686,-0.028537901118397713,-0.11024615168571472,0.04752815142273903,-0.2216269075870514,0.09955216944217682,-0.06733814626932144,-0.04173962399363518,-0.011250943876802921,-0.043464064598083496,0.01873776689171791,-0.0873754471540451,0.039248012006282806,-0.02654777094721794,-0.16536805033683777,0.0263277105987072,-0.16086190938949585,0.13066403567790985,-0.09511078149080276,-0.06632756441831589,-0.2342301905155182,0.02675490640103817,0.00011176789848832414,-0.026701848953962326,-9.257260535378009e-05,0.0004110806330572814,6.218522230483359e-06,-9.48969682212919e-05,0.14455562829971313,-0.02857588231563568,0.09133486449718475,0.04069030284881592,0.11032114923000336,-0.13347062468528748,0.12710987031459808,-0.020812416449189186,-0.0022481726482510567,-0.0695270448923111,0.17135433852672577,0.01521037146449089,-0.19979818165302277,-0.1071203202009201,-0.020812416449189186,-0.0022481726482510567,-0.0695270448923111,0.17135433852672577,0.01521037146449089,-0.19979818165302277,-0.1071203202009201,-0.02081240713596344,-0.0022481768392026424,-0.0695270374417305,0.17135433852672577,0.015210372395813465,-0.19979818165302277,-0.10712030529975891
16.198,0.0034950030967593193,0.0034950030967593193,nan,nan,nan,nan,0.000991474837064743,0.0,0.013089755550026894,0.07780485600233078,0.0,0.0,0.0,0.0,0.008999999612569809,0.014999999664723873,64.0,0.13629283010959625,1.025972843170166,0.012326985597610474,8.869894981384277,-0.005700560752302408,-0.0022879140451550484,0.01650240272283554,0.0,0.6551095843315125,0.013414773158729076,0.12442127615213394,9.0,1.0,0.0,0.0,0.003494991920888424,-1.1175870895385742e-08,nan,0.0011083311401307583,-0.08736729621887207,0.057081930339336395,-0.07445941865444183,0.044892556965351105,0.09401331841945648,-0.052273716777563095,-0.24490410089492798,-0.09345237910747528,0.06105765700340271,-0.07964547723531723,0.048019301146268845,0.10056129842996597,-0.05591455474495888,-0.26196154952049255,-0.16947384178638458,0.0541958212852478,-0.15720003843307495,0.10222701728343964,-0.00895700789988041,-0.04567161202430725,-0.32840126752853394,0.028577417135238647,0.0001404686481691897,-0.028557155281305313,-0.00011405697296140715,0.0004974735202267766,1.458809583709808e-05,-0.00015445637109223753,0.14172491431236267,-0.07563230395317078,0.07678589224815369,0.06392890214920044,-0.03766566514968872,-0.11014509201049805,0.22727613151073456,-0.02774892747402191,-0.021436478942632675,-0.08041414618492126,0.16615591943264008,-0.04662267491221428,-0.1558167040348053,-0.10112513601779938,-0.02774892747402191,-0.021436478942632675,-0.08041414618492126,0.16615591943264008,-0.04662267491221428,-0.1558167040348053,-0.10112513601779938,-0.02774892747402191,-0.021436478942632675,-0.08041414618492126,0.16615591943264008,-0.04662267491221428,-0.1558167040348053,-0.10112513601779938
16.275,0.003355671651661396,0.003355671651661396,nan,nan,nan,nan,-0.0012421440333127975,1.0,0.010949257761240005,0.07621747255325317,0.0,0.0,0.0,0.0,0.014000000432133675,0.017999999225139618,64.0,0.1367924064397812,0.7504299283027649,0.013889744877815247,13.829697608947754,-0.0053841168992221355,-0.0023377856705337763,0.013995589688420296,0.0,0.5763289928436279,0.013731250539422035,0.10416394472122192,9.0,1.0,0.0,0.0,0.003355664201080799,-7.450580596923828e-09,nan,0.0027341360691934824,-0.12819252908229828,0.03473447263240814,-0.12217748910188675,-0.013025504536926746,0.03661157563328743,0.05816209688782692,-0.22921594977378845,-0.04287407174706459,0.011616965755820274,-0.04086233675479889,-0.0043563880026340485,0.01224476471543312,0.019452350214123726,-0.07666141539812088,-0.16948296129703522,0.05762511119246483,-0.15742306411266327,0.052299369126558304,0.037030935287475586,-0.0029611624777317047,-0.33573639392852783,0.027065513655543327,6.713470793329179e-05,-0.02700360119342804,-0.00014117649698164314,0.00038233716622926295,1.6542086086701602e-05,-7.024229853413999e-05,0.14148691296577454,-0.0828857421875,0.08065250515937805,0.10965587198734283,-0.059983741492033005,-0.15619060397148132,0.209175705909729,-0.02799605019390583,-0.025260627269744873,-0.07677055895328522,0.16195523738861084,-0.02295280620455742,-0.15915176272392273,-0.12656068801879883,-0.02799605019390583,-0.025260627269744873,-0.07677055895328522,0.16195523738861084,-0.02295280620455742,-0.15915176272392273,-0.12656068801879883,-0.027996042743325233,-0.02526063285768032,-0.07677055150270462,0.16195523738861084,-0.022952808067202568,-0.15915177762508392,-0.12656067311763763
16.347,0.0030767330899834633,0.0030767330899834633,nan,nan,nan,nan,-0.0026376722380518913,0.0,0.007137993350625038,0.07397499680519104,0.0,0.0,0.0,0.0,0.017999999225139618,0.00800000037997961,64.0,0.13946256041526794,0.35420432686805725,0.006227754056453705,8.943289756774902,-0.0075009046122431755,-0.0034627490676939487,0.011176148429512978,0.0,0.7711667418479919,0.01464757975190878,0.18472138047218323,9.0,1.0,0.0,0.0,0.0030767256394028664,-7.450580596923828e-09,nan,0.002741308184340596,-0.12156651169061661,0.04650484398007393,-0.1126711443066597,0.06439483165740967,0.08208406716585159,-0.045376114547252655,-0.217762753367424,-0.052716150879859924,0.02016637846827507,-0.04885875806212425,0.027924200519919395,0.035594966262578964,-0.01967691443860531,-0.09443072229623795,-0.17076678574085236,0.06244025006890297,-0.1584080457687378,0.0754554346203804,0.08432082831859589,-0.039603956043720245,-0.31876057386398315,0.02697416953742504,3.577363531803712e-05,-0.02691001258790493,-0.00017377830226905644,0.0003707419673446566,1.836816591094248e-05,-6.187991675687954e-05,0.1201181411743164,-0.08075577020645142,0.060125090181827545,0.07642235606908798,-0.07481136918067932,-0.11024873703718185,0.15248683094978333,-0.05064864456653595,-0.018315522000193596,-0.09828295558691025,0.15187779068946838,0.009509461000561714,-0.1498526930809021,-0.16627374291419983,-0.05064864456653595,-0.018315522000193596,-0.09828295558691025,0.15187779068946838,0.009509461000561714,-0.1498526930809021,-0.16627374291419983,-0.05064864456653595,-0.018315522000193596,-0.09828295558691025,0.15187779068946838,0.009509461000561714,-0.1498526930809021,-0.16627374291419983
16.424,0.0028738854452967644,0.0028738854452967644,nan,nan,nan,nan,-0.002896849997341633,1.0,0.003918810747563839,0.07148479670286179,0.0,0.0,0.0,0.0,0.014000000432133675,0.013000000268220901,64.0,0.14165116846561432,0.9106490612030029,0.019301660358905792,12.032139778137207,-0.010505525395274162,-0.003508633468300104,0.01091570220887661,0.0,0.8668897747993469,0.01564817875623703,0.18425004184246063,9.0,1.0,0.0,0.0,0.002873866818845272,-1.862645149230957e-08,nan,0.0017503284616395831,-0.12485301494598389,0.05699753761291504,-0.1267339438199997,0.10172304511070251,-0.18991447985172272,0.059624530375003815,-0.07163338363170624,-0.045333221554756165,0.020695392042398453,-0.04601617157459259,0.03693489730358124,-0.06895656138658524,0.021649232134222984,-0.026009559631347656,-0.17315362393856049,0.06949456036090851,-0.1659008413553238,0.10260123759508133,-0.029748523607850075,-0.0026149097830057144,-0.24174192547798157,0.02491196244955063,-5.754848461947404e-05,-0.024802716448903084,-0.00022915175941307098,0.00025123226805590093,2.9728749723290093e-05,2.5724082661326975e-05,0.08937359601259232,-0.06617693603038788,0.03710216283798218,0.04296421259641647,0.038125500082969666,-0.11737997084856033,0.045099616050720215,-0.08378002792596817,0.0033176206052303314,-0.1287986785173416,0.1455654501914978,0.00837697647511959,-0.1199948787689209,-0.19664230942726135,-0.08378002792596817,0.0033176206052303314,-0.1287986785173416,0.1455654501914978,0.00837697647511959,-0.1199948787689209,-0.19664230942726135,-0.08378002047538757,0.0033176152501255274,-0.1287986785173416,0.1455654501914978,0.008376972749829292,-0.1199948862195015,-0.19664230942726135
16.561,0.0019050007686018944,0.0019050007686018944,nan,nan,nan,nan,-0.0070203328505158424,0.0,9.313225746154785e-10,0.06686985492706299,0.0,0.0,0.0,0.0,0.017999999225139618,0.019999999552965164,64.0,0.14318735897541046,0.7512932419776917,0.01339055597782135,54.07609176635742,-0.007881339639425278,-0.00711406534537673,0.0007672752253711224,-0.018839258700609207,0.6742814779281616,0.012618519365787506,0.2447626292705536,9.0,1.0,0.0,0.0,0.0019049877300858498,-1.30385160446167e-08,nan,0.0023531680926680565,-0.09178856760263443,0.08991958945989609,-0.07573553174734116,0.05366555228829384,0.08007346838712692,-0.039606913924217224,-0.23852252960205078,-0.04805062711238861,0.04707223176956177,-0.03964698687195778,0.02809351682662964,0.041917864233255386,-0.020733922719955444,-0.12486476451158524,-0.15654639899730682,0.1048765480518341,-0.14152267575263977,0.09604274481534958,0.023972947150468826,-0.023434948176145554,-0.28978604078292847,0.025117430835962296,-0.00013246799062471837,-0.024985065683722496,-0.0003002217272296548,0.00019236553634982556,4.8198216973105446e-05,7.076264591887593e-05,0.14572107791900635,-0.12838506698608398,-0.029330164194107056,-0.03503299877047539,-0.13166217505931854,-0.0058684442192316055,0.15692400932312012,-0.010825321078300476,-0.023508522659540176,-0.17085283994674683,0.06100974604487419,-0.10768923163414001,-0.02930339239537716,-0.13286203145980835,-0.010825321078300476,-0.023508522659540176,-0.17085283994674683,0.06100974604487419,-0.10768923163414001,-0.02930339239537716,-0.13286203145980835,-0.010825321078300476,-0.023508522659540176,-0.17085283994674683,0.06100974604487419,-0.10768923163414001,-0.02930339239537716,-0.13286203145980835
16.639000000000003,0.00132689718157053,0.00132689718157053,nan,nan,nan,nan,-0.009304633364081383,0.0,0.0,0.06354840099811554,0.0,0.0,0.0,0.0,0.012000000104308128,0.019999999552965164,64.0,0.14317037165164948,0.9002285003662109,0.01026783138513565,10.301114082336426,-0.005646298173815012,-0.0038958468940109015,0.0017504512798041105,0.0,0.35192379355430603,0.012816070578992367,0.10988118499517441,9.0,1.0,0.0,0.0,0.0013268841430544853,-1.30385160446167e-08,nan,0.0010580990929156542,-0.1132144182920456,0.08785627037286758,-0.10268749296665192,0.11497077345848083,0.02641710825264454,-0.09719397872686386,-0.18856362998485565,-0.07673614472150803,0.059548527002334595,-0.06960105150938034,0.07792659103870392,0.017905380576848984,-0.06587757170200348,-0.12780745327472687,-0.16054992377758026,0.12204619497060776,-0.1450958102941513,0.14664813876152039,0.08155976980924606,-0.09523186087608337,-0.30527248978614807,0.02264980971813202,-0.00031751004280522466,-0.022445106878876686,-0.0004337675345595926,1.5958037693053484e-05,6.477410352090374e-05,0.00019914036965928972,0.18765220046043396,-0.17217889428138733,-0.034361645579338074,-0.14609573781490326,-0.21201279759407043,0.10089226812124252,0.19039231538772583,0.027102278545498848,-0.05013270676136017,-0.17945745587348938,0.0005523966392502189,-0.13045302033424377,0.005660410039126873,-0.11488016694784164,0.027102278545498848,-0.05013270676136017,-0.17945745587348938,0.0005523966392502189,-0.13045302033424377,0.005660410039126873,-0.11488016694784164,0.027102278545498848,-0.05013270676136017,-0.17945745587348938,0.0005523966392502189,-0.13045302033424377,0.005660410039126873,-0.11488016694784164
16.737000000000002,0.0010192794725298882,0.0010192794725298882,nan,nan,nan,nan,-0.013901720754802227,0.0,0.0,0.060976192355155945,0.0,0.0,0.0,0.0,0.00800000037997961,0.019999999552965164,64.0,0.14279334247112274,0.6138142347335815,0.014897435903549194,26.2503662109375,-0.0034940068144351244,-0.003226808737963438,0.00026719807647168636,-0.005444232374429703,0.029351169243454933,0.01587522402405739,0.13428904116153717,9.0,1.0,0.0,0.0,0.0010192608460783958,-1.862645149230957e-08,nan,0.0013520852662622929,-0.1132144182920456,0.08785627037286758,-0.10268749296665192,0.11497077345848083,0.02641710825264454,-0.09719397872686386,-0.18856362998485565,-0.11555445939302444,0.08967218548059464,-0.1048099473118782,0.1173471137881279,0.0269631277769804,-0.09920289367437363,-0.1924610733985901,-0.19284696877002716,0.14861075580120087,-0.17470024526119232,0.18912434577941895,0.06306067109107971,-0.14810937643051147,-0.3367064893245697,0.02072000317275524,-0.000355435477104038,-0.02049986645579338,-0.00046167956315912306,-2.42859277932439e-05,6.981736078159884e-05,0.0002276971354149282,0.2603548765182495,-0.24906118214130402,-0.019485309720039368,-0.24381117522716522,-0.2620343863964081,0.16909128427505493,0.26300424337387085,0.06750790029764175,-0.10045042634010315,-0.1941855549812317,-0.05468682572245598,-0.19897371530532837,0.02098190411925316,-0.07370223850011826,0.06750790029764175,-0.10045042634010315,-0.1941855549812317,-0.05468682572245598,-0.19897371530532837,0.02098190411925316,-0.07370223850011826,0.06750790029764175,-0.10045042634010315,-0.1941855549812317,-0.05468682572245598,-0.19897371530532837,0.02098190411925316,-0.07370223850011826
16.813000000000002,0.0009259460493922234,0.0009259460493922234,nan,nan,nan,nan,-0.01012236438691616,0.0,-2.3283064365386963e-10,0.05968502163887024,0.0,0.0,0.0,0.0,0.004000000189989805,0.014999999664723873,64.0,0.14282062649726868,0.6344318389892578,0.008505769073963165,8.490852355957031,-0.0024496230762451887,-0.0016344734467566013,0.0008151493966579437,0.0,0.3179551362991333,0.01888551563024521,0.09964383393526077,9.0,1.0,0.0,0.0,0.0009259311482310295,-1.4901161193847656e-08,nan,0.0018454145174473524,-0.10121990740299225,0.010872101411223412,-0.10439193993806839,0.05529186129570007,-0.1859007626771927,0.15501511096954346,-0.08421806246042252,-0.02918401174247265,0.0031346750911325216,-0.030098581686615944,0.015941906720399857,-0.053599439561367035,0.04469440132379532,-0.024281993508338928,-0.14599162340164185,0.06309967488050461,-0.14159803092479706,0.11081087589263916,-0.11343267560005188,0.059170160442590714,-0.18681600689888,0.01522117294371128,-0.0004640011175069958,-0.014941640198230743,-0.0005070857587270439,-0.00017056765500456095,6.929535447852686e-05,0.00033254484878852963,0.20077896118164062,-0.19913026690483093,-0.02989378571510315,-0.19788509607315063,-0.16049394011497498,0.032430049031972885,0.159593865275383,0.05478733032941818,-0.13603058457374573,-0.1714918166399002,-0.08707421272993088,-0.27392661571502686,0.0916002094745636,-0.02722213789820671,0.05478733032941818,-0.13603058457374573,-0.1714918166399002,-0.08707421272993088,-0.27392661571502686,0.0916002094745636,-0.02722213789820671,0.05478733032941818,-0.13603058457374573,-0.1714918166399002,-0.08707421272993088,-0.27392661571502686,0.0916002094745636,-0.02722213789820671
16.887999999999998,0.0008691800758242607,0.0008691800758242607,nan,nan,nan,nan,-0.0156757403165102,0.0,-1.1641532182693481e-10,0.057361308485269547,0.0,0.0,0.0,0.0,0.012000000104308128,0.019999999552965164,64.0,0.1427697092294693,0.8799219727516174,0.011224299669265747,8.703655242919922,5.4691219702363014e-05,-0.0009681337978690863,-0.001022825133986771,0.0,-0.27959275245666504,0.022576987743377686,0.14698593318462372,9.0,1.0,0.0,0.0,0.0008691595867276192,-2.0489096641540527e-08,nan,0.004053034354001284,-0.08959921449422836,0.08813805878162384,-0.06862199306488037,0.060099102556705475,0.09828369319438934,-0.053689129650592804,-0.2309557944536209,-0.14044593274593353,0.13815557956695557,-0.10756433755159378,0.09420478343963623,0.1540587693452835,-0.08415721356868744,-0.3620210587978363,-0.18616001307964325,0.1460709124803543,-0.15628410875797272,0.13079829514026642,0.07829786837100983,-0.04405757039785385,-0.3926435708999634,0.004938322585076094,-0.0005690426332876086,-0.004601713269948959,-0.0005472125485539436,-0.00031607094570063055,6.635783211095259e-05,0.00043668769649229944,0.22681497037410736,-0.341957688331604,0.03271310031414032,-0.293484091758728,-0.39710116386413574,0.1866283118724823,0.3797902762889862,0.04065495729446411,-0.1958867907524109,-0.1235710084438324,-0.1626858115196228,-0.3188032805919647,0.14257073402404785,-0.012853294610977173,0.04065495729446411,-0.1958867907524109,-0.1235710084438324,-0.1626858115196228,-0.3188032805919647,0.14257073402404785,-0.012853294610977173,0.04065495729446411,-0.1958867907524109,-0.1235710084438324,-0.1626858115196228,-0.3188032805919647,0.14257073402404785,-0.012853294610977173
16.978,0.0008208965882658958,0.0008208965882658958,nan,nan,nan,nan,-0.01217921357601881,0.0,3.4924596548080444e-10,0.05372249707579613,0.0,0.0,0.0,0.0,0.013000000268220901,0.019999999552965164,64.0,0.1430911272764206,0.7529528737068176,0.0093020498752594,10.178133964538574,-0.0010915016755461693,-0.0007619571406394243,0.00032954488415271044,6.51925802230835e-07,-0.10139462351799011,0.016627978533506393,0.18505358695983887,9.0,1.0,0.0,0.0,0.000820881687104702,-1.4901161193847656e-08,nan,0.0026960393879562616,-0.08671543747186661,0.0826358050107956,-0.0780089944601059,0.03804844245314598,0.15147846937179565,-0.023241844028234482,-0.21126466989517212,-0.06711392849683762,0.06395647674798965,-0.060375530272722244,0.02944781817495823,0.11723766475915909,-0.017988163977861404,-0.1635095477104187,-0.15936820209026337,0.13899099826812744,-0.13876931369304657,0.09011723101139069,0.1768980771303177,-0.04031473025679588,-0.36323463916778564,-0.008578998036682606,-0.0006626240210607648,0.00892962422221899,-0.00063111144118011,-0.0003662818344309926,6.630230927839875e-05,0.00046878057764843106,0.1057281419634819,-0.2867107093334198,0.06959936022758484,-0.23648984730243683,-0.3658381402492523,0.156359001994133,0.2606491446495056,-0.053640060126781464,-0.14771971106529236,-0.06916995346546173,-0.14637261629104614,-0.18894006311893463,0.11604427546262741,-0.10258548706769943,-0.053640060126781464,-0.14771971106529236,-0.06916995346546173,-0.14637261629104614,-0.18894006311893463,0.11604427546262741,-0.10258548706769943,-0.053640060126781464,-0.14771971106529236,-0.06916995346546173,-0.14637261629104614,-0.18894006311893463,0.11604427546262741,-0.10258548706769943
17.034999999999997,0.0009512724354863167,0.0009512724354863167,nan,nan,nan,nan,-0.012114021927118301,0.0,0.0005291558336466551,0.0520804338157177,0.0,0.0,0.0,0.0,0.010999999940395355,0.019999999552965164,64.0,0.14348967373371124,0.7068458795547485,0.009576790034770966,10.451284408569336,-0.0024621381890028715,0.00010631734039634466,0.003097611479461193,0.0,0.3444981873035431,0.015348603017628193,0.17474021017551422,9.0,1.0,0.0,0.0,0.0009512612596154213,-1.1175870895385742e-08,nan,0.0016521475045010448,-0.11693243682384491,0.11436638236045837,-0.10357575863599777,0.01550120860338211,0.0593634769320488,0.013481047935783863,-0.22039316594600677,-0.11498899012804031,0.11246559023857117,-0.10185430943965912,0.015243575908243656,0.058376844972372055,0.013256989419460297,-0.21673017740249634,-0.1807832568883896,0.1680283546447754,-0.16005821526050568,0.07360704988241196,0.21565832197666168,-0.029665792360901833,-0.4043373763561249,-0.033697690814733505,-0.000676903233397752,0.0339321568608284,-0.0008039951208047569,-0.00013594012125395238,0.00010092354932567105,0.0002851005410775542,0.04398220777511597,-0.26987671852111816,0.1292109340429306,-0.20775607228279114,-0.28244566917419434,0.12627848982810974,0.2243308424949646,-0.13680104911327362,-0.10184836387634277,-0.030847281217575073,-0.13414901494979858,-0.06678736209869385,0.09661269187927246,-0.18000653386116028,-0.13680104911327362,-0.10184836387634277,-0.030847281217575073,-0.13414901494979858,-0.06678736209869385,0.09661269187927246,-0.18000653386116028,-0.13680104911327362,-0.10184836387634277,-0.030847281217575073,-0.13414901494979858,-0.06678736209869385,0.09661269187927246,-0.18000653386116028
17.188000000000002,0.0010781744495034218,0.0010781744495034218,nan,nan,nan,nan,-0.020419824868440628,0.0,2.6193447411060333e-08,0.052274513989686966,0.0,0.0,0.0,0.0,0.013000000268220901,0.03400000184774399,64.0,0.1428142786026001,0.895189106464386,0.014622695744037628,20.60870933532715,0.00066396314650774,0.0010071685537695885,0.0003432316007092595,-0.00379344099201262,0.41375601291656494,0.020223280414938927,0.21645283699035645,9.0,1.0,0.0,0.0,0.001078159548342228,-1.4901161193847656e-08,nan,0.006095664110034704,-0.11693243682384491,0.11436638236045837,-0.10357575863599777,0.01550120860338211,0.0593634769320488,0.013481047935783863,-0.22039316594600677,-0.159751296043396,0.15624558925628662,-0.14150360226631165,0.021177513524889946,0.08110146969556808,0.01841759867966175,-0.3010977506637573,-0.2358945906162262,0.2277698665857315,-0.20892423391342163,0.047925159335136414,0.161316379904747,0.0102516645565629,-0.4659479856491089,-0.05034714937210083,-0.00039189905510284007,0.05025392025709152,-0.0009341053082607687,0.0006241798982955515,0.00015644908125977963,-0.0002835657214745879,-0.02721467614173889,-0.36572974920272827,0.2647048830986023,-0.18526728451251984,-0.21352127194404602,0.05178810656070709,0.249649778008461,-0.2631092667579651,-0.13795988261699677,0.05578066036105156,-0.13734212517738342,-0.05220489203929901,0.06203977018594742,-0.2162982076406479,-0.2631092667579651,-0.13795988261699677,0.05578066036105156,-0.13734212517738342,-0.05220489203929901,0.06203977018594742,-0.2162982076406479,-0.2631092667579651,-0.13795988261699677,0.05578066036105156,-0.13734212517738342,-0.05220489203929901,0.06203977018594742,-0.2162982076406479
17.274,0.0008314037695527077,0.0008314037695527077,nan,nan,nan,nan,-0.012413312681019306,0.0,1.1641532182693481e-10,0.055964965373277664,0.0,0.0,0.0,0.0,0.017000000923871994,0.019999999552965164,64.0,0.14122433960437775,0.6696935892105103,0.009830109775066376,9.51544189453125,-0.0006584085058420897,0.0010040255729109049,0.0016624341951683164,-0.0007513910531997681,0.5660634636878967,0.01894105225801468,0.188215434551239,9.0,1.0,0.0,0.0,0.0008313944563269615,-9.313225746154785e-09,nan,0.003138740547001362,-0.06405788660049438,0.09521988034248352,-0.06140570342540741,0.08355239778757095,0.16751159727573395,-0.09278301894664764,-0.1714913249015808,-0.0226430743932724,0.033658165484666824,-0.021705584600567818,0.02953396365046501,0.059211716055870056,-0.03279678896069527,-0.06061846390366554,-0.14612025022506714,0.1567450612783432,-0.133418470621109,0.06538770347833633,0.16162721812725067,-0.031096525490283966,-0.30752328038215637,-0.0639989897608757,-0.00013628027227241546,0.06354787945747375,-0.0011180606670677662,0.0014110206393525004,0.00022728902695234865,-0.0008950558258220553,-0.12325787544250488,-0.22115418314933777,0.16952967643737793,-0.14309456944465637,-0.15626294910907745,0.0653713047504425,0.06618113815784454,-0.269378125667572,-0.06440912187099457,0.036111198365688324,-0.07770685851573944,0.005364263895899057,0.03427477553486824,-0.24134214222431183,-0.269378125667572,-0.06440912187099457,0.036111198365688324,-0.07770685851573944,0.005364263895899057,0.03427477553486824,-0.24134214222431183,-0.269378125667572,-0.06440912187099457,0.036111198365688324,-0.07770685851573944,0.005364263895899057,0.03427477553486824,-0.24134214222431183
17.342,0.0008218446746468544,0.0008218446746468544,nan,nan,nan,nan,-0.011996477842330933,0.0,3.4924596548080444e-10,0.059357382357120514,0.0,0.0,0.0,0.0,0.017999999225139618,0.019999999552965164,64.0,0.1409161388874054,0.733397901058197,0.013220123946666718,12.64429759979248,-0.0002533809747546911,0.0011824250686913729,0.0014358063926920295,-0.0005982816219329834,0.5470852851867676,0.018559500575065613,0.2111986130475998,9.0,1.0,0.0,0.0,0.0008218260481953621,-1.862645149230957e-08,nan,0.0033992130775004625,-0.06405788660049438,0.09521988034248352,-0.06140570342540741,0.08355239778757095,0.16751159727573395,-0.09278301894664764,-0.1714913249015808,-0.04276823624968529,0.06357353180646896,-0.04099750518798828,0.055783744901418686,0.11183907836675644,-0.0619465671479702,-0.114496149122715,-0.12057428807020187,0.15430660545825958,-0.1128399595618248,0.10565566271543503,0.22441279888153076,-0.10021410882472992,-0.2883053719997406,-0.06699251383543015,-3.221038059564307e-05,0.06639638543128967,-0.001170962699688971,0.0017224064795300364,0.00024220129125751555,-0.0011485567083582282,-0.14564567804336548,-0.1970158815383911,0.16624881327152252,-0.17042425274848938,-0.16233594715595245,0.11453944444656372,0.05597226321697235,-0.26621997356414795,-0.04270927980542183,0.05340885370969772,-0.06476859003305435,0.06207684800028801,0.014325331896543503,-0.23233310878276825,-0.26621997356414795,-0.04270927980542183,0.05340885370969772,-0.06476859003305435,0.06207684800028801,0.014325331896543503,-0.23233310878276825,-0.26621997356414795,-0.04270927980542183,0.05340885370969772,-0.06476859003305435,0.06207684800028801,0.014325331896543503,-0.23233310878276825
17.421999999999997,0.0007938435301184654,0.0007938435301184654,nan,nan,nan,nan,-0.011498602107167244,0.0,9.393482469022274e-05,0.06282364577054977,0.0,0.0,0.0,0.0,0.01899999938905239,0.020999999716877937,64.0,0.14070825278759003,8.33236026763916,0.8775517344474792,10.53837776184082,-0.001673465478233993,0.0005882359109818935,0.0023556360974907875,0.0,0.6906550526618958,0.018940433859825134,0.17191556096076965,9.0,1.0,0.0,0.0,0.0007938304916024208,-1.30385160446167e-08,nan,0.0016235309885814786,-0.06405788660049438,0.09521988034248352,-0.06140570342540741,0.08355239778757095,0.16751159727573395,-0.09278301894664764,-0.1714913249015808,-0.061625830829143524,0.09160470962524414,-0.059074338525533676,0.08038020879030228,0.16115175187587738,-0.08926036953926086,-0.16498038172721863,-0.11979733407497406,0.1679673194885254,-0.11372529715299606,0.1353236436843872,0.2764107882976532,-0.14333327114582062,-0.3067268133163452,-0.06574270874261856,-4.1817798773990944e-05,0.06509102135896683,-0.0012442986480891705,0.001800745609216392,0.0002705795341171324,-0.0012329049641266465,-0.13225077092647552,-0.17180591821670532,0.15993532538414001,-0.16475726664066315,-0.1452496349811554,0.11914592236280441,0.06349243223667145,-0.2520481050014496,-0.0038385936059057713,0.04621003568172455,-0.02943362109363079,0.1311611533164978,-0.024187348783016205,-0.24323438107967377,-0.2520481050014496,-0.0038385936059057713,0.04621003568172455,-0.02943362109363079,0.1311611533164978,-0.024187348783016205,-0.24323438107967377,-0.2520481050014496,-0.0038385936059057713,0.04621003568172455,-0.02943362109363079,0.1311611533164978,-0.024187348783016205,-0.24323438107967377
17.546999999999997,0.0008111922070384026,0.0008111922070384026,nan,nan,nan,nan,-0.013280107639729977,0.0,2.3283064365386963e-10,0.0678567960858345,0.0,0.0,0.0,0.0,0.00800000037997961,0.029999999329447746,64.0,0.1404491513967514,0.9385850429534912,0.011310912668704987,18.28616714477539,-0.0018642866052687168,0.00024796812795102596,0.0021122549660503864,6.879369902890176e-05,0.7757484316825867,0.020381469279527664,0.16037841141223907,9.0,1.0,0.0,0.0,0.0008111773058772087,-1.4901161193847656e-08,nan,0.0015092447865754366,-0.1129356101155281,0.11411645263433456,-0.10439533740282059,-0.014802462421357632,0.04160425812005997,0.04203520342707634,-0.22272765636444092,-0.061602313071489334,0.062246423214673996,-0.056943900883197784,-0.008074210956692696,0.022693626582622528,0.022928692400455475,-0.12148992717266083,-0.1398952305316925,0.18148459494113922,-0.13205556571483612,0.10626009106636047,0.24500420689582825,-0.10459665954113007,-0.3356935679912567,-0.06273019313812256,-2.735679481702391e-05,0.062058039009571075,-0.00123500544577837,0.0018155642319470644,0.00026906098355539143,-0.0012603190261870623,-0.11489930748939514,-0.17388960719108582,0.17351430654525757,-0.12925148010253906,-0.07527433335781097,0.06459717452526093,0.07391458749771118,-0.25479453802108765,0.007594987750053406,0.041458748281002045,-0.02299138531088829,0.16972987353801727,-0.03999948501586914,-0.26177898049354553,-0.25479453802108765,0.007594987750053406,0.041458748281002045,-0.02299138531088829,0.16972987353801727,-0.03999948501586914,-0.26177898049354553,-0.25479453802108765,0.007594987750053406,0.041458748281002045,-0.02299138531088829,0.16972987353801727,-0.03999948501586914,-0.26177898049354553
17.612000000000002,0.0008487729355692863,0.0008487729355692863,nan,nan,nan,nan,-0.011811204254627228,0.0,2.3283064365386963e-10,0.07190150767564774,0.0,0.0,0.0,0.0,0.0020000000949949026,0.017999999225139618,64.0,0.1397734135389328,0.7934970855712891,0.013809651136398315,9.41308879852295,-0.002112259855493903,3.725825808942318e-05,0.00214951834641397,-5.122274160385132e-05,0.7573091983795166,0.01908610761165619,0.17808422446250916,9.0,1.0,0.0,0.0,0.0008487710729241371,-1.862645149230957e-09,nan,0.0013950332067906857,-0.0656144917011261,0.12133724242448807,-0.0669117346405983,0.08086339384317398,0.15290424227714539,-0.07886399328708649,-0.17423175275325775,-0.029210660606622696,0.05401765555143356,-0.029788175597786903,0.03599925711750984,0.06807085126638412,-0.035109154880046844,-0.07756555825471878,-0.10633206367492676,0.16797658801078796,-0.10449826717376709,0.10649443417787552,0.21772849559783936,-0.10421902686357498,-0.26907262206077576,-0.05894039571285248,-0.00011969454499194399,0.05830373615026474,-0.0012590824626386166,0.0016811225796118379,0.00025750676286406815,-0.001180001418106258,-0.1296878159046173,-0.15137971937656403,0.13998755812644958,-0.12921971082687378,-0.05677609145641327,0.06906192004680634,0.02246914803981781,-0.23601987957954407,0.01659686490893364,0.035489294677972794,-0.022725284099578857,0.1609524041414261,-0.035157106816768646,-0.24660347402095795,-0.23601987957954407,0.01659686490893364,0.035489294677972794,-0.022725284099578857,0.1609524041414261,-0.035157106816768646,-0.24660347402095795,-0.23601987957954407,0.01659686490893364,0.035489294677972794,-0.022725284099578857,0.1609524041414261,-0.035157106816768646,-0.24660347402095795
17.671999999999997,0.0008365819230675697,0.0008365819230675697,nan,nan,nan,nan,-0.014669036492705345,0.0,8.731149137020111e-10,0.07474316656589508,0.0,0.0,0.0,0.0,0.004000000189989805,0.01600000075995922,64.0,0.13919644057750702,0.3762533962726593,0.006508082151412964,13.92947769165039,-0.00012326909927651286,-0.0003465426270850003,-0.0002232726546935737,-0.0007087364210747182,0.6953543424606323,0.01809757389128208,0.21208073198795319,9.0,1.0,0.0,0.0,0.0008365670219063759,-1.4901161193847656e-08,nan,0.0032367876265197992,-0.0656144917011261,0.12133724242448807,-0.0669117346405983,0.08086339384317398,0.15290424227714539,-0.07886399328708649,-0.17423175275325775,-0.03736668825149536,0.06910014152526855,-0.038105450570583344,0.04605075344443321,0.08707717806100845,-0.04491212218999863,-0.09922295063734055,-0.10284260660409927,0.17604239284992218,-0.10293394327163696,0.11463144421577454,0.22482697665691376,-0.1119736060500145,-0.2665347456932068,-0.05593981221318245,-0.00018586395890451968,0.0553656667470932,-0.001242964994162321,0.0015425675082951784,0.00023822356888558716,-0.00108142604585737,-0.12661579251289368,-0.18277086317539215,0.14817169308662415,-0.1452564150094986,-0.07681147754192352,0.07612784206867218,0.038204848766326904,-0.22945840656757355,-0.0067284684628248215,0.04523775726556778,-0.03062496706843376,0.14801549911499023,-0.035845763981342316,-0.22832989692687988,-0.22945840656757355,-0.0067284684628248215,0.04523775726556778,-0.03062496706843376,0.14801549911499023,-0.035845763981342316,-0.22832989692687988,-0.22945840656757355,-0.0067284684628248215,0.04523775726556778,-0.03062496706843376,0.14801549911499023,-0.035845763981342316,-0.22832989692687988
17.807000000000002,0.0008323779329657555,0.0008323779329657555,nan,nan,nan,nan,-0.014915673062205315,0.0,-1.1641532182693481e-10,0.07793096452951431,0.0,0.0,0.0,0.0,0.017999999225139618,0.01899999938905239,64.0,0.13822704553604126,0.7706536054611206,0.013909302651882172,86.07788848876953,-0.0015704224351793528,-0.0006238811765797436,0.0009465411421842873,2.088123255816754e-05,0.7545391321182251,0.017990602180361748,0.2156105786561966,9.0,1.0,0.0,0.0,0.0008323648944497108,-1.30385160446167e-08,nan,0.001683665788732469,-0.0656144917011261,0.12133724242448807,-0.0669117346405983,0.08086339384317398,0.15290424227714539,-0.07886399328708649,-0.17423175275325775,-0.04643828049302101,0.0858757346868515,-0.04735639691352844,0.05723059922456741,0.10821710526943207,-0.05581553652882576,-0.12331152707338333,-0.10741427540779114,0.19248279929161072,-0.10869289934635162,0.12710700929164886,0.24385814368724823,-0.12404101341962814,-0.28237518668174744,-0.0521991141140461,-0.0002957067044917494,0.051688432693481445,-0.00125303422100842,0.0013567301211878657,0.00022076342429500073,-0.0009537087171338499,-0.10867820680141449,-0.17835983633995056,0.14085566997528076,-0.1426428109407425,-0.083548903465271,0.0784963071346283,0.051031261682510376,-0.21609248220920563,0.014122957363724709,0.03216276317834854,-0.015535805374383926,0.16030924022197723,-0.04554470628499985,-0.23134392499923706,-0.21609248220920563,0.014122957363724709,0.03216276317834854,-0.015535805374383926,0.16030924022197723,-0.04554470628499985,-0.23134392499923706,-0.21609248220920563,0.014122957363724709,0.03216276317834854,-0.015535805374383926,0.16030924022197723,-0.04554470628499985,-0.23134392499923706
17.894,0.0009013870730996132,0.0009013870730996132,nan,nan,nan,nan,-0.018708208575844765,0.0,9.89530235528946e-10,0.08224065601825714,0.0,0.0,0.0,0.0,0.004999999888241291,0.017000000923871994,64.0,0.13736040890216827,0.9360918998718262,0.013345852494239807,12.866387367248535,-0.0005750045529566705,-0.00016643978597130626,0.00040856574196368456,0.0012974966084584594,0.775538444519043,0.017940375953912735,0.12537536025047302,9.0,1.0,0.0,0.0,0.0009013665840029716,-2.0489096641540527e-08,nan,0.003002647077664733,-0.08530963212251663,0.18050014972686768,-0.0869392603635788,0.045048195868730545,0.08442932367324829,0.008067285642027855,-0.1826493889093399,-0.020314868539571762,0.042982686311006546,-0.02070293389260769,0.010727372020483017,0.020105240866541862,0.0019210709724575281,-0.043494485318660736,-0.13803136348724365,0.21517610549926758,-0.13298743963241577,0.042391326278448105,0.1525898277759552,0.007781139574944973,-0.31501448154449463,-0.04719549044966698,-0.0003873587411362678,0.046768952161073685,-0.0012287485878914595,0.0011311633279547095,0.00020781060447916389,-0.0007998768705874681,-0.08161219954490662,-0.21239414811134338,0.1446734219789505,-0.05135172978043556,-0.027463436126708984,-0.04967721551656723,0.06428927183151245,-0.21964356303215027,0.002781953662633896,0.011685987003147602,-0.008960403501987457,0.12512639164924622,-0.04189607501029968,-0.2507252097129822,-0.21964356303215027,0.002781953662633896,0.011685987003147602,-0.008960403501987457,0.12512639164924622,-0.04189607501029968,-0.2507252097129822,-0.21964356303215027,0.002781953662633896,0.011685987003147602,-0.008960403501987457,0.12512639164924622,-0.04189607501029968,-0.2507252097129822
18.009,0.0008706850931048393,0.0008706850931048393,nan,nan,nan,nan,-0.020771047100424767,0.0,3.026798367500305e-09,0.08596871048212051,0.0,0.0,0.0,0.0,0.017000000923871994,0.039000000804662704,64.0,0.13732612133026123,0.4489840865135193,0.008244998753070831,36.29408264160156,-0.00042920070700347424,-0.0008338782354258001,-0.00040467450162395835,-0.0006376932724379003,0.7266314029693604,0.016592495143413544,0.18384422361850739,9.0,1.0,0.0,0.0,0.0008706646040081978,-2.0489096641540527e-08,nan,0.002863360568881035,-0.08530963212251663,0.18050014972686768,-0.0869392603635788,0.045048195868730545,0.08442932367324829,0.008067285642027855,-0.1826493889093399,-0.03399493545293808,0.07192730158567429,-0.03464432433247566,0.017951203510165215,0.033644143491983414,0.0032147234305739403,-0.07278373837471008,-0.1236438900232315,0.23317527770996094,-0.12316493690013885,0.05401090532541275,0.12827958166599274,0.00974248442798853,-0.27193135023117065,-0.04525233432650566,-0.0004448248364496976,0.04486372694373131,-0.001235008705407381,0.001030704122968018,0.00020393701561260968,-0.0007256284006871283,-0.08837075531482697,-0.23077897727489471,0.12473975121974945,-0.058088019490242004,-0.04290327429771423,-0.04228590056300163,0.03360182046890259,-0.21201464533805847,0.0023962967097759247,0.0015748150181025267,-0.004077114164829254,0.0853763073682785,-0.03254341706633568,-0.23832952976226807,-0.21201464533805847,0.0023962967097759247,0.0015748150181025267,-0.004077114164829254,0.0853763073682785,-0.03254341706633568,-0.23832952976226807,-0.21201464533805847,0.0023962967097759247,0.0015748150181025267,-0.004077114164829254,0.0853763073682785,-0.03254341706633568,-0.23832952976226807
18.092,0.0009268363937735558,0.0009268363937735558,nan,nan,nan,nan,-0.021930672228336334,0.0,1.9426806829869747e-09,0.08991552144289017,0.0,0.0,0.0,0.0,0.006000000052154064,0.024000000208616257,64.0,0.13592572510242462,2.1629157066345215,0.02076011151075363,15.83879566192627,-4.9275731726083905e-05,-0.00065360072767362,-0.0006043230532668531,0.0012689270079135895,0.7513202428817749,0.01640772633254528,0.16918818652629852,9.0,1.0,0.0,0.0,0.0009268308058381081,-5.587935447692871e-09,nan,0.0034955618903040886,-0.089961938560009,0.14146649837493896,-0.08216714859008789,-0.02052052691578865,0.07324124872684479,0.08976167440414429,-0.2032242715358734,-0.0688973069190979,0.10834205150604248,-0.06292767077684402,-0.01571563445031643,0.05609177425503731,0.06874392926692963,-0.15563920140266418,-0.1411873698234558,0.23452654480934143,-0.13225796818733215,-0.005664332304149866,0.12386102974414825,0.10419171303510666,-0.3165600001811981,-0.0398346409201622,-0.0005788568523712456,0.0395430363714695,-0.0012310398742556572,0.0007562069804407656,0.00019346193585079163,-0.000537976564373821,-0.06522038578987122,-0.2336072325706482,0.1183946430683136,0.00854966975748539,-0.061776239424943924,-0.11930857598781586,0.06998983025550842,-0.20640775561332703,0.0009193196892738342,-0.01386332232505083,0.002885337918996811,0.06208479031920433,-0.015116862952709198,-0.2465701699256897,-0.20640775561332703,0.0009193196892738342,-0.01386332232505083,0.002885337918996811,0.06208479031920433,-0.015116862952709198,-0.2465701699256897,-0.20640775561332703,0.0009193196892738342,-0.01386332232505083,0.002885337918996811,0.06208479031920433,-0.015116862952709198,-0.2465701699256897
18.234,0.0007664253935217857,0.0007664253935217857,nan,nan,nan,nan,-0.02213919349014759,0.0,9.89530235528946e-10,0.09507288038730621,0.0,0.0,0.0,0.0,-0.0020000000949949026,0.05400000140070915,64.0,0.13555872440338135,1.0786643028259277,0.01478288322687149,11.143522262573242,-0.000949952460359782,-0.00031171852606348693,0.0006382348947227001,-0.0008640603628009558,0.734622061252594,0.01566404663026333,0.1556263267993927,9.0,1.0,0.0,0.0,0.0007663993164896965,-2.60770320892334e-08,nan,0.001463383436203003,-0.09422188997268677,0.2213437408208847,-0.09023083746433258,0.018373999744653702,-0.009363423101603985,0.09176479279994965,-0.12305092066526413,-0.019258130341768265,0.045240726321935654,-0.018442394211888313,0.0037554847076535225,-0.0019138017669320107,0.018755920231342316,-0.02515053190290928,-0.13163062930107117,0.24013641476631165,-0.12360045313835144,-0.01613013632595539,0.050797238945961,0.15983617305755615,-0.23298276960849762,-0.03642406314611435,-0.0006722740363329649,0.03619266673922539,-0.0012460832949727774,0.0005863331025466323,0.00019368490029592067,-0.00042001326801255345,-0.06975241005420685,-0.22553199529647827,0.09496977180242538,0.009820958599448204,-0.02287508361041546,-0.11958330869674683,0.00035199522972106934,-0.20138303935527802,0.014604426920413971,-0.028630679473280907,-0.006309177726507187,0.02792215533554554,0.040252864360809326,-0.23263077437877655,-0.20138303935527802,0.014604426920413971,-0.028630679473280907,-0.006309177726507187,0.02792215533554554,0.040252864360809326,-0.23263077437877655,-0.20138303935527802,0.014604426920413971,-0.028630679473280907,-0.006309177726507187,0.02792215533554554,0.040252864360809326,-0.23263077437877655
18.314999999999998,0.0007568178698420525,0.0007568178698420525,nan,nan,nan,nan,-0.02318839356303215,0.0,-8.149072527885437e-10,0.10070828348398209,0.0,0.0,0.0,0.0,0.01600000075995922,0.010999999940395355,64.0,0.13565918803215027,0.8360882997512817,0.0310651957988739,11.84138298034668,-0.0009369010804221034,0.000559692329261452,0.0014965925365686417,0.0,0.7285057306289673,0.01390895526856184,0.13533346354961395,9.0,1.0,0.0,0.0,0.0007568029686808586,-1.4901161193847656e-08,nan,0.0012755045900121331,-0.08697976171970367,0.15321406722068787,-0.07797528803348541,-0.007542579434812069,0.07393098622560501,0.09047219902276993,-0.19791898131370544,-0.02928382158279419,0.0515831895172596,-0.026252249255776405,-0.002539390232414007,0.024890638887882233,0.030459636822342873,-0.0666341707110405,-0.12429580092430115,0.2444300651550293,-0.11573583632707596,-0.0015956603456288576,0.04780080169439316,0.13475105166435242,-0.22230271995067596,-0.03319866582751274,-0.0007223347784020007,0.03299928456544876,-0.0012292752508074045,0.00047046071267686784,0.00018310330051463097,-0.00035016058245673776,-0.06692759692668915,-0.22448746860027313,0.08766037225723267,0.0034053169656544924,-0.057680293917655945,-0.08808459341526031,0.029034152626991272,-0.1912233978509903,0.019942592829465866,-0.02807546779513359,0.0018096566200256348,-0.009879490360617638,0.0466664619743824,-0.1932685673236847,-0.1912233978509903,0.019942592829465866,-0.02807546779513359,0.0018096566200256348,-0.009879490360617638,0.0466664619743824,-0.1932685673236847,-0.1912233978509903,0.019942592829465866,-0.02807546779513359,0.0018096566200256348,-0.009879490360617638,0.0466664619743824,-0.1932685673236847
18.393,0.0007049301639199257,0.0007049301639199257,nan,nan,nan,nan,-0.025339368730783463,0.0,1.1641532182693481e-10,0.10572434961795807,0.0,0.0,0.0,0.0,0.0,0.02199999988079071,64.0,0.13568533957004547,0.6453655958175659,0.00933278352022171,9.455219268798828,0.0012098635779693723,6.317172665148973e-05,-0.0011466917349025607,-0.0015138224698603153,0.733074963092804,0.014005959033966064,0.18263867497444153,9.0,1.0,0.0,0.0,0.0007049096748232841,-2.0489096641540527e-08,nan,0.002972567919641733,-0.08697976171970367,0.15321406722068787,-0.07797528803348541,-0.007542579434812069,0.07393098622560501,0.09047219902276993,-0.19791898131370544,-0.0535946786403656,0.09440654516220093,-0.048046354204416275,-0.004647542256861925,0.04555436223745346,0.05574662983417511,-0.12195255607366562,-0.12953580915927887,0.23829102516174316,-0.11783549189567566,-0.007588132284581661,0.08714227378368378,0.13690586388111115,-0.27072960138320923,-0.030834361910820007,-0.0007480774656869471,0.030659452080726624,-0.0012245054822415113,0.00040117662865668535,0.00018448822083882987,-0.00030207360396161675,-0.05732288956642151,-0.23589754104614258,0.09185577929019928,-0.0032391222193837166,-0.09470733255147934,-0.07992098480463028,0.07211360335350037,-0.18685869872570038,0.0023934878408908844,-0.02597971260547638,-0.010827254503965378,-0.007565055508166552,0.056984879076480865,-0.19861599802970886,-0.18685869872570038,0.0023934878408908844,-0.02597971260547638,-0.010827254503965378,-0.007565055508166552,0.056984879076480865,-0.19861599802970886,-0.18685869872570038,0.0023934878408908844,-0.02597971260547638,-0.010827254503965378,-0.007565055508166552,0.056984879076480865,-0.19861599802970886
18.479999999999997,0.0006544133648276329,0.0006544133648276329,nan,nan,nan,nan,-0.0245266854763031,0.0,-4.656612873077393e-10,0.10932998359203339,0.0,0.0,0.0,0.0,0.014999999664723873,0.01899999938905239,64.0,0.13540293276309967,0.6943876147270203,0.008607283234596252,14.116666793823242,9.31865070015192e-05,5.799136124551296e-05,-3.519561141729355e-05,-0.0018121576867997646,0.7911643385887146,0.015124494209885597,0.15422776341438293,9.0,1.0,0.0,0.0,0.0006544040516018867,-9.313225746154785e-09,nan,0.0014500210527330637,-0.07255324721336365,0.11010024696588516,-0.06562541425228119,-0.05283970758318901,0.0014572185464203358,0.23977619409561157,-0.08955714106559753,-0.05117823928594589,0.07766347378492355,-0.046291425824165344,-0.037272531539201736,0.0010279054986312985,0.1691354215145111,-0.0631725937128067,-0.13572955131530762,0.23760613799095154,-0.12259827554225922,-0.02545076049864292,0.08586886525154114,0.1958823800086975,-0.2738799452781677,-0.028966279700398445,-0.0008212971151806414,0.02883404865860939,-0.0012454967945814133,0.00027692646835930645,0.00019090330170001835,-0.00021736226335633546,-0.05036252737045288,-0.22188863158226013,0.08584126085042953,0.01344369538128376,-0.0762999951839447,-0.12265525758266449,0.05100397765636444,-0.1860920786857605,0.015717513859272003,-0.03675701469182968,-0.012007065117359161,0.009568871930241585,0.07322712242603302,-0.22287596762180328,-0.1860920786857605,0.015717513859272003,-0.03675701469182968,-0.012007065117359161,0.009568871930241585,0.07322712242603302,-0.22287596762180328,-0.1860920786857605,0.015717513859272003,-0.03675701469182968,-0.012007065117359161,0.009568871930241585,0.07322712242603302,-0.22287596762180328
18.551000000000002,0.0006024064496159554,0.0006024064496159554,nan,nan,nan,nan,-0.025165380910038948,0.0,2.3283064365386963e-10,0.1146542876958847,0.0,0.0,0.0,0.0,0.01899999938905239,0.004999999888241291,64.0,0.13520167768001556,0.4677083492279053,0.00968296080827713,9.296728134155273,0.001724929315969348,0.0006414182716980577,-0.0010835108114406466,-0.0003175809979438782,0.8154615759849548,0.016419973224401474,0.16558080911636353,9.0,1.0,0.0,0.0,0.0006023915484547615,-1.4901161193847656e-08,nan,0.0026236120611429214,-0.07255324721336365,0.11010024696588516,-0.06562541425228119,-0.05283970758318901,0.0014572185464203358,0.23977619409561157,-0.08955714106559753,-0.06924205273389816,0.10507547855377197,-0.06263039261102676,-0.050428200513124466,0.0013907138491049409,0.22883325815200806,-0.08546991646289825,-0.13922983407974243,0.22419235110282898,-0.12586554884910583,-0.07144656777381897,0.03672538325190544,0.3570168912410736,-0.2152557671070099,-0.02597479335963726,-0.0008655141573399305,0.025883426889777184,-0.0012206208193674684,0.0001620833354536444,0.00017819680215325207,-0.00013650808250531554,-0.048161327838897705,-0.21836768090724945,0.08021675050258636,0.03550208732485771,-0.04442138224840164,-0.19427676498889923,0.00842808187007904,-0.18739116191864014,0.005824677180498838,-0.04564879462122917,-0.03594448044896126,-0.0076960003934800625,0.16274012625217438,-0.20682768523693085,-0.18739116191864014,0.005824677180498838,-0.04564879462122917,-0.03594448044896126,-0.0076960003934800625,0.16274012625217438,-0.20682768523693085,-0.18739116191864014,0.005824677180498838,-0.04564879462122917,-0.03594448044896126,-0.0076960003934800625,0.16274012625217438,-0.20682768523693085
18.637,0.0006149690598249435,0.0006149690598249435,nan,nan,nan,nan,-0.030415209010243416,0.0,2.3283064365386963e-10,0.1181187853217125,0.0,0.0,0.0,0.0,0.01600000075995922,0.019999999552965164,64.0,0.13548706471920013,1.2151767015457153,0.01105479896068573,9.66105842590332,0.0015804562717676163,0.0009133516578003764,-0.0006671043811365962,4.367902874946594e-05,0.676224410533905,0.015923788771033287,0.18670643866062164,9.0,1.0,0.0,0.0,0.0006149541586637497,-1.4901161193847656e-08,nan,0.0024710430298000574,-0.07800206542015076,0.2231225073337555,-0.07022002339363098,0.0974394753575325,0.0349685400724411,-0.017838314175605774,-0.13478025794029236,-0.03077087178826332,0.08801912516355515,-0.02770094946026802,0.038438696414232254,0.013794666156172752,-0.007036999333649874,-0.05316917970776558,-0.11857820302248001,0.26565468311309814,-0.10697031766176224,0.044471658766269684,0.04230566322803497,0.13715212047100067,-0.19419565796852112,-0.0249619297683239,-0.0008910912438295782,0.024882717058062553,-0.0012260081712156534,0.00011547857866389677,0.00017957792442757636,-0.00010951195872621611,-0.06423748284578323,-0.2564924657344818,0.06528164446353912,-0.08688408136367798,-0.0654292106628418,0.036713674664497375,0.010837197303771973,-0.18281568586826324,0.009162218309938908,-0.041688669472932816,-0.042412422597408295,-0.023123551160097122,0.17386579513549805,-0.18335846066474915,-0.18281568586826324,0.009162218309938908,-0.041688669472932816,-0.042412422597408295,-0.023123551160097122,0.17386579513549805,-0.18335846066474915,-0.18281568586826324,0.009162218309938908,-0.041688669472932816,-0.042412422597408295,-0.023123551160097122,0.17386579513549805,-0.18335846066474915
18.714,0.0006365431472659111,0.0006365431472659111,nan,nan,nan,nan,-0.03155377507209778,0.0,6.984919309616089e-10,0.12180660665035248,0.0,0.0,0.0,0.0,0.003000000026077032,0.026000000536441803,64.0,0.13576675951480865,2.6357080936431885,0.028585083782672882,13.049114227294922,0.0018038321286439896,0.0009059666190296412,-0.0008978648111224174,0.0005340059869922698,0.6801607608795166,0.014696402475237846,0.17217765748500824,9.0,1.0,0.0,0.0,0.000636533834040165,-9.313225746154785e-09,nan,0.002737061120569706,-0.08903631567955017,0.1699848175048828,-0.07539773732423782,0.008010142482817173,0.050719600170850754,0.08290919661521912,-0.19489048421382904,-0.046048954129219055,0.08791494369506836,-0.038995176553726196,0.0041427891701459885,0.02623181976377964,0.04288005083799362,-0.10079598426818848,-0.12428438663482666,0.2696918547153473,-0.10874489694833755,0.04525861144065857,0.05885867029428482,0.10499632358551025,-0.2384653240442276,-0.023335320875048637,-0.0009120148606598377,0.02328292280435562,-0.0012122213374823332,5.2997824241174385e-05,0.00017611442308407277,-6.388238398358226e-05,-0.05587376654148102,-0.26004767417907715,0.07125186920166016,-0.07665129005908966,-0.08726534992456436,0.02772974967956543,0.056724682450294495,-0.18015815317630768,0.009644175879657269,-0.0374930277466774,-0.03139267489314079,-0.02840667963027954,0.13272607326507568,-0.1817406415939331,-0.18015815317630768,0.009644175879657269,-0.0374930277466774,-0.03139267489314079,-0.02840667963027954,0.13272607326507568,-0.1817406415939331,-0.18015815317630768,0.009644175879657269,-0.0374930277466774,-0.03139267489314079,-0.02840667963027954,0.13272607326507568,-0.1817406415939331
18.79,0.0006628492847084999,0.0006628492847084999,nan,nan,nan,nan,-0.03069368563592434,0.0,2.3283064365386963e-10,0.12525442242622375,0.0,0.0,0.0,0.0,0.01600000075995922,0.019999999552965164,64.0,0.13606047630310059,0.8123675584793091,0.014100223779678345,8.952101707458496,0.0002414928749203682,0.0007737012347206473,0.0005322085926309228,0.0010897405445575714,0.7360011339187622,0.016430463641881943,0.13279831409454346,9.0,1.0,0.0,0.0,0.0006628306582570076,-1.862645149230957e-08,nan,0.001252940041013062,-0.08903631567955017,0.1699848175048828,-0.07539773732423782,0.008010142482817173,0.050719600170850754,0.08290919661521912,-0.19489048421382904,-0.06214674934744835,0.11864826083183289,-0.052627116441726685,0.0055910260416567326,0.03540194034576416,0.05787006393074989,-0.13603225350379944,-0.13578373193740845,0.2735210955142975,-0.1165265142917633,0.02723739482462406,0.07208603620529175,0.12170742452144623,-0.2824133038520813,-0.0218301210552454,-0.0009443510789424181,0.021795112639665604,-0.0012069022050127387,-1.5605577573296614e-05,0.00017084943829104304,-1.9807637727353722e-05,-0.04578453302383423,-0.24865543842315674,0.0751350075006485,-0.09819739311933517,-0.09317423403263092,0.03598816692829132,0.07665221393108368,-0.18156826496124268,0.024865660816431046,-0.04139150306582451,-0.07096000015735626,-0.021088197827339172,0.15769559144973755,-0.20576108992099762,-0.18156826496124268,0.024865660816431046,-0.04139150306582451,-0.07096000015735626,-0.021088197827339172,0.15769559144973755,-0.20576108992099762,-0.18156826496124268,0.024865660816431046,-0.04139150306582451,-0.07096000015735626,-0.021088197827339172,0.15769559144973755,-0.20576108992099762
18.877000000000002,0.0007973490282893181,0.0007973490282893181,nan,nan,nan,nan,-0.026873938739299774,0.0,-2.3283064365386963e-10,0.1303572803735733,0.0,0.0,0.0,0.0,0.01600000075995922,0.019999999552965164,64.0,0.13639919459819794,3.7424211502075195,0.011205673217773438,14.108293533325195,0.0010872189886868,0.0014457933139055967,0.0003585740923881531,0.002576131373643875,0.7661569118499756,0.01991290971636772,0.18347640335559845,9.0,1.0,0.0,0.0,0.0007973453029990196,-3.725290298461914e-09,nan,0.0028117187321186066,-0.06847658008337021,0.09959716349840164,-0.05911398306488991,-0.04886702820658684,0.001953113591298461,0.24569310247898102,-0.095603346824646,-0.018424639478325844,0.02679809369146824,-0.01590549387037754,-0.013148399069905281,0.0005255141877569258,0.0661073699593544,-0.025723498314619064,-0.12412849068641663,0.22870443761348724,-0.10625877976417542,-0.007658086717128754,0.051724087446928024,0.19625897705554962,-0.24098025262355804,-0.01999017968773842,-0.0009629750857129693,0.019975468516349792,-0.001193301286548376,-7.621406257385388e-05,0.0001688669144641608,2.2791908122599125e-05,-0.05767229199409485,-0.2083457112312317,0.0661490261554718,-0.14223462343215942,-0.07612980157136917,0.037247419357299805,0.026631027460098267,-0.18180078268051147,0.02035873383283615,-0.040109749883413315,-0.14989271759986877,-0.024405714124441147,0.23350639641284943,-0.21434922516345978,-0.18180078268051147,0.02035873383283615,-0.040109749883413315,-0.14989271759986877,-0.024405714124441147,0.23350639641284943,-0.21434922516345978,-0.18180078268051147,0.02035873383283615,-0.040109749883413315,-0.14989271759986877,-0.024405714124441147,0.23350639641284943,-0.21434922516345978
18.951999999999998,0.0008861450478434563,0.0008861450478434563,nan,nan,nan,nan,-0.031139547005295753,0.0,1.3969838619232178e-09,0.13350744545459747,0.0,0.0,0.0,0.0,0.017000000923871994,0.020999999716877937,64.0,0.1362771838903427,2.3451290130615234,0.011430121958255768,10.923726081848145,-0.0006664728280156851,0.0014316330198198557,0.0020981072448194027,0.002384097082540393,0.3588755130767822,0.017590824514627457,0.19756317138671875,9.0,1.0,0.0,0.0,0.000886126421391964,-1.862645149230957e-08,nan,0.0015342464903369546,-0.05660172551870346,0.20512016117572784,-0.0450277104973793,0.12844926118850708,0.0724901333451271,-0.09111093729734421,-0.11242436617612839,-0.029659194871783257,0.10748257488012314,-0.023594435304403305,0.06730716675519943,0.0379846915602684,-0.047741957008838654,-0.058910153806209564,-0.09857054054737091,0.26674139499664307,-0.08148819208145142,0.10530900955200195,0.08236119151115417,0.0033763274550437927,-0.19350619614124298,-0.018879929557442665,-0.000976372160948813,0.018878599628806114,-0.0011816597543656826,-0.00012129855895182118,0.00016462586063425988,5.085800148663111e-05,-0.06421197950839996,-0.23493307828903198,0.05102349817752838,-0.24349069595336914,-0.09809936583042145,0.20069408416748047,0.008167967200279236,-0.16278252005577087,0.03180832043290138,-0.030464693903923035,-0.1381816864013672,-0.015738174319267273,0.20407041907310486,-0.18533822894096375,-0.16278252005577087,0.03180832043290138,-0.030464693903923035,-0.1381816864013672,-0.015738174319267273,0.20407041907310486,-0.18533822894096375,-0.16278252005577087,0.03180832043290138,-0.030464693903923035,-0.1381816864013672,-0.015738174319267273,0.20407041907310486,-0.18533822894096375
19.034,0.0008673639968037605,0.0008673639968037605,nan,nan,nan,nan,-0.040509071201086044,0.0,-2.3283064365386963e-10,0.13598497211933136,0.0,0.0,0.0,0.0,0.0,0.020999999716877937,64.0,0.1346634179353714,1.6993656158447266,0.01147482544183731,10.001462936401367,-0.0005771201103925705,0.0002781810471788049,0.0008553009247407317,0.0,0.14632448554039001,0.014780920930206776,0.15362495183944702,9.0,1.0,0.0,0.0,0.0008673490956425667,-1.4901161193847656e-08,nan,0.0014442804967984557,-0.05660172551870346,0.20512016117572784,-0.0450277104973793,0.12844926118850708,0.0724901333451271,-0.09111093729734421,-0.11242436617612839,-0.057764891535043716,0.20933538675308228,-0.04595303162932396,0.13108889758586884,0.07397980988025665,-0.09298326820135117,-0.1147346943616867,-0.10241174697875977,0.33468788862228394,-0.08270852267742157,0.1847204566001892,0.11348366737365723,-0.09957459568977356,-0.20249617099761963,-0.016943154856562614,-0.0010159986559301615,0.016975276172161102,-0.0011716523440554738,-0.0002130464999936521,0.00015822013665456325,0.00011765187082346529,-0.050808101892471313,-0.3055095672607422,0.0653069019317627,-0.3086504340171814,-0.12403914332389832,0.24656689167022705,0.042237311601638794,-0.15321984887123108,0.029178306460380554,-0.017401624470949173,-0.12392999231815338,-0.01055547408759594,0.1469922959804535,-0.16025885939598083,-0.15321984887123108,0.029178306460380554,-0.017401624470949173,-0.12392999231815338,-0.01055547408759594,0.1469922959804535,-0.16025885939598083,-0.15321984887123108,0.029178306460380554,-0.017401624470949173,-0.12392999231815338,-0.01055547408759594,0.1469922959804535,-0.16025885939598083
19.152,0.0008289599791169167,0.0008289599791169167,nan,nan,nan,nan,-0.04664415866136551,1.0,0.0,0.13957716524600983,0.0,0.0,0.0,0.0,-0.0010000000474974513,0.02199999988079071,64.0,0.1331721395254135,0.974399983882904,0.11352263391017914,24.736284255981445,0.0012093556579202414,-0.00042602745816111565,-0.001635383116081357,-0.0008142298902384937,0.16663199663162231,0.014173123985528946,0.18163228034973145,9.0,1.0,0.0,0.0,0.0008289376273751259,-2.2351741790771484e-08,nan,0.002900926163420081,-0.08656439930200577,0.18736185133457184,-0.06368287652730942,0.01489921472966671,0.048556242138147354,0.09632118791341782,-0.17745186388492584,-0.04332764819264412,0.09377928823232651,-0.031874872744083405,0.00745742954313755,0.024303613230586052,0.04821116477251053,-0.08881910145282745,-0.11572857201099396,0.3633520007133484,-0.0909021869301796,0.18404893577098846,0.1207011267542839,-0.08288063853979111,-0.23126748204231262,-0.015585169196128845,-0.0010453280992805958,0.015638329088687897,-0.001161679276265204,-0.0002784763928502798,0.00014966381422709674,0.00016332263476215303,-0.03945697844028473,-0.3470434844493866,0.07993035763502121,-0.31716078519821167,-0.1332351267337799,0.20385712385177612,0.0783914178609848,-0.1551855504512787,0.016308516263961792,-0.01097183022648096,-0.1331118643283844,-0.012534007430076599,0.12097648531198502,-0.15287606418132782,-0.1551855504512787,0.016308516263961792,-0.01097183022648096,-0.1331118643283844,-0.012534007430076599,0.12097648531198502,-0.15287606418132782,-0.1551855504512787,0.016308505088090897,-0.010971828363835812,-0.1331118792295456,-0.012534011155366898,0.12097649276256561,-0.15287606418132782
19.253,0.000955202616751194,0.000955202616751194,nan,nan,nan,nan,-0.04274328052997589,0.0,-4.656612873077393e-10,0.14501222968101501,0.0,0.0,0.0,0.0,0.010999999940395355,0.013000000268220901,64.0,0.1303919553756714,0.48319903016090393,0.008699484169483185,13.351972579956055,0.0005234847776591778,0.0003442096058279276,-0.0001792756374925375,0.003483576001599431,0.26620545983314514,0.015654027462005615,0.1652376353740692,9.0,1.0,0.0,0.0,0.0009551970288157463,-5.587935447692871e-09,nan,0.002868195530027151,-0.05467087775468826,0.21975819766521454,-0.041517384350299835,0.12892648577690125,0.06556104868650436,-0.09080053120851517,-0.08848000317811966,-0.024113615974783897,0.09692846983671188,-0.01831202022731304,0.05686544254422188,0.02891692891716957,-0.04004927724599838,-0.03902576491236687,-0.11135024577379227,0.3291192650794983,-0.08463683724403381,0.13446661829948425,0.09902272373437881,-0.023644497618079185,-0.215243861079216,-0.013455627486109734,-0.0010877229506149888,0.013535174541175365,-0.0011476082727313042,-0.0003730297030415386,0.00013834447599947453,0.00022705606534145772,-0.04414451867341995,-0.30522698163986206,0.06496521830558777,-0.2844877243041992,-0.1128903478384018,0.1738489270210266,0.04904086887836456,-0.15549476444721222,0.023892272263765335,-0.019671615213155746,-0.15002110600471497,-0.01386762410402298,0.15020443499088287,-0.16620299220085144,-0.15549476444721222,0.023892272263765335,-0.019671615213155746,-0.15002110600471497,-0.01386762410402298,0.15020443499088287,-0.16620299220085144,-0.15549476444721222,0.023892272263765335,-0.019671615213155746,-0.15002110600471497,-0.01386762410402298,0.15020443499088287,-0.16620299220085144
19.344,0.0011735642328858376,0.0011735642328858376,nan,nan,nan,nan,-0.05169086903333664,1.0,0.0,0.1504889875650406,0.0,0.0,0.0,0.0,0.014999999664723873,0.050999999046325684,64.0,0.12952513992786407,0.957054078578949,0.00839773565530777,11.481480598449707,0.0005447119474411011,0.0009979596361517906,0.00045324768871068954,0.002655438147485256,0.03996465355157852,0.01379536185413599,0.2253217250108719,9.0,1.0,0.0,0.0,0.0011735474690794945,-1.6763806343078613e-08,nan,0.004117263481020927,-0.05467087775468826,0.21975819766521454,-0.041517384350299835,0.12892648577690125,0.06556104868650436,-0.09080053120851517,-0.08848000317811966,-0.053151633590459824,0.21365134418010712,-0.04036365821957588,0.12534375488758087,0.06373917311429977,-0.08827728033065796,-0.08602123707532883,-0.10496602952480316,0.38053375482559204,-0.07973865419626236,0.2027677595615387,0.11381763964891434,-0.11797790229320526,-0.18211893737316132,-0.01279579196125269,-0.0010920054046437144,0.012878472916781902,-0.001133881974965334,-0.0003931442042812705,0.0001292769011342898,0.00023917900398373604,-0.04088732600212097,-0.35729557275772095,0.06315253674983978,-0.3448002338409424,-0.13175033032894135,0.23803335428237915,0.04381449520587921,-0.14585335552692413,0.023238196969032288,-0.01658611372113228,-0.1420324742794037,-0.01793268695473671,0.12005545943975449,-0.1383044421672821,-0.14585335552692413,0.023238196969032288,-0.01658611372113228,-0.1420324742794037,-0.01793268695473671,0.12005545943975449,-0.1383044421672821,-0.14585335552692413,0.02323818765580654,-0.01658611185848713,-0.14203248918056488,-0.017932690680027008,0.12005546689033508,-0.1383044421672821
19.386000000000003,0.0011313455179333687,0.0011313455179333687,nan,nan,nan,nan,-0.054757021367549896,0.0,-2.3283064365386963e-10,0.1517295390367508,0.0,0.0,0.0,0.0,0.019999999552965164,0.010999999940395355,64.0,0.12733055651187897,0.5203709006309509,0.008597038686275482,8.463146209716797,-0.0017614406533539295,-7.06920400261879e-06,0.001754371216520667,0.0,0.08915571868419647,0.012685990892350674,0.16109588742256165,9.0,1.0,0.0,0.0,0.0011313287541270256,-1.6763806343078613e-08,nan,0.0015162304043769836,-0.05467087775468826,0.21975819766521454,-0.041517384350299835,0.12892648577690125,0.06556104868650436,-0.09080053120851517,-0.08848000317811966,-0.0634138286113739,0.25490182638168335,-0.04815682768821716,0.149544358253479,0.07604554295539856,-0.10532131791114807,-0.10262969136238098,-0.1096540167927742,0.41639721393585205,-0.08328769356012344,0.2322291135787964,0.12439681589603424,-0.14893512427806854,-0.18467314541339874,-0.010477961041033268,-0.001119144493713975,0.010580150410532951,-0.0011195329716429114,-0.00046320067485794425,0.00012045817129546776,0.0002880018437281251,-0.0334472730755806,-0.37726902961730957,0.06440356373786926,-0.356880784034729,-0.13849680125713348,0.24464824795722961,0.0538673996925354,-0.1431012898683548,0.039128173142671585,-0.01888413354754448,-0.12465167045593262,-0.014099988155066967,0.09571312367916107,-0.13080574572086334,-0.1431012898683548,0.039128173142671585,-0.01888413354754448,-0.12465167045593262,-0.014099988155066967,0.09571312367916107,-0.13080574572086334,-0.1431012898683548,0.039128173142671585,-0.01888413354754448,-0.12465167045593262,-0.014099988155066967,0.09571312367916107,-0.13080574572086334
19.488,0.001185189001262188,0.001185189001262188,nan,nan,nan,nan,-0.04640458896756172,0.0,6.984919309616089e-10,0.1544112265110016,0.0,0.0,0.0,0.0,0.0010000000474974513,0.020999999716877937,64.0,0.12650710344314575,1.084338903427124,0.015132129192352295,21.376529693603516,-0.0022411528043448925,0.00010015955194830894,0.0023413130547851324,0.0,0.3740273714065552,0.0135518629103899,0.1387239396572113,9.0,1.0,0.0,0.0,0.0011851778253912926,-1.1175870895385742e-08,nan,0.0013059971388429403,-0.08177877217531204,0.18214400112628937,-0.05471811443567276,0.007123930379748344,0.06806281208992004,0.10801033675670624,-0.1754770427942276,-0.05457600951194763,0.12155590951442719,-0.036516766995191574,0.0047542378306388855,0.0454225055873394,0.07208195328712463,-0.11710663884878159,-0.12059234827756882,0.35992735624313354,-0.08578946441411972,0.12805168330669403,0.11821629106998444,0.004382569342851639,-0.23190420866012573,-0.009735259227454662,-0.001138928928412497,0.00984884612262249,-0.001114988001063466,-0.0005076378001831472,0.00011652594548650086,0.00031861275783739984,-0.02250266820192337,-0.31652963161468506,0.06101540848612785,-0.26271581649780273,-0.12872013449668884,0.10951115190982819,0.09308148920536041,-0.1430950164794922,0.04339772090315819,-0.024774055927991867,-0.1346641480922699,-0.010503847151994705,0.11389372497797012,-0.13882271945476532,-0.1430950164794922,0.04339772090315819,-0.024774055927991867,-0.1346641480922699,-0.010503847151994705,0.11389372497797012,-0.13882271945476532,-0.1430950164794922,0.04339772090315819,-0.024774055927991867,-0.1346641480922699,-0.010503847151994705,0.11389372497797012,-0.13882271945476532
19.549999999999997,0.0011884765699505806,0.0011884765699505806,nan,nan,nan,nan,-0.04413134232163429,0.0,4.656612873077393e-10,0.1573701649904251,0.0,0.0,0.0,0.0,0.01899999938905239,0.017999999225139618,64.0,0.1251872479915619,0.6458703279495239,0.010094605386257172,9.321349143981934,-0.0019196029752492905,-0.00014639017172157764,0.0017732132691890001,0.0,0.562235414981842,0.017180992290377617,0.15454642474651337,9.0,1.0,0.0,0.0,0.001188456080853939,-2.0489096641540527e-08,nan,0.0015741204842925072,-0.08177877217531204,0.18214400112628937,-0.05471811443567276,0.007123930379748344,0.06806281208992004,0.10801033675670624,-0.1754770427942276,-0.06827384978532791,0.15206480026245117,-0.04568197950720787,0.005947486963123083,0.056822940707206726,0.09017354995012283,-0.14649881422519684,-0.13581493496894836,0.34145206212997437,-0.09304936230182648,0.06196511536836624,0.12064898759126663,0.11331770569086075,-0.279970645904541,-0.008580358698964119,-0.0011569057824090123,0.008704024367034435,-0.0011015600757673383,-0.0005538356490433216,0.00010649717296473682,0.00035238562850281596,-0.012251049280166626,-0.2976711690425873,0.05770111829042435,-0.23086315393447876,-0.12318084388971329,0.07157263904809952,0.10599641501903534,-0.148065984249115,0.043780893087387085,-0.03534824401140213,-0.16889804601669312,-0.0025318562984466553,0.18489034473896027,-0.17397423088550568,-0.148065984249115,0.043780893087387085,-0.03534824401140213,-0.16889804601669312,-0.0025318562984466553,0.18489034473896027,-0.17397423088550568,-0.148065984249115,0.043780893087387085,-0.03534824401140213,-0.16889804601669312,-0.0025318562984466553,0.18489034473896027,-0.17397423088550568
19.622999999999998,0.001095491461455822,0.001095491461455822,nan,nan,nan,nan,-0.048695798963308334,0.0,0.0,0.15945230424404144,0.0,0.0,0.0,0.0,0.020999999716877937,0.017000000923871994,64.0,0.12481053173542023,1.0331720113754272,0.009865500032901764,10.114289283752441,0.0004286067560315132,-2.907705493271351e-05,-0.0004576838109642267,0.002787612611427903,0.20829850435256958,0.017222845926880836,0.15801864862442017,9.0,1.0,0.0,0.0,0.001095474697649479,-1.6763806343078613e-08,nan,0.003289120737463236,-0.0575835295021534,0.2256060093641281,-0.04223882406949997,0.12272317707538605,0.07257398217916489,-0.06569916009902954,-0.09673473984003067,-0.036350078880786896,0.14241567254066467,-0.026663610711693764,0.07747002691030502,0.045812930911779404,-0.0414731428027153,-0.06106461212038994,-0.1082034707069397,0.3457585871219635,-0.07667431235313416,0.13733375072479248,0.11565705388784409,-0.013458330184221268,-0.20301590859889984,-0.007662139367312193,-0.0011779099004343152,0.00779715646058321,-0.001100247260183096,-0.0005929053877480328,0.00010225808364339173,0.00037976462044753134,-0.031767040491104126,-0.3184347152709961,0.04063154011964798,-0.316484272480011,-0.1217876672744751,0.20746766030788422,0.03796851634979248,-0.13997051119804382,0.02732386812567711,-0.036042772233486176,-0.1791505068540573,-0.0061306096613407135,0.19400933384895325,-0.16504739224910736,-0.13997051119804382,0.02732386812567711,-0.036042772233486176,-0.1791505068540573,-0.0061306096613407135,0.19400933384895325,-0.16504739224910736,-0.13997051119804382,0.02732386812567711,-0.036042772233486176,-0.1791505068540573,-0.0061306096613407135,0.19400933384895325,-0.16504739224910736
19.716,0.0010800668969750404,0.0010800668969750404,nan,nan,nan,nan,-0.05609063059091568,0.0,4.656612873077393e-10,0.16181612014770508,0.0,0.0,0.0,0.0,0.01899999938905239,0.017000000923871994,64.0,0.12344415485858917,0.49787479639053345,0.00871066004037857,24.453298568725586,-0.001163105946034193,5.103857256472111e-05,0.0012141449842602015,0.0,0.10727247595787048,0.015025537461042404,0.16371911764144897,9.0,1.0,0.0,0.0,0.0010800538584589958,-1.30385160446167e-08,nan,0.0015419084811583161,-0.0575835295021534,0.2256060093641281,-0.04223882406949997,0.12272317707538605,0.07257398217916489,-0.06569916009902954,-0.09673473984003067,-0.06018375977873802,0.23579342663288116,-0.04414615407586098,0.12826484441757202,0.07585112005472183,-0.06866586208343506,-0.10110288113355637,-0.11053348332643509,0.40100741386413574,-0.07997368276119232,0.19732888042926788,0.13081498444080353,-0.08101267367601395,-0.1943960338830948,-0.006772697903215885,-0.0011799774365499616,0.006906344089657068,-0.00109032669570297,-0.0006085332715883851,9.605204104445875e-05,0.0003879759751725942,-0.022010646760463715,-0.36419081687927246,0.043632570654153824,-0.35170823335647583,-0.13512015342712402,0.23824560642242432,0.047805994749069214,-0.1325441300868988,0.03681659325957298,-0.0363411121070385,-0.15437936782836914,-0.00430516991764307,0.15723294019699097,-0.14659003913402557,-0.1325441300868988,0.03681659325957298,-0.0363411121070385,-0.15437936782836914,-0.00430516991764307,0.15723294019699097,-0.14659003913402557,-0.1325441300868988,0.03681659325957298,-0.0363411121070385,-0.15437936782836914,-0.00430516991764307,0.15723294019699097,-0.14659003913402557
19.799999999999997,0.0008630445227026939,0.0008630445227026939,nan,nan,nan,nan,-0.046211302280426025,0.0,-9.604264050722122e-10,0.16499608755111694,0.0,0.0,0.0,0.0,0.019999999552965164,0.019999999552965164,64.0,0.12238022685050964,0.917497992515564,0.010279938578605652,10.107088088989258,0.00032230510259978473,-0.001541174715384841,-0.0018634807784110308,-0.005398690700531006,-0.282520592212677,0.013529310002923012,0.15341521799564362,9.0,1.0,0.0,0.0,0.0008630258962512016,-1.862645149230957e-08,nan,0.0015914324903860688,-0.0796341672539711,0.18143275380134583,-0.05178627744317055,0.002874915488064289,0.07218735665082932,0.11992575973272324,-0.16869282722473145,-0.04402351751923561,0.10030001401901245,-0.028628595173358917,0.0015893165254965425,0.039906758815050125,0.06629759818315506,-0.09325709939002991,-0.11519064009189606,0.3237326741218567,-0.07823404669761658,0.08359386771917343,0.11699851602315903,0.07179585099220276,-0.22768110036849976,-0.005900655873119831,-0.001203431049361825,0.00604085810482502,-0.0010833354899659753,-0.0006539772730320692,8.474232163280249e-05,0.00042020328692160547,-0.002163417637348175,-0.3232831656932831,0.1934363692998886,-0.07519523054361343,-0.3063773512840271,-0.16023454070091248,0.27684155106544495,-0.11735405772924423,0.0004495158791542053,0.11520232260227203,0.008398637175559998,-0.18937884271144867,-0.08843868225812912,0.049160443246364594,-0.11735405772924423,0.0004495158791542053,0.11520232260227203,0.008398637175559998,-0.18937884271144867,-0.08843868225812912,0.049160443246364594,-0.11735405772924423,0.0004495158791542053,0.11520232260227203,0.008398637175559998,-0.18937884271144867,-0.08843868225812912,0.049160443246364594
19.872999999999998,0.000876731239259243,0.000876731239259243,nan,nan,nan,nan,-0.046282943338155746,0.0,4.656612873077393e-10,0.16546423733234406,0.0,0.0,0.0,0.0,0.003000000026077032,0.020999999716877937,64.0,0.12279311567544937,0.9918417930603027,0.014516524970531464,10.066503524780273,-0.0006526638753712177,-0.0003440856235101819,0.00030857871752232313,0.0,0.4162025451660156,0.01167518924921751,0.05990876257419586,9.0,1.0,0.0,0.0,0.0008767237886786461,-7.450580596923828e-09,nan,0.0006902998429723084,-0.0796341672539711,0.18143275380134583,-0.05178627744317055,0.002874915488064289,0.07218735665082932,0.11992575973272324,-0.16869282722473145,-0.08353078365325928,0.1903105229139328,-0.054320257157087326,0.003015589201822877,0.07571958750486374,0.12579390406608582,-0.1769472062587738,-0.136161208152771,0.3353019654750824,-0.08990675210952759,0.03742308169603348,0.128576397895813,0.1634438931941986,-0.28175288438796997,-0.005160361062735319,-0.0012171778362244368,0.0053073749877512455,-0.001082350965589285,-0.0006799643742851913,8.238536975113675e-05,0.000438823364675045,0.008133426308631897,-0.3122948110103607,0.1152256578207016,-0.14263758063316345,-0.21191169321537018,-0.05509340763092041,0.19685505330562592,-0.1280277818441391,0.023007161915302277,0.025318903848528862,-0.10521450638771057,-0.08333529531955719,0.1083504855632782,-0.08489783108234406,-0.1280277818441391,0.023007161915302277,0.025318903848528862,-0.10521450638771057,-0.08333529531955719,0.1083504855632782,-0.08489783108234406,-0.1280277818441391,0.023007161915302277,0.025318903848528862,-0.10521450638771057,-0.08333529531955719,0.1083504855632782,-0.08489783108234406
19.947000000000003,0.0010382803156971931,0.0010382803156971931,nan,nan,nan,nan,-0.048925112932920456,0.0,1.3969838619232178e-09,0.16568396985530853,0.0,0.0,0.0,0.0,-0.0010000000474974513,0.01899999938905239,64.0,0.12306248396635056,0.6891498565673828,0.010891817510128021,9.445355415344238,0.0008887872099876404,0.0010632462799549103,0.00017446046695113182,0.0,0.3007654547691345,0.01440181490033865,0.04324214905500412,9.0,1.0,0.0,0.0,0.0010382672771811485,-1.30385160446167e-08,nan,0.0032359380275011063,-0.06014910712838173,0.22603212296962738,-0.040247295051813126,0.10734723508358002,0.08858031034469604,-0.01953609101474285,-0.11798372864723206,-0.032488979399204254,0.12208914011716843,-0.021739201620221138,0.05798260495066643,0.04784582555294037,-0.010552236810326576,-0.06372781097888947,-0.10834262520074844,0.33409878611564636,-0.07199695706367493,0.10822397470474243,0.12976059317588806,0.05080844834446907,-0.21859124302864075,-0.005786944180727005,-0.0012009325437247753,0.0059259068220853806,-0.0010794663103297353,-0.0006541284383274615,8.29328564577736e-05,0.00041939722723327577,-0.019362308084964752,-0.31471550464630127,0.061195407062768936,-0.24933955073356628,-0.16015534102916718,0.11514265835285187,0.08522109687328339,-0.1277049332857132,0.019383283331990242,-0.010801549069583416,-0.14111557602882385,-0.030394747853279114,0.16595110297203064,-0.13337014615535736,-0.1277049332857132,0.019383283331990242,-0.010801549069583416,-0.14111557602882385,-0.030394747853279114,0.16595110297203064,-0.13337014615535736,-0.1277049332857132,0.019383283331990242,-0.010801549069583416,-0.14111557602882385,-0.030394747853279114,0.16595110297203064,-0.13337014615535736
20.023000000000003,0.0011222762987017632,0.0011222762987017632,nan,nan,nan,nan,-0.054028935730457306,0.0,-4.656612873077393e-10,0.16730071604251862,0.0,0.0,0.0,0.0,0.01899999938905239,0.019999999552965164,64.0,0.12241410464048386,0.7696561813354492,0.009027309715747833,9.353174209594727,-0.0017575877718627453,0.0009448319906368852,0.0027024191804230213,0.0,0.37274327874183655,0.013217969797551632,0.11184147745370865,9.0,1.0,0.0,0.0,0.0011222632601857185,-1.30385160446167e-08,nan,0.0010741216829046607,-0.06014910712838173,0.22603212296962738,-0.040247295051813126,0.10734723508358002,0.08858031034469604,-0.01953609101474285,-0.11798372864723206,-0.05678819492459297,0.21340225636959076,-0.03799842298030853,0.10134906321763992,0.0836307629942894,-0.01844448409974575,-0.11139123141765594,-0.10911998897790909,0.38014164566993713,-0.07281103730201721,0.15987417101860046,0.14849534630775452,-0.00021697068586945534,-0.21652942895889282,-0.005834847688674927,-0.0011913555208593607,0.005968541372567415,-0.0010691198986023664,-0.0006466926424764097,7.64274227549322e-05,0.0004134785267524421,-0.016004450619220734,-0.3413577377796173,0.04469086229801178,-0.26337510347366333,-0.13267306983470917,0.1298631876707077,0.06108380854129791,-0.12512443959712982,0.03878391534090042,-0.02812017686665058,-0.10350091755390167,0.015822280198335648,0.1296462118625641,-0.1554456204175949,-0.12512443959712982,0.03878391534090042,-0.02812017686665058,-0.10350091755390167,0.015822280198335648,0.1296462118625641,-0.1554456204175949,-0.12512443959712982,0.03878391534090042,-0.02812017686665058,-0.10350091755390167,0.015822280198335648,0.1296462118625641,-0.1554456204175949
20.134,0.0007373737171292305,0.0007373737171292305,nan,nan,nan,nan,-0.0593254454433918,1.0,6.984919309616089e-09,0.17009955644607544,0.0,0.0,0.0,0.0,0.00800000037997961,0.028999999165534973,64.0,0.12163333594799042,0.8610104918479919,0.010327436029911041,16.97555923461914,0.0009008576162159443,-0.0021437816321849823,-0.003044632263481617,-0.004806267097592354,0.637058436870575,0.013267126865684986,0.1332501471042633,9.0,1.0,0.0,0.0,0.0007373662665486336,-7.450580596923828e-09,nan,0.0012569468235597014,-0.07673171907663345,0.1960301250219345,-0.045225176960229874,0.02140316367149353,0.07850237935781479,0.11352379620075226,-0.15534073114395142,-0.07152000069618225,0.1827155202627182,-0.04215342551469803,0.01994943432509899,0.07317039370536804,0.10581311583518982,-0.14478980004787445,-0.12740753591060638,0.3958085775375366,-0.08042138814926147,0.12450610101222992,0.1562393754720688,0.07942655682563782,-0.2546003758907318,-0.004335745237767696,-0.0012182410573586822,0.004478441085666418,-0.0010676519013941288,-0.0006949155940674245,6.91847744747065e-05,0.00044738934957422316,-0.0038228780031204224,-0.3679433763027191,0.03211141377687454,-0.17542999982833862,-0.08877557516098022,-0.01774824783205986,0.05679777264595032,-0.1312304139137268,0.027865203097462654,-0.04830997437238693,-0.050923898816108704,0.06746380031108856,0.06167830899357796,-0.1978026032447815,-0.1312304139137268,0.027865203097462654,-0.04830997437238693,-0.050923898816108704,0.06746380031108856,0.06167830899357796,-0.1978026032447815,-0.1312304139137268,0.027865199372172356,-0.04830997437238693,-0.050923895090818405,0.06746380031108856,0.06167830154299736,-0.1978026032447815
20.219,0.0006755581125617027,0.0006755581125617027,nan,nan,nan,nan,-0.061467256397008896,1.0,0.0,0.172523632645607,0.0,0.0,0.0,0.0,-0.004999999888241291,0.017000000923871994,64.0,0.12278330326080322,0.9496463537216187,0.01066550612449646,9.112767219543457,0.001290051732212305,-0.0012507904320955276,-0.0025408421643078327,0.0,0.7308929562568665,0.01586165651679039,0.12666700780391693,9.0,1.0,0.0,0.0,0.0006755394861102104,-1.862645149230957e-08,nan,0.001199199235998094,-0.07673171907663345,0.1960301250219345,-0.045225176960229874,0.02140316367149353,0.07850237935781479,0.11352379620075226,-0.15534073114395142,-0.09458395093679428,0.24163806438446045,-0.05574716627597809,0.026382777839899063,0.09676656126976013,0.13993598520755768,-0.19148196280002594,-0.14676713943481445,0.4072835445404053,-0.08895350992679596,0.08184589445590973,0.1620589792728424,0.1669892817735672,-0.2955930829048157,-0.0026729267556220293,-0.0012403983855620027,0.0028224377892911434,-0.001066948170773685,-0.000736114801838994,6.554440915351734e-05,0.00047542163520120084,0.003881692886352539,-0.3754884600639343,0.023582972586154938,-0.11049483716487885,-0.05904913693666458,-0.11257327347993851,0.04953724145889282,-0.14288544654846191,0.03179509565234184,-0.06537053734064102,-0.028648946434259415,0.10300984233617783,0.05441600829362869,-0.24605584144592285,-0.14288544654846191,0.03179509565234184,-0.06537053734064102,-0.028648946434259415,0.10300984233617783,0.05441600829362869,-0.24605584144592285,-0.14288544654846191,0.03179507330060005,-0.06537053734064102,-0.028648965060710907,0.10300983488559723,0.05441601574420929,-0.24605584144592285
20.269,0.0008922787383198738,0.0008922787383198738,nan,nan,nan,nan,-0.053490184247493744,0.0,-4.656612873077393e-10,0.17662455141544342,0.0,0.0,0.0,0.0,0.003000000026077032,0.014000000432133675,64.0,0.12481649219989777,0.516298234462738,0.009201467037200928,9.343932151794434,0.001124899834394455,0.0014700235333293676,0.0003451232332736254,0.007244225591421127,0.6627094745635986,0.015345836989581585,0.15591470897197723,9.0,1.0,0.0,0.0,0.0008922731503844261,-5.587935447692871e-09,nan,0.002286028116941452,-0.057800281792879105,0.2240024209022522,-0.03374795243144035,0.10705623030662537,0.11141659319400787,-0.009762568399310112,-0.10664481669664383,-0.024374021217226982,0.09446044266223907,-0.014231303706765175,0.045144952833652496,0.046983689069747925,-0.004116814583539963,-0.04497145861387253,-0.10564812272787094,0.34259313344955444,-0.063034288585186,0.11704779416322708,0.1536327600479126,0.06152602285146713,-0.20519034564495087,-0.0022193670738488436,-0.001238518743775785,0.0023694245610386133,-0.0010606079595163465,-0.0007416137959808111,6.529939128085971e-05,0.0004786129866261035,-0.028162501752376556,-0.31022173166275024,-0.0021089017391204834,-0.14494773745536804,-0.045192644000053406,-0.0032646656036376953,-0.029477939009666443,-0.1338106244802475,0.032371412962675095,-0.06514319032430649,-0.027899939566850662,0.10844011604785919,0.05826135724782944,-0.2346682846546173,-0.1338106244802475,0.032371412962675095,-0.06514319032430649,-0.027899939566850662,0.10844011604785919,0.05826135724782944,-0.2346682846546173,-0.1338106244802475,0.032371412962675095,-0.06514319032430649,-0.027899939566850662,0.10844011604785919,0.05826135724782944,-0.2346682846546173
20.354999999999997,0.0010605370625853539,0.0010605370625853539,nan,nan,nan,nan,-0.05377073585987091,1.0,0.0,0.17930766940116882,0.0,0.0,0.0,0.0,-0.0010000000474974513,0.019999999552965164,64.0,0.12727198004722595,1.0459786653518677,0.015954487025737762,9.453375816345215,-0.0006974469870328903,0.002137300558388233,0.0028347475454211235,0.0030200928449630737,0.5949715971946716,0.013799745589494705,0.18677175045013428,9.0,1.0,0.0,0.0,0.0010605277493596077,-9.313225746154785e-09,nan,0.0014482182450592518,-0.057800281792879105,0.2240024209022522,-0.03374795243144035,0.10705623030662537,0.11141659319400787,-0.009762568399310112,-0.10664481669664383,-0.041100259870290756,0.15928223729133606,-0.02399728074669838,0.07612486928701401,0.07922540605068207,-0.006941905245184898,-0.0758323222398758,-0.09739424288272858,0.3489280343055725,-0.05744146555662155,0.14684194326400757,0.1663983017206192,0.017414553090929985,-0.18407703936100006,-0.0021303854882717133,-0.0012356574879959226,0.00227932957932353,-0.00105633947532624,-0.0007439421606250107,6.636174657614902e-05,0.00047870411071926355,-0.022291108965873718,-0.3097150921821594,-0.0002656877040863037,-0.18956974148750305,-0.06868129223585129,0.05924493819475174,-0.015245765447616577,-0.1196853518486023,0.03921293467283249,-0.057707153260707855,-0.04272780567407608,0.09771700948476791,0.07665949314832687,-0.19932280480861664,-0.1196853518486023,0.03921293467283249,-0.057707153260707855,-0.04272780567407608,0.09771700948476791,0.07665949314832687,-0.19932280480861664,-0.1196853518486023,0.03921292722225189,-0.057707153260707855,-0.04272781312465668,0.09771700948476791,0.07665950059890747,-0.19932280480861664
20.451999999999998,0.0011055553331971169,0.0011055553331971169,nan,nan,nan,nan,-0.05937021225690842,1.0,4.656612873077393e-10,0.18203730881214142,0.0,0.0,0.0,0.0,0.004000000189989805,0.020999999716877937,64.0,0.13086704909801483,6.874131202697754,0.010348856449127197,14.87359619140625,0.001373844686895609,0.0011009224690496922,-0.00027292175218462944,0.0,0.541557252407074,0.013349962420761585,0.16738630831241608,9.0,1.0,0.0,0.0,0.0011055460199713707,-9.313225746154785e-09,nan,0.003732631914317608,-0.07149730622768402,0.20644891262054443,-0.035127464681863785,0.03573156148195267,0.08132564276456833,0.1176912933588028,-0.1388927549123764,-0.04951431229710579,0.1429728865623474,-0.02432696335017681,0.024745319038629532,0.05632076784968376,0.08150521665811539,-0.09618795663118362,-0.10408148169517517,0.3668980598449707,-0.058675676584243774,0.14509440958499908,0.17206239700317383,0.04187048599123955,-0.19627362489700317,-0.0010464804945513606,-0.0012347092851996422,0.0011963709257543087,-0.0010495231254026294,-0.0007539968355558813,6.726242281729355e-05,0.0004844939394388348,-0.010024182498455048,-0.3407825231552124,0.0018297284841537476,-0.20907455682754517,-0.0812920555472374,0.05227433517575264,0.014179125428199768,-0.11410566419363022,0.026115547865629196,-0.05684594810009003,-0.06398014724254608,0.09077034145593643,0.09414482116699219,-0.1820944994688034,-0.11410566419363022,0.026115547865629196,-0.05684594810009003,-0.06398014724254608,0.09077034145593643,0.09414482116699219,-0.1820944994688034,-0.11410566419363022,0.026115546002984047,-0.05684594810009003,-0.06398014724254608,0.09077034145593643,0.09414482116699219,-0.1820944994688034
20.554000000000002,0.0012435121461749077,0.0012435121461749077,nan,nan,nan,nan,-0.06006307154893875,1.0,-6.426125764846802e-08,0.1855887472629547,0.0,0.0,0.0,0.0,0.017000000923871994,0.01899999938905239,64.0,0.13368530571460724,0.6480962038040161,0.00958610326051712,10.875162124633789,0.0003955857828259468,0.0009372411295771599,0.0005415910854935646,0.0031908091623336077,0.5133116245269775,0.010823050513863564,0.19070222973823547,9.0,1.0,0.0,0.0,0.0012435009703040123,-1.1175870895385742e-08,nan,0.003527882741764188,-0.07149730622768402,0.20644891262054443,-0.035127464681863785,0.03573156148195267,0.08132564276456833,0.1176912933588028,-0.1388927549123764,-0.06443678587675095,0.18606162071228027,-0.03165854886174202,0.03220298886299133,0.07329455018043518,0.10606901347637177,-0.1251767873764038,-0.12305864691734314,0.37490248680114746,-0.06268344074487686,0.08894828706979752,0.1558028608560562,0.16438980400562286,-0.23731209337711334,7.811856630723923e-05,-0.0012366861337795854,7.151543832151219e-05,-0.0010403150226920843,-0.0007674836087971926,6.428345659514889e-05,0.0004933034651912749,0.03557780385017395,-0.3492450714111328,0.03314243257045746,-0.17743507027626038,-0.15719281136989594,-0.024138838052749634,0.12626801431179047,-0.08748084306716919,0.025657430291175842,-0.029541010037064552,-0.08848679065704346,-0.001389944925904274,0.14025096595287323,-0.11104407906532288,-0.08748084306716919,0.025657430291175842,-0.029541010037064552,-0.08848679065704346,-0.001389944925904274,0.14025096595287323,-0.11104407906532288,-0.08577942848205566,0.01937311701476574,-0.027880476787686348,-0.08993280678987503,-0.007041026838123798,0.13762421905994415,-0.10614520311355591
20.645000000000003,0.0013012764975428581,0.0013012764975428581,nan,nan,nan,nan,-0.057455889880657196,1.0,-3.3527612686157227e-08,0.1849728524684906,0.0,0.0,0.0,0.0,0.004000000189989805,0.019999999552965164,64.0,0.13540317118167877,0.5051773190498352,0.013742595911026001,14.078438758850098,-0.0018357941880822182,-7.512373849749565e-05,0.0017606369219720364,-0.001463480293750763,0.17531606554985046,0.0080679627135396,0.1615549921989441,9.0,1.0,0.0,0.0,0.0013012560084462166,-2.0489096641540527e-08,nan,0.0016728959744796157,-0.053601041436195374,0.2268887311220169,-0.021229688078165054,0.13267792761325836,0.07561387121677399,-0.0522875115275383,-0.09561832249164581,-0.03883882611989975,0.16440150141716003,-0.015382837504148483,0.09613721072673798,0.054789118468761444,-0.037887051701545715,-0.06928416341543198,-0.09969308227300644,0.36662280559539795,-0.04477360472083092,0.1649789661169052,0.13388662040233612,0.010623743757605553,-0.18458808958530426,0.0002161468582926318,-0.0012363650603219867,-6.928028597030789e-05,-0.00102556764613837,-0.0007781895692460239,5.325079837348312e-05,0.0005011828616261482,0.030726343393325806,-0.33849281072616577,0.02905793860554695,-0.2293069213628769,-0.17581695318222046,0.0895770788192749,0.11448415368795395,-0.06896673887968063,0.028129998594522476,-0.015715666115283966,-0.06432795524597168,-0.04193032532930374,0.1002008244395256,-0.07010393589735031,-0.06896673887968063,0.028129998594522476,-0.015715666115283966,-0.06432795524597168,-0.04193032532930374,0.1002008244395256,-0.07010393589735031,-0.0680404007434845,0.024996671825647354,-0.014974250458180904,-0.06497464329004288,-0.04476786032319069,0.09878131747245789,-0.06763651967048645
20.717,0.0012487871572375298,0.0012487871572375298,nan,nan,nan,nan,-0.0652734637260437,1.0,9.567616507411003e-05,0.1847032904624939,0.0,0.0,0.0,0.0,0.004000000189989805,0.019999999552965164,64.0,0.13583363592624664,1.8384857177734375,0.012819655239582062,22.842933654785156,-0.0022622421383857727,-0.0005386807024478912,0.0018192376010119915,0.0,0.07420577853918076,0.007810021284967661,0.08009050786495209,9.0,1.0,0.0,0.0,0.0012487703934311867,-1.6763806343078613e-08,nan,0.0008294191211462021,-0.053601041436195374,0.2268887311220169,-0.021229688078165054,0.13267792761325836,0.07561387121677399,-0.0522875115275383,-0.09561832249164581,-0.059919510036706924,0.2536342740058899,-0.02373223565518856,0.14831794798374176,0.08452720195055008,-0.05845114216208458,-0.10688977688550949,-0.10370997339487076,0.4161001741886139,-0.043262988328933716,0.22289159893989563,0.14351104199886322,-0.05656248703598976,-0.18779687583446503,0.0010457489406690001,-0.0012382679851725698,-0.0008987840265035629,-0.0010225441073998809,-0.0007795990677550435,4.827664088224992e-05,0.0005031257169321179,0.03557343780994415,-0.38818803429603577,0.024802211672067642,-0.28952881693840027,-0.1879531592130661,0.14303597807884216,0.11893074214458466,-0.0681365355849266,0.027912138029932976,-0.018460776656866074,-0.06663721799850464,-0.04444212093949318,0.0864734947681427,-0.06886613368988037,-0.0681365355849266,0.027912138029932976,-0.018460776656866074,-0.06663721799850464,-0.04444212093949318,0.0864734947681427,-0.06886613368988037,-0.0681365355849266,0.02791215479373932,-0.018460774794220924,-0.06663719564676285,-0.04444212093949318,0.0864734798669815,-0.06886613368988037
20.79,0.0011737784370779991,0.0011737784370779991,nan,nan,nan,nan,-0.07414288818836212,1.0,-6.728805601596832e-08,0.18413212895393372,0.0,0.0,0.0,0.0,0.004000000189989805,0.019999999552965164,64.0,0.1357704997062683,0.8753072619438171,0.009384937584400177,9.028040885925293,-0.0001702678855508566,-0.0009548630332574248,-0.0007846624357625842,-0.002351030707359314,-0.0932522788643837,0.006005751900374889,0.10196634382009506,9.0,1.0,0.0,0.0,0.0011737523600459099,-2.60770320892334e-08,nan,0.0025626111309975386,-0.07252547889947891,0.2204153835773468,-0.036254268139600754,0.03301730379462242,0.0468880757689476,0.13330350816249847,-0.11740649491548538,-0.062297191470861435,0.18933014571666718,-0.03114132024347782,0.028360864147543907,0.04027543589472771,0.11450368165969849,-0.10084862262010574,-0.11820782721042633,0.45878785848617554,-0.050514206290245056,0.22426363825798035,0.14500370621681213,-0.021158788353204727,-0.2075626701116562,0.0008906490984372795,-0.0012372018536552787,-0.0007449057302437723,-0.0010209117317572236,-0.0007799527375027537,4.620990148396231e-05,0.0005032022017985582,0.06492237746715546,-0.4413735866546631,0.04249560087919235,-0.26192545890808105,-0.23460522294044495,0.044623371213674545,0.178163543343544,-0.05328545346856117,0.017414256930351257,-0.008018605411052704,-0.037661805748939514,-0.08960152417421341,0.023464582860469818,-0.029399126768112183,-0.05328545346856117,0.017414256930351257,-0.008018605411052704,-0.037661805748939514,-0.08960152417421341,0.023464582860469818,-0.029399126768112183,-0.05124344304203987,0.01095573790371418,-0.006615040358155966,-0.038948431611061096,-0.09545968472957611,0.020449498668313026,-0.02429354004561901
20.880000000000003,0.0010422570630908012,0.0010422570630908012,nan,nan,nan,nan,-0.07305274158716202,0.0,0.0011115925153717399,0.18261943757534027,0.0,0.0,0.0,0.0,0.004999999888241291,0.003000000026077032,64.0,0.13576623797416687,0.44016632437705994,0.007477588951587677,18.796907424926758,7.690477650612593e-05,-0.0015386533923447132,-0.0005039656534790993,0.0,-0.12200596183538437,0.008361322805285454,0.09152877330780029,9.0,1.0,0.0,0.0,0.001042247749865055,-9.313225746154785e-09,nan,0.0009139330359175801,-0.07252547889947891,0.2204153835773468,-0.036254268139600754,0.03301730379462242,0.0468880757689476,0.13330350816249847,-0.11740649491548538,-0.08806772530078888,0.2676505148410797,-0.04402357339859009,0.04009292647242546,0.05693620815873146,0.16187050938606262,-0.1425667554140091,-0.13880085945129395,0.46366947889328003,-0.0657799243927002,0.1348259001970291,0.11855904757976532,0.15491262078285217,-0.23150545358657837,0.0016772127710282803,-0.001237392076291144,-0.001532167661935091,-0.0010162097169086337,-0.0007785800844430923,3.740091415238567e-05,0.0005038726376369596,0.10089601576328278,-0.4576433002948761,0.06099294498562813,-0.17615221440792084,-0.27167996764183044,-0.11982951313257217,0.24067267775535583,-0.03790484741330147,0.006026186048984528,-0.004786978010088205,-0.04132631793618202,-0.15312092006206512,0.03508310765028,0.00916722510010004,-0.03790484741330147,0.006026186048984528,-0.004786978010088205,-0.04132631793618202,-0.15312092006206512,0.03508310765028,0.00916722510010004,-0.03790484741330147,0.006026186048984528,-0.004786978010088205,-0.04132631793618202,-0.15312092006206512,0.03508310765028,0.00916722510010004
20.948,0.0009786533191800117,0.0009786533191800117,nan,nan,nan,nan,-0.061231937259435654,0.0,0.00012382277054712176,0.1796271651983261,0.0,0.0,0.0,0.0,0.004000000189989805,0.01600000075995922,64.0,0.13662543892860413,0.7721632719039917,0.014196150004863739,10.012850761413574,-0.0005771758151240647,-0.0013012640411034226,-0.0006002654554322362,0.0012314411578699946,-0.30393049120903015,0.008616376668214798,0.06983005255460739,9.0,1.0,0.0,0.0,0.0009786440059542656,-9.313225746154785e-09,nan,0.0009249052382074296,-0.0504845455288887,0.2283485233783722,-0.01780530996620655,0.13244614005088806,0.08898080140352249,-0.04635227844119072,-0.08592519164085388,-0.030947556719183922,0.13998004794120789,-0.010914841666817665,0.08119087666273117,0.05454616621136665,-0.02841443568468094,-0.05267304554581642,-0.10103830695152283,0.3894249498844147,-0.042563147842884064,0.17065481841564178,0.12617062032222748,0.023487266153097153,-0.17001862823963165,0.0021170482505112886,-0.0012355162762105465,-0.0019735004752874374,-0.001007585204206407,-0.0007739618886262178,2.565827344369609e-05,0.0005024929996579885,0.08353481441736221,-0.38317248225212097,0.039270032197237015,-0.1866689920425415,-0.29272881150245667,-0.02100333198904991,0.20657393336296082,-0.017503492534160614,0.006252460181713104,-0.0032931165769696236,-0.016014181077480316,-0.1665581911802292,0.002483934164047241,0.036555297672748566,-0.017503492534160614,0.006252460181713104,-0.0032931165769696236,-0.016014181077480316,-0.1665581911802292,0.002483934164047241,0.036555297672748566,-0.017503492534160614,0.006252460181713104,-0.0032931165769696236,-0.016014181077480316,-0.1665581911802292,0.002483934164047241,0.036555297672748566
21.045,0.0010840250179171562,0.0010840250179171562,nan,nan,nan,nan,-0.06511656939983368,0.0,-8.149072527885437e-10,0.17895875871181488,0.0,0.0,0.0,0.0,0.004000000189989805,0.019999999552965164,64.0,0.13727204501628876,1.8580323457717896,0.011647120118141174,9.840392112731934,-0.001465706038288772,0.00012532580876722932,0.0015910309739410877,0.0025208108127117157,-0.2613934874534607,0.007327315863221884,0.08093001693487167,9.0,1.0,0.0,0.0,0.001084006391465664,-1.862645149230957e-08,nan,0.0008354826713912189,-0.0504845455288887,0.2283485233783722,-0.01780530996620655,0.13244614005088806,0.08898080140352249,-0.04635227844119072,-0.08592519164085388,-0.053925804793834686,0.24391381442546844,-0.019019002094864845,0.14147427678108215,0.09504614025354385,-0.0495118647813797,-0.09178224951028824,-0.09864383190870285,0.418496698141098,-0.037628285586833954,0.2201179414987564,0.15259969234466553,-0.042951423674821854,-0.16709423065185547,0.002062033861875534,-0.001232510432600975,-0.00191795127466321,-0.0010014316067099571,-0.0007731762016192079,1.989707197935786e-05,0.0005028407904319465,0.08349276334047318,-0.4068649709224701,0.03349931538105011,-0.22399604320526123,-0.2924620509147644,0.02398601546883583,0.20112046599388123,-0.015151066705584526,0.011631734669208527,-0.004128969740122557,-0.003878094255924225,-0.13986234366893768,-0.018965408205986023,0.034026242792606354,-0.015151066705584526,0.011631734669208527,-0.004128969740122557,-0.003878094255924225,-0.13986234366893768,-0.018965408205986023,0.034026242792606354,-0.015151066705584526,0.011631734669208527,-0.004128969740122557,-0.003878094255924225,-0.13986234366893768,-0.018965408205986023,0.034026242792606354
21.131999999999998,0.0010899947956204414,0.0010899947956204414,nan,nan,nan,nan,-0.08164473623037338,1.0,-6.100162863731384e-08,0.1794280856847763,0.0,0.0,0.0,0.0,0.008999999612569809,0.024000000208616257,64.0,0.13783559203147888,0.7790196537971497,0.014672987163066864,9.859776496887207,0.0018273885361850262,-6.041215965524316e-05,-0.0018878616392612457,-0.0014339264016598463,-0.2859407365322113,0.009713233448565006,0.14308717846870422,9.0,1.0,0.0,0.0,0.0010899873450398445,-7.450580596923828e-09,nan,0.004154214635491371,-0.0504845455288887,0.2283485233783722,-0.01780530996620655,0.13244614005088806,0.08898080140352249,-0.04635227844119072,-0.08592519164085388,-0.07828475534915924,0.35409268736839294,-0.027610119432210922,0.20537994801998138,0.137979656457901,-0.07187698781490326,-0.1332414150238037,-0.1128925308585167,0.49964115023612976,-0.04094218090176582,0.2808237671852112,0.19053763151168823,-0.08475246280431747,-0.19182725250720978,0.0018479928839951754,-0.0012277793139219284,-0.0017036901554092765,-0.0009954816196113825,-0.0007703054579906166,1.2323283044679556e-05,0.0005007809959352016,0.110462985932827,-0.502274751663208,0.04530235379934311,-0.2594965100288391,-0.34284234046936035,0.0038160160183906555,0.25297701358795166,-0.0024295467883348465,-0.0026335865259170532,0.004360171966254711,0.021327242255210876,-0.1523047238588333,-0.08093644678592682,0.06114974617958069,-0.0024295467883348465,-0.0026335865259170532,0.004360171966254711,0.021327242255210876,-0.1523047238588333,-0.08093644678592682,0.06114974617958069,0.00047619082033634186,-0.010690687224268913,0.005747932940721512,0.019868580624461174,-0.15942656993865967,-0.0851018875837326,0.06735990196466446
21.234,0.0010435143485665321,0.0010435143485665321,nan,nan,nan,nan,-0.08927848935127258,1.0,-5.4249539971351624e-08,0.17964264750480652,0.0,0.0,0.0,0.0,0.004000000189989805,0.013000000268220901,64.0,0.1380922943353653,1.1941306591033936,0.015742145478725433,12.548585891723633,0.0024121792521327734,-0.000331676856148988,-0.002743910299614072,0.0,-0.4740545153617859,0.011060016229748726,0.10541795194149017,9.0,1.0,0.0,0.0,0.0010435031726956367,-1.1175870895385742e-08,nan,0.0044431318528950214,-0.0657484233379364,0.22825480997562408,-0.024188946932554245,0.0532451793551445,0.06692760437726974,0.123147152364254,-0.10252904891967773,-0.10729246586561203,0.37248075008392334,-0.03947306424379349,0.0868888720870018,0.10921673476696014,0.20095936954021454,-0.16731344163417816,-0.1429656594991684,0.5429907441139221,-0.052341192960739136,0.1978292316198349,0.17828968167304993,0.13945646584033966,-0.22977931797504425,0.001965221716091037,-0.0012298868969082832,-0.001821855315938592,-0.0009981804760172963,-0.0007682564319111407,8.490475011058152e-06,0.0004984726547263563,0.1481742262840271,-0.552431046962738,0.06126568466424942,-0.18431724607944489,-0.3637986183166504,-0.198748379945755,0.3118194043636322,0.005208559334278107,-0.009440287947654724,0.008924493566155434,0.013511985540390015,-0.18550895154476166,-0.059291914105415344,0.08204007893800735,0.005208559334278107,-0.009440287947654724,0.008924493566155434,0.013511985540390015,-0.18550895154476166,-0.059291914105415344,0.08204007893800735,0.0077733239158988,-0.01648467592895031,0.010115892626345158,0.012235445901751518,-0.19167441129684448,-0.06297452747821808,0.08740898221731186
21.290999999999997,0.001111459918320179,0.001111459918320179,nan,nan,nan,nan,-0.06702687591314316,0.0,0.0007344003533944488,0.17927129566669464,0.0,0.0,0.0,0.0,0.01899999938905239,0.017000000923871994,64.0,0.1385786384344101,0.7539363503456116,0.010713934898376465,13.121910095214844,-0.0005023946287110448,0.00029249797808006406,0.0015292929019778967,0.0,-0.44827282428741455,0.00702955387532711,0.12997488677501678,9.0,1.0,0.0,0.0,0.0011114375665783882,-2.2351741790771484e-08,nan,0.0012280463706701994,-0.05549902096390724,0.177494615316391,-0.023919984698295593,0.09664205461740494,0.16121318936347961,-0.013662905432283878,-0.13902267813682556,-0.043270763009786606,0.13838671147823334,-0.018649626523256302,0.0753486379981041,0.12569262087345123,-0.010652518831193447,-0.1083914190530777,-0.12051349878311157,0.43114766478538513,-0.04699505493044853,0.18259762227535248,0.22370843589305878,0.06345037370920181,-0.2334526628255844,0.001951619517058134,-0.0012270979350432754,-0.0018080404261127114,-0.0009943447075784206,-0.0007646511658094823,2.371409209445119e-06,0.0004962714156135917,0.1065828874707222,-0.4264252781867981,0.04667968675494194,-0.19567172229290009,-0.3583592176437378,-0.06293939799070358,0.2687701880931854,-0.013930611312389374,0.004722375422716141,-0.00031536747701466084,-0.013074096292257309,-0.13465076684951782,0.0005109785124659538,0.03531751409173012,-0.013930611312389374,0.004722375422716141,-0.00031536747701466084,-0.013074096292257309,-0.13465076684951782,0.0005109785124659538,0.03531751409173012,-0.013930611312389374,0.004722375422716141,-0.00031536747701466084,-0.013074096292257309,-0.13465076684951782,0.0005109785124659538,0.03531751409173012
21.360999999999997,0.001169084571301937,0.001169084571301937,nan,nan,nan,nan,-0.06094890832901001,0.0,0.0002281618071720004,0.17904289066791534,0.0,0.0,0.0,0.0,0.008999999612569809,0.01600000075995922,64.0,0.1388372927904129,0.5079917907714844,0.00911019742488861,8.501604080200195,-0.0016302649164572358,0.00049195671454072,0.002350383438169956,0.0,-0.21703527867794037,0.003705311566591263,0.09911926835775375,9.0,1.0,0.0,0.0,0.001169075258076191,-9.313225746154785e-09,nan,0.0009722798713482916,-0.05549902096390724,0.177494615316391,-0.023919984698295593,0.09664205461740494,0.16121318936347961,-0.013662905432283878,-0.13902267813682556,-0.06867983937263489,0.21964895725250244,-0.029600895941257477,0.11959420144557953,0.19950075447559357,-0.016907798126339912,-0.17204007506370544,-0.11840245127677917,0.40059980750083923,-0.04865916445851326,0.19310583174228668,0.2833341062068939,0.01551040168851614,-0.2637752890586853,0.001971072517335415,-0.0012255148030817509,-0.0018270713044330478,-0.0009905793704092503,-0.0007628996390849352,-3.603496224968694e-06,0.000495421641971916,0.09589435160160065,-0.38666754961013794,0.04392688721418381,-0.19684168696403503,-0.35177135467529297,-0.019287407398223877,0.2562423050403595,-0.022508099675178528,0.013932256028056145,-0.004732276778668165,-0.003735855221748352,-0.06843723356723785,-0.0037770047783851624,-0.00753298494964838,-0.022508099675178528,0.013932256028056145,-0.004732276778668165,-0.003735855221748352,-0.06843723356723785,-0.0037770047783851624,-0.00753298494964838,-0.022508099675178528,0.013932256028056145,-0.004732276778668165,-0.003735855221748352,-0.06843723356723785,-0.0037770047783851624,-0.00753298494964838
21.453000000000003,0.001059885136783123,0.001059885136783123,nan,nan,nan,nan,-0.06661543995141983,1.0,-5.587935447692871e-09,0.179060697555542,0.0,0.0,0.0,0.0,0.01899999938905239,0.02800000086426735,64.0,0.13916276395320892,1.165028691291809,0.015382654964923859,10.99617862701416,-0.001394006423652172,-0.0006544337957166135,0.0007395670400001109,-0.0024403976276516914,0.6927399039268494,0.0039283642545342445,0.06934580951929092,9.0,1.0,0.0,0.0,0.00105986837297678,-1.6763806343078613e-08,nan,0.0007537638302892447,-0.05549902096390724,0.177494615316391,-0.023919984698295593,0.09664205461740494,0.16121318936347961,-0.013662905432283878,-0.13902267813682556,-0.09335712343454361,0.29857078194618225,-0.040236763656139374,0.1625654697418213,0.27118316292762756,-0.022982919588685036,-0.23385560512542725,-0.133967787027359,0.4362614154815674,-0.05689496546983719,0.22862589359283447,0.3675632178783417,-0.017073314636945724,-0.32389408349990845,0.002227064222097397,-0.0012261169031262398,-0.002083447529003024,-0.0009916085982695222,-0.0007617908995598555,-4.897226062894333e-06,0.0004943959647789598,0.1052226573228836,-0.41973739862442017,0.0456707701086998,-0.2130996584892273,-0.35501036047935486,-0.017146605998277664,0.2647707164287567,-0.028745127841830254,0.01652400940656662,-0.01122419722378254,0.015526242554187775,0.012552863918244839,-0.03421992063522339,-0.059123363345861435,-0.028745127841830254,0.01652400940656662,-0.01122419722378254,0.015526242554187775,0.012552863918244839,-0.03421992063522339,-0.059123363345861435,-0.02841581031680107,0.015641655772924423,-0.011083552613854408,0.015366705134510994,0.011799829080700874,-0.034694693982601166,-0.05846966803073883
21.526000000000003,0.0009050024673342705,0.0009050024673342705,nan,nan,nan,nan,-0.07512753456830978,0.0,0.0005827528657391667,0.17890149354934692,0.0,0.0,0.0,0.0,0.010999999940395355,0.0020000000949949026,64.0,0.1400189846754074,1.0992828607559204,0.012830831110477448,12.920928001403809,2.188852522522211e-05,-0.001468038884922862,-0.0009071745444089174,0.0,0.6952576041221619,0.006241016089916229,0.04939226061105728,9.0,1.0,0.0,0.0,0.0009049912914633751,-1.1175870895385742e-08,nan,0.0006228639977052808,-0.05549902096390724,0.177494615316391,-0.023919984698295593,0.09664205461740494,0.16121318936347961,-0.013662905432283878,-0.13902267813682556,-0.11298657953739166,0.3613488972187042,-0.04869702458381653,0.1967468112707138,0.32820266485214233,-0.027815354987978935,-0.2830265760421753,-0.15102644264698029,0.48654815554618835,-0.06470904499292374,0.2608756422996521,0.42891350388526917,-0.029967566952109337,-0.3730146586894989,0.002970151137560606,-0.001224796986207366,-0.0028285207226872444,-0.0009940258460119367,-0.000753024301957339,-6.9590987550327554e-06,0.000487994693685323,0.126979261636734,-0.4779929518699646,0.04766909033060074,-0.2299167513847351,-0.38021549582481384,-0.038452424108982086,0.2916099727153778,-0.02404717355966568,0.008555199950933456,-0.017039954662322998,0.030958890914916992,0.04869801923632622,-0.06841999292373657,-0.0814046859741211,-0.02404717355966568,0.008555199950933456,-0.017039954662322998,0.030958890914916992,0.04869801923632622,-0.06841999292373657,-0.0814046859741211,-0.02404717355966568,0.008555199950933456,-0.017039954662322998,0.030958890914916992,0.04869801923632622,-0.06841999292373657,-0.0814046859741211
21.592,0.0008226549252867699,0.0008226549252867699,nan,nan,nan,nan,-0.050388164818286896,0.0,0.0008968675974756479,0.17866595089435577,0.0,0.0,0.0,0.0,0.003000000026077032,0.01899999938905239,64.0,0.14105841517448425,0.918367862701416,0.010037794709205627,9.521438598632812,0.0009804575238376856,-0.0013250322081148624,-0.0014086221344769,0.0,0.6889047026634216,0.0073921591974794865,0.07003888487815857,9.0,1.0,0.0,0.0,0.0008226381614804268,-1.6763806343078613e-08,nan,0.000758534821216017,-0.05388842895627022,0.14279994368553162,-0.025297870859503746,0.0701751857995987,0.1910596787929535,0.012898588553071022,-0.1564273089170456,-0.027347445487976074,0.07246849685907364,-0.012838231399655342,0.035612691193819046,0.09695947915315628,0.006545810028910637,-0.07938414812088013,-0.10858352482318878,0.32579654455184937,-0.04824578016996384,0.16970229148864746,0.3380136489868164,-0.003154224716126919,-0.28637441992759705,0.0031939835753291845,-0.0012247915146872401,-0.003052536631003022,-0.0009989019017666578,-0.0007452036952599883,-3.3659778182482114e-06,0.00048307565157301724,0.09449570626020432,-0.32323071360588074,0.026980413123965263,-0.12993863224983215,-0.2665655314922333,-0.07874196022748947,0.19801563024520874,-0.01408782135695219,0.002565834205597639,-0.021265367045998573,0.039763662964105606,0.07144811004400253,-0.08189618587493896,-0.0883587971329689,-0.01408782135695219,0.002565834205597639,-0.021265367045998573,0.039763662964105606,0.07144811004400253,-0.08189618587493896,-0.0883587971329689,-0.01408782135695219,0.002565834205597639,-0.021265367045998573,0.039763662964105606,0.07144811004400253,-0.08189618587493896,-0.0883587971329689
21.671,0.0010462356731295586,0.0010462356731295586,nan,nan,nan,nan,-0.04074477031826973,1.0,-8.381903171539307e-09,0.17779690027236938,0.0,0.0,0.0,0.0,0.004000000189989805,0.019999999552965164,64.0,0.14245940744876862,2.5952718257904053,0.010227784514427185,9.77980899810791,-0.0011968035250902176,0.0010702470317482948,0.002267042174935341,0.006181932985782623,0.8142772912979126,0.008768517524003983,0.10829425603151321,9.0,1.0,0.0,0.0,0.0010462263599038124,-9.313225746154785e-09,nan,0.0008972550858743489,-0.05388842895627022,0.14279994368553162,-0.025297870859503746,0.0701751857995987,0.1910596787929535,0.012898588553071022,-0.1564273089170456,-0.04159661754965782,0.11022763699293137,-0.019527489319443703,0.05416840314865112,0.14747944474220276,0.009956452995538712,-0.12074663490056992,-0.09778555482625961,0.27471277117729187,-0.044787678867578506,0.13893166184425354,0.32745838165283203,0.011468104086816311,-0.27204644680023193,0.00315546290948987,-0.0012223294470459223,-0.003011351451277733,-0.0009976585861295462,-0.0007423986098729074,-8.25241315283165e-08,0.00048284418880939484,0.0818781703710556,-0.2568613290786743,0.020622920244932175,-0.09301325678825378,-0.2187313288450241,-0.07999364286661148,0.16472597420215607,-0.01590738072991371,0.01785142719745636,-0.024164758622646332,0.04591840133070946,0.10872705280780792,-0.0685255378484726,-0.10732047259807587,-0.01590738072991371,0.01785142719745636,-0.024164758622646332,0.04591840133070946,0.10872705280780792,-0.0685255378484726,-0.10732047259807587,-0.015256041660904884,0.016232654452323914,-0.02395811304450035,0.045624542981386185,0.10735664516687393,-0.06937567889690399,-0.10613483190536499
21.752000000000002,0.001167857088148594,0.001167857088148594,nan,nan,nan,nan,0.009017452597618103,1.0,-1.3969838619232178e-09,0.2378285527229309,0.0,0.0,0.0,0.0,0.006000000052154064,0.02199999988079071,64.0,0.1439000815153122,0.46918821334838867,0.00865943729877472,8.413866996765137,-6.943941116333008e-06,-0.0013135233893990517,-0.0013065808452665806,0.0,0.877656102180481,0.010444614104926586,0.055125705897808075,9.0,1.0,0.0,0.0,0.001167801208794117,-5.587935447692871e-08,nan,0.0013464500661939383,-0.05388842895627022,0.14279994368553162,-0.025297870859503746,0.0701751857995987,0.1910596787929535,0.012898588553071022,-0.1564273089170456,-0.062230564653873444,0.16490590572357178,-0.029214076697826385,0.08103857189416885,0.22063642740249634,0.01489533856511116,-0.18064284324645996,-0.10507571697235107,0.2847077548503876,-0.048878468573093414,0.14149214327335358,0.3648105263710022,0.0203525610268116,-0.3002687692642212,0.0026679944712668657,0.0007122230599634349,-0.002585881855338812,0.0008738181204535067,0.0004595083009917289,-0.0003367731114849448,-0.00014530222688335925,0.08422216773033142,-0.2584756016731262,0.023845847696065903,-0.09335315972566605,-0.22249813377857208,-0.07638955116271973,0.17295584082603455,-0.020853545516729355,0.026232153177261353,-0.02503262087702751,0.04813898354768753,0.14231239259243011,-0.056036993861198425,-0.12731292843818665,-0.020853545516729355,0.026232153177261353,-0.02503262087702751,0.04813898354768753,0.14231239259243011,-0.056036993861198425,-0.12731292843818665,-0.02076030895113945,0.02622215263545513,-0.024994876235723495,0.04831536114215851,0.14218749105930328,-0.05630401894450188,-0.12716521322727203
21.831000000000003,0.0008878456428647041,0.0008878456428647041,nan,nan,nan,nan,-0.05126362293958664,1.0,-5.564652383327484e-08,0.180562362074852,0.0,0.0,0.0,0.0,0.009999999776482582,0.024000000208616257,64.0,0.14413954317569733,0.9057419300079346,0.013240613043308258,9.700434684753418,0.003402863396331668,-0.0017739819595590234,-0.005176900885999203,-0.005654525011777878,0.6266874074935913,0.010116064921021461,0.1430426985025406,9.0,1.0,0.0,0.0,0.000887836329638958,-9.313225746154785e-09,nan,0.004437895026057959,-0.05388842895627022,0.14279994368553162,-0.025297870859503746,0.0701751857995987,0.1910596787929535,0.012898588553071022,-0.1564273089170456,-0.07195936888456345,0.1906864494085312,-0.033781252801418304,0.09370771795511246,0.2551295757293701,0.01722399704158306,-0.208883598446846,-0.11656138300895691,0.3113468587398529,-0.05454263091087341,0.15362560749053955,0.41021814942359924,0.02600935287773609,-0.33648476004600525,0.003222792176529765,-0.0012203598162159324,-0.003076173597946763,-0.0009971566032618284,-0.0007402957417070866,5.3810867939319e-06,0.0004822010814677924,0.12498918175697327,-0.3166269063949585,0.03295598551630974,-0.08142004907131195,-0.2863530218601227,-0.13565970957279205,0.23714154958724976,0.008427798748016357,-0.005280047655105591,-0.021586645394563675,0.0722055584192276,0.12386512011289597,-0.10965035855770111,-0.09934321790933609,0.008427798748016357,-0.005280047655105591,-0.021586645394563675,0.0722055584192276,0.12386512011289597,-0.10965035855770111,-0.09934321790933609,0.012299311347305775,-0.014155001379549503,-0.020759977400302887,0.07055290043354034,0.11630264669656754,-0.11416344344615936,-0.09281043708324432
21.964,0.0009246831759810448,0.0009246831759810448,nan,nan,nan,nan,-0.040315497666597366,1.0,-9.313225746154785e-09,0.1806829571723938,0.0,0.0,0.0,0.0,0.0,0.026000000536441803,64.0,0.14464358985424042,2.8359553813934326,0.022874213755130768,36.6550407409668,-0.00047710957005620003,-0.00024862296413630247,0.0002284772926941514,0.0026167298201471567,0.8490697145462036,0.010974708013236523,0.07385820150375366,9.0,1.0,0.0,0.0,0.0009246664121747017,-1.6763806343078613e-08,nan,0.0007850958500057459,-0.05610499531030655,0.15514077246189117,-0.025698523968458176,0.06008196994662285,0.17913781106472015,0.05406526103615761,-0.15329678356647491,-0.03023143671452999,0.08359555900096893,-0.013847311027348042,0.03237437829375267,0.09652604907751083,0.029132353141903877,-0.08260194957256317,-0.09734481573104858,0.2639945149421692,-0.04512651264667511,0.11723023653030396,0.3283770978450775,0.05462048202753067,-0.27431946992874146,0.0036941440775990486,-0.0012245577527210116,-0.003549093147739768,-0.0010114966426044703,-0.0007347568171098828,1.5685092876083218e-05,0.0004763615143019706,0.08243921399116516,-0.24974417686462402,0.01364048570394516,-0.08183030784130096,-0.16697852313518524,-0.08636259287595749,0.1356598287820816,-0.014905603602528572,0.014250338077545166,-0.03148602694272995,0.03539992868900299,0.16139857470989227,-0.03174211084842682,-0.13865964114665985,-0.014905603602528572,0.014250338077545166,-0.03148602694272995,0.03539992868900299,0.16139857470989227,-0.03174211084842682,-0.13865964114665985,-0.014244267717003822,0.012717743404209614,-0.0313355028629303,0.0351109653711319,0.16008754074573517,-0.03250641003251076,-0.1375274807214737
22.049999999999997,0.000897659920156002,0.000897659920156002,nan,nan,nan,nan,-0.041815098375082016,0.0,0.0008809193968772888,0.18097558617591858,0.0,0.0,0.0,0.0,0.01600000075995922,0.019999999552965164,64.0,0.1454593688249588,3.878852367401123,0.01869071274995804,11.422914505004883,0.0008022603578865528,-0.0003814477240666747,-0.0003027886850759387,0.0,0.8133664727210999,0.008875473402440548,0.10356929898262024,9.0,1.0,0.0,0.0,0.000897643156349659,-1.6763806343078613e-08,nan,0.0010073258308693767,-0.05610499531030655,0.15514077246189117,-0.025698523968458176,0.06008196994662285,0.17913781106472015,0.05406526103615761,-0.15329678356647491,-0.04882655665278435,0.13501453399658203,-0.02236468344926834,0.05228760465979576,0.15589846670627594,0.047051433473825455,-0.1334097683429718,-0.09814036637544632,0.2697924077510834,-0.04511711001396179,0.1090662032365799,0.3187216520309448,0.08259457349777222,-0.2707008719444275,0.0037257676012814045,-0.0012225237442180514,-0.0035799648612737656,-0.0010122765088453889,-0.0007331193774007261,2.2456053557107225e-05,0.0004756501584779471,0.09517556428909302,-0.26695382595062256,0.015143051743507385,-0.08242779970169067,-0.18906228244304657,-0.09720812737941742,0.1573004126548767,-0.002964805345982313,0.002838574815541506,-0.029974058270454407,0.02663840539753437,0.12965936958789825,-0.014613551087677479,-0.11340046674013138,-0.002964805345982313,0.002838574815541506,-0.029974058270454407,0.02663840539753437,0.12965936958789825,-0.014613551087677479,-0.11340046674013138,-0.002964805345982313,0.002838574815541506,-0.029974058270454407,0.02663840539753437,0.12965936958789825,-0.014613551087677479,-0.11340046674013138
22.122999999999998,0.0010018320754170418,0.0010018320754170418,nan,nan,nan,nan,-0.04885069280862808,1.0,-4.540197551250458e-08,0.18070338666439056,0.0,0.0,0.0,0.0,0.01600000075995922,0.019999999552965164,64.0,0.14627471566200256,1.1641327142715454,0.030463561415672302,9.256640434265137,0.002771141706034541,0.0005897566443309188,-0.002181430347263813,0.0026819296181201935,0.5531848669052124,0.007131232880055904,0.15403397381305695,9.0,1.0,0.0,0.0,0.0010018115863204002,-2.0489096641540527e-08,nan,0.0045150527730584145,-0.05610499531030655,0.15514077246189117,-0.025698523968458176,0.06008196994662285,0.17913781106472015,0.05406526103615761,-0.15329678356647491,-0.0607084296643734,0.16787013411521912,-0.027807097882032394,0.06501171737909317,0.19383613765239716,0.058501336723566055,-0.16587483882904053,-0.1076638400554657,0.29705941677093506,-0.04938235878944397,0.11692719161510468,0.34596729278564453,0.09882580488920212,-0.2952202558517456,0.0036915321834385395,-0.0012222203658893704,-0.0035435231402516365,-0.0010133651085197926,-0.0007337844581343234,2.7098438295070082e-05,0.00047685636673122644,0.1311282068490982,-0.3021310269832611,0.02349420264363289,-0.05947685241699219,-0.2535344958305359,-0.15404033660888672,0.2197190225124359,0.023464368656277657,-0.00507161021232605,-0.02588815614581108,0.05745033919811249,0.09243281185626984,-0.055214524269104004,-0.0755012258887291,0.023464368656277657,-0.00507161021232605,-0.02588815614581108,0.05745033919811249,0.09243281185626984,-0.055214524269104004,-0.0755012258887291,0.026887474581599236,-0.012831642292439938,-0.025219829753041267,0.05598476901650429,0.08572352677583694,-0.058948270976543427,-0.06971783190965652
22.244,0.0011179083958268166,0.0011179083958268166,nan,nan,nan,nan,-0.05005921423435211,0.0,0.00036814925260841846,0.18069703876972198,0.0,0.0,0.0,0.0,0.014000000432133675,0.019999999552965164,64.0,0.14732089638710022,1.914851427078247,0.04174280911684036,11.193341255187988,-0.0008374725002795458,0.0009647603146731853,0.0021703820675611496,0.002890918403863907,0.8530051112174988,0.00909473281353712,0.13403016328811646,9.0,1.0,0.0,0.0,0.0011178897693753242,-1.862645149230957e-08,nan,0.0012638792395591736,-0.05610499531030655,0.15514077246189117,-0.025698523968458176,0.06008196994662285,0.17913781106472015,0.05406526103615761,-0.15329678356647491,-0.07585948705673218,0.20976562798023224,-0.034746941179037094,0.08123675733804703,0.2422119826078415,0.07310156524181366,-0.20727238059043884,-0.11969141662120819,0.33070242404937744,-0.05485157668590546,0.1288440078496933,0.38306716084480286,0.1133231520652771,-0.32746458053588867,0.0037776462268084288,-0.0012219478376209736,-0.0036276711616665125,-0.0010134611511602998,-0.00073522690217942,3.1798721465747803e-05,0.0004784399352502078,0.11908160150051117,-0.31804415583610535,0.02094888687133789,-0.1012904942035675,-0.2521060109138489,-0.10363145917654037,0.21011102199554443,-0.0006098176818341017,0.0126582570374012,-0.033902689814567566,0.027553511783480644,0.13096113502979279,0.009691694751381874,-0.11735355854034424,-0.0006098176818341017,0.0126582570374012,-0.033902689814567566,0.027553511783480644,0.13096113502979279,0.009691694751381874,-0.11735355854034424,-0.0006098176818341017,0.0126582570374012,-0.033902689814567566,0.027553511783480644,0.13096113502979279,0.009691694751381874,-0.11735355854034424
22.320999999999998,0.0012529036030173302,0.0012529036030173302,nan,nan,nan,nan,-0.0464027114212513,0.0,0.00012107100337743759,0.18115444481372833,0.0,0.0,0.0,0.0,0.0020000000949949026,0.017999999225139618,64.0,0.1494968682527542,0.8315778970718384,0.010054558515548706,10.376199722290039,-0.002077158074826002,0.0008799494244158268,0.0030781785026192665,0.0010306637268513441,0.8376315236091614,0.008120279759168625,0.13992862403392792,9.0,1.0,0.0,0.0,0.0012528831139206886,-2.0489096641540527e-08,nan,0.0011035576462745667,-0.05751551687717438,0.19260434806346893,-0.021968796849250793,0.06992141902446747,0.14716289937496185,0.07397063076496124,-0.13074909150600433,-0.03699910640716553,0.12390027940273285,-0.014132288284599781,0.04497968778014183,0.09466829150915146,0.047584500163793564,-0.08410947024822235,-0.10023454576730728,0.3088090121746063,-0.04178376868367195,0.11547301709651947,0.28588414192199707,0.11335892975330353,-0.24906665086746216,0.003637804416939616,-0.001223586848936975,-0.003483893582597375,-0.0010169752640649676,-0.0007422630442306399,4.35352667409461e-05,0.0004826689255423844,0.09708338975906372,-0.28943872451782227,0.009756103157997131,-0.0977649912238121,-0.17454946041107178,-0.07916857302188873,0.14377322793006897,-0.0031511569395661354,0.01937030255794525,-0.03202766552567482,0.017708025872707367,0.11133468151092529,0.034190356731414795,-0.10529341548681259,-0.0031511569395661354,0.01937030255794525,-0.03202766552567482,0.017708025872707367,0.11133468151092529,0.034190356731414795,-0.10529341548681259,-0.0031511569395661354,0.01937030255794525,-0.03202766552567482,0.017708025872707367,0.11133468151092529,0.034190356731414795,-0.10529341548681259
22.43,0.0011183405295014381,0.0011183405295014381,nan,nan,nan,nan,-0.05332710221409798,1.0,-2.4461769498884678e-08,0.18123218417167664,0.0,0.0,0.0,0.0,0.0010000000474974513,0.019999999552965164,64.0,0.15015988051891327,0.7383907437324524,0.013646669685840607,22.53475570678711,0.0001732960663503036,-0.0008264710777439177,-0.0009997915476560593,-0.004013441503047943,0.6885740756988525,0.004360839258879423,0.13406972587108612,9.0,1.0,0.0,0.0,0.0011183219030499458,-1.862645149230957e-08,nan,0.002632143907248974,-0.05751551687717438,0.19260434806346893,-0.021968796849250793,0.06992141902446747,0.14716289937496185,0.07397063076496124,-0.13074909150600433,-0.053103137761354446,0.17782846093177795,-0.02028343267738819,0.06455730646848679,0.13587310910224915,0.06829587370157242,-0.12071850150823593,-0.10353194177150726,0.3356136679649353,-0.040989797562360764,0.12322811037302017,0.27705129981040955,0.12672993540763855,-0.2441139966249466,0.003844955237582326,-0.0012226846301928163,-0.0036916485987603664,-0.0010196275543421507,-0.0007400346221402287,4.796463326783851e-05,0.00048056236119009554,0.12103989720344543,-0.3293728828430176,0.013562235981225967,-0.09832701832056046,-0.22210726141929626,-0.10713165998458862,0.18642666935920715,0.01750795543193817,0.006240770220756531,-0.027427561581134796,0.024901092052459717,0.05494404211640358,0.019598275423049927,-0.057687319815158844,0.01750795543193817,0.006240770220756531,-0.027427561581134796,0.024901092052459717,0.05494404211640358,0.019598275423049927,-0.057687319815158844,0.01944494992494583,0.0020333868451416492,-0.02716197445988655,0.02410631999373436,0.05121980980038643,0.017680367454886436,-0.054494574666023254
22.503,0.0009787948802113533,0.0009787948802113533,nan,nan,nan,nan,-0.06547831743955612,1.0,-1.0652001947164536e-08,0.1819852888584137,0.0,0.0,0.0,0.0,0.00800000037997961,0.009999999776482582,64.0,0.1510726511478424,0.4374040365219116,0.007705762982368469,10.918572425842285,0.0001755226985551417,-0.0009662608499638736,-0.0011417942587286234,-0.0005131587386131287,0.5279864072799683,0.00416299793869257,0.10995778441429138,9.0,1.0,0.0,0.0,0.000978783704340458,-1.1175870895385742e-08,nan,0.0017433686880394816,-0.0535055473446846,0.23401384055614471,-0.014282897114753723,0.0687955841422081,0.07178740948438644,0.13137033581733704,-0.07089602202177048,-0.0683508887887001,0.298941969871521,-0.018245747312903404,0.08788321167230606,0.09170512855052948,0.16781958937644958,-0.09056642651557922,-0.11431238800287247,0.4068043529987335,-0.041050974279642105,0.13984504342079163,0.263571560382843,0.17693528532981873,-0.23704487085342407,0.004378272220492363,-0.001225765678100288,-0.004226180724799633,-0.0010312822414562106,-0.000734906003344804,5.523796789930202e-05,0.0004755077534355223,0.13668572902679443,-0.4038868248462677,0.008825276046991348,-0.135152667760849,-0.23540440201759338,-0.12216972559690475,0.1946067065000534,0.02237333357334137,0.0029175356030464172,-0.03222569823265076,0.004692383110523224,0.028167154639959335,0.05476555973291397,-0.042438164353370667,0.02237333357334137,0.0029175356030464172,-0.03222569823265076,0.004692383110523224,0.028167154639959335,0.05476555973291397,-0.042438164353370667,0.023114940151572227,0.0013717759866267443,-0.03215737268328667,0.004403002094477415,0.026787210255861282,0.05406474694609642,-0.041256360709667206
22.583,0.0010322285816073418,0.0010322285816073418,nan,nan,nan,nan,-0.0669514536857605,1.0,-9.89530235528946e-09,0.18124006688594818,0.0,0.0,0.0,0.0,0.006000000052154064,0.014999999664723873,64.0,0.15166284143924713,10.483332633972168,0.016963109374046326,24.141260147094727,-1.1458643712103367e-05,-5.607557250186801e-05,-4.462682409211993e-05,0.002108887070789933,-0.02460360899567604,0.005669797770678997,0.09755419194698334,9.0,1.0,0.0,0.0,0.0010322025045752525,-2.60770320892334e-08,nan,0.001908978447318077,-0.055822357535362244,0.23715391755104065,-0.012200619094073772,0.10620754212141037,0.09807681292295456,0.03950914368033409,-0.089626744389534,-0.020454823970794678,0.08689962327480316,-0.004470637533813715,0.03891732171177864,0.03593800216913223,0.014477221295237541,-0.03284166753292084,-0.10416115820407867,0.4144055247306824,-0.03089718334376812,0.14642676711082458,0.19511210918426514,0.16973593831062317,-0.1799597293138504,0.00442087696865201,-0.001228485954925418,-0.004267801530659199,-0.0010331348748877645,-0.0007397410809062421,5.678878369508311e-05,0.0004777555586770177,0.14075054228305817,-0.4142533242702484,0.00135745108127594,-0.15694232285022736,-0.2406526505947113,-0.07913143187761307,0.1927764117717743,0.03658938407897949,0.00015220791101455688,-0.02953973226249218,-0.010515555739402771,-0.04554053768515587,0.0906045064330101,0.012816683389246464,0.03658938407897949,0.00015220791101455688,-0.02953973226249218,-0.010515555739402771,-0.04554053768515587,0.0906045064330101,0.012816683389246464,0.03731939569115639,-0.0013769592624157667,-0.029469769448041916,-0.01079610176384449,-0.04691225290298462,0.08990428596735,0.013989702798426151
22.674,0.001073506660759449,0.001073506660759449,nan,nan,nan,nan,-0.06291144341230392,0.0,0.0006469906074926257,0.17977596819400787,0.0,0.0,0.0,0.0,0.0020000000949949026,0.01899999938905239,64.0,0.15251566469669342,1.2276805639266968,0.04287809133529663,15.063508987426758,-0.000755203072912991,0.0001604671124368906,0.0015626607928425074,0.0,-0.15051715075969696,0.006564137991517782,0.0777769386768341,9.0,1.0,0.0,0.0,0.0010735085234045982,1.862645149230957e-09,nan,0.0008128233021125197,-0.055822357535362244,0.23715391755104065,-0.012200619094073772,0.10620754212141037,0.09807681292295456,0.03950914368033409,-0.089626744389534,-0.043702658265829086,0.18566498160362244,-0.009551719762384892,0.08314862102270126,0.07678316533565521,0.03093123994767666,-0.07016770541667938,-0.0970970019698143,0.400570273399353,-0.024673836305737495,0.16276666522026062,0.17573383450508118,0.1094837561249733,-0.16129691898822784,0.004308296367526054,-0.001227828674018383,-0.0041538383811712265,-0.0010281660361215472,-0.0007473803707398474,5.424252594821155e-05,0.00048288621474057436,0.12737351655960083,-0.3978322148323059,-0.0007774755358695984,-0.18520291149616241,-0.24361379444599152,-0.01021505892276764,0.18771812319755554,0.03027651645243168,0.0027380604296922684,-0.025451311841607094,-0.022436250001192093,-0.06787995994091034,0.09926869720220566,0.026421211659908295,0.03027651645243168,0.0027380604296922684,-0.025451311841607094,-0.022436250001192093,-0.06787995994091034,0.09926869720220566,0.026421211659908295,0.03027651645243168,0.0027380604296922684,-0.025451311841607094,-0.022436250001192093,-0.06787995994091034,0.09926869720220566,0.026421211659908295
22.735,0.0010235672816634178,0.0010235672816634178,nan,nan,nan,nan,-0.07238465547561646,0.0,0.0011401122901588678,0.17904123663902283,0.0,0.0,0.0,0.0,0.009999999776482582,0.020999999716877937,64.0,0.15265852212905884,0.4885345697402954,0.00798795372247696,13.414691925048828,9.581289486959577e-05,-0.00025555159663781524,0.0007887478568591177,0.0,-0.3382398784160614,0.007219349965453148,0.08659352362155914,9.0,1.0,0.0,0.0,0.001023552380502224,-1.4901161193847656e-08,nan,0.0008769652922637761,-0.055822357535362244,0.23715391755104065,-0.012200619094073772,0.10620754212141037,0.09807681292295456,0.03950914368033409,-0.089626744389534,-0.06773252040147781,0.2877526581287384,-0.014803722500801086,0.12886780500411987,0.11900230497121811,0.0479387491941452,-0.10874934494495392,-0.10910932719707489,0.4589318633079529,-0.025179162621498108,0.1991138756275177,0.19368232786655426,0.09295228868722916,-0.17726671695709229,0.004494800232350826,-0.0012313503539189696,-0.00433938205242157,-0.0010300453286617994,-0.0007532286690548062,5.1586783229140565e-05,0.00048742268700152636,0.1422984004020691,-0.46223142743110657,0.002589680254459381,-0.2230330854654312,-0.2906789481639862,-0.008692100644111633,0.22357501089572906,0.0331890732049942,-0.0032995608635246754,-0.022589482367038727,-0.023919204249978065,-0.09699662029743195,0.08426018804311752,0.04630829766392708,0.0331890732049942,-0.0032995608635246754,-0.022589482367038727,-0.023919204249978065,-0.09699662029743195,0.08426018804311752,0.04630829766392708,0.0331890732049942,-0.0032995608635246754,-0.022589482367038727,-0.023919204249978065,-0.09699662029743195,0.08426018804311752,0.04630829766392708
22.831000000000003,0.0009065037593245506,0.0009065037593245506,nan,nan,nan,nan,-0.08321551978588104,1.0,-4.71482053399086e-09,0.17911861836910248,0.0,0.0,0.0,0.0,0.0010000000474974513,0.01899999938905239,64.0,0.15235206484794617,3.4119300842285156,0.017950311303138733,11.177306175231934,-0.0004474688903428614,-0.0008723075734451413,-0.0004248433979228139,0.0,-0.24005070328712463,0.008570142090320587,0.0673660859465599,9.0,1.0,0.0,0.0,0.0009064925834536552,-1.1175870895385742e-08,nan,0.0007402190240100026,-0.052427325397729874,0.2402980476617813,-0.011324303224682808,0.07827035337686539,0.06424403935670853,0.12393271923065186,-0.06137688085436821,-0.07484646886587143,0.3430550694465637,-0.016166837885975838,0.1117405816912651,0.09171628952026367,0.17692923545837402,-0.08762305974960327,-0.11955645680427551,0.5203791260719299,-0.026617340743541718,0.20590274035930634,0.18790067732334137,0.1634742170572281,-0.17403964698314667,0.004686201922595501,-0.0012347925221547484,-0.004532481078058481,-0.0010317278793081641,-0.0007575061754323542,4.728678322862834e-05,0.00048764076200313866,0.15380345284938812,-0.5202218890190125,0.0028361529111862183,-0.23593217134475708,-0.30575355887413025,-0.06701115518808365,0.23229283094406128,0.03424699231982231,0.00015722215175628662,-0.0237811878323555,-0.03002943843603134,-0.11785287410020828,0.09646306186914444,0.058253176510334015,0.03424699231982231,0.00015722215175628662,-0.0237811878323555,-0.03002943843603134,-0.11785287410020828,0.09646306186914444,0.058253176510334015,0.034545108675956726,-0.00044818082824349403,-0.023763075470924377,-0.03012995421886444,-0.11839921772480011,0.09616007655858994,0.058718450367450714
22.950000000000003,0.0008979765698313713,0.0008979765698313713,nan,nan,nan,nan,-0.07451055198907852,1.0,0.000612956820987165,0.17756518721580505,0.0,0.0,0.0,0.0,0.0010000000474974513,0.035999998450279236,64.0,0.15215501189231873,1.1584534645080566,0.014610588550567627,9.573162078857422,0.00045809417497366667,-4.0567698306404054e-05,0.00011429494770709425,0.001029991079121828,-0.36580953001976013,0.01154597569257021,0.12725724279880524,9.0,1.0,0.0,0.0,0.000897957943379879,-1.862645149230957e-08,nan,0.0010183609556406736,-0.05217684432864189,0.21933120489120483,-0.011664608493447304,0.12262186408042908,0.11557897925376892,-0.029838528484106064,-0.0987439975142479,-0.03393704444169998,0.14265815913677216,-0.007586934603750706,0.07975613325834274,0.07517527788877487,-0.01940767839550972,-0.06422540545463562,-0.10716651380062103,0.46899229288101196,-0.023658743128180504,0.20022672414779663,0.18053381145000458,0.10838790237903595,-0.16244812309741974,0.004715338349342346,-0.0012357673840597272,-0.004563582129776478,-0.0010318475542590022,-0.0007593127083964646,4.3637221097014844e-05,0.00048797836643643677,0.15654534101486206,-0.477609246969223,4.360266029834747e-05,-0.23504044115543365,-0.3462240695953369,0.0019522160291671753,0.2594708204269409,0.04937882348895073,-0.00861695408821106,-0.023615140467882156,-0.034813717007637024,-0.16569024324417114,0.11034011840820312,0.09702271223068237,0.04937882348895073,-0.00861695408821106,-0.023615140467882156,-0.034813717007637024,-0.16569024324417114,0.11034011840820312,0.09702271223068237,0.04937882348895073,-0.00861694198101759,-0.023615140467882156,-0.03481370210647583,-0.16569024324417114,0.11034010350704193,0.09702271223068237
23.034,0.0009574508294463158,0.0009574508294463158,nan,nan,nan,nan,-0.07439585775136948,1.0,-4.819594323635101e-08,0.1762797236442566,0.0,0.0,0.0,0.0,0.0,0.01899999938905239,64.0,0.15211521089076996,2.6538548469543457,0.01538451761007309,13.789464950561523,0.0019702506251633167,0.00040185474790632725,-0.0015684440732002258,0.0007629983010701835,-0.5580127835273743,0.009475503116846085,0.15104778110980988,9.0,1.0,0.0,0.0,0.0009574340656399727,-1.6763806343078613e-08,nan,0.0035473734606057405,-0.05217684432864189,0.21933120489120483,-0.011664608493447304,0.12262186408042908,0.11557897925376892,-0.029838528484106064,-0.0987439975142479,-0.06750645488500595,0.28377094864845276,-0.015091681852936745,0.158648282289505,0.14953620731830597,-0.03860512003302574,-0.1277550756931305,-0.10823047161102295,0.46132931113243103,-0.02409287542104721,0.23658259212970734,0.22017407417297363,-0.003486327826976776,-0.1909303218126297,0.004580216016620398,-0.0012392648495733738,-0.0044270046055316925,-0.001025918871164322,-0.0007726775365881622,3.377469693077728e-05,0.0004968721768818796,0.1611030101776123,-0.4724445044994354,0.004274047911167145,-0.2312120795249939,-0.36712974309921265,0.015754051506519318,0.27983665466308594,0.05287253111600876,-0.011115193367004395,-0.019818827509880066,0.00537051260471344,-0.146955668926239,0.012267723679542542,0.08890631794929504,0.05287253111600876,-0.011115193367004395,-0.019818827509880066,0.00537051260471344,-0.146955668926239,0.012267723679542542,0.08890631794929504,0.05581329017877579,-0.017291439697146416,-0.019530078396201134,0.004435330629348755,-0.15249647200107574,0.008928857743740082,0.09361575543880463
23.127000000000002,0.0010084258392453194,0.0010084258392453194,nan,nan,nan,nan,-0.08546558022499084,1.0,-3.2421667128801346e-08,0.17654171586036682,0.0,0.0,0.0,0.0,0.009999999776482582,0.024000000208616257,64.0,0.15183214843273163,0.48963817954063416,0.008824281394481659,11.883522033691406,0.0008108973852358758,0.0006583972135558724,-0.0001525325933471322,0.0008121909340843558,-0.513981819152832,0.0059985388070344925,0.15270070731639862,9.0,1.0,0.0,0.0,0.0010084128007292747,-1.30385160446167e-08,nan,0.002700048265978694,-0.05217684432864189,0.21933120489120483,-0.011664608493447304,0.12262186408042908,0.11557897925376892,-0.029838528484106064,-0.0987439975142479,-0.09587404131889343,0.4030172526836395,-0.0214335136115551,0.22531552612781525,0.21237435936927795,-0.05482777580618858,-0.18144036829471588,-0.12793132662773132,0.5401623845100403,-0.02856157347559929,0.2939896881580353,0.2760465741157532,-0.05125827342271805,-0.23689809441566467,0.004159736912697554,-0.0012429598718881607,-0.0040040756575763226,-0.0010224684374406934,-0.0007845989312045276,2.8141097573097795e-05,0.0005054972716607153,0.15613779425621033,-0.5425642132759094,0.007908858358860016,-0.2917216122150421,-0.3765658438205719,0.04081488400697708,0.2802068591117859,0.028206463903188705,-0.0024018138647079468,-0.020652715116739273,0.002268075942993164,-0.10051926970481873,-0.010443389415740967,0.04330875724554062,0.028206463903188705,-0.0024018138647079468,-0.020652715116739273,0.002268075942993164,-0.10051926970481873,-0.010443389415740967,0.04330875724554062,0.02988382987678051,-0.006033826153725386,-0.020431574434041977,0.001732219010591507,-0.10376150906085968,-0.012456398457288742,0.04606001451611519
23.258000000000003,0.001018480397760868,0.001018480397760868,nan,nan,nan,nan,-0.0963328406214714,0.0,0.00045319355558604,0.1768391877412796,0.0,0.0,0.0,0.0,0.017000000923871994,0.010999999940395355,64.0,0.15163302421569824,0.8162623047828674,0.013733282685279846,12.621793746948242,-0.0004318366991356015,0.000398940232116729,0.0012839704286307096,0.0,-0.3936673700809479,0.004152222070842981,0.11005222797393799,9.0,1.0,0.0,0.0,0.0010184673592448235,-1.30385160446167e-08,nan,0.0010594922350719571,-0.05635055527091026,0.23585596680641174,-0.010183821432292461,0.0710330605506897,0.06787575036287308,0.12711937725543976,-0.07266855984926224,-0.09674762189388275,0.40493839979171753,-0.01748448610305786,0.12195583432912827,0.11653508991003036,0.21824978291988373,-0.12476380914449692,-0.14680403470993042,0.6172876954078674,-0.03105081617832184,0.29783129692077637,0.28098735213279724,0.04025894030928612,-0.2511327266693115,0.004025120288133621,-0.0012496402487158775,-0.0038696371484547853,-0.0010266947792842984,-0.0007955742767080665,2.605213740025647e-05,0.0005101630813442171,0.15530943870544434,-0.6124541759490967,0.008237095549702644,-0.3103734254837036,-0.358273446559906,-0.03997798636555672,0.26336780190467834,0.008505407720804214,0.00483352318406105,-0.022813720628619194,-0.01254212111234665,-0.07728609442710876,0.00028095394372940063,0.012235080823302269,0.008505407720804214,0.00483352318406105,-0.022813720628619194,-0.01254212111234665,-0.07728609442710876,0.00028095394372940063,0.012235080823302269,0.008505407720804214,0.00483352318406105,-0.022813720628619194,-0.01254212111234665,-0.07728609442710876,0.00028095394372940063,0.012235080823302269
23.359,0.0010091951116919518,0.0010091951116919518,nan,nan,nan,nan,-0.06531509757041931,0.0,0.0005712117999792099,0.17426246404647827,0.0,0.0,0.0,0.0,0.00800000037997961,0.017000000923871994,64.0,0.15217827260494232,1.2808544635772705,0.015202909708023071,14.83780574798584,-0.0005341512151062489,-0.00020920272800140083,0.0008961602579802275,0.0,-0.2468494325876236,0.0031510062981396914,0.08231649547815323,9.0,1.0,0.0,0.0,0.0010091764852404594,-1.862645149230957e-08,nan,0.0008455449715256691,-0.05226605758070946,0.1716943234205246,-0.013724954798817635,0.11218642443418503,0.15757527947425842,-0.05907763913273811,-0.12920919060707092,-0.04819732904434204,0.15832853317260742,-0.012656515464186668,0.10345310717821121,0.14530859887599945,-0.05447865277528763,-0.11915071308612823,-0.1148352324962616,0.4329736828804016,-0.02705984376370907,0.23935683071613312,0.2795056998729706,-0.04468907415866852,-0.23774601519107819,0.00435301149263978,-0.0012489643413573503,-0.004196415655314922,-0.001020029536448419,-0.0007941122748889029,1.2837137546739541e-05,0.0005103271105326712,0.12299541383981705,-0.42683935165405273,0.005162008106708527,-0.23560702800750732,-0.33211010694503784,0.020197881385684013,0.2351442128419876,0.0081601832062006,0.006134325638413429,-0.02189783565700054,0.0037498045712709427,-0.05260440334677696,-0.024491192772984505,-0.0026018049102276564,0.0081601832062006,0.006134325638413429,-0.02189783565700054,0.0037498045712709427,-0.05260440334677696,-0.024491192772984505,-0.0026018049102276564,0.0081601832062006,0.006134325638413429,-0.02189783565700054,0.0037498045712709427,-0.05260440334677696,-0.024491192772984505,-0.0026018049102276564
23.421,0.0009391391649842262,0.0009391391649842262,nan,nan,nan,nan,-0.06058065593242645,0.0,0.00013672030763700604,0.17311328649520874,0.0,0.0,0.0,0.0,0.0020000000949949026,0.023000000044703484,64.0,0.15265291929244995,0.9540440440177917,0.03177672624588013,16.483736038208008,-0.0006965549546293914,-0.0006138874450698495,0.00021938781719654799,0.0,0.5733997225761414,0.004587768577039242,0.06265974789857864,9.0,1.0,0.0,0.0,0.0009391335770487785,-5.587935447692871e-09,nan,0.0007085119723342359,-0.05226605758070946,0.1716943234205246,-0.013724954798817635,0.11218642443418503,0.15757527947425842,-0.05907763913273811,-0.12920919060707092,-0.07565585523843765,0.24852997064590454,-0.01986706629395485,0.16239142417907715,0.22809243202209473,-0.08551571518182755,-0.18703213334083557,-0.11774413287639618,0.4072663187980652,-0.029782157391309738,0.2501121163368225,0.3304777145385742,-0.10182274878025055,-0.2741294205188751,0.004686783067882061,-0.00124548957683146,-0.004531580489128828,-0.0010167468572035432,-0.0007872626883909106,9.08312176761683e-06,0.0005058450624346733,0.11860137432813644,-0.39686423540115356,0.004178004339337349,-0.22370295226573944,-0.31944379210472107,0.03332545608282089,0.22783102095127106,0.0008572395890951157,0.010402068495750427,-0.02560415305197239,0.02640916034579277,0.011033921502530575,-0.06849729269742966,-0.046298399567604065,0.0008572395890951157,0.010402068495750427,-0.02560415305197239,0.02640916034579277,0.011033921502530575,-0.06849729269742966,-0.046298399567604065,0.0008572395890951157,0.010402068495750427,-0.02560415305197239,0.02640916034579277,0.011033921502530575,-0.06849729269742966,-0.046298399567604065
23.523000000000003,0.0008372338488698006,0.0008372338488698006,nan,nan,nan,nan,-0.06626538932323456,1.0,-2.270098775625229e-08,0.17370808124542236,0.0,0.0,0.0,0.0,0.017999999225139618,0.014000000432133675,64.0,0.15312060713768005,0.7442142963409424,0.013362616300582886,13.578695297241211,0.0009870674693956971,-0.0008997027180157602,-0.0018867929466068745,-0.0020469138398766518,0.5777023434638977,0.00786359142512083,0.07210959494113922,9.0,1.0,0.0,0.0,0.0008372245356440544,-9.313225746154785e-09,nan,0.0018770991591736674,-0.05226605758070946,0.1716943234205246,-0.013724954798817635,0.11218642443418503,0.15757527947425842,-0.05907763913273811,-0.12920919060707092,-0.08806270360946655,0.2892865240573883,-0.02312507852911949,0.18902209401130676,0.26549744606018066,-0.09953948855400085,-0.21770362555980682,-0.12919612228870392,0.43338993191719055,-0.03342790901660919,0.27616408467292786,0.37876248359680176,-0.13232171535491943,-0.3119575083255768,0.005075146444141865,-0.0012456137919798493,-0.004921087995171547,-0.001021792646497488,-0.0007803905173204839,9.678054993855767e-06,0.0005010796594433486,0.13597235083580017,-0.4294044077396393,0.00292317196726799,-0.22546100616455078,-0.3352646231651306,0.01023866981267929,0.24509820342063904,0.006776226684451103,0.0039855316281318665,-0.030504737049341202,0.050703078508377075,0.04349787160754204,-0.12208304554224014,-0.06685931235551834,0.006776226684451103,0.0039855316281318665,-0.030504737049341202,0.050703078508377075,0.04349787160754204,-0.12208304554224014,-0.06685931235551834,0.008067905902862549,0.0014440976083278656,-0.030465202406048775,0.050364673137664795,0.0412873812019825,-0.12358853220939636,-0.06499478965997696
23.651000000000003,0.0009712381288409233,0.0009712381288409233,nan,nan,nan,nan,-0.04459720104932785,1.0,-7.334165275096893e-09,0.17460721731185913,0.0,0.0,0.0,0.0,0.014999999664723873,0.019999999552965164,64.0,0.15467381477355957,3.55492901802063,0.015148892998695374,13.844541549682617,-0.0005678375018760562,0.000920178834348917,0.001488009002059698,0.004385877400636673,0.7690980434417725,0.009753813035786152,0.09992741048336029,9.0,1.0,0.0,0.0,0.0009712306782603264,-7.450580596923828e-09,nan,0.0011372279841452837,-0.055075015872716904,0.15436404943466187,-0.01755913905799389,0.09457596391439438,0.1771446317434311,-0.03724972531199455,-0.1453195959329605,-0.023612625896930695,0.06618138402700424,-0.007528230547904968,0.04054809361696243,0.07594823092222214,-0.01597028784453869,-0.062303703278303146,-0.09763560444116592,0.301314115524292,-0.028041481971740723,0.1899777352809906,0.3007112145423889,-0.0864853784441948,-0.24697822332382202,0.005158260930329561,-0.0012479698052629828,-0.005002330057322979,-0.0010322652524337173,-0.0007735350518487394,1.9778466594289057e-05,0.0004965544794686139,0.08932200819253922,-0.2861298620700836,-0.0066766515374183655,-0.14095161855220795,-0.20057043433189392,-0.025381319224834442,0.13819728791713715,-0.008313593454658985,0.015184242278337479,-0.03471813350915909,0.04902612045407295,0.1001407727599144,-0.11186669766902924,-0.10878093540668488,-0.008313593454658985,0.015184242278337479,-0.03471813350915909,0.04902612045407295,0.1001407727599144,-0.11186669766902924,-0.10878093540668488,-0.007865436375141144,0.014290031045675278,-0.03469791263341904,0.048901282250881195,0.09936483949422836,-0.11237519234418869,-0.1081283912062645
23.729999999999997,0.0010063843801617622,0.0010063843801617622,nan,nan,nan,nan,-0.04313560202717781,0.0,0.0009015805553644896,0.17525340616703033,0.0,0.0,0.0,0.0,0.010999999940395355,0.007000000216066837,64.0,0.15544962882995605,1.170971393585205,0.04043709486722946,34.4093132019043,0.003104776842519641,0.0005130460485816002,-0.0016901502385735512,0.0,0.5411416292190552,0.010259352624416351,0.12512685358524323,9.0,1.0,0.0,0.0,0.00100636575371027,-1.862645149230957e-08,nan,0.004111763089895248,-0.055075015872716904,0.15436404943466187,-0.01755913905799389,0.09457596391439438,0.1771446317434311,-0.03724972531199455,-0.1453195959329605,-0.03916895389556885,0.10978259891271591,-0.012487933039665222,0.06726174056529999,0.12598398327827454,-0.026491735130548477,-0.10335024446249008,-0.09360641241073608,0.2738332450389862,-0.028563395142555237,0.16999918222427368,0.2955504059791565,-0.0717926099896431,-0.24257397651672363,0.005119538865983486,-0.0012464196188375354,-0.00496204337105155,-0.0010312972590327263,-0.0007740808068774641,2.3604448870173655e-05,0.0004965300904586911,0.11559620499610901,-0.2858535051345825,-0.0033022575080394745,-0.0972815603017807,-0.22604668140411377,-0.0871928259730339,0.1714209020137787,0.021989792585372925,-0.012020260095596313,-0.03186565265059471,0.07271762192249298,0.06950372457504272,-0.158985435962677,-0.07115306705236435,0.021989792585372925,-0.012020260095596313,-0.03186565265059471,0.07271762192249298,0.06950372457504272,-0.158985435962677,-0.07115306705236435,0.021989792585372925,-0.012020260095596313,-0.03186565265059471,0.07271762192249298,0.06950372457504272,-0.158985435962677,-0.07115306705236435
23.813000000000002,0.0010208571329712868,0.0010208571329712868,nan,nan,nan,nan,-0.04493175074458122,1.0,-6.635673344135284e-08,0.17731685936450958,0.0,0.0,0.0,0.0,0.012000000104308128,0.019999999552965164,64.0,0.1567062884569168,1.3086963891983032,0.014677643775939941,11.698070526123047,0.002545831957831979,0.00045917928218841553,-0.0020867190323770046,0.00096932053565979,0.6204044222831726,0.010219020769000053,0.18888133764266968,9.0,1.0,0.0,0.0,0.0010208571329712868,0.0,nan,0.004493333399295807,-0.055075015872716904,0.15436404943466187,-0.01755913905799389,0.09457596391439438,0.1771446317434311,-0.03724972531199455,-0.1453195959329605,-0.04861290752887726,0.13625207543373108,-0.015498875640332699,0.08347909897565842,0.1563597470521927,-0.03287911042571068,-0.12826883792877197,-0.09882571548223495,0.28171104192733765,-0.030980795621871948,0.17351564764976501,0.3155902326107025,-0.07033178955316544,-0.2589423954486847,0.005299066659063101,-0.0012500324519351125,-0.005139342974871397,-0.0010435136500746012,-0.0007677430985495448,3.520162499626167e-05,0.0004931286675855517,0.11347565054893494,-0.28298503160476685,-0.00306900218129158,-0.10324975848197937,-0.22246599197387695,-0.07027726620435715,0.17043155431747437,0.01464993879199028,-0.001274004578590393,-0.03404979780316353,0.07026588916778564,0.09312424063682556,-0.14060905575752258,-0.08851084113121033,0.01464993879199028,-0.001274004578590393,-0.03404979780316353,0.07026588916778564,0.09312424063682556,-0.14060905575752258,-0.08851084113121033,0.01805056631565094,-0.007836449891328812,-0.034021925181150436,0.06929315626621246,0.08742295950651169,-0.1441226303577423,-0.08372834324836731
23.874000000000002,0.001100960187613964,0.001100960187613964,nan,nan,nan,nan,-0.04413015767931938,1.0,-5.0873495638370514e-08,0.1781943291425705,0.0,0.0,0.0,0.0,0.017999999225139618,0.02500000037252903,64.0,0.15775887668132782,1.5483769178390503,0.016237609088420868,13.430838584899902,0.0018909311620518565,0.0008586695184931159,-0.001032312517054379,0.002386122941970825,0.672095775604248,0.010257442481815815,0.18186958134174347,9.0,1.0,0.0,0.0,0.0011009396985173225,-2.0489096641540527e-08,nan,0.004317125305533409,-0.060037773102521896,0.17447273433208466,-0.02102690562605858,0.08137231320142746,0.16690374910831451,0.01974204182624817,-0.143682062625885,-0.01579999551177025,0.045915570110082626,-0.005533600226044655,0.021414555609226227,0.04392365738749504,0.005195465870201588,-0.03781246021389961,-0.09846459329128265,0.2796870470046997,-0.03175373002886772,0.1640409529209137,0.3079336881637573,-0.04981110244989395,-0.2546652853488922,0.005351935513317585,-0.0012509034713730216,-0.005190801806747913,-0.0010507284896448255,-0.0007651876658201218,4.541606904240325e-05,0.000490748614538461,0.10894203931093216,-0.27748557925224304,-0.0048292577266693115,-0.09884238988161087,-0.1998203992843628,-0.0749824121594429,0.1539507806301117,0.010477445088326931,0.002201467752456665,-0.03658298775553703,0.06519856303930283,0.10811329632997513,-0.12479351460933685,-0.10071450471878052,0.010477445088326931,0.002201467752456665,-0.03658298775553703,0.06519856303930283,0.10811329632997513,-0.12479351460933685,-0.10071450471878052,0.013051861897110939,-0.0027686050161719322,-0.0365607924759388,0.0644417554140091,0.10377923399209976,-0.12737195193767548,-0.0970822125673294
23.973999999999997,0.001275702379643917,0.001275702379643917,nan,nan,nan,nan,-0.04052677005529404,1.0,-3.8533471524715424e-08,0.17940634489059448,0.0,0.0,0.0,0.0,0.014999999664723873,0.019999999552965164,64.0,0.15895171463489532,1.394113540649414,0.013267621397972107,14.02916431427002,2.5202170945703983e-05,0.0017759761540219188,0.00175073544960469,0.0035011209547519684,0.7532610297203064,0.00907744187861681,0.21153555810451508,9.0,1.0,0.0,0.0,0.001275693066418171,-9.313225746154785e-09,nan,0.0035132220946252346,-0.060037773102521896,0.17447273433208466,-0.02102690562605858,0.08137231320142746,0.16690374910831451,0.01974204182624817,-0.143682062625885,-0.031480737030506134,0.09148457646369934,-0.011025434359908104,0.04266747832298279,0.08751578629016876,0.010351717472076416,-0.07533952593803406,-0.09253008663654327,0.26608625054359436,-0.03121747449040413,0.13872753083705902,0.2721233367919922,-0.005356540437787771,-0.2297234684228897,0.005092170089483261,-0.0012536566937342286,-0.004925849847495556,-0.0010533544700592756,-0.0007699382258579135,5.399217479862273e-05,0.0004960282822139561,0.09041650593280792,-0.25263941287994385,-0.005185011774301529,-0.09382712841033936,-0.15771284699440002,-0.068986676633358,0.12008842825889587,-0.0021135807037353516,0.013446822762489319,-0.03640248626470566,0.044900402426719666,0.11441048979759216,-0.07434321939945221,-0.10963504016399384,-0.0021135807037353516,0.013446822762489319,-0.03640248626470566,0.044900402426719666,0.11441048979759216,-0.07434321939945221,-0.10963504016399384,-0.00019989232532680035,0.009673637337982655,-0.03635130450129509,0.044303905218839645,0.11112187802791595,-0.07622049748897552,-0.10688425600528717
24.057000000000002,0.0013326788321137428,0.0013326788321137428,nan,nan,nan,nan,-0.04122888296842575,0.0,4.656612873077393e-10,0.17999409139156342,0.0,0.0,0.0,0.0,0.012000000104308128,0.019999999552965164,64.0,0.16078045964241028,1.63959801197052,0.0154934823513031,9.898111343383789,-0.0022681038826704025,0.0010020311456173658,0.0032701354939490557,0.0,0.8380576968193054,0.008762584067881107,0.16568425297737122,9.0,1.0,0.0,0.0,0.0013326657935976982,-1.30385160446167e-08,nan,0.001561286044307053,-0.060037773102521896,0.17447273433208466,-0.02102690562605858,0.08137231320142746,0.16690374910831451,0.01974204182624817,-0.143682062625885,-0.047150250524282455,0.13702094554901123,-0.016513334587216377,0.06390517950057983,0.13107670843601227,0.015504276379942894,-0.1128397136926651,-0.09837137907743454,0.28470540046691895,-0.03395882993936539,0.13885514438152313,0.27965134382247925,0.01749490201473236,-0.23885895311832428,0.005052727647125721,-0.0012551547260954976,-0.004881771747022867,-0.0010586997959762812,-0.0007705254829488695,6.52107919449918e-05,0.0004963602987118065,0.08767334371805191,-0.2600967586040497,-0.003448639065027237,-0.10958543419837952,-0.1632297784090042,-0.047504227608442307,0.1236082911491394,-0.01069803535938263,0.024608628824353218,-0.037407469004392624,0.029269712045788765,0.11642156541347504,-0.030009325593709946,-0.11525066196918488,-0.01069803535938263,0.024608628824353218,-0.037407469004392624,0.029269712045788765,0.11642156541347504,-0.030009325593709946,-0.11525066196918488,-0.01069803535938263,0.024608628824353218,-0.037407469004392624,0.029269712045788765,0.11642156541347504,-0.030009325593709946,-0.11525066196918488
24.125999999999998,0.0012016138061881065,0.0012016138061881065,nan,nan,nan,nan,-0.04852621257305145,1.0,-5.005858838558197e-08,0.18015918135643005,0.0,0.0,0.0,0.0,0.012000000104308128,0.019999999552965164,64.0,0.16180941462516785,0.8098464608192444,0.013925135135650635,16.067428588867188,0.0003696542698889971,-0.0007247481262311339,-0.0010944524547085166,-0.0031769275665283203,0.7148258090019226,0.006979190744459629,0.18241891264915466,9.0,1.0,0.0,0.0,0.0012016044929623604,-9.313225746154785e-09,nan,0.0033758110366761684,-0.060037773102521896,0.17447273433208466,-0.02102690562605858,0.08137231320142746,0.16690374910831451,0.01974204182624817,-0.143682062625885,-0.05836126580834389,0.1696007251739502,-0.020439745858311653,0.07910005748271942,0.1622430980205536,0.01919076219201088,-0.13966985046863556,-0.1085248738527298,0.31489285826683044,-0.03780292719602585,0.14939089119434357,0.30427050590515137,0.02950168214738369,-0.2611522674560547,0.005479338578879833,-0.0012533002300187945,-0.00531024020165205,-0.001069088582880795,-0.000760028138756752,7.496759644709527e-05,0.0004889416159130633,0.11931147426366806,-0.3039192259311676,-0.004347115755081177,-0.11280277371406555,-0.21661429107189178,-0.06776046007871628,0.17026789486408234,0.010786603204905987,0.010973624885082245,-0.042150042951107025,0.036588117480278015,0.08765621483325958,-0.03825877606868744,-0.09088437259197235,0.010786603204905987,0.010973624885082245,-0.042150042951107025,0.036588117480278015,0.08765621483325958,-0.03825877606868744,-0.09088437259197235,0.01348990760743618,0.0060380008071660995,-0.04228108003735542,0.035783637315034866,0.08330030739307404,-0.04056750237941742,-0.08724882453680038
24.198,0.0011036945506930351,0.0011036945506930351,nan,nan,nan,nan,-0.05299787223339081,0.0,-1.1641532182693481e-10,0.17991097271442413,0.0,0.0,0.0,0.0,0.013000000268220901,0.010999999940395355,64.0,0.16317862272262573,1.040189504623413,0.14771056175231934,9.743756294250488,-0.0010895953746512532,-0.0009696624474599957,0.00011993281077593565,0.0,0.7852990031242371,0.007686922792345285,0.13924568891525269,9.0,1.0,0.0,0.0,0.001103685237467289,-9.313225746154785e-09,nan,0.001310721505433321,-0.060037773102521896,0.17447273433208466,-0.02102690562605858,0.08137231320142746,0.16690374910831451,0.01974204182624817,-0.143682062625885,-0.07468701153993607,0.2170441448688507,-0.026157477870583534,0.10122718662023544,0.2076283097267151,0.024559106677770615,-0.17874053120613098,-0.1219371110200882,0.35415616631507874,-0.04262155294418335,0.16621096432209015,0.34003737568855286,0.037561628967523575,-0.29240575432777405,0.006413095165044069,-0.0012449108762666583,-0.006250473205000162,-0.001075408305041492,-0.0007358588045462966,7.903514779172838e-05,0.00047076240298338234,0.13201254606246948,-0.3374857008457184,-0.007790759205818176,-0.13821686804294586,-0.24376535415649414,-0.05076705291867256,0.1899932622909546,0.010075435042381287,0.016670459881424904,-0.050412312150001526,0.02799409069120884,0.09627202153205872,-0.013205423019826412,-0.10241249948740005,0.010075435042381287,0.016670459881424904,-0.050412312150001526,0.02799409069120884,0.09627202153205872,-0.013205423019826412,-0.10241249948740005,0.010075435042381287,0.016670459881424904,-0.050412312150001526,0.02799409069120884,0.09627202153205872,-0.013205423019826412,-0.10241249948740005
24.304000000000002,0.0011073341593146324,0.0011073341593146324,nan,nan,nan,nan,-0.049294326454401016,0.0,0.00023192533990368247,0.17943218350410461,0.0,0.0,0.0,0.0,0.017999999225139618,0.026000000536441803,64.0,0.1641443818807602,1.1175684928894043,0.014817342162132263,9.181845664978027,0.0004164045094512403,-0.00032973429188132286,-0.0005142134614288807,0.000983834732323885,0.5397325754165649,0.005226510111242533,0.1560489535331726,9.0,1.0,0.0,0.0,0.00110731553286314,-1.862645149230957e-08,nan,0.0026195133104920387,-0.06284690648317337,0.21494697034358978,-0.01703263819217682,0.0747525542974472,0.12040874361991882,0.0804455429315567,-0.11401867866516113,-0.027816347777843475,0.09513658285140991,-0.0075387293472886086,0.03308584541082382,0.05329350009560585,0.03560559079051018,-0.05046522617340088,-0.10009605437517166,0.31778866052627563,-0.030866388231515884,0.1273261308670044,0.23332786560058594,0.08184599876403809,-0.20939266681671143,0.006595197133719921,-0.0012430307688191533,-0.0064336690120399,-0.0010784110054373741,-0.0007292329682968557,8.229105151258409e-05,0.0004650482442229986,0.1319027990102768,-0.3134429156780243,-0.02294214814901352,-0.10368099063634872,-0.18524909019470215,-0.0852883905172348,0.14521966874599457,0.03180674836039543,0.004345737397670746,-0.053808536380529404,0.02364514023065567,0.04807877540588379,-0.0034423917531967163,-0.06417299807071686,0.03180674836039543,0.004345737397670746,-0.053808536380529404,0.02364514023065567,0.04807877540588379,-0.0034423917531967163,-0.06417299807071686,0.03180674836039543,0.004345737397670746,-0.053808536380529404,0.02364514023065567,0.04807877540588379,-0.0034423917531967163,-0.06417299807071686
24.417,0.0012421710416674614,0.0012421710416674614,nan,nan,nan,nan,-0.05659041553735733,1.0,-9.66247171163559e-09,0.1784808188676834,0.0,0.0,0.0,0.0,0.01600000075995922,0.01600000075995922,64.0,0.16572605073451996,1.266826868057251,0.03962591290473938,10.34012222290039,-0.0016660866094753146,0.0007311864173971117,0.0023972634226083755,0.0031144588720053434,0.4348338842391968,0.00479497667402029,0.10302958637475967,9.0,1.0,0.0,0.0,0.001242159865796566,-1.1175870895385742e-08,nan,0.001635471940971911,-0.06284690648317337,0.21494697034358978,-0.01703263819217682,0.0747525542974472,0.12040874361991882,0.0804455429315567,-0.11401867866516113,-0.06154134124517441,0.21048171818256378,-0.016678806394338608,0.07319966703653336,0.11790740489959717,0.07877439260482788,-0.11165008693933487,-0.11206888407468796,0.3761756122112274,-0.031456463038921356,0.1356959342956543,0.2267594188451767,0.13003480434417725,-0.2113763391971588,0.006498756352812052,-0.0012456338154152036,-0.006333131343126297,-0.0010814660927280784,-0.0007349106017500162,8.917281229514629e-05,0.0004693176015280187,0.14240582287311554,-0.35973453521728516,-0.02177555114030838,-0.1364593654870987,-0.21667079627513885,-0.07164108753204346,0.16926223039627075,0.03033694252371788,0.016441084444522858,-0.053232014179229736,-0.000763431191444397,0.010088618844747543,0.05839371681213379,-0.04211410507559776,0.03033694252371788,0.016441084444522858,-0.053232014179229736,-0.000763431191444397,0.010088618844747543,0.05839371681213379,-0.04211410507559776,0.030880089849233627,0.015511499717831612,-0.053291622549295425,-0.0009068942163139582,0.00925478059798479,0.05796854943037033,-0.04142078384757042
24.494,0.001240820623934269,0.001240820623934269,nan,nan,nan,nan,-0.06773699074983597,1.0,0.0002811020240187645,0.1774446666240692,0.0,0.0,0.0,0.0,0.014999999664723873,0.019999999552965164,64.0,0.167060986161232,1.9250661134719849,0.01673959195613861,10.59500789642334,-0.002202461939305067,0.0001439146581105888,0.0026274786796420813,0.0,0.2637383043766022,0.006613689474761486,0.08092521876096725,9.0,1.0,0.0,0.0,0.0012408038601279259,-1.6763806343078613e-08,nan,0.0008354478632099926,-0.05440450832247734,0.23023441433906555,-0.014455611817538738,0.04526978358626366,0.05763145536184311,0.15612567961215973,-0.06385395675897598,-0.07309407740831375,0.30932679772377014,-0.019421543926000595,0.060821305960416794,0.07742957770824432,0.20975950360298157,-0.08578969538211823,-0.1219600960612297,0.45069482922554016,-0.03326282650232315,0.12998050451278687,0.2001137137413025,0.22207437455654144,-0.19578230381011963,0.006814477499574423,-0.0012464220635592937,-0.006647313479334116,-0.001081637805327773,-0.0007384262280538678,8.997212717076764e-05,0.00047149552847258747,0.16300934553146362,-0.43390992283821106,-0.024002518504858017,-0.14866846799850464,-0.23329883813858032,-0.11913229525089264,0.18156246840953827,0.04104924201965332,0.016784917563199997,-0.05726534500718117,-0.01868797093629837,-0.033185116946697235,0.1029420793056488,-0.01421983353793621,0.04104924201965332,0.016784917563199997,-0.05726534500718117,-0.01868797093629837,-0.033185116946697235,0.1029420793056488,-0.01421983353793621,0.04104924201965332,0.016784921288490295,-0.05726534500718117,-0.018687965348362923,-0.033185116946697235,0.1029420718550682,-0.01421983353793621
24.575000000000003,0.0010321373119950294,0.0010321373119950294,nan,nan,nan,nan,-0.07579242438077927,1.0,-3.5157427191734314e-08,0.175485298037529,0.0,0.0,0.0,0.0,-0.0010000000474974513,0.023000000044703484,64.0,0.16771790385246277,1.0904306173324585,0.015799887478351593,9.176236152648926,0.002099434146657586,-0.001511831651441753,-0.0036113010719418526,-0.0040082503110170364,-0.29090815782546997,0.012967322953045368,0.12319554388523102,9.0,1.0,0.0,0.0,0.0010321317240595818,-5.587935447692871e-09,nan,0.004163194913417101,-0.0610782653093338,0.23726776242256165,-0.007910528220236301,0.10035163164138794,0.09926394373178482,0.0410698726773262,-0.09110631793737411,-0.02399376593530178,0.09320741891860962,-0.00310754356905818,0.03942177817225456,0.03899449110031128,0.016133742406964302,-0.03578987717628479,-0.11986954510211945,0.47449982166290283,-0.029605906456708908,0.12655024230480194,0.16610607504844666,0.2510676085948944,-0.1677916795015335,0.007272433955222368,-0.0012447427725419402,-0.007108390796929598,-0.0010873463470488787,-0.0007313565583899617,9.007778135128319e-05,0.0004647472524084151,0.2403525561094284,-0.4910462498664856,-0.04545050486922264,-0.12873278558254242,-0.333950936794281,-0.16599154472351074,0.2663308084011078,0.12048301100730896,-0.01654641330242157,-0.07505641132593155,-0.0021825432777404785,-0.16784486174583435,0.08507606387138367,0.09853912889957428,0.12048301100730896,-0.01654641330242157,-0.07505641132593155,-0.0021825432777404785,-0.16784486174583435,0.08507606387138367,0.09853912889957428,0.1223452016711235,-0.0194669421762228,-0.07539103180170059,-0.0025914879515767097,-0.17050133645534515,0.08368486166000366,0.10074125975370407
24.642000000000003,0.0008897846564650536,0.0008897846564650536,nan,nan,nan,nan,-0.0643966868519783,1.0,-3.3178366720676422e-09,0.17533013224601746,0.0,0.0,0.0,0.0,0.01600000075995922,0.019999999552965164,64.0,0.16781562566757202,0.5799997448921204,0.008492730557918549,8.818965911865234,-0.00044165278086438775,-0.001772174728102982,-0.0013305252650752664,-0.002636946737766266,-0.22225594520568848,0.011807751841843128,0.06678280234336853,9.0,1.0,0.0,0.0,0.0008897697553038597,-1.4901161193847656e-08,nan,0.0007362517062574625,-0.0610782653093338,0.23726776242256165,-0.007910528220236301,0.10035163164138794,0.09926394373178482,0.0410698726773262,-0.09110631793737411,-0.042210888117551804,0.1639745831489563,-0.00546692730858922,0.06935252249240875,0.06860081851482391,0.02838318794965744,-0.06296312808990479,-0.10670562088489532,0.4182613790035248,-0.019783128052949905,0.14550559222698212,0.16126087307929993,0.14394091069698334,-0.15450309216976166,0.007866192609071732,-0.0012419153936207294,-0.007708188146352768,-0.0010909477714449167,-0.0007203086861409247,8.502430137014017e-05,0.0004554592305794358,0.19282019138336182,-0.4184954762458801,-0.04841162636876106,-0.18159838020801544,-0.30207300186157227,-0.011016979813575745,0.2238055318593979,0.0861145630478859,-0.00023408979177474976,-0.06819475442171097,-0.036092787981033325,-0.14081212878227234,0.1329239308834076,0.06930243968963623,0.0861145630478859,-0.00023408979177474976,-0.06819475442171097,-0.036092787981033325,-0.14081212878227234,0.1329239308834076,0.06930243968963623,0.08629142493009567,-0.000504977535456419,-0.06823017448186874,-0.03612939268350601,-0.14105911552906036,0.13279153406620026,0.06950677186250687
24.741999999999997,0.0009003831073641777,0.0009003831073641777,nan,nan,nan,nan,-0.06995926052331924,0.0,9.604264050722122e-10,0.17406588792800903,0.0,0.0,0.0,0.0,0.017000000923871994,0.02199999988079071,64.0,0.1675310879945755,6.440229892730713,0.028946436941623688,11.380277633666992,-0.0003259442455600947,-0.0005700432229787111,-0.00024409801699221134,0.0,-0.35854899883270264,0.011243791319429874,0.09622281044721603,9.0,1.0,0.0,0.0,0.0009003663435578346,-1.6763806343078613e-08,nan,0.0009498023428022861,-0.0610782653093338,0.23726776242256165,-0.007910528220236301,0.10035163164138794,0.09926394373178482,0.0410698726773262,-0.09110631793737411,-0.07025323808193207,0.27290934324264526,-0.009098822250962257,0.11542612314224243,0.11417504400014877,0.04723925516009331,-0.10479200631380081,-0.11731095612049103,0.4572206735610962,-0.017594115808606148,0.18074047565460205,0.1857590526342392,0.10794363170862198,-0.1731078326702118,0.0077338372357189655,-0.0012409359915181994,-0.007576685398817062,-0.0010912335710600019,-0.0007194556528702378,8.378746133530512e-05,0.0004546159179881215,0.21348454058170319,-0.45930415391921997,-0.05045565217733383,-0.19509568810462952,-0.33643633127212524,-0.022927790880203247,0.25402334332466125,0.09617358446121216,-0.002083476632833481,-0.06804976612329483,-0.014355204999446869,-0.15067729353904724,0.08501584082841873,0.08091551810503006,0.09617358446121216,-0.002083476632833481,-0.06804976612329483,-0.014355204999446869,-0.15067729353904724,0.08501584082841873,0.08091551810503006,0.09617358446121216,-0.002083476632833481,-0.06804976612329483,-0.014355204999446869,-0.15067729353904724,0.08501584082841873,0.08091551810503006
24.819000000000003,0.0009820694103837013,0.0009820694103837013,nan,nan,nan,nan,-0.0828881561756134,1.0,-4.807952791452408e-08,0.17364953458309174,0.0,0.0,0.0,0.0,0.01600000075995922,0.019999999552965164,64.0,0.16741427779197693,0.7471041679382324,0.04846788942813873,18.289813995361328,5.410413723438978e-05,0.0004818685119971633,0.000427716295234859,0.00046081840991973877,-0.3707985281944275,0.010693619027733803,0.14459772408008575,9.0,1.0,0.0,0.0,0.0009820451959967613,-2.421438694000244e-08,nan,0.0018508473876863718,-0.0610782653093338,0.23726776242256165,-0.007910528220236301,0.10035163164138794,0.09926394373178482,0.0410698726773262,-0.09110631793737411,-0.10220783203840256,0.39704179763793945,-0.01323740929365158,0.167927548289299,0.1661074161529541,0.06872597336769104,-0.15245650708675385,-0.13924013078212738,0.5415404438972473,-0.019053790718317032,0.2236715853214264,0.2242123931646347,0.10597705841064453,-0.20689746737480164,0.007464969996362925,-0.001256969990208745,-0.00730132544413209,-0.0010910463752225041,-0.0007523655658587813,7.755059050396085e-05,0.00047686006291769445,0.2189558744430542,-0.5415184497833252,-0.0460369773209095,-0.2519908547401428,-0.3651335835456848,-0.0102977454662323,0.2716982364654541,0.07971575111150742,2.2005289793014526e-05,-0.06509076803922653,-0.028319276869297028,-0.14092117547988892,0.09567931294441223,0.06480075418949127,0.07971575111150742,2.2005289793014526e-05,-0.06509076803922653,-0.028319276869297028,-0.14092117547988892,0.09567931294441223,0.06480075418949127,0.0815863385796547,-0.0029451013542711735,-0.06541059911251068,-0.02867230400443077,-0.14361636340618134,0.09411853551864624,0.06702184677124023
24.874000000000002,0.0010286225005984306,0.0010286225005984306,nan,nan,nan,nan,-0.09085310250520706,0.0,0.0014668115181848407,0.17310775816440582,0.0,0.0,0.0,0.0,0.01600000075995922,0.017999999225139618,64.0,0.16715389490127563,0.7244479060173035,0.013061799108982086,11.805707931518555,0.0006901704473420978,0.0005948640173301101,0.001371505088172853,0.0,-0.1763453483581543,0.014112330041825771,0.1407681107521057,9.0,1.0,0.0,0.0,0.0010286131873726845,-9.313225746154785e-09,nan,0.001324555603787303,-0.05336329713463783,0.23847250640392303,-0.010382811538875103,0.05707213282585144,0.05149171128869057,0.1456480473279953,-0.05525795742869377,-0.09426663815975189,0.42126336693763733,-0.01834130845963955,0.10081831365823746,0.09096046537160873,0.2572883069515228,-0.09761356562376022,-0.14098134636878967,0.5966543555259705,-0.024106880649924278,0.18169008195400238,0.17319153249263763,0.2714677155017853,-0.17191855609416962,0.007179337553679943,-0.0012733199400827289,-0.0070090447552502155,-0.0010942285880446434,-0.0007824815111234784,7.421150075970218e-05,0.0004964389954693615,0.2318706065416336,-0.6058388352394104,-0.043779291212558746,-0.23279371857643127,-0.36105847358703613,-0.1308949887752533,0.2670162320137024,0.09088926017284393,-0.00918450765311718,-0.06788617372512817,-0.05110364407300949,-0.1878669261932373,0.14057272672653198,0.09509766846895218,0.09088926017284393,-0.00918450765311718,-0.06788617372512817,-0.05110364407300949,-0.1878669261932373,0.14057272672653198,0.09509766846895218,0.09088926017284393,-0.00918450765311718,-0.06788617372512817,-0.05110364407300949,-0.1878669261932373,0.14057272672653198,0.09509766846895218
24.988,0.001124572940170765,0.001124572940170765,nan,nan,nan,nan,-0.06847510486841202,1.0,0.0005399724468588829,0.1704343855381012,0.0,0.0,0.0,0.0,0.01600000075995922,0.01899999938905239,64.0,0.16702546179294586,0.8342741131782532,0.014172866940498352,29.40128517150879,0.0029816613532602787,0.0008412250317633152,-0.0016004638746380806,0.0005335008027032018,-0.5454850196838379,0.013845730572938919,0.21966415643692017,9.0,1.0,0.0,0.0,0.0011245673522353172,-5.587935447692871e-09,nan,0.005209409631788731,-0.058920808136463165,0.19737915694713593,-0.010211193934082985,0.10219383984804153,0.147053062915802,-0.016559626907110214,-0.122976154088974,-0.05362631008028984,0.17964309453964233,-0.009293637238442898,0.09301091730594635,0.1338391900062561,-0.015071614645421505,-0.11192578077316284,-0.11694583296775818,0.44270873069763184,-0.020133720710873604,0.17709554731845856,0.2186814695596695,0.09456785768270493,-0.1939714252948761,0.006974891759455204,-0.0012792859924957156,-0.006801787298172712,-0.0010896398453041911,-0.0007969749276526272,6.76448835292831e-05,0.0005061521078459918,0.235269233584404,-0.46986666321754456,-0.04731534421443939,-0.18467721343040466,-0.4198727011680603,-0.040003255009651184,0.31179219484329224,0.11832340061664581,-0.027157939970493317,-0.06744906306266785,-0.007581658661365509,-0.20119121670722961,0.05456460267305374,0.11782076954841614,0.11832340061664581,-0.027157939970493317,-0.06744906306266785,-0.007581658661365509,-0.20119121670722961,0.05456460267305374,0.11782076954841614,0.11832340061664581,-0.027157939970493317,-0.06744906306266785,-0.007581658661365509,-0.20119121670722961,0.05456460267305374,0.11782076954841614
25.11,0.0012827971950173378,0.0012827971950173378,nan,nan,nan,nan,-0.07033517211675644,0.0,-2.3283064365386963e-10,0.16952618956565857,0.0,0.0,0.0,0.0,0.012000000104308128,0.019999999552965164,64.0,0.16672149300575256,0.6156275272369385,0.010512769222259521,23.001296997070312,-0.002229581354185939,0.00119909574277699,0.003428676864132285,0.0031256116926670074,-0.09475865960121155,0.004509925842285156,0.16451546549797058,9.0,1.0,0.0,0.0,0.0012827934697270393,-3.725290298461914e-09,nan,0.0015497463755309582,-0.058920808136463165,0.19737915694713593,-0.010211193934082985,0.10219383984804153,0.147053062915802,-0.016559626907110214,-0.122976154088974,-0.10942534357309341,0.3665646016597748,-0.01896381564438343,0.1897902637720108,0.27310100197792053,-0.03075386956334114,-0.22838634252548218,-0.14450155198574066,0.496681809425354,-0.02500961720943451,0.2442547082901001,0.34252214431762695,-0.009059744887053967,-0.2891881465911865,0.006545688956975937,-0.0012992130359634757,-0.006363173946738243,-0.0010848199017345905,-0.0008411476737819612,5.4066469601821154e-05,0.0005356924375519156,0.18307876586914062,-0.47839781641960144,-0.029559094458818436,-0.25075775384902954,-0.3827202618122101,0.04678455367684364,0.27324211597442627,0.038577210158109665,0.01828400418162346,-0.054568711668252945,-0.006503045558929443,-0.04019811376929283,0.0377248078584671,-0.015946034342050552,0.038577210158109665,0.01828400418162346,-0.054568711668252945,-0.006503045558929443,-0.04019811376929283,0.0377248078584671,-0.015946034342050552,0.038577210158109665,0.01828400418162346,-0.054568711668252945,-0.006503045558929443,-0.04019811376929283,0.0377248078584671,-0.015946034342050552
25.177999999999997,0.0012950161471962929,0.0012950161471962929,nan,nan,nan,nan,-0.08126753568649292,0.0,7.171882316470146e-05,0.16950567066669464,0.0,0.0,0.0,0.0,0.010999999940395355,0.019999999552965164,64.0,0.1665518581867218,3.481527805328369,0.012083910405635834,16.580589294433594,-0.0021773758344352245,0.0007187459850683808,0.002967840526252985,0.0,0.48232337832450867,0.0053764344193041325,0.1303396224975586,9.0,1.0,0.0,0.0,0.001295008696615696,-7.450580596923828e-09,nan,0.0016071138670668006,-0.058920808136463165,0.19737915694713593,-0.010211193934082985,0.10219383984804153,0.147053062915802,-0.016559626907110214,-0.122976154088974,-0.13683494925498962,0.4583841860294342,-0.02371400035917759,0.23733021318912506,0.3415091931819916,-0.03845730796456337,-0.28559410572052,-0.16976748406887054,0.5739015936851501,-0.029407722875475883,0.29182425141334534,0.41623684763908386,-0.03471580520272255,-0.3492181897163391,0.006250695791095495,-0.001317483140155673,-0.00606220867484808,-0.0010870088590309024,-0.0008723266655579209,4.811962935491465e-05,0.0005545942694880068,0.17529308795928955,-0.5497260689735413,-0.02318345569074154,-0.3101736903190613,-0.39219212532043457,0.07189866900444031,0.272510290145874,0.005525602959096432,0.024175547063350677,-0.05259117856621742,-0.01834944635629654,0.024044714868068695,0.03718286380171776,-0.07670789211988449,0.005525602959096432,0.024175547063350677,-0.05259117856621742,-0.01834944635629654,0.024044714868068695,0.03718286380171776,-0.07670789211988449,0.005525602959096432,0.024175547063350677,-0.05259117856621742,-0.01834944635629654,0.024044714868068695,0.03718286380171776,-0.07670789211988449
25.283,0.0010785078629851341,0.0010785078629851341,nan,nan,nan,nan,-0.053867071866989136,1.0,-9.96515154838562e-08,0.16742974519729614,0.0,0.0,0.0,0.0,0.0010000000474974513,0.032999999821186066,64.0,0.16679205000400543,0.5255974531173706,0.009435229003429413,9.826895713806152,-0.0017604725435376167,-0.001241303514689207,0.0005190693773329258,-0.0028636192437261343,0.7009325623512268,0.0066845775581896305,0.07520316541194916,9.0,1.0,0.0,0.0,0.0010785041376948357,-3.725290298461914e-09,nan,0.0007945580291561782,-0.05755292624235153,0.15334774553775787,-0.011347922496497631,0.09500369429588318,0.17926011979579926,-0.048657018691301346,-0.1396995335817337,-0.03161373734474182,0.08423369377851486,-0.0062333969399333,0.05218539014458656,0.09846732020378113,-0.026727229356765747,-0.07673674821853638,-0.1253071278333664,0.39045006036758423,-0.02279779128730297,0.21257419884204865,0.3382055163383484,-0.05619637668132782,-0.27516597509384155,0.006824891082942486,-0.0013147634454071522,-0.006640520878136158,-0.001092646736651659,-0.0008620493463240564,4.8284404329024255e-05,0.0005462769768200815,0.12388427555561066,-0.36330172419548035,-0.03037896193563938,-0.2135259062051773,-0.27163439989089966,0.055283889174461365,0.17056655883789062,-0.0014228541404008865,0.027148336172103882,-0.05317675322294235,-0.0009517073631286621,0.06657111644744873,-0.0009124875068664551,-0.10459942370653152,-0.0014228541404008865,0.027148336172103882,-0.05317675322294235,-0.0009517073631286621,0.06657111644744873,-0.0009124875068664551,-0.10459942370653152,0.0008154851384460926,0.02362312749028206,-0.05356002226471901,-0.0012004999443888664,0.06342002004384995,-0.003145867958664894,-0.10204234719276428
25.36,0.0009345868602395058,0.0009345868602395058,nan,nan,nan,nan,-0.04342276230454445,0.0,-3.4924596548080444e-10,0.16446931660175323,0.0,0.0,0.0,0.0,0.012000000104308128,0.010999999940395355,64.0,0.16806358098983765,0.44676846265792847,0.00815466046333313,21.532873153686523,-0.0008123329607769847,-0.0018277696799486876,-0.0010154370684176683,0.0,0.6022965312004089,0.008336062543094158,0.09194717556238174,9.0,1.0,0.0,0.0,0.0009345775470137596,-9.313225746154785e-09,nan,0.0009171022102236748,-0.05755292624235153,0.15334774553775787,-0.011347922496497631,0.09500369429588318,0.17926011979579926,-0.048657018691301346,-0.1396995335817337,-0.04194990172982216,0.1117740273475647,-0.0082714157178998,0.06924748420715332,0.13066136837005615,-0.03546573966741562,-0.10182595252990723,-0.10959503799676895,0.31841540336608887,-0.02071809209883213,0.1835835874080658,0.3170456290245056,-0.0694400817155838,-0.25249049067497253,0.008394574746489525,-0.0012879340210929513,-0.008225230500102043,-0.0010961354710161686,-0.0008036046056076884,4.619840910891071e-05,0.0005069784238003194,0.14941291511058807,-0.30361518263816833,-0.04213337600231171,-0.12817689776420593,-0.259091854095459,-0.028840042650699615,0.17533338069915771,0.03981788083910942,0.014800218865275383,-0.06285146623849869,0.05540669709444046,0.05795378237962723,-0.09828012436628342,-0.07715711742639542,0.03981788083910942,0.014800218865275383,-0.06285146623849869,0.05540669709444046,0.05795378237962723,-0.09828012436628342,-0.07715711742639542,0.03981788083910942,0.014800218865275383,-0.06285146623849869,0.05540669709444046,0.05795378237962723,-0.09828012436628342,-0.07715711742639542
25.435000000000002,0.0009514903649687767,0.0009514903649687767,nan,nan,nan,nan,0.02098730579018593,0.0,0.00013208482414484024,0.23143790662288666,0.0,0.0,0.0,0.0,0.014000000432133675,0.010999999940395355,64.0,0.16929203271865845,0.7952852249145508,0.01133698970079422,18.648818969726562,0.0015158848837018013,-0.005141759291291237,-0.006525559350848198,-0.0004644759465008974,0.7949285507202148,0.009869764558970928,0.06970629841089249,9.0,1.0,0.0,0.0,0.0009514307603240013,-5.960464477539063e-08,nan,0.0015446676407009363,-0.05755292624235153,0.15334774553775787,-0.011347922496497631,0.09500369429588318,0.17926011979579926,-0.048657018691301346,-0.1396995335817337,-0.06095180660486221,0.16240394115447998,-0.012018091045320034,0.1006142869591713,0.18984660506248474,-0.05153053626418114,-0.1479497104883194,-0.11208532750606537,0.30935266613960266,-0.021738948300480843,0.18610511720180511,0.3392556309700012,-0.08534785360097885,-0.2665807008743286,0.008802742697298527,-0.0012751033063977957,-0.00863724760711193,-0.0010926875984296203,-0.0007825121865607798,4.578184962156229e-05,0.0004928819253109396,0.12811917066574097,-0.2834208011627197,-0.0369429886341095,-0.135719895362854,-0.23045781254768372,-0.002677030861377716,0.1549219787120819,0.016033850610256195,0.02593187242746353,-0.05868193507194519,0.05038522928953171,0.1087978184223175,-0.08802488446235657,-0.11165871471166611,0.016033850610256195,0.02593187242746353,-0.05868193507194519,0.05038522928953171,0.1087978184223175,-0.08802488446235657,-0.11165871471166611,0.016033850610256195,0.02593187242746353,-0.05868193507194519,0.05038522928953171,0.1087978184223175,-0.08802488446235657,-0.11165871471166611
25.516,0.0011213039979338646,0.0011213039979338646,nan,nan,nan,nan,-0.04396898299455643,0.0,0.0006712654139846563,0.16218267381191254,0.0,0.0,0.0,0.0,0.0,0.02500000037252903,64.0,0.17015784978866577,1.217767596244812,0.016773119568824768,26.052684783935547,-0.0015116373542696238,0.0003842405858449638,0.002567143412306905,0.0,0.8250142931938171,0.011720218695700169,0.0717935562133789,9.0,1.0,0.0,0.0,0.0011212797835469246,-2.421438694000244e-08,nan,0.0007706807227805257,-0.05755292624235153,0.15334774553775787,-0.011347922496497631,0.09500369429588318,0.17926011979579926,-0.048657018691301346,-0.1396995335817337,-0.08521823585033417,0.2270609736442566,-0.016802791506052017,0.14067134261131287,0.2654292583465576,-0.07204612344503403,-0.20685216784477234,-0.126313716173172,0.3408593535423279,-0.024760575965046883,0.20894384384155273,0.3894694447517395,-0.1030079573392868,-0.30439990758895874,0.008670183829963207,-0.0012793136993423104,-0.00850016437470913,-0.001091115060262382,-0.0007946683908812702,4.7733734390931204e-05,0.0005028448649682105,0.13238902390003204,-0.3156237006187439,-0.033944159746170044,-0.15629473328590393,-0.24674755334854126,0.005984261631965637,0.16923022270202637,0.0060753109864890575,0.02523563988506794,-0.05870473384857178,0.0526491142809391,0.14272189140319824,-0.09702369570732117,-0.13516968488693237,0.0060753109864890575,0.02523563988506794,-0.05870473384857178,0.0526491142809391,0.14272189140319824,-0.09702369570732117,-0.13516968488693237,0.0060753109864890575,0.02523563988506794,-0.05870473384857178,0.0526491142809391,0.14272189140319824,-0.09702369570732117,-0.13516968488693237
25.579,0.0009195664897561073,0.0009195664897561073,nan,nan,nan,nan,-0.04080338031053543,1.0,-5.320180207490921e-08,0.16498908400535583,0.0,0.0,0.0,0.0,0.010999999940395355,0.012000000104308128,64.0,0.17058065533638,1.1921766996383667,0.014625489711761475,12.142810821533203,0.0015927293570712209,-0.000967622734606266,-0.002560405293479562,0.0,0.701790452003479,0.01211355347186327,0.1229388564825058,9.0,1.0,0.0,0.0,0.0009195553138852119,-1.1175870895385742e-08,nan,0.003215345786884427,-0.05958077311515808,0.1595945507287979,-0.01076261606067419,0.09628582745790482,0.17275801301002502,-0.045802485197782516,-0.14017745852470398,-0.013751952908933163,0.036836326122283936,-0.0024841399863362312,0.02222391590476036,0.0398746058344841,-0.010571759194135666,-0.032354626804590225,-0.10612251609563828,0.28506025671958923,-0.020399993285536766,0.17440660297870636,0.3227962553501129,-0.08590855449438095,-0.25454026460647583,0.00914863869547844,-0.0012740576639771461,-0.008985070511698723,-0.0011059930548071861,-0.0007755277911201119,6.020402361173183e-05,0.00048533020890317857,0.1373554766178131,-0.28001078963279724,-0.04755900800228119,-0.10697200149297714,-0.19398029148578644,-0.0488860085606575,0.13567087054252625,0.031232958659529686,0.005049478262662888,-0.0679590031504631,0.06743460148572922,0.12881596386432648,-0.13479456305503845,-0.11886940151453018,0.031232958659529686,0.005049478262662888,-0.0679590031504631,0.06743460148572922,0.12881596386432648,-0.13479456305503845,-0.11886940151453018,0.03268267586827278,0.003017472568899393,-0.06834567338228226,0.06730666011571884,0.12698371708393097,-0.1360599547624588,-0.11738555878400803
25.677,0.0008910438045859337,0.0008910438045859337,nan,nan,nan,nan,-0.03565588966012001,1.0,-1.1082738637924194e-07,0.16582392156124115,0.0,0.0,0.0,0.0,0.010999999940395355,0.019999999552965164,64.0,0.17118488252162933,1.1741509437561035,0.015332363545894623,9.72568130493164,0.001909000100567937,-0.00034989509731531143,-0.0022590060252696276,0.0016043893992900848,0.6914466619491577,0.010790717788040638,0.1815519630908966,9.0,1.0,0.0,0.0,0.0008910363540053368,-7.450580596923828e-09,nan,0.0033325369004160166,-0.05958077311515808,0.1595945507287979,-0.01076261606067419,0.09628582745790482,0.17275801301002502,-0.045802485197782516,-0.14017745852470398,-0.024657415226101875,0.06604797393083572,-0.004454093053936958,0.03984775021672249,0.07149564474821091,-0.0189552903175354,-0.058012235909700394,-0.09112992137670517,0.2444298267364502,-0.016965685412287712,0.14846205711364746,0.27041903138160706,-0.0718289390206337,-0.21639662981033325,0.009145664051175117,-0.001273305038921535,-0.00898247491568327,-0.0011165777686983347,-0.0007631104672327638,7.033148722257465e-05,0.0004776745045091957,0.1188633143901825,-0.2406875491142273,-0.04620302468538284,-0.09216742217540741,-0.15231098234653473,-0.04299502819776535,0.10611981898546219,0.027733391150832176,0.0037422776222229004,-0.0631687119603157,0.05629463493824005,0.11810804903507233,-0.11482396721839905,-0.11027681082487106,0.027733391150832176,0.0037422776222229004,-0.0631687119603157,0.05629463493824005,0.11810804903507233,-0.11482396721839905,-0.11027681082487106,0.03053671307861805,-8.21426510810852e-05,-0.06396868824958801,0.05604257434606552,0.11463742703199387,-0.11713138222694397,-0.10746767371892929
25.741,0.0010225092992186546,0.0010225092992186546,nan,nan,nan,nan,-0.036146946251392365,1.0,-1.2561213225126266e-07,0.16580086946487427,0.0,0.0,0.0,0.0,0.010999999940395355,0.019999999552965164,64.0,0.17225436866283417,0.4944242537021637,0.00838935375213623,10.015996932983398,0.001279903226532042,0.0008894179482012987,-0.0003906108904629946,0.0038764439523220062,0.7066408395767212,0.010138770565390587,0.18715526163578033,9.0,1.0,0.0,0.0,0.0010224999859929085,-9.313225746154785e-09,nan,0.0035256901755928993,-0.05958077311515808,0.1595945507287979,-0.01076261606067419,0.09628582745790482,0.17275801301002502,-0.045802485197782516,-0.14017745852470398,-0.03885999694466591,0.10409136861562729,-0.007019634358584881,0.06279990822076797,0.11267688125371933,-0.029873467981815338,-0.09142707288265228,-0.09437555074691772,0.2529335021972656,-0.017258821055293083,0.15301446616649628,0.27623435854911804,-0.07329276204109192,-0.22287389636039734,0.009310504421591759,-0.0012742095859721303,-0.009145541116595268,-0.0011246924987062812,-0.0007596847717650235,7.952588202897459e-05,0.00047472043661400676,0.11878389120101929,-0.24483901262283325,-0.04270295798778534,-0.09999775141477585,-0.16319575905799866,-0.03012952208518982,0.11605999618768692,0.024408336728811264,0.00809449702501297,-0.05996177718043327,0.05301671475172043,0.11303859949111938,-0.10342228412628174,-0.10681390017271042,0.024408336728811264,0.00809449702501297,-0.05996177718043327,0.05301671475172043,0.11303859949111938,-0.10342228412628174,-0.10681390017271042,0.027634885162115097,0.0036825863644480705,-0.06088049337267876,0.052722711116075516,0.10902298241853714,-0.1060272604227066,-0.10356714576482773
25.822000000000003,0.0011567464098334312,0.0011567464098334312,nan,nan,nan,nan,-0.03633938729763031,0.0,-2.3283064365386963e-10,0.16554169356822968,0.0,0.0,0.0,0.0,0.010999999940395355,0.019999999552965164,64.0,0.17415869235992432,0.5107904076576233,0.009253621101379395,11.459508895874023,-0.0015745109412819147,0.0011446448042988777,0.0027191555127501488,0.0,0.8082341551780701,0.010627933777868748,0.16113507747650146,9.0,1.0,0.0,0.0,0.0011567408218979836,-5.587935447692871e-09,nan,0.0015166123630478978,-0.05958077311515808,0.1595945507287979,-0.01076261606067419,0.09628582745790482,0.17275801301002502,-0.045802485197782516,-0.14017745852470398,-0.05404391512274742,0.14476339519023895,-0.009762443602085114,0.08733796328306198,0.15670356154441833,-0.0415460467338562,-0.1271507292985916,-0.1029527336359024,0.2758278250694275,-0.01868368312716484,0.16658146679401398,0.2995772659778595,-0.07944843173027039,-0.2425614893436432,0.009551577270030975,-0.0012725417036563158,-0.00938511174172163,-0.0011283160420134664,-0.0007561192032881081,8.600974979344755e-05,0.0004719300486613065,0.1154518574476242,-0.2516460120677948,-0.03830386698246002,-0.11356416344642639,-0.17334911227226257,-0.011374406516551971,0.12340041995048523,0.012499120086431503,0.02418181300163269,-0.05698755010962486,0.05301729962229729,0.12622815370559692,-0.09082283824682236,-0.11916106939315796,0.012499120086431503,0.02418181300163269,-0.05698755010962486,0.05301729962229729,0.12622815370559692,-0.09082283824682236,-0.11916106939315796,0.012499120086431503,0.02418181300163269,-0.05698755010962486,0.05301729962229729,0.12622815370559692,-0.09082283824682236,-0.11916106939315796
25.918,0.0011376505717635155,0.0011376505717635155,nan,nan,nan,nan,-0.03755628690123558,0.0,1.1641532182693481e-09,0.16581328213214874,0.0,0.0,0.0,0.0,0.0020000000949949026,0.029999999329447746,64.0,0.17528238892555237,0.7552877068519592,0.010048970580101013,21.38034439086914,-0.0013709079939872026,0.00018208881374448538,0.0015529979718849063,-0.0008360173087567091,0.805927038192749,0.010455160401761532,0.20277833938598633,9.0,1.0,0.0,0.0,0.0011376338079571724,-1.6763806343078613e-08,nan,0.001594075234606862,-0.06531614065170288,0.1954067349433899,-0.010807914659380913,0.09304749965667725,0.14893345534801483,-2.3047494323691353e-05,-0.12881842255592346,-0.016711149364709854,0.049994856119155884,-0.0027652073185890913,0.023806223645806313,0.03810465708374977,-5.896706625208026e-06,-0.032958224415779114,-0.10259609669446945,0.2818411588668823,-0.018225450068712234,0.16159269213676453,0.2840190529823303,-0.06179283559322357,-0.23299485445022583,0.009583346545696259,-0.0012683210661634803,-0.009415758773684502,-0.0011332628782838583,-0.0007465126691386104,9.58490272751078e-05,0.00046588145778514445,0.10675583779811859,-0.25773823261260986,-0.03865852206945419,-0.12343104183673859,-0.15224803984165192,-0.005355186760425568,0.10430409014225006,0.00415973924100399,0.02410292625427246,-0.05688397213816643,0.03816164657473564,0.1317710131406784,-0.06714802235364914,-0.12869076430797577,0.00415973924100399,0.02410292625427246,-0.05688397213816643,0.03816164657473564,0.1317710131406784,-0.06714802235364914,-0.12869076430797577,0.00415973924100399,0.02410292625427246,-0.05688397213816643,0.03816164657473564,0.1317710131406784,-0.06714802235364914,-0.12869076430797577
25.979999999999997,0.001069626770913601,0.001069626770913601,nan,nan,nan,nan,-0.038449693471193314,0.0,3.800913691520691e-05,0.16633301973342896,0.0,0.0,0.0,0.0,0.010999999940395355,0.017000000923871994,64.0,0.17632581293582916,0.5256123542785645,0.008701346814632416,13.618118286132812,0.0006171870045363903,-0.0003782316343858838,-0.0009574095020070672,-0.0008874955819919705,0.6610344052314758,0.008378981612622738,0.2002832144498825,9.0,1.0,0.0,0.0,0.0010696137323975563,-1.30385160446167e-08,nan,0.003106019925326109,-0.06531614065170288,0.1954067349433899,-0.010807914659380913,0.09304749965667725,0.14893345534801483,-2.3047494323691353e-05,-0.12881842255592346,-0.027301840484142303,0.0816790983080864,-0.004517657682299614,0.03889341652393341,0.06225348636507988,-9.63374441198539e-06,-0.053845494985580444,-0.09461104869842529,0.27148401737213135,-0.016230817884206772,0.14189375936985016,0.23880869150161743,-0.02849116176366806,-0.20071925222873688,0.010118123143911362,-0.0012587958481162786,-0.009956473484635353,-0.0011509160976856947,-0.0007194570498540998,0.00010957468475680798,0.0004455902671907097,0.11929114907979965,-0.26296764612197876,-0.046874526888132095,-0.1093188002705574,-0.14521266520023346,-0.03223450854420662,0.10117003321647644,0.02468010038137436,0.008516356348991394,-0.06310534477233887,0.032574959099292755,0.09359602630138397,-0.06072567030787468,-0.09954921901226044,0.02468010038137436,0.008516356348991394,-0.06310534477233887,0.032574959099292755,0.09359602630138397,-0.06072567030787468,-0.09954921901226044,0.02468010038137436,0.008516356348991394,-0.06310534477233887,0.032574959099292755,0.09359602630138397,-0.06072567030787468,-0.09954921901226044
26.061999999999998,0.0010714558884501457,0.0010714558884501457,nan,nan,nan,nan,-0.0407114215195179,0.0,0.0,0.1660088300704956,0.0,0.0,0.0,0.0,0.010999999940395355,0.017999999225139618,64.0,0.1775282621383667,1.1098804473876953,0.010913237929344177,10.368656158447266,-0.0011216322891414165,-0.00014778319746255875,0.0009738490916788578,0.0,0.6838994026184082,0.007298946846276522,0.15156471729278564,9.0,1.0,0.0,0.0,0.0010714391246438026,-1.6763806343078613e-08,nan,0.0014247468207031488,-0.06531614065170288,0.1954067349433899,-0.010807914659380913,0.09304749965667725,0.14893345534801483,-2.3047494323691353e-05,-0.12881842255592346,-0.04635119065642357,0.13866916298866272,-0.007669768761843443,0.0660305768251419,0.10568969696760178,-1.63555105245905e-05,-0.09141518920660019,-0.10167580842971802,0.2993990480899811,-0.017062488943338394,0.1477878987789154,0.2413894087076187,-0.011811137199401855,-0.20637249946594238,0.010449383407831192,-0.0012489716755226254,-0.010290872305631638,-0.0011583503801375628,-0.0006995786097832024,0.00011772862490033731,0.0004317040729802102,0.12313096970319748,-0.2795224189758301,-0.04578762128949165,-0.1253894865512848,-0.16090494394302368,-0.01714576780796051,0.1131713017821312,0.02145516313612461,0.01987663097679615,-0.06285011023283005,0.022398414090275764,0.08048445731401443,-0.028956905007362366,-0.09320119768381119,0.02145516313612461,0.01987663097679615,-0.06285011023283005,0.022398414090275764,0.08048445731401443,-0.028956905007362366,-0.09320119768381119,0.02145516313612461,0.01987663097679615,-0.06285011023283005,0.022398414090275764,0.08048445731401443,-0.028956905007362366,-0.09320119768381119
26.141,0.0010957000777125359,0.0010957000777125359,nan,nan,nan,nan,-0.04722008854150772,1.0,-1.7927959561347961e-07,0.16476044058799744,0.0,0.0,0.0,0.0,0.010999999940395355,0.019999999552965164,64.0,0.17836180329322815,10.485723495483398,0.014899298548698425,15.191551208496094,4.582013934850693e-05,-5.937495734542608e-05,-0.00010537437628954649,-0.0003462657332420349,0.5062142610549927,0.006502821110188961,0.1619797646999359,9.0,1.0,0.0,0.0,0.0010956963524222374,-3.725290298461914e-09,nan,0.0027751142624765635,-0.06531614065170288,0.1954067349433899,-0.010807914659380913,0.09304749965667725,0.14893345534801483,-2.3047494323691353e-05,-0.12881842255592346,-0.06314579397439957,0.18891367316246033,-0.010448784567415714,0.08995568007230759,0.14398464560508728,-2.2281663405010477e-05,-0.12453799694776535,-0.11429654061794281,0.3399815559387207,-0.019010281190276146,0.1640293300151825,0.26452988386154175,-0.004863959737122059,-0.22781315445899963,0.010856868699193,-0.0012441674480214715,-0.010701525025069714,-0.0011638259747996926,-0.0006852442747913301,0.00011957505921600387,0.00042074359953403473,0.15224114060401917,-0.32288703322410583,-0.05424777418375015,-0.14187388122081757,-0.2067505419254303,-0.016948621720075607,0.14919337630271912,0.03794459253549576,0.017094530165195465,-0.07325805723667145,0.02215544879436493,0.05777933448553085,-0.02181258052587509,-0.07861977815628052,0.03794459253549576,0.017094530165195465,-0.07325805723667145,0.02215544879436493,0.05777933448553085,-0.02181258052587509,-0.07861977815628052,0.042866457253694534,0.011126339435577393,-0.07505767047405243,0.021743658930063248,0.052216269075870514,-0.0249687097966671,-0.07414091378450394
26.226999999999997,0.0010687587782740593,0.0010687587782740593,nan,nan,nan,nan,-0.05034322664141655,1.0,-1.8218997865915298e-07,0.16342096030712128,0.0,0.0,0.0,0.0,0.012000000104308128,0.020999999716877937,64.0,0.17931342124938965,0.8084913492202759,0.008750706911087036,10.26430606842041,0.0003218237543478608,-0.0003374156076461077,-0.0006594215519726276,-0.0006616825121454895,0.321772038936615,0.006796145346015692,0.1351204812526703,9.0,1.0,0.0,0.0,0.001068747602403164,-1.1175870895385742e-08,nan,0.0029162245336920023,-0.06867700815200806,0.2338145673274994,-0.0031287800520658493,0.09207657724618912,0.10111036151647568,0.04275255650281906,-0.10037551075220108,-0.018299894407391548,0.06230296939611435,-0.0008337046601809561,0.02453501708805561,0.026942187920212746,0.01139198150485754,-0.02674637734889984,-0.11867351830005646,0.36170750856399536,-0.017508018761873245,0.1680314689874649,0.2575739920139313,0.009266084060072899,-0.2257872223854065,0.011222935281693935,-0.0012283595278859138,-0.01107403077185154,-0.001160873332992196,-0.0006613944424316287,0.00011763224756577983,0.0004030078707728535,0.177598774433136,-0.34650367498397827,-0.07037746906280518,-0.14072664082050323,-0.22004930675029755,-0.03217880427837372,0.15971358120441437,0.05892525985836983,0.01520383358001709,-0.08788548409938812,0.02730482816696167,0.03752468526363373,-0.02291271835565567,-0.06607364118099213,0.05892525985836983,0.01520383358001709,-0.08788548409938812,0.02730482816696167,0.03752468526363373,-0.02291271835565567,-0.06607364118099213,0.06414682418107986,0.009076542221009731,-0.0899018719792366,0.026908542960882187,0.03178834170103073,-0.026152897626161575,-0.0614577978849411
26.331000000000003,0.00097756739705801,0.00097756739705801,nan,nan,nan,nan,-0.0505480132997036,1.0,-4.249159246683121e-08,0.16098147630691528,0.0,0.0,0.0,0.0,0.00800000037997961,0.024000000208616257,64.0,0.18075524270534515,2.494375228881836,0.014334917068481445,11.542675018310547,0.00040311634074896574,-0.0008258000016212463,-0.001228958833962679,-0.0008884817361831665,-0.024555416777729988,0.006840057671070099,0.1371316909790039,9.0,1.0,0.0,0.0,0.0009775618091225624,-5.587935447692871e-09,nan,0.0024884184822440147,-0.06867700815200806,0.2338145673274994,-0.0031287800520658493,0.09207657724618912,0.10111036151647568,0.04275255650281906,-0.10037551075220108,-0.04664416238665581,0.1588025540113449,-0.0021250098943710327,0.06253671646118164,0.0686722993850708,0.0290367491543293,-0.06817319989204407,-0.11114414781332016,0.36301350593566895,-0.009461916983127594,0.15225645899772644,0.19374783337116241,0.04570579156279564,-0.18146686255931854,0.0122036999091506,-0.001194769749417901,-0.012071557343006134,-0.0011698658345267177,-0.0006030432414263487,0.000120830416562967,0.0003629879211075604,0.1958523988723755,-0.3552533984184265,-0.0887172520160675,-0.13177639245986938,-0.20882727205753326,-0.051794249564409256,0.1522495597600937,0.08470825105905533,0.007760100066661835,-0.0981791689991951,0.020480073988437653,-0.015079442411661148,-0.006088458001613617,-0.029217297211289406,0.08470825105905533,0.007760100066661835,-0.0981791689991951,0.020480073988437653,-0.015079442411661148,-0.006088458001613617,-0.029217297211289406,0.0860351100564003,0.006286679767072201,-0.0987357422709465,0.020397521555423737,-0.016467466950416565,-0.00687452033162117,-0.02810140699148178
26.394,0.0010355925187468529,0.0010355925187468529,nan,nan,nan,nan,-0.05628881976008415,1.0,-1.5471596270799637e-07,0.15944422781467438,0.0,0.0,0.0,0.0,0.01899999938905239,0.014000000432133675,64.0,0.18164177238941193,0.5191033482551575,0.00894349068403244,9.227522850036621,-3.7957215681672096e-06,8.469703607261181e-05,8.833804167807102e-05,0.002704693702980876,-0.1568296104669571,0.007659398950636387,0.1253528743982315,9.0,1.0,0.0,0.0,0.0010355794802308083,-1.30385160446167e-08,nan,0.0024827064480632544,-0.06867700815200806,0.2338145673274994,-0.0031287800520658493,0.09207657724618912,0.10111036151647568,0.04275255650281906,-0.10037551075220108,-0.06765380501747131,0.23033100366592407,-0.003082165028899908,0.09070474654436111,0.09960393607616425,0.04211559146642685,-0.09888003766536713,-0.12254251539707184,0.41010135412216187,-0.0076132360845804214,0.1657923460006714,0.1943163424730301,0.06544405966997147,-0.1878848373889923,0.012748369947075844,-0.0011799971107393503,-0.01262618787586689,-0.0011727429227903485,-0.0005767635302618146,0.00011862533574458212,0.00034158199559897184,0.2156571000814438,-0.3971368670463562,-0.09507733583450317,-0.15252268314361572,-0.2388366162776947,-0.04840630292892456,0.17555078864097595,0.09311458468437195,0.012964487075805664,-0.10269057005643845,0.013269662857055664,-0.04452028125524521,0.017037756741046906,-0.01233405526727438,0.09311458468437195,0.012964487075805664,-0.10269057005643845,0.013269662857055664,-0.04452028125524521,0.017037756741046906,-0.01233405526727438,0.09779510647058487,0.007823687046766281,-0.10468793660402298,0.013020188547670841,-0.049373455345630646,0.014258363284170628,-0.008441613055765629
26.47,0.0010763416066765785,0.0010763416066765785,nan,nan,nan,nan,-0.0654284730553627,1.0,-2.3760367184877396e-07,0.15840861201286316,0.0,0.0,0.0,0.0,0.007000000216066837,0.019999999552965164,64.0,0.18238261342048645,1.0175724029541016,0.011111609637737274,10.357124328613281,-0.00020454556215554476,0.0004248641198500991,0.0006291720783337951,0.0006332062184810638,-0.22007310390472412,0.009005413390696049,0.13404127955436707,9.0,1.0,0.0,0.0,0.0010763397440314293,-1.862645149230957e-09,nan,0.0025626113638281822,-0.06867700815200806,0.2338145673274994,-0.0031287800520658493,0.09207657724618912,0.10111036151647568,0.04275255650281906,-0.10037551075220108,-0.09804252535104752,0.333791047334671,-0.004466610960662365,0.13144747912883759,0.1443440020084381,0.06103306636214256,-0.14329494535923004,-0.14237622916698456,0.4815777838230133,-0.007386957295238972,0.191550612449646,0.2157808542251587,0.08382321149110794,-0.21198634803295135,0.013041009195148945,-0.0011793348239734769,-0.012918026186525822,-0.0011776727624237537,-0.0005757218459621072,0.0001193421267089434,0.00034110061824321747,0.2441043108701706,-0.4658588171005249,-0.10270045697689056,-0.1887456476688385,-0.28826308250427246,-0.03979579359292984,0.21180737018585205,0.10172808170318604,0.015718966722488403,-0.11008741706609726,0.002804972231388092,-0.07248224318027496,0.0440274178981781,-0.0001789722591638565,0.10172808170318604,0.015718966722488403,-0.11008741706609726,0.002804972231388092,-0.07248224318027496,0.0440274178981781,-0.0001789722591638565,0.10821221023797989,0.008719464763998985,-0.11291979253292084,0.0025201886892318726,-0.07909128069877625,0.0401788093149662,0.005109942052513361
26.554000000000002,0.001079321838915348,0.001079321838915348,nan,nan,nan,nan,-0.07449976354837418,1.0,0.000507052056491375,0.1572144478559494,0.0,0.0,0.0,0.0,0.017999999225139618,0.008999999612569809,64.0,0.18320271372795105,0.78250652551651,0.01045968383550644,11.794808387756348,-0.0009787753224372864,0.0002838979125954211,0.0017697252333164215,0.0,-0.048739802092313766,0.013598302379250526,0.141318216919899,9.0,1.0,0.0,0.0,0.001079305075109005,-1.6763806343078613e-08,nan,0.001329572289250791,-0.05862375348806381,0.23151624202728271,-0.0058718896470963955,0.03690645843744278,0.06018778309226036,0.15767107903957367,-0.05553538724780083,-0.09895337373018265,0.3907855153083801,-0.00991139654070139,0.062295883893966675,0.10159336030483246,0.26613932847976685,-0.09374040365219116,-0.1489170342683792,0.5561013221740723,-0.012189961038529873,0.1341676563024521,0.18049348890781403,0.2819041311740875,-0.1716514378786087,0.01345676090568304,-0.0011667885119095445,-0.013340306468307972,-0.0011819163337349892,-0.0005635127308778465,0.00012395715748425573,0.0003292679612059146,0.2795528173446655,-0.5440776944160461,-0.11839670687913895,-0.17271964251995087,-0.3137247562408447,-0.14543281495571136,0.21456122398376465,0.13063578307628632,0.012023627758026123,-0.1305866688489914,-0.03855198621749878,-0.1332312822341919,0.13647131621837616,0.04290979355573654,0.13063578307628632,0.012023627758026123,-0.1305866688489914,-0.03855198621749878,-0.1332312822341919,0.13647131621837616,0.04290979355573654,0.13063578307628632,0.01202364545315504,-0.1305866688489914,-0.03855196759104729,-0.1332312822341919,0.13647130131721497,0.04290979355573654
26.616,0.0010292837396264076,0.0010292837396264076,nan,nan,nan,nan,-0.0633179321885109,1.0,-1.5087425708770752e-07,0.15462321043014526,0.0,0.0,0.0,0.0,0.00800000037997961,0.019999999552965164,64.0,0.18348629772663116,1.4395145177841187,0.017328187823295593,9.272631645202637,0.0025305591989308596,-0.0001759956358000636,-0.002706705592572689,-0.0013859942555427551,-0.37630727887153625,0.017636483535170555,0.19650134444236755,9.0,1.0,0.0,0.0,0.0010292762890458107,-7.450580596923828e-09,nan,0.005098152905702591,-0.07005809247493744,0.2292032241821289,0.0006182855577208102,0.09410931169986725,0.11314800381660461,0.02410464733839035,-0.10157410055398941,-0.05519464984536171,0.18057574331760406,0.00048711083945818245,0.074143186211586,0.08914265781641006,0.018990634009242058,-0.08002425730228424,-0.13019242882728577,0.45615264773368835,-0.004772498272359371,0.1460031121969223,0.18395179510116577,0.14594045281410217,-0.16935394704341888,0.013697358779609203,-0.0011733773862943053,-0.013580219820141792,-0.0011880043894052505,-0.0005729536060243845,0.00011810753494501114,0.0003344158467371017,0.3345080018043518,-0.4696507453918457,-0.1613268107175827,-0.14906251430511475,-0.3745388388633728,-0.07077953219413757,0.2680235803127289,0.20431555807590485,-0.013498112559318542,-0.16609930992126465,-0.003059402108192444,-0.19058704376220703,0.0751609206199646,0.09866963326931,0.20431555807590485,-0.013498112559318542,-0.16609930992126465,-0.003059402108192444,-0.19058704376220703,0.0751609206199646,0.09866963326931,0.20740367472171783,-0.016648827120661736,-0.16754047572612762,-0.0031017782166600227,-0.19356408715248108,0.07328584790229797,0.1010325625538826
26.707,0.0010444102808833122,0.0010444102808833122,nan,nan,nan,nan,-0.06119653210043907,1.0,-2.7474015951156616e-08,0.15245689451694489,0.0,0.0,0.0,0.0,0.009999999776482582,0.019999999552965164,64.0,0.183495432138443,1.2511787414550781,0.01034606248140335,16.830900192260742,-0.0009607060346752405,0.00014030130114406347,0.0011009798618033528,-5.587935447692871e-07,-0.2650647759437561,0.012911220081150532,0.22861574590206146,9.0,1.0,0.0,0.0,0.00104439165443182,-1.862645149230957e-08,nan,0.0017554634250700474,-0.07005809247493744,0.2292032241821289,0.0006182855577208102,0.09410931169986725,0.11314800381660461,0.02410464733839035,-0.10157410055398941,-0.0917159765958786,0.3000595271587372,0.0008094235090538859,0.12320242822170258,0.1481267809867859,0.031556401401758194,-0.13297490775585175,-0.14178751409053802,0.476249635219574,-0.0011741208145394921,0.1786324679851532,0.2182159721851349,0.0902135819196701,-0.19762259721755981,0.014177858829498291,-0.0011666561476886272,-0.014066106639802456,-0.0011947860475629568,-0.0005637945723719895,0.00011790997086791322,0.0003248719731345773,0.26951780915260315,-0.46257439255714417,-0.12872187793254852,-0.2147357314825058,-0.3419695496559143,0.03230380266904831,0.23552611470222473,0.12773029506206512,0.013675248250365257,-0.12989600002765656,-0.0361032597720623,-0.12375359237194061,0.12251738458871841,0.03790351003408432,0.12773029506206512,0.013675248250365257,-0.12989600002765656,-0.0361032597720623,-0.12375359237194061,0.12251738458871841,0.03790351003408432,0.1282176673412323,0.013186642900109291,-0.1301281452178955,-0.03610239177942276,-0.12421411275863647,0.12221362441778183,0.03826780617237091
26.786,0.0010170629248023033,0.0010170629248023033,nan,nan,nan,nan,-0.07065523415803909,1.0,-2.169981598854065e-07,0.1511630415916443,0.0,0.0,0.0,0.0,-0.0010000000474974513,0.02800000086426735,64.0,0.18348686397075653,0.6005885004997253,0.010139308869838715,9.986885070800781,-0.0010282318107783794,-3.785488661378622e-05,0.0009901599260047078,-0.0006813289364799857,-0.24501021206378937,0.011778328567743301,0.1644957810640335,9.0,1.0,0.0,0.0,0.001017044298350811,-1.862645149230957e-08,nan,0.0015495526604354382,-0.07005809247493744,0.2292032241821289,0.0006182855577208102,0.09410931169986725,0.11314800381660461,0.02410464733839035,-0.10157410055398941,-0.12475810199975967,0.4081607162952423,0.0011010310845449567,0.16758805513381958,0.2014918029308319,0.042925093322992325,-0.18088121712207794,-0.16862241923809052,0.5563730597496033,0.0005659711896441877,0.22201278805732727,0.26823684573173523,0.07376913726329803,-0.24145591259002686,0.014416207559406757,-0.0011684824712574482,-0.014305035583674908,-0.0011967024765908718,-0.0005691738915629685,0.00011419774818932638,0.00032791393459774554,0.28168660402297974,-0.5361061096191406,-0.12940269708633423,-0.25755804777145386,-0.3696471154689789,0.038661204278469086,0.25349777936935425,0.11306417733430862,0.020266935229301453,-0.1288367211818695,-0.03554527461528778,-0.10141026973724365,0.11243034154176712,0.012041877023875713,0.11306417733430862,0.020266935229301453,-0.1288367211818695,-0.03554527461528778,-0.10141026973724365,0.11243034154176712,0.012041877023875713,0.1165848895907402,0.01680447906255722,-0.13054780662059784,-0.03550075739622116,-0.1046677827835083,0.11020650714635849,0.014610236510634422
26.889000000000003,0.000992913730442524,0.000992913730442524,nan,nan,nan,nan,-0.07916060090065002,1.0,-1.4996621757745743e-06,0.1495198905467987,0.0,0.0,0.0,0.0,0.014000000432133675,0.010999999940395355,64.0,0.18350383639335632,0.7323240637779236,0.010423362255096436,17.10860252380371,0.0033783542457967997,-0.00012296182103455067,-0.003502815729007125,0.0,-0.34929004311561584,0.018373044207692146,0.1562773883342743,9.0,1.0,0.0,0.0,0.0009929025545716286,-1.1175870895385742e-08,nan,0.005847567226737738,-0.058847758919000626,0.2306925654411316,-0.002915110904723406,0.03330927714705467,0.05554962158203125,0.1608557403087616,-0.0569169856607914,-0.09757352620363235,0.3825037181377411,-0.0048334491439163685,0.05522901192307472,0.09210500121116638,0.2667095959186554,-0.09437217563390732,-0.16509206593036652,0.5901147723197937,-0.003256244584918022,0.16233709454536438,0.21522797644138336,0.2403213381767273,-0.2023562341928482,0.015199054032564163,-0.0011601501610130072,-0.015092023648321629,-0.001211069873534143,-0.0005524848820641637,0.00011387477570679039,0.0003141897905152291,0.3704867660999298,-0.5883679389953613,-0.18010179698467255,-0.15945881605148315,-0.38490283489227295,-0.18094149231910706,0.27065104246139526,0.2053947001695633,0.0017468035221099854,-0.18335804343223572,0.0028782784938812256,-0.1696748435497284,0.05937984585762024,0.06829480826854706,0.2053947001695633,0.0017468035221099854,-0.18335804343223572,0.0028782784938812256,-0.1696748435497284,0.05937984585762024,0.06829480826854706,0.2275361716747284,-0.01960015296936035,-0.1943703144788742,0.0034190043807029724,-0.18969587981700897,0.045153532177209854,0.08399820327758789
26.941000000000003,0.001106596551835537,0.001106596551835537,nan,nan,nan,nan,-0.04886751249432564,0.0,4.656612873077393e-10,0.14655882120132446,0.0,0.0,0.0,0.0,0.010999999940395355,0.010999999940395355,64.0,0.18378722667694092,0.7269596457481384,0.010814517736434937,8.771029472351074,-0.0012481468729674816,0.0007301861187443137,0.0019783335737884045,0.002074986696243286,-0.2468363493680954,0.01267035398632288,0.18262958526611328,9.0,1.0,0.0,0.0,0.0011065816506743431,-1.4901161193847656e-08,nan,0.0020041107200086117,-0.06946190446615219,0.17432774603366852,0.00018283489043824375,0.09047410637140274,0.16844767332077026,-0.03163978084921837,-0.1312386691570282,-0.0429336279630661,0.10775002837181091,0.00011300820187898353,0.0559210330247879,0.10411562025547028,-0.0195561945438385,-0.08111715316772461,-0.13059628009796143,0.4057234525680542,-0.0012932582758367062,0.1467292457818985,0.23459014296531677,0.08045907318592072,-0.19814848899841309,0.015447152778506279,-0.001161098713055253,-0.015343175269663334,-0.0012099294690415263,-0.0005622245371341705,0.00011121266288682818,0.0003190083953086287,0.2703161835670471,-0.38650375604629517,-0.14620807766914368,-0.17140649259090424,-0.34002140164375305,0.021607249975204468,0.2187681645154953,0.1397199183702469,0.019219711422920227,-0.14750133454799652,-0.02467724308371544,-0.10543125122785568,0.10206632316112518,0.020619673654437065,0.1397199183702469,0.019219711422920227,-0.14750133454799652,-0.02467724308371544,-0.10543125122785568,0.10206632316112518,0.020619673654437065,0.1397199183702469,0.019219711422920227,-0.14750133454799652,-0.02467724308371544,-0.10543125122785568,0.10206632316112518,0.020619673654437065
27.018,0.0011334391310811043,0.0011334391310811043,nan,nan,nan,nan,-0.041748158633708954,0.0,4.656612873077393e-10,0.14498791098594666,0.0,0.0,0.0,0.0,0.009999999776482582,0.019999999552965164,64.0,0.1842116266489029,0.8682999610900879,0.009533949196338654,9.471807479858398,-0.0021907964255660772,0.00044665351742878556,0.002637450350448489,0.0,-0.038735128939151764,0.008761746808886528,0.1345488727092743,9.0,1.0,0.0,0.0,0.0011334186419844627,-2.0489096641540527e-08,nan,0.0012684997636824846,-0.06946190446615219,0.17432774603366852,0.00018283489043824375,0.09047410637140274,0.16844767332077026,-0.03163978084921837,-0.1312386691570282,-0.0750071182847023,0.1882445067167282,0.00019743078155443072,0.09769674390554428,0.18189501762390137,-0.03416561707854271,-0.14171558618545532,-0.133009672164917,0.3657483160495758,-0.00032041597296483815,0.16367173194885254,0.2889208197593689,-0.0032640164718031883,-0.2313988357782364,0.01583581231534481,-0.0011559706181287766,-0.015731841325759888,-0.001206040964461863,-0.0005575015093199909,0.00010278912668582052,0.0003158947511110455,0.22915026545524597,-0.3355105519294739,-0.12263347208499908,-0.17228199541568756,-0.3147728145122528,0.06479354947805405,0.2013348788022995,0.09614058583974838,0.030237775295972824,-0.12295389175415039,-0.008610261604189873,-0.025851991027593613,0.061529532074928284,-0.030063951388001442,0.09614058583974838,0.030237775295972824,-0.12295389175415039,-0.008610261604189873,-0.025851991027593613,0.061529532074928284,-0.030063951388001442,0.09614058583974838,0.030237775295972824,-0.12295389175415039,-0.008610261604189873,-0.025851991027593613,0.061529532074928284,-0.030063951388001442
27.11,0.0009719738736748695,0.0009719738736748695,nan,nan,nan,nan,-0.046838898211717606,1.0,-9.434297680854797e-07,0.1416047215461731,0.0,0.0,0.0,0.0,0.010999999940395355,0.019999999552965164,64.0,0.18461623787879944,3.315582752227783,0.02035032957792282,14.706278800964355,0.0008726324886083603,-0.0009342744015157223,-0.001807850319892168,-0.003441423177719116,0.09301668405532837,0.00955892913043499,0.1705130636692047,9.0,1.0,0.0,0.0,0.0009719589725136757,-1.4901161193847656e-08,nan,0.003408294403925538,-0.06946190446615219,0.17432774603366852,0.00018283489043824375,0.09047410637140274,0.16844767332077026,-0.03163978084921837,-0.1312386691570282,-0.10566030442714691,0.2651744484901428,0.0002781148941721767,0.13762250542640686,0.25623011589050293,-0.04812809079885483,-0.19963054358959198,-0.1526203751564026,0.39611029624938965,0.0001270767825189978,0.19486673176288605,0.3563340902328491,-0.04603935778141022,-0.280202180147171,0.01734216883778572,-0.0010923119261860847,-0.017272204160690308,-0.0012105153873562813,-0.0004653997893910855,0.00011016032658517361,0.00024844848667271435,0.25441086292266846,-0.3746654987335205,-0.1331508755683899,-0.1750483214855194,-0.33180177211761475,0.038193248212337494,0.21925675868988037,0.10179047286510468,0.02144479751586914,-0.13302379846572876,0.019818410277366638,0.024532321840524673,-0.007846109569072723,-0.06094542518258095,0.10179047286510468,0.02144479751586914,-0.13302379846572876,0.019818410277366638,0.024532321840524673,-0.007846109569072723,-0.06094542518258095,0.11441550403833389,0.01073974184691906,-0.14010855555534363,0.020548194646835327,0.0145744439214468,-0.015711814165115356,-0.05320601165294647
27.197000000000003,0.0008875234052538872,0.0008875234052538872,nan,nan,nan,nan,-0.05169611796736717,1.0,-2.9336661100387573e-07,0.1394883245229721,0.0,0.0,0.0,0.0,0.004999999888241291,0.03400000184774399,64.0,0.18511080741882324,2.9833950996398926,0.016666948795318604,12.044766426086426,-0.0006714535411447287,-0.0008108741603791714,-0.0001397139858454466,-0.0005355104221962392,0.5434223413467407,0.010825653560459614,0.14772038161754608,9.0,1.0,0.0,0.0,0.0008875234052538872,0.0,nan,0.0013886529486626387,-0.06946190446615219,0.17432774603366852,0.00018283489043824375,0.09047410637140274,0.16844767332077026,-0.03163978084921837,-0.1312386691570282,-0.1370578110218048,0.34397244453430176,0.00036075818934477866,0.17851775884628296,0.33237022161483765,-0.062429606914520264,-0.2589518129825592,-0.181721031665802,0.4608014225959778,0.00037883379263803363,0.23527118563652039,0.43569010496139526,-0.07426878809928894,-0.34038352966308594,0.01842295564711094,-0.0010318950517103076,-0.018382765352725983,-0.0012314259074628353,-0.00036420399555936456,0.00011267963418504223,0.00017500868125353009,0.24352911114692688,-0.4268750548362732,-0.12540823221206665,-0.2198512852191925,-0.3331386148929596,0.062112078070640564,0.21550610661506653,0.06180807203054428,0.03392636403441429,-0.12502939999103546,0.01541990041732788,0.10255149006843567,-0.012156710028648376,-0.1248774304986,0.06180807203054428,0.03392636403441429,-0.12502939999103546,0.01541990041732788,0.10255149006843567,-0.012156710028648376,-0.1248774304986,0.06575535982847214,0.030733078718185425,-0.1273292452096939,0.015670940279960632,0.09957617521286011,-0.014545278623700142,-0.1225733682513237
27.267000000000003,0.000947452150285244,0.000947452150285244,nan,nan,nan,nan,-0.0402279831469059,0.0,0.0005114562809467316,0.13784633576869965,0.0,0.0,0.0,0.0,0.010999999940395355,0.017999999225139618,64.0,0.18646644055843353,0.5686544179916382,0.009153038263320923,8.711970329284668,-0.000665042083710432,1.601455733180046e-05,0.001192512921988964,0.0,0.6062401533126831,0.012226058170199394,0.13794051110744476,9.0,1.0,0.0,0.0,0.0009474446997046471,-7.450580596923828e-09,nan,0.0012989192036911845,-0.07170948386192322,0.15731604397296906,0.003176738740876317,0.08801449090242386,0.17687034606933594,-0.04685583710670471,-0.1373833417892456,-0.027547242119908333,0.06043305620551109,0.0012203461956232786,0.033810824155807495,0.06794485449790955,-0.017999699339270592,-0.052775897085666656,-0.15165074169635773,0.37083056569099426,0.0019362750463187695,0.193995863199234,0.36697036027908325,-0.07257210463285446,-0.2861303687095642,0.019775550812482834,-0.0009484870242886245,-0.019768504425883293,-0.001227906672284007,-0.00024891746579669416,0.00011249427916482091,9.083965414902195e-05,0.214824378490448,-0.3371472656726837,-0.13368111848831177,-0.17033284902572632,-0.24143430590629578,0.04074424132704735,0.14479409158229828,0.06317363679409027,0.03368329256772995,-0.131744846701622,0.02366301789879799,0.12553605437278748,-0.031827863305807114,-0.14133627712726593,0.06317363679409027,0.03368329256772995,-0.131744846701622,0.02366301789879799,0.12553605437278748,-0.031827863305807114,-0.14133627712726593,0.06317363679409027,0.03368329256772995,-0.131744846701622,0.02366301789879799,0.12553605437278748,-0.031827863305807114,-0.14133627712726593
27.333,0.0009807301685214043,0.0009807301685214043,nan,nan,nan,nan,-0.031037703156471252,0.0,-4.656612873077393e-10,0.13610614836215973,0.0,0.0,0.0,0.0,0.012000000104308128,0.020999999716877937,64.0,0.187728613615036,0.8120853304862976,0.014535151422023773,9.752820014953613,-0.0013904760126024485,0.0001335766864940524,0.0015240522334352136,0.0,0.5679113268852234,0.013671932741999626,0.1420689970254898,9.0,1.0,0.0,0.0,0.0009807171300053596,-1.30385160446167e-08,nan,0.001336434273980558,-0.07170948386192322,0.15731604397296906,0.003176738740876317,0.08801449090242386,0.17687034606933594,-0.04685583710670471,-0.1373833417892456,-0.046746522188186646,0.1025523841381073,0.0020708765368908644,0.05737555772066116,0.11529958993196487,-0.030544741079211235,-0.08955849707126617,-0.12789392471313477,0.2960965037345886,0.003719448111951351,0.1601744145154953,0.312569260597229,-0.07277421653270721,-0.24322964251041412,0.020859932526946068,-0.0008934485376812518,-0.020880937576293945,-0.001251036999747157,-0.00015914645337034017,0.0001187836387543939,2.6950237952405587e-05,0.22328126430511475,-0.2567182779312134,-0.14964519441127777,-0.09375476837158203,-0.19254665076732635,-0.021041981875896454,0.11991509795188904,0.09538733214139938,0.03937823325395584,-0.14592574536800385,0.06641964614391327,0.12002260982990265,-0.09381619840860367,-0.12331454455852509,0.09538733214139938,0.03937823325395584,-0.14592574536800385,0.06641964614391327,0.12002260982990265,-0.09381619840860367,-0.12331454455852509,0.09538733214139938,0.03937823325395584,-0.14592574536800385,0.06641964614391327,0.12002260982990265,-0.09381619840860367,-0.12331454455852509
27.451,0.0010051345452666283,0.0010051345452666283,nan,nan,nan,nan,-0.0326869823038578,1.0,-5.14322891831398e-07,0.13396593928337097,0.0,0.0,0.0,0.0,0.010999999940395355,0.017999999225139618,64.0,0.188944011926651,1.7546191215515137,0.010823830962181091,11.438430786132812,0.0015946761704981327,0.00022832932882010937,-0.0013668611645698547,0.0006535815191455185,0.4576195478439331,0.013928924687206745,0.19393198192119598,9.0,1.0,0.0,0.0,0.0010051215067505836,-1.30385160446167e-08,nan,0.004528133198618889,-0.07170948386192322,0.15731604397296906,0.003176738740876317,0.08801449090242386,0.17687034606933594,-0.04685583710670471,-0.1373833417892456,-0.06309384852647781,0.13841509819030762,0.0027950650546699762,0.07743987441062927,0.1556200236082077,-0.041226278990507126,-0.1208772286772728,-0.12930457293987274,0.2900930345058441,0.0049226414412260056,0.16003000736236572,0.31773602962493896,-0.08002180606126785,-0.24698342382907867,0.022236546501517296,-0.0007973784813657403,-0.022298002615571022,-0.0012358467793092132,-2.941173079307191e-05,0.00011441305105108768,-6.732095789629966e-05,0.23552639782428741,-0.2690012753009796,-0.15434324741363525,-0.09485158324241638,-0.20498761534690857,-0.02610333263874054,0.13247153162956238,0.10622182488441467,0.021091759204864502,-0.1494206041097641,0.06517842411994934,0.1127484142780304,-0.10612513870000839,-0.1145118847489357,0.10622182488441467,0.021091759204864502,-0.1494206041097641,0.06517842411994934,0.1127484142780304,-0.10612513870000839,-0.1145118847489357,0.11495506018400192,0.014859206974506378,-0.15499980747699738,0.06578216701745987,0.10691876709461212,-0.11081612855195999,-0.11002904921770096
27.503,0.0010655084624886513,0.0010655084624886513,nan,nan,nan,nan,-0.0320235900580883,0.0,0.0002810554578900337,0.1333989053964615,0.0,0.0,0.0,0.0,0.017000000923871994,0.010999999940395355,64.0,0.19048136472702026,1.1551697254180908,0.010821036994457245,14.0470609664917,-0.0015603729989379644,0.0005396772176027298,0.002381105674430728,0.0,0.6238250136375427,0.014742431230843067,0.15767067670822144,9.0,1.0,0.0,0.0,0.0010654935613274574,-1.4901161193847656e-08,nan,0.0014830263098701835,-0.07170948386192322,0.15731604397296906,0.003176738740876317,0.08801449090242386,0.17687034606933594,-0.04685583710670471,-0.1373833417892456,-0.08505800366401672,0.186599999666214,0.0037680799141526222,0.10439815372228622,0.209794282913208,-0.055577926337718964,-0.16295687854290009,-0.14414575695991516,0.3188188672065735,0.006060651037842035,0.17745549976825714,0.3550524413585663,-0.09238412231206894,-0.275859534740448,0.022740405052900314,-0.000737424532417208,-0.02282445691525936,-0.0012653486337512732,5.5119839089456946e-05,0.00012918334687128663,-0.00012730997696053237,0.2346697449684143,-0.27535122632980347,-0.14923007786273956,-0.10063844919204712,-0.21364080905914307,-0.019464515149593353,0.14189466834068298,0.09052398800849915,0.04346763715147972,-0.14316943287849426,0.07681705057621002,0.14141163229942322,-0.11184863746166229,-0.13396486639976501,0.09052398800849915,0.04346763715147972,-0.14316943287849426,0.07681705057621002,0.14141163229942322,-0.11184863746166229,-0.13396486639976501,0.09052398800849915,0.04346763715147972,-0.14316943287849426,0.07681705057621002,0.14141163229942322,-0.11184863746166229,-0.13396486639976501
27.591,0.0010463064536452293,0.0010463064536452293,nan,nan,nan,nan,-0.0291905477643013,0.0,0.0,0.13340173661708832,0.0,0.0,0.0,0.0,0.014999999664723873,0.02199999988079071,64.0,0.1913916915655136,3.878103494644165,0.020257197320461273,11.778416633605957,0.00028556003235280514,0.00019417447037994862,-9.138556197285652e-05,-0.000639310572296381,0.6416367292404175,0.012793549336493015,0.20736239850521088,9.0,1.0,0.0,0.0,0.0010462915524840355,-1.4901161193847656e-08,nan,0.003489932045340538,-0.07726119458675385,0.17178137600421906,0.006590909790247679,0.08790100365877151,0.16592486202716827,-0.03580784425139427,-0.13393497467041016,-0.022530140355229378,0.05009317398071289,0.0019219754030928016,0.025632813572883606,0.04838535562157631,-0.010441926307976246,-0.03905678540468216,-0.12302738428115845,0.27240219712257385,0.007258790545165539,0.14697130024433136,0.2881024181842804,-0.07060537487268448,-0.2269187867641449,0.023564551025629044,-0.0006693681352771819,-0.023685194551944733,-0.00127788248937577,0.00015006851754151285,0.0001338262518402189,-0.00019873323617503047,0.1849689781665802,-0.2451769858598709,-0.12973235547542572,-0.10638052225112915,-0.14690758287906647,0.002014555037021637,0.08690561354160309,0.061941586434841156,0.027225207537412643,-0.1224735677242279,0.04059077799320221,0.14119483530521393,-0.06859081983566284,-0.1400131732225418,0.061941586434841156,0.027225207537412643,-0.1224735677242279,0.04059077799320221,0.14119483530521393,-0.06859081983566284,-0.1400131732225418,0.061941586434841156,0.027225207537412643,-0.1224735677242279,0.04059077799320221,0.14119483530521393,-0.06859081983566284,-0.1400131732225418
27.662999999999997,0.0010510189458727837,0.0010510189458727837,nan,nan,nan,nan,-0.028127556666731834,1.0,-2.705492079257965e-07,0.1324886679649353,0.0,0.0,0.0,0.0,0.010999999940395355,0.017999999225139618,64.0,0.19224080443382263,1.1955573558807373,0.01449044793844223,13.871180534362793,0.00016382429748773575,0.00013473420403897762,-2.9360642656683922e-05,-0.0004674204683396965,0.6529814600944519,0.011417071335017681,0.22371767461299896,9.0,1.0,0.0,0.0,0.0010510077700018883,-1.1175870895385742e-08,nan,0.0034207466524094343,-0.07726119458675385,0.17178137600421906,0.006590909790247679,0.08790100365877151,0.16592486202716827,-0.03580784425139427,-0.13393497467041016,-0.04200619459152222,0.09339594095945358,0.0035834163427352905,0.04779095947742462,0.09021180123090744,-0.019468391314148903,-0.07281920313835144,-0.1193840503692627,0.26495370268821716,0.008807212114334106,0.1388038992881775,0.2665529251098633,-0.06111147254705429,-0.21276310086250305,0.024419661611318588,-0.000598388840444386,-0.02457529492676258,-0.0012948287185281515,0.0002509104670025408,0.000141603231895715,-0.00027343808324076235,0.16003713011741638,-0.23547661304473877,-0.1129436120390892,-0.11564576625823975,-0.13188505172729492,0.022022254765033722,0.07556983828544617,0.040653083473443985,0.029477082192897797,-0.1041363999247551,0.023158136755228043,0.13466787338256836,-0.03908921778202057,-0.13719326257705688,0.040653083473443985,0.029477082192897797,-0.1041363999247551,0.023158136755228043,0.13466787338256836,-0.03908921778202057,-0.13719326257705688,0.044833242893218994,0.02677319385111332,-0.10695768892765045,0.02342364192008972,0.13210850954055786,-0.0410270132124424,-0.13523447513580322
27.759999999999998,0.0010336851701140404,0.0010336851701140404,nan,nan,nan,nan,-0.027939027175307274,0.0,-4.656612873077393e-10,0.13100352883338928,0.0,0.0,0.0,0.0,0.014000000432133675,0.020999999716877937,64.0,0.19383172690868378,0.93138587474823,0.014314427971839905,10.135431289672852,-0.0014043461997061968,-9.041419252753258e-05,0.001313931541517377,0.0,0.6835430860519409,0.011288351379334927,0.1871752142906189,9.0,1.0,0.0,0.0,0.0010336777195334435,-7.450580596923828e-09,nan,0.001781098428182304,-0.07726119458675385,0.17178137600421906,0.006590909790247679,0.08790100365877151,0.16592486202716827,-0.03580784425139427,-0.13393497467041016,-0.060885943472385406,0.13537289202213287,0.00519398832693696,0.06927067786455154,0.1307576447725296,-0.02821849100291729,-0.10554790496826172,-0.1263553649187088,0.2807444930076599,0.01023124810308218,0.1449410319328308,0.27540212869644165,-0.060860734432935715,-0.2213510423898697,0.026310589164495468,-0.00040679980884306133,-0.026549363508820534,-0.0013067667605355382,0.0005156961269676685,0.0001392429694533348,-0.00046509422827512026,0.1681806743144989,-0.24018579721450806,-0.11511333286762238,-0.11829632520675659,-0.1455109417438507,0.026299208402633667,0.08793404698371887,0.0418253093957901,0.04055870324373245,-0.10488208383321762,0.02664470486342907,0.12989118695259094,-0.03456152603030205,-0.13341699540615082,0.0418253093957901,0.04055870324373245,-0.10488208383321762,0.02664470486342907,0.12989118695259094,-0.03456152603030205,-0.13341699540615082,0.0418253093957901,0.04055870324373245,-0.10488208383321762,0.02664470486342907,0.12989118695259094,-0.03456152603030205,-0.13341699540615082
27.834000000000003,0.0010272273793816566,0.0010272273793816566,nan,nan,nan,nan,-0.031052950769662857,0.0,2.3283064365386963e-10,0.12845607101917267,0.0,0.0,0.0,0.0,0.004000000189989805,0.014999999664723873,64.0,0.1956871896982193,0.8932203054428101,0.013834796845912933,8.956648826599121,-0.0016566801350563765,-0.00018485775217413902,0.001471822615712881,0.0,0.6398057341575623,0.012097044847905636,0.1647530496120453,9.0,1.0,0.0,0.0,0.001027206890285015,-2.0489096641540527e-08,nan,0.001552088651806116,-0.07726119458675385,0.17178137600421906,0.006590909790247679,0.08790100365877151,0.16592486202716827,-0.03580784425139427,-0.13393497467041016,-0.08399681001901627,0.18675723671913147,0.0071655032224953175,0.09556418657302856,0.1803901493549347,-0.03892956301569939,-0.14561139047145844,-0.14339660108089447,0.3187534213066101,0.012026196345686913,0.16359086334705353,0.3094807267189026,-0.06732627749443054,-0.2494538426399231,0.028858117759227753,-0.00017029295850079507,-0.029200013726949692,-0.0012998138554394245,0.0008371755247935653,0.00012230343418195844,-0.0006948229274712503,0.203355073928833,-0.2723406255245209,-0.13564787805080414,-0.1300898641347885,-0.1804521083831787,0.027897432446479797,0.11462531983852386,0.059958480298519135,0.04641278460621834,-0.12362167984247208,0.033500999212265015,0.12902861833572388,-0.039428845047950745,-0.13482852280139923,0.059958480298519135,0.04641278460621834,-0.12362167984247208,0.033500999212265015,0.12902861833572388,-0.039428845047950745,-0.13482852280139923,0.059958480298519135,0.04641278460621834,-0.12362167984247208,0.033500999212265015,0.12902861833572388,-0.039428845047950745,-0.13482852280139923
27.915,0.0010237554088234901,0.0010237554088234901,nan,nan,nan,nan,-0.03011467307806015,1.0,-1.2223608791828156e-07,0.1269521713256836,0.0,0.0,0.0,0.0,0.0,0.024000000208616257,64.0,0.1956871896982193,1.1847820281982422,0.01087132841348648,17.34407615661621,-0.001665026182308793,-0.00017713778652250767,0.0014877661596983671,-0.0011300047626718879,0.6477625966072083,0.011381604708731174,0.16759935021400452,9.0,1.0,0.0,0.0,0.0010237367823719978,-1.862645149230957e-08,nan,0.0015597628662362695,-0.08358857035636902,0.203694686293602,0.014056529849767685,0.08968865871429443,0.1403517723083496,-0.015547694638371468,-0.11549647152423859,-0.03267311677336693,0.07962022721767426,0.005494419485330582,0.03505752235651016,0.05486072972416878,-0.006077286321669817,-0.04514528810977936,-0.13485708832740784,0.3102943003177643,0.015488007105886936,0.15043437480926514,0.2672388255596161,-0.04923372343182564,-0.2168618142604828,0.02956213243305683,-8.568288467358798e-05,-0.02994302101433277,-0.0012961453758180141,0.0009492784738540649,0.00011755428567994386,-0.000778254761826247,0.16641879081726074,-0.2625221610069275,-0.12009768933057785,-0.14136111736297607,-0.13571901619434357,0.04727151244878769,0.07376022636890411,0.031561702489852905,0.04777213931083679,-0.10460968315601349,0.009073249995708466,0.13151980936527252,-0.0019622091203927994,-0.14310158789157867,0.031561702489852905,0.04777213931083679,-0.10460968315601349,0.009073249995708466,0.13151980936527252,-0.0019622091203927994,-0.14310158789157867,0.034749701619148254,0.04599354416131973,-0.10692251473665237,0.009248570539057255,0.12982815504074097,-0.003203600412234664,-0.14180928468704224
27.982,0.0009849788621068,0.0009849788621068,nan,nan,nan,nan,-0.030067814514040947,1.0,-3.958120942115784e-09,0.12606526911258698,0.0,0.0,0.0,0.0,0.010999999940395355,0.019999999552965164,64.0,0.19717153906822205,1.251500129699707,0.01618172973394394,13.588264465332031,-0.0017770244739949703,-0.0004371420945972204,0.0013398784212768078,-0.0005026347935199738,0.5775820016860962,0.010393640957772732,0.15751422941684723,9.0,1.0,0.0,0.0,0.0009849676862359047,-1.1175870895385742e-08,nan,0.001227465458214283,-0.08358857035636902,0.203694686293602,0.014056529849767685,0.08968865871429443,0.1403517723083496,-0.015547694638371468,-0.11549647152423859,-0.04998798295855522,0.12181434780359268,0.008406144566833973,0.053635984659194946,0.0839337483048439,-0.009297897107899189,-0.06906968355178833,-0.13078877329826355,0.31008991599082947,0.018611397594213486,0.1430317610502243,0.23880010843276978,-0.035688191652297974,-0.19507503509521484,0.030406085774302483,6.078453588997945e-05,-0.030845003202557564,-0.0013099296484142542,0.0011510129552334547,0.00010205836588284001,-0.0009137799497693777,0.17038652300834656,-0.2641676664352417,-0.12580391764640808,-0.14121730625629425,-0.12975431978702545,0.04666846618056297,0.06845539808273315,0.039597757160663605,0.04592224210500717,-0.1071925237774849,0.001814451185055077,0.10904578864574432,0.010980275459587574,-0.1266196370124817,0.039597757160663605,0.04592224210500717,-0.1071925237774849,0.001814451185055077,0.10904578864574432,0.010980275459587574,-0.1266196370124817,0.039680611342191696,0.04587685316801071,-0.10725300759077072,0.001818814198486507,0.10900226980447769,0.010949169285595417,-0.12658636271953583
28.061999999999998,0.0009038178250193596,0.0009038178250193596,nan,nan,nan,nan,-0.033958178013563156,0.0,2.3283064365386963e-10,0.12486601620912552,0.0,0.0,0.0,0.0,0.010999999940395355,0.019999999552965164,64.0,0.19805499911308289,0.968631386756897,0.01422874629497528,11.208120346069336,-0.0011327359825372696,-0.0007089229766279459,0.00042381323873996735,0.0,0.2990328371524811,0.012003812938928604,0.14834383130073547,9.0,1.0,0.0,0.0,0.0009038029238581657,-1.4901161193847656e-08,nan,0.0013944751117378473,-0.08358857035636902,0.203694686293602,0.014056529849767685,0.08968865871429443,0.1403517723083496,-0.015547694638371468,-0.11549647152423859,-0.07550306618213654,0.18399135768413544,0.012696845456957817,0.08101309090852737,0.1267755776643753,-0.014043769799172878,-0.10432452708482742,-0.1424410045146942,0.34357714653015137,0.02256775088608265,0.15394136309623718,0.24703288078308105,-0.031148390844464302,-0.20269717276096344,0.03276558965444565,0.00035054056206718087,-0.03333723917603493,-0.0013326919870451093,0.0015438093105331063,9.37023651204072e-05,-0.0012043549213558435,0.2578140199184418,-0.2972767949104309,-0.187600240111351,-0.12751127779483795,-0.17607621848583221,0.011287761852145195,0.10879076272249222,0.11537302285432816,0.04630034416913986,-0.1650324910879135,0.02643008530139923,0.07095666229724884,-0.019860628992319107,-0.09390641003847122,0.11537302285432816,0.04630034416913986,-0.1650324910879135,0.02643008530139923,0.07095666229724884,-0.019860628992319107,-0.09390641003847122,0.11537302285432816,0.04630034416913986,-0.1650324910879135,0.02643008530139923,0.07095666229724884,-0.019860628992319107,-0.09390641003847122
28.142000000000003,0.0008743731305003166,0.0008743731305003166,nan,nan,nan,nan,-0.04052283614873886,1.0,-1.5040859580039978e-07,0.12195589393377304,0.0,0.0,0.0,0.0,0.010999999940395355,0.019999999552965164,64.0,0.19890592992305756,1.7372509241104126,0.00982917845249176,11.06312084197998,0.0011736878659576178,-0.0002454856876283884,-0.0014193239621818066,0.0009667128324508667,0.09656668454408646,0.013888131827116013,0.1899551898241043,9.0,1.0,0.0,0.0,0.0008743582293391228,-1.4901161193847656e-08,nan,0.0035897730849683285,-0.08358857035636902,0.203694686293602,0.014056529849767685,0.08968865871429443,0.1403517723083496,-0.015547694638371468,-0.11549647152423859,-0.10253104567527771,0.24985510110855103,0.017241960391402245,0.11001351475715637,0.1721576750278473,-0.019071046262979507,-0.14166979491710663,-0.1627970039844513,0.39526811242103577,0.026808882132172585,0.17513032257556915,0.27657005190849304,-0.03218713775277138,-0.2273506224155426,0.034903205931186676,0.0006535775610245764,-0.03560492396354675,-0.0013294854434207082,0.0019381274469196796,7.034448208287358e-05,-0.001483630738221109,0.3163519501686096,-0.3604109287261963,-0.2267710119485855,-0.1589151918888092,-0.22778022289276123,0.023456882685422897,0.14454466104507446,0.15355493128299713,0.03485717996954918,-0.19996212422847748,0.016215123236179352,0.04878983274102211,-0.00873025506734848,-0.08280596882104874,0.15355493128299713,0.03485717996954918,-0.19996212422847748,0.016215123236179352,0.04878983274102211,-0.00873025506734848,-0.08280596882104874,0.15916669368743896,0.03217333182692528,-0.204273983836174,0.016468286514282227,0.046222344040870667,-0.010554580017924309,-0.08084642142057419
28.232999999999997,0.0009688595309853554,0.0009688595309853554,nan,nan,nan,nan,-0.04140276461839676,0.0,6.984919309616089e-10,0.11888647079467773,0.0,0.0,0.0,0.0,0.003000000026077032,0.014000000432133675,64.0,0.20009316504001617,0.4926258623600006,0.007915310561656952,9.311945915222168,-0.0006917500868439674,0.0007480785716325045,0.0014398293569684029,0.0032390067353844643,0.17525765299797058,0.014692036435008049,0.18697567284107208,9.0,1.0,0.0,0.0,0.0009688390418887138,-2.0489096641540527e-08,nan,0.0023914591874927282,-0.08950449526309967,0.21895915269851685,0.024841049686074257,0.0895056426525116,0.1216767430305481,-0.0068902503699064255,-0.1027851551771164,-0.026758870109915733,0.06546150892972946,0.007426648400723934,0.026759210973978043,0.036377303302288055,-0.0020599558483809233,-0.030729345977306366,-0.17880095541477203,0.4353468418121338,0.03175293654203415,0.19075250625610352,0.29587090015411377,-0.03207087144255638,-0.2438996434211731,0.038769062608480453,0.0010860248003154993,-0.03966206684708595,-0.0013171801110729575,0.0025042283814400434,3.355332955834456e-05,-0.001893645734526217,0.33539825677871704,-0.3790375888347626,-0.2457977533340454,-0.17535890638828278,-0.23861610889434814,0.039076656103134155,0.14762155711650848,0.1565972864627838,0.056309256702661514,-0.21404480934143066,0.015393603593111038,0.05725479871034622,0.007005784660577774,-0.09627808630466461,0.1565972864627838,0.056309256702661514,-0.21404480934143066,0.015393603593111038,0.05725479871034622,0.007005784660577774,-0.09627808630466461,0.1565972864627838,0.056309256702661514,-0.21404480934143066,0.015393603593111038,0.05725479871034622,0.007005784660577774,-0.09627808630466461
28.316000000000003,0.0009942902252078056,0.0009942902252078056,nan,nan,nan,nan,-0.034690551459789276,0.0,1.1641532182693481e-09,0.11652423441410065,0.0,0.0,0.0,0.0,0.010999999940395355,0.023000000044703484,64.0,0.20067578554153442,10.34682559967041,0.013444572687149048,14.920641899108887,-0.0015358179807662964,0.0005425100680440664,0.002078329212963581,6.729817687300965e-05,0.14677302539348602,0.014526271261274815,0.1856849491596222,9.0,1.0,0.0,0.0,0.0009942734614014626,-1.6763806343078613e-08,nan,0.00176538887899369,-0.08950449526309967,0.21895915269851685,0.024841049686074257,0.0895056426525116,0.1216767430305481,-0.0068902503699064255,-0.1027851551771164,-0.060954462736845016,0.14911583065986633,0.016917282715439796,0.060955241322517395,0.08286444842815399,-0.004692406859248877,-0.06999887526035309,-0.15551893413066864,0.3796713352203369,0.03638583421707153,0.160052090883255,0.23144182562828064,-0.01891397126019001,-0.19321990013122559,0.03959698975086212,0.0012754760682582855,-0.040566667914390564,-0.0013455464504659176,0.002736292313784361,2.699220203794539e-05,-0.002063071820884943,0.3128150403499603,-0.31365063786506653,-0.24838227033615112,-0.14510424435138702,-0.18448078632354736,0.03401956334710121,0.10544469952583313,0.1572961062192917,0.06602069735527039,-0.2119964361190796,0.014947852119803429,0.04696103185415268,0.015105593018233776,-0.08777520060539246,0.1572961062192917,0.06602069735527039,-0.2119964361190796,0.014947852119803429,0.04696103185415268,0.015105593018233776,-0.08777520060539246,0.1572961062192917,0.06602069735527039,-0.2119964361190796,0.014947852119803429,0.04696103185415268,0.015105593018233776,-0.08777520060539246
28.378,0.0010042199864983559,0.0010042199864983559,nan,nan,nan,nan,-0.035526689141988754,0.0,2.3283064365386963e-10,0.11525142192840576,0.0,0.0,0.0,0.0,0.010999999940395355,0.019999999552965164,64.0,0.20146584510803223,2.2188527584075928,0.010502524673938751,13.511892318725586,-0.001943354494869709,0.0004146220162510872,0.00235797674395144,0.0,0.16287904977798462,0.012971854768693447,0.15440745651721954,9.0,1.0,0.0,0.0,0.001004212535917759,-7.450580596923828e-09,nan,0.0014517346862703562,-0.08950449526309967,0.21895915269851685,0.024841049686074257,0.0895056426525116,0.1216767430305481,-0.0068902503699064255,-0.1027851551771164,-0.08767670392990112,0.21448776125907898,0.024333767592906952,0.08767782896757126,0.1191919595003128,-0.006749542895704508,-0.10068616271018982,-0.16203105449676514,0.39599019289016724,0.04155423492193222,0.1643170416355133,0.23036473989486694,-0.015972459688782692,-0.1934448629617691,0.04264823719859123,0.001760327722877264,-0.04383009672164917,-0.0013417075388133526,0.0033544241450726986,-4.015014383185189e-06,-0.0025082221254706383,0.2913280427455902,-0.3293958604335785,-0.2282279133796692,-0.16727769374847412,-0.18790102005004883,0.05848419666290283,0.10575881600379944,0.12929698824882507,0.06659432500600815,-0.18667368590831757,-0.002960648387670517,0.04246371611952782,0.04251173883676529,-0.08768604695796967,0.12929698824882507,0.06659432500600815,-0.18667368590831757,-0.002960648387670517,0.04246371611952782,0.04251173883676529,-0.08768604695796967,0.12929698824882507,0.06659432500600815,-0.18667368590831757,-0.002960648387670517,0.04246371611952782,0.04251173883676529,-0.08768604695796967
28.472,0.001002720557153225,0.001002720557153225,nan,nan,nan,nan,-0.04195447266101837,1.0,-1.0896474123001099e-07,0.11193610727787018,0.0,0.0,0.0,0.0,0.010999999940395355,0.019999999552965164,64.0,0.20199912786483765,0.49446430802345276,0.009509734809398651,8.60167121887207,0.00041499780490994453,5.0132861360907555e-05,-0.000364973908290267,-0.0014262273907661438,-0.010205553844571114,0.015237884595990181,0.17874957621097565,9.0,1.0,0.0,0.0,0.0010027037933468819,-1.6763806343078613e-08,nan,0.0038837078027427197,-0.08950449526309967,0.21895915269851685,0.024841049686074257,0.0895056426525116,0.1216767430305481,-0.0068902503699064255,-0.1027851551771164,-0.12166611850261688,0.2976376712322235,0.033767178654670715,0.12166766822338104,0.16539880633354187,-0.009366121143102646,-0.1397189199924469,-0.1850235015153885,0.4524703621864319,0.049952104687690735,0.18596144020557404,0.2556639313697815,-0.015676826238632202,-0.2154969871044159,0.04518454521894455,0.0021420165430754423,-0.04651722311973572,-0.0013716197572648525,0.0038485846016556025,-1.2070526281604543e-05,-0.0028576168697327375,0.3497443199157715,-0.3969268500804901,-0.26861149072647095,-0.20092031359672546,-0.23370617628097534,0.07110471278429031,0.13721659779548645,0.1647208333015442,0.055543504655361176,-0.21865937113761902,-0.014958880841732025,0.021957751363515854,0.05542788654565811,-0.07828038930892944,0.1647208333015442,0.055543504655361176,-0.21865937113761902,-0.014958880841732025,0.021957751363515854,0.05542788654565811,-0.07828038930892944,0.1732146441936493,0.052372582256793976,-0.2256973683834076,-0.014644508250057697,0.01899721659719944,0.05322036147117615,-0.07605196535587311
28.543,0.0009622806683182716,0.0009622806683182716,nan,nan,nan,nan,-0.03848462551832199,0.0,-4.656612873077393e-10,0.10907718539237976,0.0,0.0,0.0,0.0,0.01600000075995922,0.02500000037252903,64.0,0.20297397673130035,0.8470723628997803,0.009590759873390198,9.871810913085938,-0.001707194373011589,-0.00023579993285238743,0.0014713939744979143,0.0,0.06951308995485306,0.01696965843439102,0.1675836443901062,9.0,1.0,0.0,0.0,0.0009622620418667793,-1.862645149230957e-08,nan,0.0015801303088665009,-0.09626419842243195,0.20910124480724335,0.032773230224847794,0.08731658011674881,0.12999780476093292,-0.017876509577035904,-0.10532145202159882,-0.024602245539426804,0.05344001203775406,0.008375856094062328,0.022315502166748047,0.03322354331612587,-0.004568700212985277,-0.02691700868308544,-0.18693304061889648,0.44934919476509094,0.05314139649271965,0.1846281886100769,0.25549226999282837,-0.018083009868860245,-0.21429547667503357,0.050727177411317825,0.003176596248522401,-0.05248279497027397,-0.0013568828580901027,0.005174413323402405,-7.848499808460474e-05,-0.003801563521847129,0.37522000074386597,-0.36425405740737915,-0.3010866045951843,-0.1857687532901764,-0.22621914744377136,0.07043464481830597,0.1281609684228897,0.18828696012496948,0.08509514480829239,-0.24794520437717438,-0.0011405646800994873,0.029273126274347305,0.052351631224155426,-0.08613450825214386,0.18828696012496948,0.08509514480829239,-0.24794520437717438,-0.0011405646800994873,0.029273126274347305,0.052351631224155426,-0.08613450825214386,0.18828696012496948,0.08509514480829239,-0.24794520437717438,-0.0011405646800994873,0.029273126274347305,0.052351631224155426,-0.08613450825214386
28.613999999999997,0.000986768864095211,0.000986768864095211,nan,nan,nan,nan,-0.0332547128200531,0.0,7.522851228713989e-05,0.1053210124373436,0.0,0.0,0.0,0.0,0.012000000104308128,0.019999999552965164,64.0,0.2035159170627594,0.45155641436576843,0.012972392141819,9.484355926513672,0.0007897559553384781,0.00011830730363726616,-0.000596220139414072,0.0003277324140071869,-0.02516455203294754,0.01626819744706154,0.20931413769721985,9.0,1.0,0.0,0.0,0.0009867465123534203,-2.2351741790771484e-08,nan,0.004248807672411203,-0.09626419842243195,0.20910124480724335,0.032773230224847794,0.08731658011674881,0.12999780476093292,-0.017876509577035904,-0.10532145202159882,-0.0643112063407898,0.1396942287683487,0.021894806995987892,0.05833357200026512,0.08684761077165604,-0.011942756362259388,-0.07036208361387253,-0.16516414284706116,0.3774358630180359,0.05170223116874695,0.1563112586736679,0.2243586629629135,-0.023499520495533943,-0.18491911888122559,0.055040907114744186,0.003947861958295107,-0.057118866592645645,-0.0013773285318166018,0.0061670830473303795,-0.00013387406943365932,-0.004514971282333136,0.34705501794815063,-0.3167915940284729,-0.2904519736766815,-0.17851661145687103,-0.2014571577310562,0.09025579690933228,0.10352908074855804,0.18189087510108948,0.06064428389072418,-0.23874974250793457,-0.022205352783203125,0.022901501506567,0.06675627827644348,-0.08139003813266754,0.18189087510108948,0.06064428389072418,-0.23874974250793457,-0.022205352783203125,0.022901501506567,0.06675627827644348,-0.08139003813266754,0.18189087510108948,0.06064428389072418,-0.23874974250793457,-0.022205352783203125,0.022901501506567,0.06675627827644348,-0.08139003813266754
28.704,0.0010408302769064903,0.0010408302769064903,nan,nan,nan,nan,-0.030821816995739937,0.0,4.656612873077393e-10,0.10203253477811813,0.0,0.0,0.0,0.0,0.012000000104308128,0.020999999716877937,64.0,0.2039964646100998,0.8299117684364319,0.040862709283828735,15.111170768737793,-0.0021952148526906967,0.0004218132235109806,0.0026170285418629646,0.00033758225617930293,0.1841786801815033,0.013956833630800247,0.2313653528690338,9.0,1.0,0.0,0.0,0.0010408209636807442,-9.313225746154785e-09,nan,0.0017591607756912708,-0.09626419842243195,0.20910124480724335,0.032773230224847794,0.08731658011674881,0.12999780476093292,-0.017876509577035904,-0.10532145202159882,-0.10340402275323868,0.2246100753545761,0.03520398586988449,0.09379276633262634,0.13963961601257324,-0.019202392548322678,-0.11313304305076599,-0.1788402795791626,0.3960424065589905,0.05905000865459442,0.16485291719436646,0.24204470217227936,-0.030302582308650017,-0.1973763257265091,0.059181179851293564,0.004798213951289654,-0.061591047793626785,-0.0013465106021612883,0.0072393533773720264,-0.00020700748427771032,-0.005273791961371899,0.30507516860961914,-0.3066841959953308,-0.2511190176010132,-0.17943933606147766,-0.18992163240909576,0.09785158187150955,0.09932616353034973,0.12623487412929535,0.08935822546482086,-0.19206899404525757,-0.014586418867111206,0.05212307348847389,0.06754899770021439,-0.09805016219615936,0.12623487412929535,0.08935822546482086,-0.19206899404525757,-0.014586418867111206,0.05212307348847389,0.06754899770021439,-0.09805016219615936,0.12623487412929535,0.08935822546482086,-0.19206899404525757,-0.014586418867111206,0.05212307348847389,0.06754899770021439,-0.09805016219615936
28.771,0.0010163718834519386,0.0010163718834519386,nan,nan,nan,nan,-0.034420162439346313,0.0,1.1641532182693481e-09,0.09986002743244171,0.0,0.0,0.0,0.0,0.009999999776482582,0.019999999552965164,64.0,0.2048283964395523,0.6477646827697754,0.010290183126926422,8.532389640808105,-0.002218262292444706,-0.0001343274489045143,0.00208393600769341,0.0,0.20606057345867157,0.015217254869639874,0.17330341041088104,9.0,1.0,0.0,0.0,0.0010163644328713417,-7.450580596923828e-09,nan,0.001637559849768877,-0.09626419842243195,0.20910124480724335,0.032773230224847794,0.08731658011674881,0.12999780476093292,-0.017876509577035904,-0.10532145202159882,-0.1399272084236145,0.30394425988197327,0.047638338059186935,0.1269211769104004,0.18896152079105377,-0.02598484233021736,-0.15309260785579681,-0.20531687140464783,0.4491192698478699,0.06913930177688599,0.18732517957687378,0.27748674154281616,-0.036922529339790344,-0.2253430038690567,0.0665489211678505,0.006451040972024202,-0.06963144987821579,-0.001359407091513276,0.009350640699267387,-0.0003044583136215806,-0.006783172953873873,0.3414999842643738,-0.3492315113544464,-0.27715104818344116,-0.20018227398395538,-0.21227525174617767,0.10418221354484558,0.11628931015729904,0.13618309795856476,0.09988775849342346,-0.20801173150539398,-0.012857098132371902,0.06521148979663849,0.06725968420505524,-0.10905369371175766,0.13618309795856476,0.09988775849342346,-0.20801173150539398,-0.012857098132371902,0.06521148979663849,0.06725968420505524,-0.10905369371175766,0.13618309795856476,0.09988775849342346,-0.20801173150539398,-0.012857098132371902,0.06521148979663849,0.06725968420505524,-0.10905369371175766
28.883000000000003,0.0010071368888020515,0.0010071368888020515,nan,nan,nan,nan,-0.038847580552101135,0.0,-4.656612873077393e-10,0.09569694846868515,0.0,0.0,0.0,0.0,0.0010000000474974513,0.02500000037252903,64.0,0.2054969072341919,0.9786905646324158,0.014732591807842255,10.988791465759277,-0.0023086154833436012,-0.0002849646843969822,0.0020236503332853317,-0.0013423711061477661,0.26616618037223816,0.016175175085663795,0.1689310371875763,9.0,1.0,0.0,0.0,0.0010071294382214546,-7.450580596923828e-09,nan,0.0015935666160658002,-0.09626419842243195,0.20910124480724335,0.032773230224847794,0.08731658011674881,0.12999780476093292,-0.017876509577035904,-0.10532145202159882,-0.1829938292503357,0.3974918723106384,0.06230040639638901,0.16598480939865112,0.24711987376213074,-0.033982422202825546,-0.20021125674247742,-0.2421225905418396,0.5270942449569702,0.08214827626943588,0.22002319991588593,0.3270511031150818,-0.04451523721218109,-0.265166312456131,0.072933129966259,0.008044781163334846,-0.07663993537425995,-0.001321470714174211,0.011362985707819462,-0.0004392815171740949,-0.008199193514883518,0.3654296100139618,-0.4143589735031128,-0.2915966510772705,-0.24459537863731384,-0.24384775757789612,0.13417845964431763,0.13361507654190063,0.1233070120215416,0.11273528635501862,-0.20944838225841522,-0.024572182446718216,0.08320333808660507,0.08966321498155594,-0.13155123591423035,0.1233070120215416,0.11273528635501862,-0.20944838225841522,-0.024572182446718216,0.08320333808660507,0.08966321498155594,-0.13155123591423035,0.1233070120215416,0.11273528635501862,-0.20944838225841522,-0.024572182446718216,0.08320333808660507,0.08966321498155594,-0.13155123591423035
28.991,0.0008255960419774055,0.0008255960419774055,nan,nan,nan,nan,-0.028333589434623718,0.0,2.3283064365386963e-10,0.09163904190063477,0.0,0.0,0.0,0.0,0.012000000104308128,0.061000000685453415,64.0,0.20643974840641022,0.45369285345077515,0.008635222911834717,28.151079177856445,-0.0011944742873311043,-0.0005663754418492317,0.0006280990783125162,-0.0009084822377189994,0.2251800298690796,0.017934847623109818,0.17753440141677856,9.0,1.0,0.0,0.0,0.0008255736902356148,-2.2351741790771484e-08,nan,0.0016745245084166527,-0.10506898909807205,0.1916639357805252,0.04304727539420128,0.08423896878957748,0.1420591175556183,-0.032810453325510025,-0.1096305325627327,-0.06657839566469193,0.12145047634840012,0.027277495712041855,0.05337917432188988,0.09001769870519638,-0.020790791139006615,-0.06946888566017151,-0.1931832730770111,0.3918585181236267,0.0712718814611435,0.16684938967227936,0.26105037331581116,-0.0459631010890007,-0.20735928416252136,0.08298581838607788,0.010738847777247429,-0.08774994313716888,-0.0012782308040186763,0.014800828881561756,-0.0006809291080571711,-0.010635660029947758,0.34850990772247314,-0.2717106342315674,-0.3119089603424072,-0.1802869588136673,-0.16631191968917847,0.11744819581508636,0.0734620988368988,0.15532664954662323,0.12014788389205933,-0.24063707888126373,-0.01343756727874279,0.09473845362663269,0.07148509472608566,-0.13389718532562256,0.15532664954662323,0.12014788389205933,-0.24063707888126373,-0.01343756727874279,0.09473845362663269,0.07148509472608566,-0.13389718532562256,0.15532664954662323,0.12014788389205933,-0.24063707888126373,-0.01343756727874279,0.09473845362663269,0.07148509472608566,-0.13389718532562256
29.086,0.0007897922769188881,0.0007897922769188881,nan,nan,nan,nan,-0.026521384716033936,0.0,-4.656612873077393e-10,0.09008177369832993,0.0,0.0,0.0,0.0,0.012000000104308128,0.019999999552965164,64.0,0.20700031518936157,2.580615758895874,0.015702098608016968,21.38587760925293,-0.001626288052648306,-0.00021005608141422272,0.0014162315055727959,0.0,0.2835010886192322,0.017194394022226334,0.10985298454761505,9.0,1.0,0.0,0.0,0.000789775513112545,-1.6763806343078613e-08,nan,0.0010578695219010115,-0.10506898909807205,0.1916639357805252,0.04304727539420128,0.08423896878957748,0.1420591175556183,-0.032810453325510025,-0.1096305325627327,-0.10668953508138657,0.19462010264396667,0.04371122270822525,0.08553823828697205,0.14425018429756165,-0.03331650793552399,-0.11132144182920456,-0.19768473505973816,0.3769053816795349,0.07773993164300919,0.16343437135219574,0.26722121238708496,-0.055800821632146835,-0.20865769684314728,0.09087161719799042,0.01302427053451538,-0.09652277827262878,-0.0012643986847251654,0.017688363790512085,-0.0008725020452402532,-0.012688210234045982,0.3339303731918335,-0.254030704498291,-0.2994489073753357,-0.1720544546842575,-0.15591512620449066,0.11584566533565521,0.06946396827697754,0.13624562323093414,0.12287469208240509,-0.2217089682817459,-0.008620087057352066,0.1113060861825943,0.060044847428798676,-0.13919372856616974,0.13624562323093414,0.12287469208240509,-0.2217089682817459,-0.008620087057352066,0.1113060861825943,0.060044847428798676,-0.13919372856616974,0.13624562323093414,0.12287469208240509,-0.2217089682817459,-0.008620087057352066,0.1113060861825943,0.060044847428798676,-0.13919372856616974
29.149,0.0007174881175160408,0.0007174881175160408,nan,nan,nan,nan,-0.028881840407848358,0.0,-1.1641532182693481e-09,0.08732319623231888,0.0,0.0,0.0,0.0,0.012000000104308128,0.010999999940395355,64.0,0.20777325332164764,0.7547820210456848,0.013686716556549072,10.068642616271973,-0.0009545097127556801,-0.0003403483424335718,0.00061416020616889,-0.0037567857652902603,0.29879051446914673,0.01805119402706623,0.143189936876297,9.0,1.0,0.0,0.0,0.0007174769416451454,-1.1175870895385742e-08,nan,0.0013467121170833707,-0.10506898909807205,0.1916639357805252,0.04304727539420128,0.08423896878957748,0.1420591175556183,-0.032810453325510025,-0.1096305325627327,-0.14223651587963104,0.25946393609046936,0.058274999260902405,0.11403800547122955,0.19231168925762177,-0.04441695660352707,-0.14841169118881226,-0.22102023661136627,0.4100935757160187,0.08917288482189178,0.17929944396018982,0.29880639910697937,-0.06650222837924957,-0.23163023591041565,0.09830109030008316,0.015338198281824589,-0.10482068359851837,-0.0012320411624386907,0.02062315121293068,-0.0011195234255865216,-0.014726764522492886,0.36159855127334595,-0.2833954691886902,-0.31891554594039917,-0.18646621704101562,-0.1703069657087326,0.11967742443084717,0.08212870359420776,0.14057832956314087,0.1266981065273285,-0.22974267601966858,-0.007166773080825806,0.12849943339824677,0.053175199776887894,-0.14950153231620789,0.14057832956314087,0.1266981065273285,-0.22974267601966858,-0.007166773080825806,0.12849943339824677,0.053175199776887894,-0.14950153231620789,0.14057832956314087,0.1266981065273285,-0.22974267601966858,-0.007166773080825806,0.12849943339824677,0.053175199776887894,-0.14950153231620789
29.232999999999997,0.0007280604913830757,0.0007280604913830757,nan,nan,nan,nan,-0.028731219470500946,0.0,0.00040156906470656395,0.08519772440195084,0.0,0.0,0.0,0.0,0.009999999776482582,0.014000000432133675,64.0,0.20833531022071838,1.0843147039413452,0.01543387770652771,12.351877212524414,-0.0006649624556303024,0.0001710965298116207,0.001237628050148487,0.0,0.3149789869785309,0.019714869558811188,0.14397168159484863,9.0,1.0,0.0,0.0,0.0007280511781573296,-9.313225746154785e-09,nan,0.0013539032079279423,-0.11203362047672272,0.18214797973632812,0.05217824503779411,0.08345859497785568,0.1439550369977951,-0.04102810472249985,-0.11034636199474335,-0.026920080184936523,0.04376756027340889,0.012537687085568905,0.020053908228874207,0.03459033742547035,-0.009858467616140842,-0.026514653116464615,-0.2301308810710907,0.418558806180954,0.09487342834472656,0.18420036137104034,0.3097499907016754,-0.07193749397993088,-0.23933210968971252,0.10897569358348846,0.017977161332964897,-0.11652718484401703,-0.0011436986969783902,0.02395327016711235,-0.0013742740266025066,-0.017092101275920868,0.38120293617248535,-0.27974143624305725,-0.3425361216068268,-0.18837331235408783,-0.16045397520065308,0.12071175873279572,0.07393860816955566,0.15107205510139465,0.13881736993789673,-0.24766269326210022,-0.004172950983047485,0.14929601550102234,0.04877426102757454,-0.16539350152015686,0.15107205510139465,0.13881736993789673,-0.24766269326210022,-0.004172950983047485,0.14929601550102234,0.04877426102757454,-0.16539350152015686,0.15107205510139465,0.13881736993789673,-0.24766269326210022,-0.004172950983047485,0.14929601550102234,0.04877426102757454,-0.16539350152015686
29.33,0.0006880322471261024,0.0006880322471261024,nan,nan,nan,nan,-0.02287823148071766,0.0,-2.3283064365386963e-10,0.08224229514598846,0.0,0.0,0.0,0.0,0.003000000026077032,0.013000000268220901,64.0,0.20904234051704407,4.717103958129883,0.06486568599939346,24.85215950012207,-0.0003308616578578949,7.23646953701973e-05,0.00040322612039744854,0.0,0.3225504159927368,0.019778024405241013,0.16397666931152344,9.0,1.0,0.0,0.0,0.0006880266591906548,-5.587935447692871e-09,nan,0.0019132826710119843,-0.11203362047672272,0.18214797973632812,0.05217824503779411,0.08345859497785568,0.1439550369977951,-0.04102810472249985,-0.11034636199474335,-0.07533038407564163,0.12247464060783386,0.03508417308330536,0.056116797029972076,0.09679404646158218,-0.02758692018687725,-0.07419588416814804,-0.19413520395755768,0.33207929134368896,0.0858573317527771,0.14934824407100677,0.25465333461761475,-0.06652411818504333,-0.195903480052948,0.11956479400396347,0.022044021636247635,-0.12866725027561188,-0.0011186068877577782,0.029043763875961304,-0.0018223588122054935,-0.02069254219532013,0.34594279527664185,-0.1885029822587967,-0.3305342197418213,-0.14417311549186707,-0.09668126702308655,0.09924440085887909,0.031925007700920105,0.15180760622024536,0.14357630908489227,-0.24467690289020538,0.00517512671649456,0.1579720675945282,0.032720282673835754,-0.1639784723520279,0.15180760622024536,0.14357630908489227,-0.24467690289020538,0.00517512671649456,0.1579720675945282,0.032720282673835754,-0.1639784723520279,0.15180760622024536,0.14357630908489227,-0.24467690289020538,0.00517512671649456,0.1579720675945282,0.032720282673835754,-0.1639784723520279
29.381,0.0007225992158055305,0.0007225992158055305,nan,nan,nan,nan,-0.022037122398614883,0.0,0.001204776344820857,0.07987657934427261,0.0,0.0,0.0,0.0,0.012000000104308128,0.009999999776482582,64.0,0.20963408052921295,0.7334239482879639,0.009505078196525574,9.598916053771973,0.00017192866653203964,0.0005057142116129398,0.0015385618899017572,0.0,0.32284262776374817,0.020287122577428818,0.191610187292099,9.0,1.0,0.0,0.0,0.0007225899025797844,-9.313225746154785e-09,nan,0.0014864825643599033,-0.11203362047672272,0.18214797973632812,0.05217824503779411,0.08345859497785568,0.1439550369977951,-0.04102810472249985,-0.11034636199474335,-0.10251840949058533,0.1666778326034546,0.047746654599905014,0.07637031376361847,0.13172867894172668,-0.037543512880802155,-0.10097444802522659,-0.20255877077579498,0.3370457589626312,0.09219978749752045,0.15311381220817566,0.2627153992652893,-0.07203453779220581,-0.20171011984348297,0.12693127989768982,0.02562902495265007,-0.137380450963974,-0.001001525204628706,0.0334603376686573,-0.0023152497597038746,-0.023791557177901268,0.36038339138031006,-0.1889682114124298,-0.34171390533447266,-0.14235661923885345,-0.09685583412647247,0.094568632543087,0.036178216338157654,0.15782460570335388,0.14807754755020142,-0.24951410293579102,0.010757192969322205,0.16585956513881683,0.022534092888236046,-0.16553190350532532,0.15782460570335388,0.14807754755020142,-0.24951410293579102,0.010757192969322205,0.16585956513881683,0.022534092888236046,-0.16553190350532532,0.15782460570335388,0.14807754755020142,-0.24951410293579102,0.010757192969322205,0.16585956513881683,0.022534092888236046,-0.16553190350532532
29.470999999999997,0.0007687481120228767,0.0007687481120228767,nan,nan,nan,nan,-0.02771754190325737,0.0,9.313225746154785e-10,0.07748253643512726,0.0,0.0,0.0,0.0,0.00800000037997961,0.020999999716877937,64.0,0.21018338203430176,2.046752691268921,0.01566857099533081,12.563151359558105,0.0030089356005191803,0.0006832103244960308,-0.002325724344700575,0.0,0.22155994176864624,0.022831950336694717,0.1649336963891983,9.0,1.0,0.0,0.0,0.0007687313482165337,-1.6763806343078613e-08,nan,0.00587654672563076,-0.11203362047672272,0.18214797973632812,0.05217824503779411,0.08345859497785568,0.1439550369977951,-0.04102810472249985,-0.11034636199474335,-0.1427338421344757,0.23206141591072083,0.0664764791727066,0.10632847994565964,0.18340256810188293,-0.05227090045809746,-0.14058421552181244,-0.2255176603794098,0.36978450417518616,0.10416438430547714,0.16889764368534088,0.2907641530036926,-0.08171747624874115,-0.22301429510116577,0.14032039046287537,0.029426462948322296,-0.1522105485200882,-0.0009169238619506359,0.038239654153585434,-0.002728905063122511,-0.027125827968120575,0.42967092990875244,-0.2294374704360962,-0.40093958377838135,-0.16648966073989868,-0.11949875950813293,0.10480591654777527,0.05214455723762512,0.20415326952934265,0.14034703373908997,-0.2967751920223236,0.0024079810827970505,0.1712653934955597,0.023088442161679268,-0.17086973786354065,0.20415326952934265,0.14034703373908997,-0.2967751920223236,0.0024079810827970505,0.1712653934955597,0.023088442161679268,-0.17086973786354065,0.20415326952934265,0.14034703373908997,-0.2967751920223236,0.0024079810827970505,0.1712653934955597,0.023088442161679268,-0.17086973786354065
29.543999999999997,0.0008220179006457329,0.0008220179006457329,nan,nan,nan,nan,-0.025666888803243637,0.0,0.0016626011347398162,0.07497256994247437,0.0,0.0,0.0,0.0,0.012000000104308128,0.010999999940395355,64.0,0.21069203317165375,1.2535425424575806,0.011824071407318115,10.26053237915039,-7.918383926153183e-05,0.000832829624414444,0.002574614714831114,0.0,0.39886170625686646,0.024532966315746307,0.1616373509168625,9.0,1.0,0.0,0.0,0.0008220085874199867,-9.313225746154785e-09,nan,0.0015215127496048808,-0.11203362047672272,0.18214797973632812,0.05217824503779411,0.08345859497785568,0.1439550369977951,-0.04102810472249985,-0.11034636199474335,-0.17745628952980042,0.2885143458843231,0.08264802396297455,0.13219471275806427,0.2280183881521225,-0.0649866983294487,-0.17478373646736145,-0.2587219774723053,0.4219439625740051,0.12013474851846695,0.1931082010269165,0.332851767539978,-0.09438451379537582,-0.2551978528499603,0.15156973898410797,0.03438849374651909,-0.1653614491224289,-0.0007992418832145631,0.04435579106211662,-0.0033697783946990967,-0.03144698962569237,0.4343748688697815,-0.22056958079338074,-0.40330976247787476,-0.15906170010566711,-0.11461485922336578,0.09636127203702927,0.05429309606552124,0.1756529062986374,0.2013743817806244,-0.2831750214099884,0.03404650092124939,0.21823690831661224,0.0019767582416534424,-0.2009047567844391,0.1756529062986374,0.2013743817806244,-0.2831750214099884,0.03404650092124939,0.21823690831661224,0.0019767582416534424,-0.2009047567844391,0.1756529062986374,0.2013743817806244,-0.2831750214099884,0.03404650092124939,0.21823690831661224,0.0019767582416534424,-0.2009047567844391
29.624000000000002,0.0008119279518723488,0.0008119279518723488,nan,nan,nan,nan,-0.02092834748327732,1.0,5.820766091346741e-10,0.07189463078975677,0.0,0.0,0.0,0.0,0.013000000268220901,0.019999999552965164,64.0,0.21104618906974792,1.7662224769592285,0.016150064766407013,10.181567192077637,0.0007323231548070908,0.0008895248174667358,0.00015720224473625422,-0.00156499445438385,0.38534295558929443,0.0253816619515419,0.19112923741340637,9.0,1.0,0.0,0.0,0.0008119018748402596,-2.60770320892334e-08,nan,0.004009506199508905,-0.12080115079879761,0.17583715915679932,0.06313791871070862,0.08283520489931107,0.1412128210067749,-0.04515840485692024,-0.10798132419586182,-0.057674504816532135,0.08395053446292877,0.03014415130019188,0.03954829275608063,0.06741972267627716,-0.02156013250350952,-0.051553890109062195,-0.20442239940166473,0.316144198179245,0.10065863281488419,0.14661026000976562,0.2514297366142273,-0.07546217739582062,-0.19253802299499512,0.15888915956020355,0.03936087712645531,-0.174519345164299,-0.0006421587313525379,0.050352681428194046,-0.0041511813178658485,-0.03566015139222145,0.38780927658081055,-0.10304680466651917,-0.3908907473087311,-0.10535399615764618,-0.024133577942848206,0.06834125518798828,-0.009945675730705261,0.183386892080307,0.21309739351272583,-0.2902321219444275,0.041256263852119446,0.2272961586713791,-0.007120920345187187,-0.20248369872570038,0.183386892080307,0.21309739351272583,-0.2902321219444275,0.041256263852119446,0.2272961586713791,-0.007120920345187187,-0.20248369872570038,0.1833869218826294,0.21309737861156464,-0.2902321517467499,0.04125624895095825,0.2272961437702179,-0.007120911497622728,-0.20248369872570038
29.732,0.0007627857849001884,0.0007627857849001884,nan,nan,nan,nan,-0.017953382804989815,0.0,0.0011493145721033216,0.06933753937482834,0.0,0.0,0.0,0.0,0.012000000104308128,0.010999999940395355,64.0,0.2118540108203888,2.380279779434204,0.47992822527885437,21.385189056396484,-0.0002664979547262192,0.0006403152365237474,0.00205612787976861,0.0,0.44982972741127014,0.02539529651403427,0.17138266563415527,9.0,1.0,0.0,0.0,0.0007627801969647408,-5.587935447692871e-09,nan,0.0016181602841243148,-0.12080115079879761,0.17583715915679932,0.06313791871070862,0.08283520489931107,0.1412128210067749,-0.04515840485692024,-0.10798132419586182,-0.09479488432407379,0.13798265159130096,0.04954548552632332,0.06500230729579926,0.11081229895353317,-0.035436633974313736,-0.08473493158817291,-0.20588621497154236,0.30736544728279114,0.10505347698926926,0.1438375860452652,0.24582457542419434,-0.07657039165496826,-0.18808932602405548,0.18421123921871185,0.04929029196500778,-0.20368485152721405,-0.00037221526145003736,0.06262047588825226,-0.005504239816218615,-0.044276610016822815,0.3679335415363312,-0.07114914059638977,-0.37370064854621887,-0.0859442725777626,-0.004996791481971741,0.053892187774181366,-0.01654575765132904,0.16204732656478882,0.23621630668640137,-0.268647164106369,0.057893313467502594,0.2408277839422226,-0.022678203880786896,-0.20463508367538452,0.16204732656478882,0.23621630668640137,-0.268647164106369,0.057893313467502594,0.2408277839422226,-0.022678203880786896,-0.20463508367538452,0.16204732656478882,0.23621630668640137,-0.268647164106369,0.057893313467502594,0.2408277839422226,-0.022678203880786896,-0.20463508367538452
29.826999999999998,0.0007345685735344887,0.0007345685735344887,nan,nan,nan,nan,-0.019543128088116646,0.0,-1.1641532182693481e-10,0.06610053032636642,0.0,0.0,0.0,0.0,0.009999999776482582,0.013000000268220901,64.0,0.21219220757484436,0.9548096060752869,0.008680857717990875,10.758459091186523,-0.0015713144093751907,0.0004394680727273226,0.0020107822492718697,0.0,0.5406813025474548,0.027106832712888718,0.14541451632976532,9.0,1.0,0.0,0.0,0.0007345518097281456,-1.6763806343078613e-08,nan,0.0013672258937731385,-0.12080115079879761,0.17583715915679932,0.06313791871070862,0.08283520489931107,0.1412128210067749,-0.04515840485692024,-0.10798132419586182,-0.14227603375911713,0.20709583163261414,0.07436197996139526,0.09756086021661758,0.16631630063056946,-0.053186241537332535,-0.12717722356319427,-0.2349771112203598,0.3447985053062439,0.12189222872257233,0.16208550333976746,0.2765371799468994,-0.087697833776474,-0.2115011215209961,0.1853395253419876,0.05487479269504547,-0.20687945187091827,2.361909719184041e-05,0.06914536654949188,-0.006584362592548132,-0.04879990220069885,0.3738398849964142,-0.06541457772254944,-0.37560558319091797,-0.08155277371406555,-0.0035139918327331543,0.047245122492313385,-0.011073797941207886,0.13886277377605438,0.27938392758369446,-0.25371336936950684,0.0805327296257019,0.27302318811416626,-0.040452711284160614,-0.22257491946220398,0.13886277377605438,0.27938392758369446,-0.25371336936950684,0.0805327296257019,0.27302318811416626,-0.040452711284160614,-0.22257491946220398,0.13886277377605438,0.27938392758369446,-0.25371336936950684,0.0805327296257019,0.27302318811416626,-0.040452711284160614,-0.22257491946220398
29.932000000000002,0.0007631732150912285,0.0007631732150912285,nan,nan,nan,nan,-0.019915776327252388,0.0,1.0477378964424133e-09,0.061538178473711014,0.0,0.0,0.0,0.0,0.008999999612569809,0.02500000037252903,64.0,0.21261386573314667,1.3024965524673462,0.012916512787342072,18.042787551879883,0.001833699643611908,0.0005706453230232,-0.0012630532728508115,0.0012293457984924316,0.47568199038505554,0.030027741566300392,0.18848595023155212,9.0,1.0,0.0,0.0,0.0007631583139300346,-1.4901161193847656e-08,nan,0.005065076984465122,-0.13060633838176727,0.17107822000980377,0.07498922944068909,0.08091910928487778,0.13723722100257874,-0.043165065348148346,-0.10395027697086334,-0.03073129802942276,0.04025421664118767,0.01764475181698799,0.01904003508388996,0.03229152411222458,-0.010156617499887943,-0.024459203705191612,-0.21597391366958618,0.3052169978618622,0.11613242328166962,0.14385582506656647,0.2449306845664978,-0.07773767411708832,-0.18678517639636993,0.18198613822460175,0.059906743466854095,-0.20543332397937775,0.00048766680993139744,0.07494650036096573,-0.007732422556728125,-0.052795760333538055,0.39278194308280945,-0.006490856409072876,-0.41403067111968994,-0.06353779882192612,0.04984313249588013,0.03476390242576599,-0.05035223066806793,0.17680802941322327,0.2987261414527893,-0.2978982627391815,0.08031802624464035,0.29477381706237793,-0.04297377169132233,-0.23713740706443787,0.17680802941322327,0.2987261414527893,-0.2978982627391815,0.08031802624464035,0.29477381706237793,-0.04297377169132233,-0.23713740706443787,0.17680802941322327,0.2987261414527893,-0.2978982627391815,0.08031802624464035,0.29477381706237793,-0.04297377169132233,-0.23713740706443787
30.031999999999996,0.0008493708446621895,0.0008493708446621895,nan,nan,nan,nan,-0.01733125001192093,0.0,0.0,0.0587976910173893,0.0,0.0,0.0,0.0,0.0020000000949949026,0.02800000086426735,64.0,0.2131064236164093,2.0506744384765625,0.015346333384513855,11.857670783996582,0.0012729587033390999,0.0007722766604274511,-0.0005006820429116488,0.0,0.5201842784881592,0.028383297845721245,0.17552125453948975,9.0,1.0,0.0,0.0,0.0008493484929203987,-2.2351741790771484e-08,nan,0.005111583974212408,-0.13060633838176727,0.17107822000980377,0.07498922944068909,0.08091910928487778,0.13723722100257874,-0.043165065348148346,-0.10395027697086334,-0.08085229992866516,0.10590656101703644,0.04642233997583389,0.05009325221180916,0.08495716750621796,-0.02672148309648037,-0.06435077637434006,-0.20178842544555664,0.27244657278060913,0.1129922941327095,0.12867996096611023,0.21858617663383484,-0.06900657713413239,-0.16602781414985657,0.1780320554971695,0.06472498178482056,-0.20330417156219482,0.0009139298344962299,0.08041814714670181,-0.009007184766232967,-0.05652489513158798,0.3435288667678833,0.028102755546569824,-0.3702106773853302,-0.04221952706575394,0.07151409983634949,0.019609879702329636,-0.06110653281211853,0.14174044132232666,0.30054932832717896,-0.2572183907032013,0.08646043390035629,0.2901002764701843,-0.04939669743180275,-0.2271343469619751,0.14174044132232666,0.30054932832717896,-0.2572183907032013,0.08646043390035629,0.2901002764701843,-0.04939669743180275,-0.2271343469619751,0.14174044132232666,0.30054932832717896,-0.2572183907032013,0.08646043390035629,0.2901002764701843,-0.04939669743180275,-0.2271343469619751
30.119999999999997,0.0007590288296341896,0.0007590288296341896,nan,nan,nan,nan,-0.01519710198044777,0.0,-6.984919309616089e-10,0.05509044975042343,0.0,0.0,0.0,0.0,0.006000000052154064,0.020999999716877937,64.0,0.21329666674137115,0.7617669105529785,0.015295110642910004,14.2260103225708,-0.0018115295097231865,0.0008221124298870564,0.002633641241118312,0.0,0.684768557548523,0.027550876140594482,0.16506226360797882,9.0,1.0,0.0,0.0,0.0007590139284729958,-1.4901161193847656e-08,nan,0.0015551398973912,-0.13060633838176727,0.17107822000980377,0.07498922944068909,0.08091910928487778,0.13723722100257874,-0.043165065348148346,-0.10395027697086334,-0.12396556884050369,0.16237963736057281,0.07117635011672974,0.07680471986532211,0.13025930523872375,-0.04097031056880951,-0.09866485744714737,-0.22607865929603577,0.2989053428173065,0.12882877886295319,0.14131733775138855,0.23978985846042633,-0.07550771534442902,-0.1817854344844818,0.1753021776676178,0.06890390068292618,-0.20217517018318176,0.001387844793498516,0.08516897261142731,-0.0101141557097435,-0.05975501984357834,0.2845785319805145,0.02912887930870056,-0.3050994277000427,-0.031094111502170563,0.06331704556941986,0.010351940989494324,-0.048979490995407104,0.05849987268447876,0.3280342221260071,-0.17627064883708954,0.11022322624921799,0.3031069040298462,-0.06515577435493469,-0.23076492547988892,0.05849987268447876,0.3280342221260071,-0.17627064883708954,0.11022322624921799,0.3031069040298462,-0.06515577435493469,-0.23076492547988892,0.05849987268447876,0.3280342221260071,-0.17627064883708954,0.11022322624921799,0.3031069040298462,-0.06515577435493469,-0.23076492547988892
30.203000000000003,0.0006294762715697289,0.0006294762715697289,nan,nan,nan,nan,-0.01544995978474617,0.0,9.313225746154785e-10,0.052855778485536575,0.0,0.0,0.0,0.0,0.0010000000474974513,0.019999999552965164,64.0,0.21378973126411438,1.0570874214172363,0.014807097613811493,10.103787422180176,-0.0012091370299458504,0.0005189767107367516,0.0017281146720051765,0.0,0.6984976530075073,0.028849242255091667,0.14932845532894135,9.0,1.0,0.0,0.0,0.0006294557824730873,-2.0489096641540527e-08,nan,0.0014036945067346096,-0.14166027307510376,0.16115203499794006,0.08803538978099823,0.07814975827932358,0.13510289788246155,-0.04006016254425049,-0.1012282595038414,-0.03683145344257355,0.04189927875995636,0.022889064624905586,0.020318815484642982,0.035126544535160065,-0.010415580123662949,-0.026319190859794617,-0.2303580939769745,0.2967412769794464,0.13354527950286865,0.1408160775899887,0.2395162135362625,-0.07475758343935013,-0.18120799958705902,0.17201055586338043,0.07374078035354614,-0.2007911056280136,0.0017771394923329353,0.09071354568004608,-0.011507784016430378,-0.0635242909193039,0.27951785922050476,0.05155986547470093,-0.30587416887283325,-0.024060606956481934,0.08081836998462677,0.004760213196277618,-0.06032349169254303,0.04915976896882057,0.34830114245414734,-0.1723288744688034,0.11675547063350677,0.3203345835208893,-0.06999737024307251,-0.24153149127960205,0.04915976896882057,0.34830114245414734,-0.1723288744688034,0.11675547063350677,0.3203345835208893,-0.06999737024307251,-0.24153149127960205,0.04915976896882057,0.34830114245414734,-0.1723288744688034,0.11675547063350677,0.3203345835208893,-0.06999737024307251,-0.24153149127960205
30.266,0.0005418742075562477,0.0005418742075562477,nan,nan,nan,nan,-0.013932004570960999,0.0,0.001307880855165422,0.050895366817712784,0.0,0.0,0.0,0.0,0.0,0.017000000923871994,64.0,0.21392762660980225,0.6115725040435791,0.009993091225624084,11.226643562316895,0.0006893463432788849,0.00035609095357358456,0.0009746254654601216,-0.00189042033161968,0.6672095656394958,0.028218906372785568,0.15899235010147095,9.0,1.0,0.0,0.0,0.0005418621003627777,-1.210719347000122e-08,nan,0.0014957950916141272,-0.14166027307510376,0.16115203499794006,0.08803538978099823,0.07814975827932358,0.13510289788246155,-0.04006016254425049,-0.1012282595038414,-0.07157489657402039,0.08142325282096863,0.04448052868247032,0.039485737681388855,0.06826173514127731,-0.020240692421793938,-0.05114632472395897,-0.2111787050962448,0.2545756697654724,0.1272643804550171,0.12217886000871658,0.20959755778312683,-0.06369399279356003,-0.15776659548282623,0.17103548347949982,0.07523578405380249,-0.2004154622554779,0.0019351174123585224,0.09236377477645874,-0.012011900544166565,-0.06465968489646912,0.2643030881881714,0.08395013213157654,-0.2998305857181549,-0.01125357300043106,0.10523602366447449,-0.0038367435336112976,-0.07747061550617218,0.053124383091926575,0.33852580189704895,-0.17256620526313782,0.11092528700828552,0.3148335814476013,-0.06753073632717133,-0.2352372109889984,0.053124383091926575,0.33852580189704895,-0.17256620526313782,0.11092528700828552,0.3148335814476013,-0.06753073632717133,-0.2352372109889984,0.053124383091926575,0.33852580189704895,-0.17256620526313782,0.11092528700828552,0.3148335814476013,-0.06753073632717133,-0.2352372109889984
30.374000000000002,0.0005888557061553001,0.0005888557061553001,nan,nan,nan,nan,-0.014328161254525185,0.0,0.0020476537756621838,0.049951035529375076,0.0,0.0,0.0,0.0,0.012000000104308128,0.010999999940395355,64.0,0.21406517922878265,1.149469017982483,0.014423392713069916,10.02588939666748,0.001051134429872036,0.0007293156813830137,0.0017258351435884833,0.0,0.6778560876846313,0.027982058003544807,0.15265345573425293,9.0,1.0,0.0,0.0,0.0005888417363166809,-1.3969838619232178e-08,nan,0.0014350528363138437,-0.14166027307510376,0.16115203499794006,0.08803538978099823,0.07814975827932358,0.13510289788246155,-0.04006016254425049,-0.1012282595038414,-0.10900190472602844,0.12400003522634506,0.06773970276117325,0.06013310328125954,0.10395626723766327,-0.0308246910572052,-0.07789108902215958,-0.2287476509809494,0.2657582759857178,0.14062218368053436,0.1283852756023407,0.22132252156734467,-0.06622211635112762,-0.16610854864120483,0.1665288805961609,0.0803375169634819,-0.19794942438602448,0.0024444267619401217,0.09814801812171936,-0.013679948635399342,-0.06849262863397598,0.26906242966651917,0.0717896819114685,-0.29975253343582153,-0.01779668778181076,0.09551741182804108,-0.0017458871006965637,-0.0685720294713974,0.04031477868556976,0.3375479578971863,-0.15913036465644836,0.11058858782052994,0.31683993339538574,-0.06796800345182419,-0.23468057811260223,0.04031477868556976,0.3375479578971863,-0.15913036465644836,0.11058858782052994,0.31683993339538574,-0.06796800345182419,-0.23468057811260223,0.04031477868556976,0.3375479578971863,-0.15913036465644836,0.11058858782052994,0.31683993339538574,-0.06796800345182419,-0.23468057811260223
30.502000000000002,0.0006743287667632103,0.0006743287667632103,nan,nan,nan,nan,-0.015758706256747246,0.0,0.0025603584945201874,0.04934869706630707,0.0,0.0,0.0,0.0,0.0,0.01899999938905239,64.0,0.21389783918857574,3.938293933868408,0.022705644369125366,19.638425827026367,0.0009033437818288803,0.0008127752225846052,0.0024697899352759123,0.0022919359616935253,0.7126954197883606,0.029271602630615234,0.14068765938282013,9.0,1.0,0.0,0.0,0.0006743269041180611,-1.862645149230957e-09,nan,0.0013238228857517242,-0.14166027307510376,0.16115203499794006,0.08803538978099823,0.07814975827932358,0.13510289788246155,-0.04006016254425049,-0.1012282595038414,-0.1592760533094406,0.18119165301322937,0.0989827886223793,0.0878678560256958,0.15190324187278748,-0.04504173621535301,-0.11381622403860092,-0.2662160396575928,0.3049631416797638,0.164854496717453,0.1477017104625702,0.2551027834415436,-0.07587014138698578,-0.19124692678451538,0.16515818238258362,0.08161423355340958,-0.19713369011878967,0.0025315596722066402,0.09954453259706497,-0.014196394011378288,-0.0694374293088913,0.2856189012527466,0.05255091190338135,-0.30962347984313965,-0.028864964842796326,0.08088159561157227,0.0029871612787246704,-0.05625943839550018,0.01940285786986351,0.35751405358314514,-0.14476898312568665,0.11883674561977386,0.33598437905311584,-0.07288298010826111,-0.24750636518001556,0.01940285786986351,0.35751405358314514,-0.14476898312568665,0.11883674561977386,0.33598437905311584,-0.07288298010826111,-0.24750636518001556,0.01940285786986351,0.35751405358314514,-0.14476898312568665,0.11883674561977386,0.33598437905311584,-0.07288298010826111,-0.24750636518001556
30.595999999999997,0.0008624820038676262,0.0008624820038676262,nan,nan,nan,nan,-0.019342008978128433,0.0,0.0,0.04933370277285576,0.0,0.0,0.0,0.0,0.004999999888241291,0.03400000184774399,64.0,0.21446627378463745,1.5630954504013062,0.015867874026298523,11.764164924621582,0.002054363489151001,0.0006320842658169568,-0.0014222792815417051,0.0,0.7209842801094055,0.031926918774843216,0.12296925485134125,9.0,1.0,0.0,0.0,0.0008624689653515816,-1.30385160446167e-08,nan,0.006211533676832914,-0.14924445748329163,0.1572650969028473,0.09632599353790283,0.07473767548799515,0.13289204239845276,-0.03030828945338726,-0.09772656112909317,-0.04533247649669647,0.047768719494342804,0.02925867959856987,0.022701304405927658,0.040365491062402725,-0.009206036105751991,-0.029684096574783325,-0.27164384722709656,0.3048969507217407,0.16999956965446472,0.1471981406211853,0.2558216452598572,-0.07239820808172226,-0.1909988522529602,0.15946067869663239,0.08642693608999252,-0.1934402585029602,0.003030338790267706,0.10493554919958115,-0.016094304621219635,-0.07294560968875885,0.28238561749458313,0.08790141344070435,-0.3175922632217407,-0.018809914588928223,0.11312741041183472,-0.006188444793224335,-0.07873910665512085,0.01074177399277687,0.39279836416244507,-0.147592693567276,0.12838822603225708,0.3689490556716919,-0.0785866528749466,-0.26973795890808105,0.01074177399277687,0.39279836416244507,-0.147592693567276,0.12838822603225708,0.3689490556716919,-0.0785866528749466,-0.26973795890808105,0.01074177399277687,0.39279836416244507,-0.147592693567276,0.12838822603225708,0.3689490556716919,-0.0785866528749466,-0.26973795890808105
30.667,0.001039973460137844,0.001039973460137844,nan,nan,nan,nan,-0.010976496152579784,0.0,0.00408243527635932,0.05020127445459366,0.0,0.0,0.0,0.0,0.012000000104308128,0.019999999552965164,64.0,0.21510714292526245,1.741512656211853,0.017231330275535583,12.984971046447754,0.00043491856195032597,0.0006213406450115144,0.004268857184797525,0.0,0.775753378868103,0.030229957774281502,0.16930299997329712,9.0,1.0,0.0,0.0,0.0010399660095572472,-7.450580596923828e-09,nan,0.0015972856199368834,-0.14924445748329163,0.1572650969028473,0.09632599353790283,0.07473767548799515,0.13289204239845276,-0.03030828945338726,-0.09772656112909317,-0.05674082040786743,0.05979016795754433,0.036621902137994766,0.028414301574230194,0.05052384361624718,-0.01152282115072012,-0.03715438023209572,-0.23313403129577637,0.25476765632629395,0.14787094295024872,0.12219714373350143,0.2143942415714264,-0.05575539544224739,-0.15906359255313873,0.15563315153121948,0.08930986374616623,-0.1909087896347046,0.0033836064394563437,0.10818641632795334,-0.017388537526130676,-0.0750230997800827,0.20145577192306519,0.12141793966293335,-0.24735860526561737,0.007678382098674774,0.13790953159332275,-0.022069718688726425,-0.09799845516681671,-0.031678251922130585,0.3761855959892273,-0.09948766231536865,0.1298755258321762,0.35230377316474915,-0.07782511413097382,-0.25706204771995544,-0.031678251922130585,0.3761855959892273,-0.09948766231536865,0.1298755258321762,0.35230377316474915,-0.07782511413097382,-0.25706204771995544,-0.031678251922130585,0.3761855959892273,-0.09948766231536865,0.1298755258321762,0.35230377316474915,-0.07782511413097382,-0.25706204771995544
30.758000000000003,0.0009120116010308266,0.0009120116010308266,nan,nan,nan,nan,-0.013443103060126305,0.0,0.0010296246036887169,0.05252867564558983,0.0,0.0,0.0,0.0,0.012000000104308128,0.019999999552965164,64.0,0.21534590423107147,10.218884468078613,0.02376735210418701,12.427902221679688,0.000728650891687721,0.0010792316170409322,0.001380205387249589,-0.0014155171811580658,0.7987326979637146,0.028473155573010445,0.23071758449077606,9.0,1.0,0.0,0.0,0.0009119855239987373,-2.60770320892334e-08,nan,0.004085881635546684,-0.14924445748329163,0.1572650969028473,0.09632599353790283,0.07473767548799515,0.13289204239845276,-0.03030828945338726,-0.09772656112909317,-0.0733708068728447,0.0773138776421547,0.047355297952890396,0.036742158234119415,0.06533171981573105,-0.014900008216500282,-0.048043835908174515,-0.224221333861351,0.2400149255990982,0.14364907145500183,0.11452492326498032,0.20245158672332764,-0.0489928312599659,-0.14945580065250397,0.15267956256866455,0.09262970834970474,-0.18940229713916779,0.003778977319598198,0.11187662929296494,-0.018861794844269753,-0.07740513980388641,0.17431870102882385,0.11468629539012909,-0.21792152523994446,0.009794451296329498,0.13087233901023865,-0.023869190365076065,-0.0926184356212616,-0.04990262910723686,0.3547012209892273,-0.07427244633436203,0.12431937456130981,0.3333239257335663,-0.07286202162504196,-0.24207423627376556,-0.04990262910723686,0.3547012209892273,-0.07427244633436203,0.12431937456130981,0.3333239257335663,-0.07286202162504196,-0.24207423627376556,-0.04990262910723686,0.3547012209892273,-0.07427244633436203,0.12431937456130981,0.3333239257335663,-0.07286202162504196,-0.24207423627376556
30.844,0.0009225392714142799,0.0009225392714142799,nan,nan,nan,nan,-0.015305357985198498,0.0,0.0,0.05499758571386337,0.0,0.0,0.0,0.0,0.017999999225139618,0.017000000923871994,64.0,0.21530234813690186,1.990100383758545,0.015939585864543915,20.61113929748535,0.0006475558038800955,0.0010826755315065384,0.0004351197276264429,0.0007525085820816457,0.8187316060066223,0.02819914184510708,0.22739769518375397,9.0,1.0,0.0,0.0,0.0009225243702530861,-1.4901161193847656e-08,nan,0.005038486327975988,-0.14924445748329163,0.1572650969028473,0.09632599353790283,0.07473767548799515,0.13289204239845276,-0.03030828945338726,-0.09772656112909317,-0.10106014460325241,0.10649128258228302,0.06522666662931442,0.05060824751853943,0.08998718857765198,-0.020523108541965485,-0.06617505103349686,-0.24235524237155914,0.25684329867362976,0.1560041457414627,0.1222410798072815,0.21689456701278687,-0.05056900903582573,-0.15972588956356049,0.1499851644039154,0.09523289650678635,-0.1878984570503235,0.004135572351515293,0.1147584393620491,-0.02026437781751156,-0.07926417142152786,0.17675834894180298,0.0944831371307373,-0.21381226181983948,0.0014237761497497559,0.11395251750946045,-0.020400602370500565,-0.07946477830410004,-0.06559689342975616,0.35132643580436707,-0.05780810862779617,0.12366485595703125,0.3308470845222473,-0.0709696114063263,-0.23919066786766052,-0.06559689342975616,0.35132643580436707,-0.05780810862779617,0.12366485595703125,0.3308470845222473,-0.0709696114063263,-0.23919066786766052,-0.06559689342975616,0.35132643580436707,-0.05780810862779617,0.12366485595703125,0.3308470845222473,-0.0709696114063263,-0.23919066786766052
30.967999999999996,0.0009089680388569832,0.0009089680388569832,nan,nan,nan,nan,-0.014536743052303791,0.0,0.0002023124834522605,0.0585579052567482,0.0,0.0,0.0,0.0,0.017999999225139618,0.019999999552965164,64.0,0.2151944488286972,3.47444224357605,0.018069520592689514,18.007762908935547,0.0010773639660328627,0.0010231798514723778,0.0001481283688917756,-0.0005669891834259033,0.8226738572120667,0.028209742158651352,0.22870393097400665,9.0,1.0,0.0,0.0,0.0009089494124054909,-1.862645149230957e-08,nan,0.005092153791338205,-0.1565367728471756,0.1496592015028,0.10637538880109787,0.07254981249570847,0.13048306107521057,-0.02258865162730217,-0.09477917104959488,-0.029436714947223663,0.028143389150500298,0.020003873854875565,0.013642980717122555,0.02453731745481491,-0.004247792065143585,-0.01782320812344551,-0.22684124112129211,0.23224054276943207,0.14881373941898346,0.11110993474721909,0.19811458885669708,-0.042139932513237,-0.14520612359046936,0.1464458703994751,0.09833934903144836,-0.1857563853263855,0.004528643563389778,0.11818761378526688,-0.021906252950429916,-0.08137854188680649,0.15101438760757446,0.11870457231998444,-0.19662779569625854,0.011868983507156372,0.13377194106578827,-0.027236588299274445,-0.09360706806182861,-0.07582684606313705,0.3509451150894165,-0.047814060002565384,0.12297891825437546,0.33188652992248535,-0.06937652081251144,-0.23881319165229797,-0.07582684606313705,0.3509451150894165,-0.047814060002565384,0.12297891825437546,0.33188652992248535,-0.06937652081251144,-0.23881319165229797,-0.07582684606313705,0.3509451150894165,-0.047814060002565384,0.12297891825437546,0.33188652992248535,-0.06937652081251144,-0.23881319165229797
31.043,0.000989493913948536,0.000989493913948536,nan,nan,nan,nan,-0.010553357191383839,0.0,0.0047200932167470455,0.06234414875507355,0.0,0.0,0.0,0.0,0.017999999225139618,0.019999999552965164,64.0,0.21567068994045258,0.567956805229187,0.010308809578418732,8.713623046875,0.0015833587385714054,0.0007776974234730005,0.003914431668817997,0.0,0.8154398798942566,0.026725616306066513,0.1582895964384079,9.0,1.0,0.0,0.0,0.0009894808754324913,-1.30385160446167e-08,nan,0.0014889987651258707,-0.1565367728471756,0.1496592015028,0.10637538880109787,0.07254981249570847,0.13048306107521057,-0.02258865162730217,-0.09477917104959488,-0.08743823319673538,0.08359655737876892,0.05941911041736603,0.040524836629629135,0.07288516312837601,-0.012617557309567928,-0.0529417023062706,-0.22531192004680634,0.2199086993932724,0.15155017375946045,0.1061735600233078,0.19045312702655792,-0.03526533395051956,-0.13872048258781433,0.14180274307727814,0.1019357219338417,-0.1828005462884903,0.005094922613352537,0.12219773977994919,-0.02400946617126465,-0.08378501981496811,0.1485290676355362,0.11029724776744843,-0.19193722307682037,0.008363649249076843,0.12672673165798187,-0.027661435306072235,-0.08812578022480011,-0.07678285241127014,0.3302059471607208,-0.04038705304265022,0.11453720927238464,0.3171798586845398,-0.0629267692565918,-0.22684626281261444,-0.07678285241127014,0.3302059471607208,-0.04038705304265022,0.11453720927238464,0.3171798586845398,-0.0629267692565918,-0.22684626281261444,-0.07678285241127014,0.3302059471607208,-0.04038705304265022,0.11453720927238464,0.3171798586845398,-0.0629267692565918,-0.22684626281261444
31.134,0.0012602480128407478,0.0012602480128407478,nan,nan,nan,nan,-0.012143392115831375,0.0,0.00435138214379549,0.06705095618963242,0.0,0.0,0.0,0.0,-0.0020000000949949026,0.019999999552965164,64.0,0.21623972058296204,3.7913014888763428,0.01575518399477005,10.72478199005127,0.0017908853478729725,0.0011628475040197372,0.003723344299942255,0.0049619004130363464,0.8259109258651733,0.026858950033783913,0.21455678343772888,9.0,1.0,0.0,0.0,0.0012602386996150017,-9.313225746154785e-09,nan,0.003639778820797801,-0.1565367728471756,0.1496592015028,0.10637538880109787,0.07254981249570847,0.13048306107521057,-0.02258865162730217,-0.09477917104959488,-0.1053408533334732,0.1007126122713089,0.07158493250608444,0.048822131007909775,0.08780809491872787,-0.01520095020532608,-0.06378129869699478,-0.24188807606697083,0.233103409409523,0.16373619437217712,0.11282417923212051,0.20271146297454834,-0.036033179610967636,-0.1473998874425888,0.13873206079006195,0.1036461666226387,-0.18065600097179413,0.005441660061478615,0.12401644140481949,-0.02534429170191288,-0.08478092402219772,0.15524640679359436,0.09746359288692474,-0.19467636942863464,0.002260349690914154,0.1165916919708252,-0.025549042969942093,-0.08026514947414398,-0.08664166927337646,0.33056700229644775,-0.030940178781747818,0.11508452892303467,0.31930315494537354,-0.06158222258090973,-0.2276650369167328,-0.08664166927337646,0.33056700229644775,-0.030940178781747818,0.11508452892303467,0.31930315494537354,-0.06158222258090973,-0.2276650369167328,-0.08664166927337646,0.33056700229644775,-0.030940178781747818,0.11508452892303467,0.31930315494537354,-0.06158222258090973,-0.2276650369167328
31.226999999999997,0.0010366393253207207,0.0010366393253207207,nan,nan,nan,nan,-0.017158957198262215,0.0,0.0006710556335747242,0.07361289113759995,0.0,0.0,0.0,0.0,0.012000000104308128,0.028999999165534973,64.0,0.21682488918304443,1.6745785474777222,0.01101754605770111,13.147324562072754,0.0015800818800926208,0.0015560444444417953,0.0006470181979238987,-0.002109220949932933,0.8484406471252441,0.02814684621989727,0.2651045620441437,9.0,1.0,0.0,0.0,0.0010366281494498253,-1.1175870895385742e-08,nan,0.005547699984163046,-0.1565367728471756,0.1496592015028,0.10637538880109787,0.07254981249570847,0.13048306107521057,-0.02258865162730217,-0.09477917104959488,-0.12609297037124634,0.12055296450853348,0.08568713814020157,0.05844007804989815,0.10510626435279846,-0.018195532262325287,-0.07634619623422623,-0.2680324912071228,0.25692251324653625,0.18191149830818176,0.12448364496231079,0.22381305694580078,-0.03908558189868927,-0.16262786090373993,0.13670188188552856,0.10552795976400375,-0.17954860627651215,0.0056857760064303875,0.12606856226921082,-0.02660668082535267,-0.0859844982624054,0.16004839539527893,0.0879182517528534,-0.19665440917015076,-0.0026019811630249023,0.10939419269561768,-0.02421361207962036,-0.07447069883346558,-0.10798409581184387,0.34484076499938965,-0.014742910861968994,0.12188166379928589,0.33320724964141846,-0.06329919397830963,-0.2370985597372055,-0.10798409581184387,0.34484076499938965,-0.014742910861968994,0.12188166379928589,0.33320724964141846,-0.06329919397830963,-0.2370985597372055,-0.10798409581184387,0.34484076499938965,-0.014742910861968994,0.12188166379928589,0.33320724964141846,-0.06329919397830963,-0.2370985597372055
31.344,0.0010196147486567497,0.0010196147486567497,nan,nan,nan,nan,-0.011851092800498009,0.0,0.004320868290960789,0.07979246228933334,0.0,0.0,0.0,0.0,0.004999999888241291,0.024000000208616257,64.0,0.21703942120075226,1.1385129690170288,0.014288350939750671,9.607346534729004,0.0030448134057223797,0.0016412860713899136,0.0029173411894589663,0.001019953517243266,0.8278095126152039,0.02696005254983902,0.23503156006336212,9.0,1.0,0.0,0.0,0.001019609160721302,-5.587935447692871e-09,nan,0.003101725596934557,-0.16193602979183197,0.14610977470874786,0.11483458429574966,0.07128209620714188,0.1264931708574295,-0.01086919754743576,-0.08967652916908264,-0.02623850665986538,0.02367417886853218,0.018606657162308693,0.011549844406545162,0.020495697855949402,-0.001761136925779283,-0.014530295506119728,-0.21359141170978546,0.19811803102493286,0.1485436111688614,0.09634716808795929,0.17201465368270874,-0.02188941091299057,-0.12336550652980804,0.13155865669250488,0.10980265587568283,-0.17660538852214813,0.006437217351049185,0.13081489503383636,-0.02966400422155857,-0.0886702761054039,0.11475431174039841,0.13222959637641907,-0.1674596071243286,0.018023982644081116,0.1494772732257843,-0.03637956455349922,-0.10389767587184906,-0.09883709996938705,0.33034762740135193,-0.018915988504886627,0.1143711507320404,0.32149192690849304,-0.05826897546648979,-0.2272631824016571,-0.09883709996938705,0.33034762740135193,-0.018915988504886627,0.1143711507320404,0.32149192690849304,-0.05826897546648979,-0.2272631824016571,-0.09883709996938705,0.33034762740135193,-0.018915988504886627,0.1143711507320404,0.32149192690849304,-0.05826897546648979,-0.2272631824016571
31.426000000000002,0.0012982366606593132,0.0012982366606593132,nan,nan,nan,nan,-0.011239567771553993,0.0,0.006463940255343914,0.08672475069761276,0.0,0.0,0.0,0.0,0.014999999664723873,0.020999999716877937,64.0,0.21728473901748657,0.9490987062454224,0.008986331522464752,10.063385963439941,0.004651052411645651,0.002199343405663967,0.004012231715023518,0.005730649922043085,0.8085031509399414,0.02549727074801922,0.2622048556804657,9.0,1.0,0.0,0.0,0.0012982198968529701,-1.6763806343078613e-08,nan,0.004132972564548254,-0.16193602979183197,0.14610977470874786,0.11483458429574966,0.07128209620714188,0.1264931708574295,-0.01086919754743576,-0.08967652916908264,-0.050709985196590424,0.045754022896289825,0.035960253328084946,0.02232186682522297,0.03961111605167389,-0.003403670387342572,-0.028082050383090973,-0.21043789386749268,0.19157561659812927,0.14830715954303741,0.09336617588996887,0.166011244058609,-0.016507742926478386,-0.11813963204622269,0.12924091517925262,0.11076132953166962,-0.17480820417404175,0.006687978282570839,0.13173511624336243,-0.030847400426864624,-0.08903396129608154,0.1236584261059761,0.12124171853065491,-0.1730286031961441,0.01207132637500763,0.14064541459083557,-0.035424888134002686,-0.09679093211889267,-0.08677946776151657,0.3128173351287842,-0.02472143992781639,0.1054375022649765,0.3066566586494446,-0.05193263292312622,-0.21493056416511536,-0.08677946776151657,0.3128173351287842,-0.02472143992781639,0.1054375022649765,0.3066566586494446,-0.05193263292312622,-0.21493056416511536,-0.08677946776151657,0.3128173351287842,-0.02472143992781639,0.1054375022649765,0.3066566586494446,-0.05193263292312622,-0.21493056416511536
31.503,0.0017012832686305046,0.0017012832686305046,nan,nan,nan,nan,-0.009532464668154716,0.0,0.00948325265198946,0.0929492935538292,0.0,0.0,0.0,0.0,0.014999999664723873,0.019999999552965164,64.0,0.21767090260982513,1.2222929000854492,0.008294358849525452,11.433112144470215,0.005259760655462742,0.0028945384547114372,0.007118030451238155,0.009249243885278702,0.8111695051193237,0.02536361664533615,0.2730086147785187,9.0,1.0,0.0,0.0,0.0017012665048241615,-1.6763806343078613e-08,nan,0.00408579595386982,-0.16193602979183197,0.14610977470874786,0.11483458429574966,0.07128209620714188,0.1264931708574295,-0.01086919754743576,-0.08967652916908264,-0.06863370537757874,0.06192603334784508,0.04867059737443924,0.03021164983510971,0.0536118820309639,-0.004606716334819794,-0.03800780326128006,-0.22127452492713928,0.2003542184829712,0.1565321385860443,0.09770593047142029,0.1735195368528366,-0.01583818718791008,-0.12320055812597275,0.12443508207798004,0.11268927901983261,-0.17126460373401642,0.00723840668797493,0.13372071087360382,-0.033131759613752365,-0.08986368775367737,0.13183408975601196,0.11081215739250183,-0.1779720038175583,0.006669372320175171,0.13188226521015167,-0.03421979770064354,-0.08980423957109451,-0.08944043517112732,0.311166375875473,-0.02143986150622368,0.10437530279159546,0.3054018020629883,-0.05005798488855362,-0.21300479769706726,-0.08944043517112732,0.311166375875473,-0.02143986150622368,0.10437530279159546,0.3054018020629883,-0.05005798488855362,-0.21300479769706726,-0.08944043517112732,0.311166375875473,-0.02143986150622368,0.10437530279159546,0.3054018020629883,-0.05005798488855362,-0.21300479769706726
31.588,0.0016550356522202492,0.0016550356522202492,nan,nan,nan,nan,-0.008228454738855362,0.0,0.01087375171482563,0.09885253012180328,0.0,0.0,0.0,0.0,0.01899999938905239,0.024000000208616257,64.0,0.2180381864309311,1.7068898677825928,0.010420568287372589,11.29072093963623,0.005587955005466938,0.0030348056461662054,0.008320601657032967,-0.00028444145573303103,0.8096480965614319,0.025410998612642288,0.25634825229644775,9.0,1.0,0.0,0.0,0.0016550077125430107,-2.7939677238464355e-08,nan,0.0025868630036711693,-0.16589519381523132,0.1403825581073761,0.1243806928396225,0.06902981549501419,0.12477214634418488,0.00463879806920886,-0.08334414660930634,-0.019683731719851494,0.01665661670267582,0.014757968485355377,0.008190498687326908,0.0148044154047966,0.0005504008149728179,-0.009888916276395321,-0.2138463705778122,0.18908235430717468,0.15449678897857666,0.09247250109910965,0.16516253352165222,-0.007716665044426918,-0.11488745361566544,0.12140071392059326,0.11417432874441147,-0.16906557977199554,0.007558178156614304,0.13528241217136383,-0.03462989628314972,-0.09055007249116898,0.11902286112308502,0.12244167923927307,-0.17036066949367523,0.01182670146226883,0.14113515615463257,-0.04018326848745346,-0.09725926071405411,-0.09482350945472717,0.31152403354644775,-0.015863876789808273,0.10429920256137848,0.3062976896762848,-0.04789993166923523,-0.21214671432971954,-0.09482350945472717,0.31152403354644775,-0.015863876789808273,0.10429920256137848,0.3062976896762848,-0.04789993166923523,-0.21214671432971954,-0.09482350945472717,0.31152403354644775,-0.015863876789808273,0.10429920256137848,0.3062976896762848,-0.04789993166923523,-0.21214671432971954
31.677,0.0017689978703856468,0.0017689978703856468,nan,nan,nan,nan,-0.008742430247366428,0.0,0.010907492600381374,0.10429613292217255,0.0,0.0,0.0,0.0,0.014000000432133675,0.019999999552965164,64.0,0.21838214993476868,3.0593509674072266,0.015525147318840027,14.312237739562988,0.006339614279568195,0.003317808033898473,0.007885686121881008,0.0,0.7976158261299133,0.02475876547396183,0.2318979948759079,9.0,1.0,0.0,0.0,0.0017689885571599007,-9.313225746154785e-09,nan,0.0038809552788734436,-0.16589519381523132,0.1403825581073761,0.1243806928396225,0.06902981549501419,0.12477214634418488,0.00463879806920886,-0.08334414660930634,-0.05100386589765549,0.043160099536180496,0.03824038431048393,0.02122296206653118,0.03836073726415634,0.0014261812902987003,-0.025623850524425507,-0.20730336010456085,0.17892347276210785,0.15291167795658112,0.08776405453681946,0.15778005123138428,-0.00010611326433718204,-0.10735931992530823,0.1174076721072197,0.11636222153902054,-0.16635851562023163,0.008136196061968803,0.13756845891475677,-0.03694647178053856,-0.09157267957925797,0.1159893274307251,0.12447060644626617,-0.16878169775009155,0.012346938252449036,0.14276263117790222,-0.04308289289474487,-0.09842392802238464,-0.09131403267383575,0.303394079208374,-0.015870019793510437,0.1001109927892685,0.3005426824092865,-0.04318900778889656,-0.20578324794769287,-0.09131403267383575,0.303394079208374,-0.015870019793510437,0.1001109927892685,0.3005426824092865,-0.04318900778889656,-0.20578324794769287,-0.09131403267383575,0.303394079208374,-0.015870019793510437,0.1001109927892685,0.3005426824092865,-0.04318900778889656,-0.20578324794769287
31.767000000000003,0.0022933436557650566,0.0022933436557650566,nan,nan,nan,nan,-0.005114407278597355,0.0,0.016056861728429794,0.11339650303125381,0.0,0.0,0.0,0.0,0.013000000268220901,0.03200000151991844,64.0,0.2189578413963318,1.4375718832015991,0.016857869923114777,14.267441749572754,0.006916194222867489,0.003983811940997839,0.013124478980898857,0.005152192432433367,0.803148627281189,0.02473193220794201,0.2379421591758728,9.0,1.0,0.0,0.0,0.0022933287546038628,-1.4901161193847656e-08,nan,0.0023578195832669735,-0.16589519381523132,0.1403825581073761,0.1243806928396225,0.06902981549501419,0.12477214634418488,0.00463879806920886,-0.08334414660930634,-0.07089629769325256,0.05999332293868065,0.053154826164245605,0.02950030378997326,0.05332212150096893,0.0019824178889393806,-0.03561761602759361,-0.2204924374818802,0.1878521740436554,0.1644037514925003,0.09229311347007751,0.16651113331317902,0.004026174545288086,-0.11193740367889404,0.1137823835015297,0.11720971763134003,-0.16347506642341614,0.0084419259801507,0.13834793865680695,-0.038679338991642,-0.09155357629060745,0.12346959859132767,0.11469751596450806,-0.17325347661972046,0.007308058440685272,0.1347675770521164,-0.0425461120903492,-0.09169547259807587,-0.09702283889055252,0.30254969000816345,-0.008849726058542728,0.09960117191076279,0.3012787103652954,-0.03851993754506111,-0.2036328762769699,-0.09702283889055252,0.30254969000816345,-0.008849726058542728,0.09960117191076279,0.3012787103652954,-0.03851993754506111,-0.2036328762769699,-0.09702283889055252,0.30254969000816345,-0.008849726058542728,0.09960117191076279,0.3012787103652954,-0.03851993754506111,-0.2036328762769699
31.848999999999997,0.0028839679434895515,0.0028839679434895515,nan,nan,nan,nan,-0.0037390748038887978,0.0,0.01831011101603508,0.1231270283460617,0.0,0.0,0.0,0.0,0.0020000000949949026,0.01899999938905239,64.0,0.2194790542125702,17.940887451171875,0.01477263867855072,18.793527603149414,0.007404005154967308,0.00564632099121809,0.016552425920963287,0.0016819685697555542,0.8139333128929138,0.024981874972581863,0.34840264916419983,9.0,1.0,0.0,0.0,0.0028839530423283577,-1.4901161193847656e-08,nan,0.004040519706904888,-0.16589519381523132,0.1403825581073761,0.1243806928396225,0.06902981549501419,0.12477214634418488,0.00463879806920886,-0.08334414660930634,-0.0636371299624443,0.05385052412748337,0.047712232917547226,0.026479726657271385,0.04786239564418793,0.0017794354353100061,-0.03197067975997925,-0.22578029334545135,0.19161590933799744,0.16887904703617096,0.09418798238039017,0.17010964453220367,0.005372718907892704,-0.11394169181585312,0.10903813689947128,0.11728362739086151,-0.15919458866119385,0.008830239996314049,0.13813208043575287,-0.04047778621315956,-0.09076786041259766,0.12087897956371307,0.11338412761688232,-0.17010729014873505,0.006743773818016052,0.13398469984531403,-0.04178483411669731,-0.09006906300783157,-0.10490131378173828,0.30500003695487976,-0.0012282393872737885,0.10093175619840622,0.3040943443775177,-0.03641211614012718,-0.2040107548236847,-0.10490131378173828,0.30500003695487976,-0.0012282393872737885,0.10093175619840622,0.3040943443775177,-0.03641211614012718,-0.2040107548236847,-0.10490131378173828,0.30500003695487976,-0.0012282393872737885,0.10093175619840622,0.3040943443775177,-0.03641211614012718,-0.2040107548236847
31.951,0.0030586002394557,0.0030586002394557,nan,nan,nan,nan,-0.0013302043080329895,0.0,0.02067612297832966,0.13175137341022491,0.0,0.0,0.0,0.0,0.0,0.02199999988079071,64.0,0.22027641534805298,1.0704063177108765,0.01134723424911499,16.20606231689453,0.007947508245706558,0.00519016245380044,0.017918776720762253,0.006559897214174271,0.8088299036026001,0.02483947202563286,0.2943870723247528,9.0,1.0,0.0,0.0,0.0030585946515202522,-5.587935447692871e-09,nan,0.0030938514973968267,-0.16630253195762634,0.13976679742336273,0.1328166276216507,0.06572795659303665,0.12120291590690613,0.02865886688232422,-0.07305349409580231,-0.04504222795367241,0.037855152040719986,0.03597273677587509,0.017802096903324127,0.032827217131853104,0.007762114051729441,-0.019786180928349495,-0.21517616510391235,0.18169397115707397,0.16614636778831482,0.08750317990779877,0.15957795083522797,0.02032586559653282,-0.1018824428319931,0.10621900856494904,0.11867014318704605,-0.1573733687400818,0.009242399595677853,0.13958655297756195,-0.04246101155877113,-0.09114807099103928,0.10662820935249329,0.12201988697052002,-0.16188810765743256,0.012188971042633057,0.14334653317928314,-0.05204420164227486,-0.09824033081531525,-0.10854795575141907,0.303713858127594,0.0042582624591887,0.09969215095043182,0.3029244840145111,-0.031718336045742035,-0.20012277364730835,-0.10854795575141907,0.303713858127594,0.0042582624591887,0.09969215095043182,0.3029244840145111,-0.031718336045742035,-0.20012277364730835,-0.10854795575141907,0.303713858127594,0.0042582624591887,0.09969215095043182,0.3029244840145111,-0.031718336045742035,-0.20012277364730835
32.092999999999996,0.0033741379156708717,0.0033741379156708717,nan,nan,nan,nan,-0.003154212608933449,0.0,0.020329052582383156,0.13707025349140167,0.0,0.0,0.0,0.0,0.006000000052154064,0.01600000075995922,64.0,0.22000013291835785,1.996596336364746,0.032436102628707886,10.753006935119629,0.007185230031609535,0.0032853279262781143,0.016429150477051735,0.0,0.8273680210113525,0.0256661269813776,0.19364117085933685,9.0,1.0,0.0,0.0,0.003374124877154827,-1.30385160446167e-08,nan,0.0045177829451859,-0.16630253195762634,0.13976679742336273,0.1328166276216507,0.06572795659303665,0.12120291590690613,0.02865886688232422,-0.07305349409580231,-0.11133541166782379,0.09357039630413055,0.08891743421554565,0.044003233313560486,0.08114233613014221,0.01918639801442623,-0.04890749976038933,-0.25008103251457214,0.2104080617427826,0.19818156957626343,0.09950567036867142,0.18300765752792358,0.03855918347835541,-0.11184871196746826,0.10347714275121689,0.11859502643346786,-0.15460871160030365,0.009418749250471592,0.13925723731517792,-0.043504584580659866,-0.0906139388680458,0.12350131571292877,0.10456106066703796,-0.17434728145599365,0.0038373619318008423,0.12828442454338074,-0.05537403002381325,-0.08774761855602264,-0.12657971680164337,0.31496912240982056,0.023834286257624626,0.10334303230047226,0.3112920820713043,-0.01681484654545784,-0.1995963305234909,-0.12657971680164337,0.31496912240982056,0.023834286257624626,0.10334303230047226,0.3112920820713043,-0.01681484654545784,-0.1995963305234909,-0.12657971680164337,0.31496912240982056,0.023834286257624626,0.10334303230047226,0.3112920820713043,-0.01681484654545784,-0.1995963305234909
32.166,0.00442101527005434,0.00442101527005434,nan,nan,nan,nan,0.006588460877537727,0.0,0.028358610346913338,0.15071403980255127,0.0,0.0,0.0,0.0,0.0020000000949949026,0.019999999552965164,64.0,0.22204677760601044,0.768123209476471,0.009533017873764038,9.245139122009277,0.007613254711031914,0.005262903869152069,0.026008259505033493,0.003820657730102539,0.8471719622612,0.02679683268070221,0.25938352942466736,9.0,1.0,0.0,0.0,0.004420996643602848,-1.862645149230957e-08,nan,0.0031181382946670055,-0.1246737539768219,0.1855289489030838,0.10998903214931488,0.04516861215233803,0.08886130899190903,0.13212743401527405,-0.023316992446780205,-0.08346392959356308,0.12420396506786346,0.07363311201334,0.030238522216677666,0.05948897823691368,0.08845385909080505,-0.01560976356267929,-0.2507454454898834,0.23776528239250183,0.20327816903591156,0.09792844951152802,0.18229810893535614,0.07881039381027222,-0.10023675113916397,0.09698790311813354,0.11824657022953033,-0.1489303559064865,0.009983030147850513,0.13892336189746857,-0.046284839510917664,-0.0890299454331398,0.10517525672912598,0.09358495473861694,-0.16062670946121216,0.010237663984298706,0.13820548355579376,-0.08077716827392578,-0.09976101666688919,-0.14557018876075745,0.3313502371311188,0.0426514632999897,0.10816611349582672,0.3205035924911499,-0.001966770738363266,-0.19999776780605316,-0.14557018876075745,0.3313502371311188,0.0426514632999897,0.10816611349582672,0.3205035924911499,-0.001966770738363266,-0.19999776780605316,-0.14557018876075745,0.3313502371311188,0.0426514632999897,0.10816611349582672,0.3205035924911499,-0.001966770738363266,-0.19999776780605316
32.254,0.004416876472532749,0.004416876472532749,nan,nan,nan,nan,0.0105405542999506,0.0,0.031557340174913406,0.15742374956607819,0.0,0.0,0.0,0.0,0.003000000026077032,0.01600000075995922,64.0,0.22235427796840668,2.393718719482422,0.017927028238773346,11.78443717956543,0.010766668245196342,0.004166589118540287,0.024957261979579926,0.0,0.8482959866523743,0.02679836004972458,0.27869510650634766,9.0,1.0,0.0,0.0,0.004416857846081257,-1.862645149230957e-08,nan,0.0028792121447622776,-0.16407975554466248,0.13602985441684723,0.13658852875232697,0.06194987893104553,0.12107506394386292,0.05340823531150818,-0.06758618354797363,-0.01987914741039276,0.01648074947297573,0.016548436135053635,0.00750556169077754,0.014668895862996578,0.006470695603638887,-0.008188430219888687,-0.21757659316062927,0.22909079492092133,0.18160532414913177,0.0826558917760849,0.158034086227417,0.11013439297676086,-0.0759631022810936,0.09592016041278839,0.11859984695911407,-0.14811508357524872,0.010180973447859287,0.13912223279476166,-0.04732035472989082,-0.08886659145355225,0.07805991172790527,0.12093625962734222,-0.13864754140377045,0.020206376910209656,0.154820054769516,-0.07369796186685562,-0.10746356099843979,-0.139516681432724,0.35002705454826355,0.04295778647065163,0.10286226868629456,0.312854140996933,0.03643643110990524,-0.1834266632795334,-0.139516681432724,0.35002705454826355,0.04295778647065163,0.10286226868629456,0.312854140996933,0.03643643110990524,-0.1834266632795334,-0.139516681432724,0.35002705454826355,0.04295778647065163,0.10286226868629456,0.312854140996933,0.03643643110990524,-0.1834266632795334
32.371,0.004993896000087261,0.004993896000087261,nan,nan,nan,nan,0.013371286913752556,0.0,0.03780675679445267,0.1662721484899521,0.0,0.0,0.0,0.0,0.010999999940395355,0.04800000041723251,64.0,0.222997784614563,0.668297529220581,0.009872950613498688,9.996609687805176,0.012370781973004341,0.005039541982114315,0.030475515872240067,0.0023178679402917624,0.8323662877082825,0.025109324604272842,0.17147310078144073,9.0,1.0,0.0,0.0,0.004993888549506664,-7.450580596923828e-09,nan,0.0016190712340176105,-0.16407975554466248,0.13602985441684723,0.13658852875232697,0.06194987893104553,0.12107506394386292,0.05340823531150818,-0.06758618354797363,-0.058304205536842346,0.0483369342982769,0.04853545129299164,0.022013308480381966,0.04302288591861725,0.018978115171194077,-0.024016115814447403,-0.2079041600227356,0.18794941902160645,0.17322488129138947,0.07865868508815765,0.1526079773902893,0.08025325834751129,-0.08126703649759293,0.09230422228574753,0.11853652447462082,-0.14490829408168793,0.010574269108474255,0.139380544424057,-0.04911814257502556,-0.08808137476444244,0.08502200990915298,0.1386571228504181,-0.1410273164510727,0.015306882560253143,0.14621296525001526,-0.04407086968421936,-0.09179391711950302,-0.12288215011358261,0.32660654187202454,0.03219756484031677,0.0939655676484108,0.29882094264030457,0.03618238866329193,-0.17306095361709595,-0.12288215011358261,0.32660654187202454,0.03219756484031677,0.0939655676484108,0.29882094264030457,0.03618238866329193,-0.17306095361709595,-0.12288215011358261,0.32660654187202454,0.03219756484031677,0.0939655676484108,0.29882094264030457,0.03618238866329193,-0.17306095361709595
32.409,0.0053800614550709724,0.0053800614550709724,nan,nan,nan,nan,0.013940144330263138,0.0,0.039423152804374695,0.17089788615703583,0.0,0.0,0.0,0.0,0.006000000052154064,0.0010000000474974513,64.0,0.22290043532848358,0.9120339751243591,0.009689480066299438,9.440722465515137,0.012173254042863846,0.004673593677580357,0.03192349150776863,0.0,0.8324114680290222,0.024876514449715614,0.2163829803466797,9.0,1.0,0.0,0.0,0.005380039103329182,-2.2351741790771484e-08,nan,0.0021030385978519917,-0.16407975554466248,0.13602985441684723,0.13658852875232697,0.06194987893104553,0.12107506394386292,0.05340823531150818,-0.06758618354797363,-0.0702885091304779,0.05827249214053154,0.05851181223988533,0.026538098230957985,0.05186615139245987,0.02287902683019638,-0.02895257994532585,-0.21839042007923126,0.18938110768795013,0.18188214302062988,0.08254216611385345,0.16072098910808563,0.07780556380748749,-0.08762279897928238,0.09124227613210678,0.1172938421368599,-0.14329113066196442,0.010534528642892838,0.13775570690631866,-0.04913118854165077,-0.08692162483930588,0.09451807290315628,0.12979258596897125,-0.14785252511501312,0.010909788310527802,0.13792730867862701,-0.04427869990468025,-0.08591010421514511,-0.12387234717607498,0.3191736936569214,0.03402961790561676,0.09345195442438126,0.29864829778671265,0.033526863902807236,-0.1735329031944275,-0.12387234717607498,0.3191736936569214,0.03402961790561676,0.09345195442438126,0.29864829778671265,0.033526863902807236,-0.1735329031944275,-0.12387234717607498,0.3191736936569214,0.03402961790561676,0.09345195442438126,0.29864829778671265,0.033526863902807236,-0.1735329031944275
32.518,0.0060688192024827,0.0060688192024827,nan,nan,nan,nan,0.02116299979388714,0.0,0.0433199368417263,0.18047621846199036,0.0,0.0,0.0,0.0,0.003000000026077032,0.017999999225139618,64.0,0.22489015758037567,41.787109375,0.015109777450561523,59.24843215942383,0.013348376378417015,0.007149485871195793,0.03712104633450508,0.0,0.8309622406959534,0.024601558223366737,0.31904056668281555,9.0,1.0,0.0,0.0,0.0060688043013215065,-1.4901161193847656e-08,nan,0.003446652088314295,-0.12284671515226364,0.17804835736751556,0.1134866327047348,0.04186137020587921,0.09199102222919464,0.14017361402511597,-0.021561209112405777,-0.047402046620845795,0.0687023401260376,0.043790336698293686,0.016152769327163696,0.03549596667289734,0.054087862372398376,-0.008319681510329247,-0.20067386329174042,0.20660628378391266,0.17248448729515076,0.07362956553697586,0.1485380083322525,0.11640074849128723,-0.0676862895488739,0.08789703249931335,0.11614082008600235,-0.14009007811546326,0.010689755901694298,0.13681365549564362,-0.05016901716589928,-0.085367850959301,0.078116774559021,0.10970483720302582,-0.13724592328071594,0.01761718839406967,0.14699022471904755,-0.0768158882856369,-0.10128083825111389,-0.12255708873271942,0.3163111209869385,0.035238560289144516,0.09124675393104553,0.29552823305130005,0.03958486020565033,-0.1689671277999878,-0.12255708873271942,0.3163111209869385,0.035238560289144516,0.09124675393104553,0.29552823305130005,0.03958486020565033,-0.1689671277999878,-0.12255708873271942,0.3163111209869385,0.035238560289144516,0.09124675393104553,0.29552823305130005,0.03958486020565033,-0.1689671277999878
32.568,0.006484859623014927,0.006484859623014927,nan,nan,nan,nan,0.019802844151854515,0.0,0.046020153909921646,0.1871732771396637,0.0,0.0,0.0,0.0,0.003000000026077032,0.017000000923871994,64.0,0.22406940162181854,0.4311436712741852,0.007567927241325378,9.249883651733398,0.013852961361408234,0.007239727769047022,0.039406921714544296,0.005479463376104832,0.829326868057251,0.02419268898665905,0.2187889963388443,9.0,1.0,0.0,0.0,0.006484842859208584,-1.6763806343078613e-08,nan,0.003683844581246376,-0.16746875643730164,0.12714701890945435,0.1439867615699768,0.07844102382659912,0.11937379837036133,0.029243214055895805,-0.061623070389032364,-0.06368274986743927,0.04834974557161331,0.05475333705544472,0.02982848882675171,0.04539385065436363,0.011120213195681572,-0.02343318611383438,-0.2120155692100525,0.18413062393665314,0.18226537108421326,0.09061148762702942,0.15347355604171753,0.07175947725772858,-0.07538681477308273,0.08587241172790527,0.11601287126541138,-0.13780327141284943,0.010793300345540047,0.13672465085983276,-0.051153264939785004,-0.08490901440382004,0.09021541476249695,0.1257956475019455,-0.14479228854179382,0.0033943578600883484,0.13819923996925354,-0.037024762481451035,-0.08802776783704758,-0.12180015444755554,0.30992627143859863,0.03747307509183884,0.09400584548711777,0.29167279601097107,0.03473471477627754,-0.1634145826101303,-0.12180015444755554,0.30992627143859863,0.03747307509183884,0.09400584548711777,0.29167279601097107,0.03473471477627754,-0.1634145826101303,-0.12180015444755554,0.30992627143859863,0.03747307509183884,0.09400584548711777,0.29167279601097107,0.03473471477627754,-0.1634145826101303
32.661,0.0069698141887784,0.0069698141887784,nan,nan,nan,nan,0.021335436031222343,0.0,0.048836417496204376,0.1946103274822235,0.0,0.0,0.0,0.0,0.003000000026077032,0.019999999552965164,64.0,0.22533325850963593,1.174060583114624,0.014779157936573029,17.40148162841797,0.01289602741599083,0.007076934911310673,0.043017324060201645,0.0,0.83456951379776,0.02422248385846615,0.26939839124679565,9.0,1.0,0.0,0.0,0.006969804875552654,-9.313225746154785e-09,nan,0.0027556889690458775,-0.16746875643730164,0.12714701890945435,0.1439867615699768,0.07844102382659912,0.11937379837036133,0.029243214055895805,-0.061623070389032364,-0.07386051118373871,0.05607698857784271,0.06350399553775787,0.03459567204117775,0.05264868587255478,0.012897443026304245,-0.027178270742297173,-0.2254621535539627,0.180665522813797,0.19383947551250458,0.10204288363456726,0.16167333722114563,0.05359987914562225,-0.08188620954751968,0.08286499232053757,0.11501987278461456,-0.13518142700195312,0.01111446600407362,0.13587833940982819,-0.05272810161113739,-0.08318173885345459,0.09573464095592499,0.12242826819419861,-0.1478319615125656,0.00020966678857803345,0.13193976879119873,-0.03360968828201294,-0.08186634629964828,-0.12972751259803772,0.3030937910079956,0.046007513999938965,0.1022525504231453,0.29361310601234436,0.019990189000964165,-0.16375255584716797,-0.12972751259803772,0.3030937910079956,0.046007513999938965,0.1022525504231453,0.29361310601234436,0.019990189000964165,-0.16375255584716797,-0.12972751259803772,0.3030937910079956,0.046007513999938965,0.1022525504231453,0.29361310601234436,0.019990189000964165,-0.16375255584716797
32.725,0.008361072279512882,0.008361072279512882,nan,nan,nan,nan,0.0291128046810627,0.0,0.05689103156328201,0.20655035972595215,0.0,0.0,0.0,0.0,0.003000000026077032,0.019999999552965164,64.0,0.22670705616474152,1.4840242862701416,0.009378418326377869,10.611318588256836,0.012446796521544456,0.010976079851388931,0.05542031303048134,0.01622028648853302,0.8446308374404907,0.024386217817664146,0.26117703318595886,9.0,1.0,0.0,0.0,0.00836105365306139,-1.862645149230957e-08,nan,0.002648709574714303,-0.16746875643730164,0.12714701890945435,0.1439867615699768,0.07844102382659912,0.11937379837036133,0.029243214055895805,-0.061623070389032364,-0.07911147177219391,0.060063667595386505,0.06801868230104446,0.037055179476737976,0.0563916340470314,0.013814359903335571,-0.02911045402288437,-0.23203621804714203,0.18007400631904602,0.1994970440864563,0.10721781104803085,0.16579391062259674,0.04637519270181656,-0.08493868261575699,0.07927819341421127,0.1127089336514473,-0.1308206021785736,0.011104768142104149,0.13347329199314117,-0.05297055467963219,-0.08090254664421082,0.0929870754480362,0.11775076389312744,-0.14432570338249207,0.002288617193698883,0.1302233189344406,-0.03923165053129196,-0.07976662367582321,-0.13904914259910583,0.29782477021217346,0.05517134070396423,0.10950642824172974,0.29601722955703735,0.007143542170524597,-0.1647053062915802,-0.13904914259910583,0.29782477021217346,0.05517134070396423,0.10950642824172974,0.29601722955703735,0.007143542170524597,-0.1647053062915802,-0.13904914259910583,0.29782477021217346,0.05517134070396423,0.10950642824172974,0.29601722955703735,0.007143542170524597,-0.1647053062915802
32.815,0.008511065505445004,0.008511065505445004,nan,nan,nan,nan,0.035180509090423584,0.0,0.05642770975828171,0.20949751138687134,0.0,0.0,0.0,0.0,0.0010000000474974513,0.019999999552965164,64.0,0.22539015114307404,0.5288859605789185,0.008559785783290863,10.665367126464844,0.012649370357394218,0.0069390879943966866,0.05071742832660675,0.00036442652344703674,0.8539153337478638,0.024988187476992607,0.22891533374786377,9.0,1.0,0.0,0.0,0.008511043153703213,-2.2351741790771484e-08,nan,0.004178378265351057,-0.11859843134880066,0.18192540109157562,0.11519989371299744,0.05726073309779167,0.08823112398386002,0.1358209103345871,-0.007463785354048014,-0.0742596983909607,0.11391150206327438,0.07213172316551208,0.035853464156389236,0.05524538829922676,0.08504345268011093,-0.00467340461909771,-0.22651565074920654,0.2272992879152298,0.20248878002166748,0.10649751871824265,0.16378428041934967,0.10925744473934174,-0.06201684847474098,0.07850756496191025,0.11157835274934769,-0.12922507524490356,0.011004731990396976,0.13183559477329254,-0.052591472864151,-0.08005370199680328,0.07834939658641815,0.08086203038692474,-0.13629050552845,0.008883044123649597,0.13480953872203827,-0.09366834163665771,-0.09845474362373352,-0.1481662541627884,0.30816131830215454,0.06619827449321747,0.11538056284189224,0.29859381914138794,0.015589103102684021,-0.1604715883731842,-0.1481662541627884,0.30816131830215454,0.06619827449321747,0.11538056284189224,0.29859381914138794,0.015589103102684021,-0.1604715883731842,-0.1481662541627884,0.30816131830215454,0.06619827449321747,0.11538056284189224,0.29859381914138794,0.015589103102684021,-0.1604715883731842
32.924,0.008667574264109135,0.008667574264109135,nan,nan,nan,nan,0.041604556143283844,0.0,0.06293752789497375,0.2172011286020279,0.0,0.0,0.0,0.0,0.0,0.019999999552965164,64.0,0.22651752829551697,3.138169765472412,0.011766329407691956,13.82856559753418,0.01833295449614525,0.006922127678990364,0.05152669548988342,0.007157959043979645,0.864838719367981,0.025658130645751953,0.33718931674957275,9.0,1.0,0.0,0.0,0.008667553775012493,-2.0489096641540527e-08,nan,0.0041377427987754345,-0.16708903014659882,0.1290884166955948,0.1434236317873001,0.0853642076253891,0.11260895431041718,0.038179703056812286,-0.05849430710077286,-0.0,0.0,0.0,0.0,0.0,0.0,-0.0,-0.2084203064441681,0.24503938853740692,0.19148896634578705,0.10039170831441879,0.15077634155750275,0.14654327929019928,-0.04227739945054054,0.07757304608821869,0.11162475496530533,-0.12903542816638947,0.0112745501101017,0.13216270506381989,-0.05396993085741997,-0.0793234258890152,0.0652431845664978,0.09419189393520355,-0.12323915958404541,0.014489687979221344,0.1432039886713028,-0.08696284145116806,-0.09888790547847748,-0.1431771218776703,0.3392312824726105,0.06824980676174164,0.11488139629364014,0.29398033022880554,0.05958043783903122,-0.14116530120372772,-0.1431771218776703,0.3392312824726105,0.06824980676174164,0.11488139629364014,0.29398033022880554,0.05958043783903122,-0.14116530120372772,-0.1431771218776703,0.3392312824726105,0.06824980676174164,0.11488139629364014,0.29398033022880554,0.05958043783903122,-0.14116530120372772
32.993,0.009374407120049,0.009374407120049,nan,nan,nan,nan,0.0435204803943634,0.0,0.07052342593669891,0.22432288527488708,0.0,0.0,0.0,0.0,0.00800000037997961,0.004000000189989805,64.0,0.22801724076271057,0.5405880212783813,0.011294148862361908,17.612749099731445,0.019535042345523834,0.008213652297854424,0.059202030301094055,0.0,0.8547916412353516,0.024210991337895393,0.20672184228897095,9.0,1.0,0.0,0.0,0.009374386630952358,-2.0489096641540527e-08,nan,0.0019935909658670425,-0.16708903014659882,0.1290884166955948,0.1434236317873001,0.0853642076253891,0.11260895431041718,0.038179703056812286,-0.05849430710077286,-0.019537191838026047,0.015093901194632053,0.016770072281360626,0.00998136680573225,0.013167008757591248,0.00446423189714551,-0.006839554291218519,-0.18927407264709473,0.1819884032011032,0.16782422363758087,0.09410705417394638,0.13194960355758667,0.08535106480121613,-0.053200192749500275,0.07467500865459442,0.10975495725870132,-0.12544481456279755,0.011329039931297302,0.13029293715953827,-0.05435346066951752,-0.07743947952985764,0.06005939841270447,0.13963119685649872,-0.11179544031620026,0.016147039830684662,0.14781656861305237,-0.03402029722929001,-0.08146161586046219,-0.12921467423439026,0.32161960005760193,0.05602877959609032,0.11025409400463104,0.27976617217063904,0.05133076757192612,-0.13466180860996246,-0.12921467423439026,0.32161960005760193,0.05602877959609032,0.11025409400463104,0.27976617217063904,0.05133076757192612,-0.13466180860996246,-0.12921467423439026,0.32161960005760193,0.05602877959609032,0.11025409400463104,0.27976617217063904,0.05133076757192612,-0.13466180860996246
33.07,0.010364110581576824,0.010364110581576824,nan,nan,nan,nan,0.0455753356218338,0.0,0.07437238097190857,0.2327846884727478,0.0,0.0,0.0,0.0,0.0,0.019999999552965164,64.0,0.22906674444675446,0.8672941327095032,0.014863908290863037,9.790413856506348,0.0180283822119236,0.008765747770667076,0.0651097521185875,0.0,0.8433072566986084,0.023003604263067245,0.2583230435848236,9.0,1.0,0.0,0.0,0.01036409754306078,-1.30385160446167e-08,nan,0.0026120676193386316,-0.16708903014659882,0.1290884166955948,0.1434236317873001,0.0853642076253891,0.11260895431041718,0.038179703056812286,-0.05849430710077286,-0.04149774834513664,0.03206002712249756,0.03562027961015701,0.02120080590248108,0.027967233210802078,0.009482200257480145,-0.014527476392686367,-0.19789797067642212,0.16570818424224854,0.17178934812545776,0.1001753956079483,0.13494569063186646,0.06031019240617752,-0.06459853053092957,0.07185617089271545,0.10721039026975632,-0.12206458300352097,0.011278225108981133,0.12762483954429626,-0.05460796505212784,-0.07483721524477005,0.0721045434474945,0.1313226819038391,-0.12059037387371063,0.010200776159763336,0.1357118785381317,-0.03162927180528641,-0.07226806879043579,-0.1257934272289276,0.29703086614608765,0.05119897797703743,0.11037617176771164,0.27065756916999817,0.028680922463536263,-0.13686659932136536,-0.1257934272289276,0.29703086614608765,0.05119897797703743,0.11037617176771164,0.27065756916999817,0.028680922463536263,-0.13686659932136536,-0.1257934272289276,0.29703086614608765,0.05119897797703743,0.11037617176771164,0.27065756916999817,0.028680922463536263,-0.13686659932136536
33.153,0.011509166099131107,0.011509166099131107,nan,nan,nan,nan,0.05907759442925453,0.0,0.08232206851243973,0.24022401869297028,0.0,0.0,0.0,0.0,0.008999999612569809,0.017999999225139618,64.0,0.22971682250499725,1.0297056436538696,0.017113052308559418,20.907638549804688,0.018446654081344604,0.01096266508102417,0.0748380795121193,0.0,0.8397551774978638,0.022270550951361656,0.21184587478637695,9.0,1.0,0.0,0.0,0.011509153060615063,-1.30385160446167e-08,nan,0.0020512749906629324,-0.11544862389564514,0.17709848284721375,0.11723975092172623,0.05723361298441887,0.09707949310541153,0.13726094365119934,0.004680160898715258,-0.026752814650535583,0.041038885712623596,0.027167871594429016,0.013262697495520115,0.02249615080654621,0.031807366758584976,0.0010845297947525978,-0.1760568469762802,0.17803390324115753,0.15946003794670105,0.08880074322223663,0.1272968351840973,0.09273292869329453,-0.04094869643449783,0.0691806748509407,0.10420018434524536,-0.11823300272226334,0.011028171516954899,0.12434505671262741,-0.05367233604192734,-0.07244245707988739,0.05483993887901306,0.10849045217037201,-0.11117342114448547,0.01921743154525757,0.13644200563430786,-0.06814055144786835,-0.09110832959413528,-0.12121690809726715,0.28652435541152954,0.048286620527505875,0.1080181747674942,0.26373884081840515,0.024592377245426178,-0.13205702602863312,-0.12121690809726715,0.28652435541152954,0.048286620527505875,0.1080181747674942,0.26373884081840515,0.024592377245426178,-0.13205702602863312,-0.12121690809726715,0.28652435541152954,0.048286620527505875,0.1080181747674942,0.26373884081840515,0.024592377245426178,-0.13205702602863312
33.25,0.011874874122440815,0.011874874122440815,nan,nan,nan,nan,0.06522312760353088,0.0,0.08920943737030029,0.24506856501102448,0.0,0.0,0.0,0.0,0.0020000000949949026,0.02199999988079071,64.0,0.22900588810443878,1.3750874996185303,0.009564682841300964,11.846877098083496,0.022907856851816177,0.00889409426599741,0.07519567012786865,0.0069654458202421665,0.8481183052062988,0.022294240072369576,0.22793254256248474,9.0,1.0,0.0,0.0,0.01187486108392477,-1.30385160446167e-08,nan,0.0017896703211590648,-0.17047923803329468,0.1147453784942627,0.1472555696964264,0.09892349690198898,0.11242638528347015,0.01313181221485138,-0.059060417115688324,-0.020456954836845398,0.013769072480499744,0.01767018996179104,0.011870498768985271,0.013490800745785236,0.0015757748624309897,-0.007087058387696743,-0.17633503675460815,0.20086628198623657,0.16564446687698364,0.09146331995725632,0.13310272991657257,0.12056677788496017,-0.026644263416528702,0.06882837414741516,0.1037050113081932,-0.11743269115686417,0.011002260260283947,0.1235911175608635,-0.0537714883685112,-0.07195653766393661,0.06420276314020157,0.09973108768463135,-0.11808672547340393,0.011600397527217865,0.12689237296581268,-0.0661030039191246,-0.08486007153987885,-0.11213227361440659,0.3005973696708679,0.04755774140357971,0.10306371748447418,0.25999510288238525,0.05446377396583557,-0.11150433123111725,-0.11213227361440659,0.3005973696708679,0.04755774140357971,0.10306371748447418,0.25999510288238525,0.05446377396583557,-0.11150433123111725,-0.11213227361440659,0.3005973696708679,0.04755774140357971,0.10306371748447418,0.25999510288238525,0.05446377396583557,-0.11150433123111725
33.376,0.013747473247349262,0.013747473247349262,nan,nan,nan,nan,0.06642597168684006,0.0,0.09717144072055817,0.25992631912231445,0.0,0.0,0.0,0.0,0.009999999776482582,0.04500000178813934,64.0,0.23266589641571045,1.7766551971435547,0.01591164618730545,10.304460525512695,0.019929785281419754,0.01500758808106184,0.09224924445152283,0.008187898434698582,0.841299831867218,0.021408066153526306,0.2231883704662323,9.0,1.0,0.0,0.0,0.01374745275825262,-2.0489096641540527e-08,nan,0.0021818899549543858,-0.17047923803329468,0.1147453784942627,0.1472555696964264,0.09892349690198898,0.11242638528347015,0.01313181221485138,-0.059060417115688324,-0.04320750758051872,0.029081910848617554,0.037321534007787704,0.025071898475289345,0.02849416807293892,0.0033282230142503977,-0.014968706294894218,-0.19366294145584106,0.15186059474945068,0.17077046632766724,0.10953409224748611,0.13211670517921448,0.04292110353708267,-0.058076053857803345,0.0639248937368393,0.09953699260950089,-0.11138536036014557,0.01085637416690588,0.11945167183876038,-0.053551942110061646,-0.06799667328596115,0.07481373846530914,0.122271329164505,-0.11883626878261566,0.0018223077058792114,0.12229761481285095,-0.02186056226491928,-0.05931650102138519,-0.11884920299053192,0.2741319239139557,0.051934197545051575,0.11135639995336533,0.25441431999206543,0.02106054127216339,-0.11739255487918854,-0.11884920299053192,0.2741319239139557,0.051934197545051575,0.11135639995336533,0.25441431999206543,0.02106054127216339,-0.11739255487918854,-0.11884920299053192,0.2741319239139557,0.051934197545051575,0.11135639995336533,0.25441431999206543,0.02106054127216339,-0.11739255487918854
33.422,0.014019626192748547,0.014019626192748547,nan,nan,nan,nan,0.06528256833553314,0.0,0.09619420766830444,0.2615531086921692,0.0,0.0,0.0,0.0,0.012000000104308128,0.00800000037997961,64.0,0.23177440464496613,0.8523231148719788,0.014469027519226074,10.318389892578125,0.01645645871758461,0.009305964224040508,0.08904371410608292,0.0,0.8539854884147644,0.021736295893788338,0.14312158524990082,9.0,1.0,0.0,0.0,0.014019613154232502,-1.30385160446167e-08,nan,0.0013460841728374362,-0.17047923803329468,0.1147453784942627,0.1472555696964264,0.09892349690198898,0.11242638528347015,0.01313181221485138,-0.059060417115688324,-0.08421576023101807,0.056683555245399475,0.07274340093135834,0.048867639154195786,0.05553798750042915,0.006487039849162102,-0.02917550876736641,-0.22108085453510284,0.15967616438865662,0.19272758066654205,0.1268494725227356,0.14802129566669464,0.031183209270238876,-0.07203378528356552,0.06287920475006104,0.09788349270820618,-0.10933782160282135,0.010720319114625454,0.11722642183303833,-0.05294012278318405,-0.06674572825431824,0.08852706849575043,0.1065940260887146,-0.1300036609172821,-0.006167091429233551,0.10952191054821014,-0.0272808987647295,-0.05316152423620224,-0.13255378603935242,0.2662701904773712,0.06272391229867935,0.12068238109350204,0.2575432062149048,0.0039023105055093765,-0.12519530951976776,-0.13255378603935242,0.2662701904773712,0.06272391229867935,0.12068238109350204,0.2575432062149048,0.0039023105055093765,-0.12519530951976776,-0.13255378603935242,0.2662701904773712,0.06272391229867935,0.12068238109350204,0.2575432062149048,0.0039023105055093765,-0.12519530951976776
33.485,0.01483082864433527,0.01483082864433527,nan,nan,nan,nan,0.08587408065795898,0.0,0.10364988446235657,0.26721978187561035,0.0,0.0,0.0,0.0,0.004999999888241291,0.01899999938905239,64.0,0.23302942514419556,0.7605701684951782,0.013509765267372131,17.10251808166504,0.01982821896672249,0.009276899509131908,0.09309855848550797,0.0,0.8541173338890076,0.0218205489218235,0.22392578423023224,9.0,1.0,0.0,0.0,0.014830817468464375,-1.1175870895385742e-08,nan,0.0021905212197452784,-0.10721989721059799,0.18603481352329254,0.11194521933794022,0.06845656037330627,0.0867123007774353,0.13668318092823029,0.02180803008377552,-0.0436975322663784,0.07581859081983566,0.04562333971261978,0.02789951115846634,0.03533964976668358,0.05570530891418457,0.008887874893844128,-0.17778466641902924,0.2098408043384552,0.16883930563926697,0.10720952600240707,0.13022516667842865,0.1162341833114624,-0.015375170856714249,0.06123862415552139,0.09564884752035141,-0.10689341276884079,0.010503346100449562,0.11468469351530075,-0.0521823987364769,-0.06492771953344345,0.04840625822544098,0.06871557235717773,-0.10453824698925018,0.01425674557685852,0.12358666956424713,-0.09472022950649261,-0.09575417637825012,-0.12937840819358826,0.27855637669563293,0.06430105865001678,0.1214662715792656,0.2538118362426758,0.021513953804969788,-0.11112934350967407,-0.12937840819358826,0.27855637669563293,0.06430105865001678,0.1214662715792656,0.2538118362426758,0.021513953804969788,-0.11112934350967407,-0.12937840819358826,0.27855637669563293,0.06430105865001678,0.1214662715792656,0.2538118362426758,0.021513953804969788,-0.11112934350967407
33.601,0.01575101539492607,0.01575101539492607,nan,nan,nan,nan,0.08263708651065826,0.0,0.11163578182458878,0.27176323533058167,0.0,0.0,0.0,0.0,0.004999999888241291,0.019999999552965164,64.0,0.23350737988948822,1.018601417541504,0.00887364149093628,9.117274284362793,0.021253259852528572,0.008283337578177452,0.09866586327552795,0.004286319017410278,0.8667816519737244,0.021881524473428726,0.1344071328639984,9.0,1.0,0.0,0.0,0.015751000493764877,-1.4901161193847656e-08,nan,0.001267236308194697,-0.17504017055034637,0.10509975254535675,0.1419253796339035,0.12536416947841644,0.09181063622236252,-0.041396863758563995,-0.04809468984603882,-0.08911007642745972,0.05350456014275551,0.07225188612937927,0.06382084637880325,0.04673929139971733,-0.021074464544653893,-0.024484219029545784,-0.21015961468219757,0.18575814366340637,0.1840788722038269,0.14108726382255554,0.12972086668014526,0.038231100887060165,-0.03672414273023605,0.05921284109354019,0.09341339766979218,-0.10411820560693741,0.0103848772123456,0.1123141422867775,-0.05175617337226868,-0.06296707689762115,0.0784088522195816,0.0996716320514679,-0.11640851199626923,-0.0120144784450531,0.11758430302143097,-0.016106873750686646,-0.06228809803724289,-0.13175076246261597,0.28542977571487427,0.06767036020755768,0.12907278537750244,0.24730516970157623,0.02212422713637352,-0.09901224076747894,-0.13175076246261597,0.28542977571487427,0.06767036020755768,0.12907278537750244,0.24730516970157623,0.02212422713637352,-0.09901224076747894,-0.13175076246261597,0.28542977571487427,0.06767036020755768,0.12907278537750244,0.24730516970157623,0.02212422713637352,-0.09901224076747894
33.674,0.016268666833639145,0.016268666833639145,nan,nan,nan,nan,0.07239489257335663,0.0,0.10524357855319977,0.2787686586380005,0.0,0.0,0.0,0.0,0.004999999888241291,0.017999999225139618,64.0,0.23463480174541473,2.0108492374420166,0.010319985449314117,11.45115852355957,0.014432530850172043,0.009012402966618538,0.09982345253229141,0.017493756487965584,0.8821888566017151,0.023076830431818962,0.2819962501525879,9.0,1.0,0.0,0.0,0.01626865565776825,-1.1175870895385742e-08,nan,0.003898904426023364,-0.17504017055034637,0.10509975254535675,0.1419253796339035,0.12536416947841644,0.09181063622236252,-0.041396863758563995,-0.04809468984603882,-0.10728982090950012,0.06442026048898697,0.08699231594800949,0.07684121280908585,0.05627477914094925,-0.02537395991384983,-0.02947935089468956,-0.2586859166622162,0.17629049718379974,0.21456092596054077,0.181952565908432,0.1425435096025467,-0.03022938221693039,-0.06367915868759155,0.05832367017865181,0.09255670011043549,-0.10332997143268585,0.010375533252954483,0.11150388419628143,-0.05211712419986725,-0.061855416744947433,0.09397782385349274,0.10094015300273895,-0.12591473758220673,-0.02172866463661194,0.10706306993961334,0.001131393015384674,-0.047452427446842194,-0.16470809280872345,0.2772306501865387,0.08864618837833405,0.16022390127182007,0.24960657954216003,-0.029097989201545715,-0.11113158613443375,-0.16470809280872345,0.2772306501865387,0.08864618837833405,0.16022390127182007,0.24960657954216003,-0.029097989201545715,-0.11113158613443375,-0.16470809280872345,0.2772306501865387,0.08864618837833405,0.16022390127182007,0.24960657954216003,-0.029097989201545715,-0.11113158613443375
33.743,0.0171198807656765,0.0171198807656765,nan,nan,nan,nan,0.07543176412582397,0.0,0.10719091445207596,0.28348463773727417,0.0,0.0,0.0,0.0,0.017000000923871994,0.013000000268220901,64.0,0.23636320233345032,0.624093234539032,0.009724870324134827,8.563441276550293,0.009145595133304596,0.011630509048700333,0.1096758246421814,0.0,0.904013454914093,0.024507516995072365,0.19519342482089996,9.0,1.0,0.0,0.0,0.017119869589805603,-1.1175870895385742e-08,nan,0.001866816426627338,-0.17504017055034637,0.10509975254535675,0.1419253796339035,0.12536416947841644,0.09181063622236252,-0.041396863758563995,-0.04809468984603882,-0.13937179744243622,0.0836833119392395,0.1130048930644989,0.0998184010386467,0.07310215383768082,-0.032961320132017136,-0.038294315338134766,-0.28587770462036133,0.18081623315811157,0.2338988482952118,0.20329537987709045,0.15294502675533295,-0.05407983809709549,-0.07531455159187317,0.055876463651657104,0.08940791338682175,-0.09950996935367584,0.010112869553267956,0.10800521820783615,-0.05106549710035324,-0.059378232806921005,0.09376607835292816,0.09268951416015625,-0.12669429183006287,-0.020082145929336548,0.10134749114513397,-0.009443499147891998,-0.04623939096927643,-0.19211162626743317,0.2735057473182678,0.10720454901456833,0.1832132339477539,0.2542925179004669,-0.06352333724498749,-0.1215539425611496,-0.19211162626743317,0.2735057473182678,0.10720454901456833,0.1832132339477539,0.2542925179004669,-0.06352333724498749,-0.1215539425611496,-0.19211162626743317,0.2735057473182678,0.10720454901456833,0.1832132339477539,0.2542925179004669,-0.06352333724498749,-0.1215539425611496
33.837,0.017317786812782288,0.017317786812782288,nan,nan,nan,nan,0.09490542113780975,0.0,0.10924331098794937,0.2866188883781433,0.0,0.0,0.0,0.0,0.0010000000474974513,0.02199999988079071,64.0,0.23621398210525513,0.8471096158027649,0.010768882930278778,9.316773414611816,0.009994558990001678,0.005602728575468063,0.10485148429870605,0.0032289798837155104,0.9070146679878235,0.025326352566480637,0.1910196840763092,9.0,1.0,0.0,0.0,0.017317775636911392,-1.1175870895385742e-08,nan,0.001821946119889617,-0.09385781735181808,0.19980470836162567,0.1028207391500473,0.08471224457025528,0.06769437342882156,0.1303894966840744,0.04400646314024925,-0.05621664971113205,0.11967411637306213,0.061585042625665665,0.0507388636469841,0.04054591432213783,0.07809749990701675,0.02635791152715683,-0.24340301752090454,0.23538467288017273,0.21415738761425018,0.18403887748718262,0.1399814784526825,0.03907598927617073,-0.024017006158828735,0.05566025525331497,0.08906343579292297,-0.09912549704313278,0.010074454359710217,0.1075887680053711,-0.050868529826402664,-0.05914909765124321,0.04158809781074524,0.051251620054244995,-0.09708389639854431,0.010415136814117432,0.11516827344894409,-0.09996147453784943,-0.0915389209985733,-0.2018149197101593,0.2866362929344177,0.11707349121570587,0.19445401430130005,0.2551497519016266,-0.060885485261678696,-0.11555592715740204,-0.2018149197101593,0.2866362929344177,0.11707349121570587,0.19445401430130005,0.2551497519016266,-0.060885485261678696,-0.11555592715740204,-0.2018149197101593,0.2866362929344177,0.11707349121570587,0.19445401430130005,0.2551497519016266,-0.060885485261678696,-0.11555592715740204
33.898,0.017689701169729233,0.017689701169729233,nan,nan,nan,nan,0.10635097324848175,0.0,0.12127456068992615,0.2925572693347931,0.0,0.0,0.0,0.0,0.004999999888241291,0.019999999552965164,64.0,0.2388329654932022,1.9646753072738647,0.022923573851585388,22.276201248168945,0.021318621933460236,0.004746763035655022,0.10470270365476608,0.0,0.9033624529838562,0.02456696145236492,0.3083110451698303,9.0,1.0,0.0,0.0,0.01768968254327774,-1.862645149230957e-08,nan,0.003290768014267087,-0.17387746274471283,0.11541109532117844,0.1408461034297943,0.12750019133090973,0.08856681734323502,-0.022415556013584137,-0.04479334503412247,-0.014104175381362438,0.009361641481518745,0.011424817144870758,0.010342255234718323,0.007184151094406843,-0.0018182514468207955,-0.00363343907520175,-0.19643209874629974,0.24109309911727905,0.18181338906288147,0.15554873645305634,0.11836355924606323,0.0867912545800209,0.00519171915948391,0.054582614451646805,0.08735693246126175,-0.09858577698469162,0.01010978128761053,0.10607966035604477,-0.051644496619701385,-0.05683204531669617,0.020853444933891296,0.07512104511260986,-0.07728064060211182,0.027894511818885803,0.12494292855262756,-0.09459064155817032,-0.08739427477121353,-0.17557865381240845,0.3162141442298889,0.10453274846076965,0.18344324827194214,0.2433064877986908,-0.007799386978149414,-0.08220255374908447,-0.17557865381240845,0.3162141442298889,0.10453274846076965,0.18344324827194214,0.2433064877986908,-0.007799386978149414,-0.08220255374908447,-0.17557865381240845,0.3162141442298889,0.10453274846076965,0.18344324827194214,0.2433064877986908,-0.007799386978149414,-0.08220255374908447
33.971,0.01854151487350464,0.01854151487350464,nan,nan,nan,nan,0.09950874000787735,0.0,0.12741896510124207,0.2970612347126007,0.0,0.0,0.0,0.0,0.004999999888241291,0.019999999552965164,64.0,0.2394018918275833,1.3195825815200806,0.009608455002307892,10.036321640014648,0.02158306911587715,0.0075878966599702835,0.11342379450798035,0.0028951093554496765,0.9041517972946167,0.02305639162659645,0.19304035604000092,9.0,1.0,0.0,0.0,0.018541507422924042,-7.450580596923828e-09,nan,0.0026220360305160284,-0.17387746274471283,0.11541109532117844,0.1408461034297943,0.12750019133090973,0.08856681734323502,-0.022415556013584137,-0.04479334503412247,-0.05735218524932861,0.038067493587732315,0.046457041054964066,0.04205499216914177,0.029213106259703636,-0.00739360461011529,-0.014774750918149948,-0.20803643763065338,0.18347233533859253,0.17782114446163177,0.15726681053638458,0.11347196251153946,0.01914425939321518,-0.030718784779310226,0.0532376728951931,0.08526846021413803,-0.09591766446828842,0.009848794899880886,0.10356849431991577,-0.050492916256189346,-0.05549308657646179,0.046803370118141174,0.11487257480621338,-0.0863756537437439,0.016172513365745544,0.1162952408194542,-0.030079152435064316,-0.048506107181310654,-0.1612330675125122,0.2983449101448059,0.09144549071788788,0.17343932390213013,0.22976720333099365,-0.010934893041849136,-0.07922489196062088,-0.1612330675125122,0.2983449101448059,0.09144549071788788,0.17343932390213013,0.22976720333099365,-0.010934893041849136,-0.07922489196062088,-0.1612330675125122,0.2983449101448059,0.09144549071788788,0.17343932390213013,0.22976720333099365,-0.010934893041849136,-0.07922489196062088
34.059,0.01885038986802101,0.01885038986802101,nan,nan,nan,nan,0.09530359506607056,0.0,0.1252261996269226,0.30126306414604187,0.0,0.0,0.0,0.0,0.004999999888241291,0.019999999552965164,64.0,0.24101440608501434,2.4662539958953857,0.00993628054857254,12.355929374694824,0.017266497015953064,0.006854373961687088,0.11481407284736633,0.0,0.9005513787269592,0.022516559809446335,0.235121950507164,9.0,1.0,0.0,0.0,0.018850374966859818,-1.4901161193847656e-08,nan,0.002323663095012307,-0.17387746274471283,0.11541109532117844,0.1408461034297943,0.12750019133090973,0.08856681734323502,-0.022415556013584137,-0.04479334503412247,-0.07099694758653641,0.04712419584393501,0.05750971660017967,0.05206036940217018,0.036163248121738434,-0.009152630344033241,-0.01828983798623085,-0.22700589895248413,0.16926608979701996,0.18769320845603943,0.16839076578617096,0.11870288848876953,-0.010438023135066032,-0.049110643565654755,0.05247578024864197,0.08413657546043396,-0.09501726925373077,0.009787620045244694,0.10236690938472748,-0.05038967356085777,-0.05436290428042412,0.06141096353530884,0.10811947286128998,-0.09702403843402863,0.006189599633216858,0.10627603530883789,-0.022493304684758186,-0.0405278205871582,-0.1655949354171753,0.27738556265830994,0.0906691700220108,0.17458036541938782,0.22497892379760742,-0.03293132781982422,-0.08963846415281296,-0.1655949354171753,0.27738556265830994,0.0906691700220108,0.17458036541938782,0.22497892379760742,-0.03293132781982422,-0.08963846415281296,-0.1655949354171753,0.27738556265830994,0.0906691700220108,0.17458036541938782,0.22497892379760742,-0.03293132781982422,-0.08963846415281296
34.137,0.019933290779590607,0.019933290779590607,nan,nan,nan,nan,0.11787736415863037,0.0,0.1329905241727829,0.3065934479236603,0.0,0.0,0.0,0.0,0.008999999612569809,0.024000000208616257,64.0,0.2420794665813446,1.1281156539916992,0.011341646313667297,16.27434730529785,0.018077652901411057,0.011227957904338837,0.12614083290100098,0.028638480231165886,0.8921377062797546,0.02181929349899292,0.20777353644371033,9.0,1.0,0.0,0.0,0.01993328332901001,-7.450580596923828e-09,nan,0.0020053633488714695,-0.08084483444690704,0.201629638671875,0.1007780060172081,0.07380508631467819,0.06875159591436386,0.13900229334831238,0.056194182485342026,-0.019141647964715958,0.04773988947272301,0.023861229419708252,0.017474845051765442,0.016278328374028206,0.032911598682403564,0.013305108062922955,-0.17969226837158203,0.1968376338481903,0.16381072998046875,0.1394200474023819,0.10582854598760605,0.05518561601638794,-0.006037425249814987,0.05133238062262535,0.08283258229494095,-0.09400126338005066,0.009727532975375652,0.1013500913977623,-0.05048252269625664,-0.05292635038495064,0.02090837061405182,0.07318028807640076,-0.077954962849617,0.0295439213514328,0.11320400983095169,-0.08738569915294647,-0.07985840737819672,-0.1587838977575302,0.27001792192459106,0.08585576713085175,0.1689639687538147,0.21903255581855774,-0.032200079411268234,-0.085895836353302,-0.1587838977575302,0.27001792192459106,0.08585576713085175,0.1689639687538147,0.21903255581855774,-0.032200079411268234,-0.085895836353302,-0.1587838977575302,0.27001792192459106,0.08585576713085175,0.1689639687538147,0.21903255581855774,-0.032200079411268234,-0.085895836353302
34.221,0.02074887976050377,0.02074887976050377,nan,nan,nan,nan,0.1315295696258545,0.0,0.1466619074344635,0.31000688672065735,0.0,0.0,0.0,0.0,0.004999999888241291,0.019999999552965164,64.0,0.2421015053987503,0.8629374504089355,0.013103708624839783,9.8917818069458,0.027537591755390167,0.010235831141471863,0.1293601542711258,0.015308335423469543,0.885909378528595,0.02097305655479431,0.23142538964748383,9.0,1.0,0.0,0.0,0.020748864859342575,-1.4901161193847656e-08,nan,0.0028060057666152716,-0.16300596296787262,0.1105424016714096,0.148361474275589,0.09880468249320984,0.11974822729825974,0.04220510274171829,-0.05757632479071617,-0.01098628155887127,0.007450340315699577,0.009999271482229233,0.006659241393208504,0.008070794865489006,0.0028445408679544926,-0.0038805310614407063,-0.1543641984462738,0.2146138995885849,0.15504923462867737,0.11974474787712097,0.10720592737197876,0.10635685175657272,0.014973104931414127,0.04936749488115311,0.07965026795864105,-0.090140201151371,0.009359334595501423,0.09745825827121735,-0.04864422231912613,-0.05090933293104172,0.021989643573760986,0.07173703610897064,-0.07972435653209686,0.03160262107849121,0.10332724452018738,-0.09451696276664734,-0.07313581556081772,-0.13237455487251282,0.28635093569755554,0.0753248780965805,0.15134736895561218,0.21053317189216614,0.011839885264635086,-0.05816270783543587,-0.13237455487251282,0.28635093569755554,0.0753248780965805,0.15134736895561218,0.21053317189216614,0.011839885264635086,-0.05816270783543587,-0.13237455487251282,0.28635093569755554,0.0753248780965805,0.15134736895561218,0.21053317189216614,0.011839885264635086,-0.05816270783543587
34.3,0.022054847329854965,0.022054847329854965,nan,nan,nan,nan,0.12582704424858093,0.0,0.15377821028232574,0.31378352642059326,0.0,0.0,0.0,0.0,0.010999999940395355,0.026000000536441803,64.0,0.24387630820274353,0.5768463015556335,0.008388422429561615,19.564546585083008,0.026004120707511902,0.012549493461847305,0.14032357931137085,0.027995267882943153,0.8928387761116028,0.020197169855237007,0.22678174078464508,9.0,1.0,0.0,0.0,0.022054828703403473,-1.862645149230957e-08,nan,0.002224110532552004,-0.16300596296787262,0.1105424016714096,0.148361474275589,0.09880468249320984,0.11974822729825974,0.04220510274171829,-0.05757632479071617,-0.028838898986577988,0.019557083025574684,0.026248006150126457,0.017480455338954926,0.021185772493481636,0.007466896437108517,-0.010186363011598587,-0.17598819732666016,0.16195645928382874,0.1658182442188263,0.1168205589056015,0.12688452005386353,0.0712992399930954,-0.03522446006536484,0.04750129207968712,0.07699721306562424,-0.08773183077573776,0.009115469641983509,0.09474319219589233,-0.047963257879018784,-0.04852847009897232,0.04913148283958435,0.10603740811347961,-0.09096717089414597,0.021090105175971985,0.08717377483844757,-0.04868922010064125,-0.030368611216545105,-0.1268567144870758,0.26799386739730835,0.07485107332468033,0.1379106640815735,0.2140582948923111,0.022610019892454147,-0.06559307128190994,-0.1268567144870758,0.26799386739730835,0.07485107332468033,0.1379106640815735,0.2140582948923111,0.022610019892454147,-0.06559307128190994,-0.1268567144870758,0.26799386739730835,0.07485107332468033,0.1379106640815735,0.2140582948923111,0.022610019892454147,-0.06559307128190994
34.382,0.022789135575294495,0.022789135575294495,nan,nan,nan,nan,0.13305237889289856,0.0,0.1549314558506012,0.31494763493537903,0.0,0.0,0.0,0.0,0.006000000052154064,0.01600000075995922,64.0,0.24425655603408813,1.0580997467041016,0.014377757906913757,9.991098403930664,0.02167876623570919,0.010445740073919296,0.14369843900203705,0.0,0.9045009613037109,0.02023184299468994,0.13869209587574005,9.0,1.0,0.0,0.0,0.022789116948843002,-1.862645149230957e-08,nan,0.0013057092437520623,-0.0813831314444542,0.20050567388534546,0.10914499312639236,0.07499928772449493,0.07301320880651474,0.1319883018732071,0.05371125414967537,-0.029257209971547127,0.07208172976970673,0.03923759236931801,0.026962220668792725,0.026248225942254066,0.0474497526884079,0.019309179857373238,-0.18454033136367798,0.17687217891216278,0.1783970296382904,0.12215074896812439,0.13750572502613068,0.08426626026630402,-0.03461409732699394,0.04502648115158081,0.07307374477386475,-0.083103246986866,0.008675701916217804,0.08999914675951004,-0.04580884426832199,-0.045915570110082626,0.04883427917957306,0.0759483128786087,-0.09373952448368073,0.012720093131065369,0.08442607522010803,-0.06038161739706993,-0.04422358050942421,-0.13570605218410492,0.2528204917907715,0.08465750515460968,0.13487084209918976,0.2219318002462387,0.023884642869234085,-0.07883767783641815,-0.13570605218410492,0.2528204917907715,0.08465750515460968,0.13487084209918976,0.2219318002462387,0.023884642869234085,-0.07883767783641815,-0.13570605218410492,0.2528204917907715,0.08465750515460968,0.13487084209918976,0.2219318002462387,0.023884642869234085,-0.07883767783641815
34.477,0.023849379271268845,0.023849379271268845,nan,nan,nan,nan,0.16150420904159546,0.0,0.1697898656129837,0.31826916337013245,0.0,0.0,0.0,0.0,0.017000000923871994,0.019999999552965164,64.0,0.24564915895462036,1.2159281969070435,0.011506490409374237,10.509445190429688,0.030873343348503113,0.013734277337789536,0.15265080332756042,0.02079848200082779,0.8965433835983276,0.020304793491959572,0.2681833505630493,9.0,1.0,0.0,0.0,0.02384936809539795,-1.1175870895385742e-08,nan,0.0021853726357221603,-0.0813831314444542,0.20050567388534546,0.10914499312639236,0.07499928772449493,0.07301320880651474,0.1319883018732071,0.05371125414967537,-0.03152931481599808,0.0776795744895935,0.0422847680747509,0.029056096449494362,0.028286654502153397,0.051134683191776276,0.02080872282385826,-0.13894721865653992,0.2377169132232666,0.160325288772583,0.11000405251979828,0.11409169435501099,0.14437071979045868,0.032801076769828796,0.043715860694646835,0.0711333155632019,-0.08129961788654327,0.008501178584992886,0.08803927153348923,-0.04521443322300911,-0.044267840683460236,0.019977211952209473,0.037644535303115845,-0.07699428498744965,0.017282947897911072,0.10019432008266449,-0.08748146146535873,-0.08413398265838623,-0.11897000670433044,0.27536144852638245,0.08333100378513336,0.12728700041770935,0.21428601443767548,0.056889258325099945,-0.051332905888557434,-0.11897000670433044,0.27536144852638245,0.08333100378513336,0.12728700041770935,0.21428601443767548,0.056889258325099945,-0.051332905888557434,-0.11897000670433044,0.27536144852638245,0.08333100378513336,0.12728700041770935,0.21428601443767548,0.056889258325099945,-0.051332905888557434
34.605,0.025068897753953934,0.025068897753953934,nan,nan,nan,nan,0.16623476147651672,0.0,0.18415501713752747,0.3197529911994934,0.0,0.0,0.0,0.0,0.017000000923871994,0.09000000357627869,64.0,0.2464015781879425,0.6147613525390625,0.00878889113664627,10.154006958007812,0.037086308002471924,0.009829613380134106,0.15689831972122192,0.009069549851119518,0.9189285635948181,0.020907187834382057,0.17137545347213745,9.0,1.0,0.0,0.0,0.025068890303373337,-7.450580596923828e-09,nan,0.0016180876409634948,-0.15980681777000427,0.10399710386991501,0.1518561691045761,0.09567929059267044,0.12636317312717438,0.04280528053641319,-0.06026287376880646,-0.01425667479634285,0.009277782402932644,0.013547382317483425,0.008535734377801418,0.011273102834820747,0.0038187417667359114,-0.005376167595386505,-0.13663224875926971,0.20933938026428223,0.18256686627864838,0.10393202304840088,0.14521989226341248,0.16950266063213348,-0.017841488122940063,0.0423087552189827,0.06889748573303223,-0.07868487387895584,0.008238879963755608,0.08543916046619415,-0.04400831460952759,-0.04280569404363632,0.03166390210390091,0.07489287853240967,-0.09041822701692581,0.016486026346683502,0.07527698576450348,-0.0748327225446701,-0.03180977329611778,-0.1049683466553688,0.2842322587966919,0.09214863926172256,0.12041804939508438,0.22049687802791595,0.09466993808746338,-0.049651261419057846,-0.1049683466553688,0.2842322587966919,0.09214863926172256,0.12041804939508438,0.22049687802791595,0.09466993808746338,-0.049651261419057846,-0.1049683466553688,0.2842322587966919,0.09214863926172256,0.12041804939508438,0.22049687802791595,0.09466993808746338,-0.049651261419057846
34.707,0.027808330953121185,0.027808330953121185,nan,nan,nan,nan,0.16503381729125977,0.0,0.19389908015727997,0.3193676173686981,0.0,0.0,0.0,0.0,0.0010000000474974513,0.02199999988079071,64.0,0.24906226992607117,1.1128941774368286,0.01629907637834549,26.133790969848633,0.030624035745859146,0.024602603167295456,0.18787765502929688,0.04437633231282234,0.916130781173706,0.019854554906487465,0.24855366349220276,9.0,1.0,0.0,0.0,0.027808312326669693,-1.862645149230957e-08,nan,0.002542829839512706,-0.15980681777000427,0.10399710386991501,0.1518561691045761,0.09567929059267044,0.12636317312717438,0.04280528053641319,-0.06026287376880646,-0.03198349475860596,0.020813824608922005,0.03039226494729519,0.019149109721183777,0.02529013529419899,0.008566983975470066,-0.012060921639204025,-0.1598549485206604,0.15054915845394135,0.17227287590503693,0.104256272315979,0.1407647579908371,0.09416055679321289,-0.04726922884583473,0.03762785717844963,0.06165042147040367,-0.07079371064901352,0.007462847046554089,0.07735452055931091,-0.0404912494122982,-0.037623144686222076,0.05060173571109772,0.10261698067188263,-0.07594239711761475,0.010691709816455841,0.07890486717224121,-0.012301959097385406,-0.01756693795323372,-0.10925321280956268,0.253166139125824,0.09633047878742218,0.11494798213243484,0.2196696251630783,0.08185859769582748,-0.06483616679906845,-0.10925321280956268,0.253166139125824,0.09633047878742218,0.11494798213243484,0.2196696251630783,0.08185859769582748,-0.06483616679906845,-0.10925321280956268,0.253166139125824,0.09633047878742218,0.11494798213243484,0.2196696251630783,0.08185859769582748,-0.06483616679906845
34.77,0.028885211795568466,0.028885211795568466,nan,nan,nan,nan,0.1866326481103897,0.0,0.19789154827594757,0.3179391324520111,0.0,0.0,0.0,0.0,0.004000000189989805,0.017000000923871994,64.0,0.24782273173332214,0.537135660648346,0.00868178904056549,10.077695846557617,0.026816412806510925,0.01699979603290558,0.18807493150234222,0.0,0.9248901605606079,0.019053511321544647,0.160349041223526,9.0,1.0,0.0,0.0,0.028885211795568466,0.0,nan,0.0015089591033756733,-0.05784296616911888,0.20935937762260437,0.10460568219423294,0.0736614316701889,0.05907450616359711,0.13832765817642212,0.0618881992995739,-0.010946301743388176,0.039619527757167816,0.01979575864970684,0.013939815573394299,0.011179360561072826,0.026177361607551575,0.011711828410625458,-0.12906160950660706,0.1860266625881195,0.15491387248039246,0.09965155273675919,0.11428795754909515,0.1148042231798172,-0.002807588316500187,0.034419506788253784,0.056149743497371674,-0.06440574675798416,0.006835702806711197,0.07049491256475449,-0.037121836096048355,-0.03420374542474747,0.016404233872890472,0.05144140124320984,-0.05626700818538666,0.013553149998188019,0.09646336734294891,-0.04414986073970795,-0.061823971569538116,-0.11265737563371658,0.23746806383132935,0.0986468642950058,0.1132047027349472,0.21075132489204407,0.07065436244010925,-0.06463155895471573,-0.11265737563371658,0.23746806383132935,0.0986468642950058,0.1132047027349472,0.21075132489204407,0.07065436244010925,-0.06463155895471573,-0.11265737563371658,0.23746806383132935,0.0986468642950058,0.1132047027349472,0.21075132489204407,0.07065436244010925,-0.06463155895471573
34.863,0.02998960390686989,0.02998960390686989,nan,nan,nan,nan,0.20803149044513702,0.0,0.211762472987175,0.3164989948272705,0.0,0.0,0.0,0.0,0.017000000923871994,0.009999999776482582,64.0,0.24872353672981262,1.2493478059768677,0.011840835213661194,18.553403854370117,0.034418389201164246,0.016574323177337646,0.1939184069633484,0.0,0.9147074222564697,0.018600665032863617,0.25415948033332825,9.0,1.0,0.0,0.0,0.029989592730998993,-1.1175870895385742e-08,nan,0.002178473398089409,-0.05784296616911888,0.20935937762260437,0.10460568219423294,0.0736614316701889,0.05907450616359711,0.13832765817642212,0.0618881992995739,-0.01296362653374672,0.04692111909389496,0.023443974554538727,0.01650882326066494,0.013239635154604912,0.031001660972833633,0.013870233669877052,-0.09831146895885468,0.22713714838027954,0.1418577879667282,0.09557368606328964,0.09238290786743164,0.14636218547821045,0.04068206995725632,0.03258534520864487,0.05309657007455826,-0.06110813468694687,0.006473722867667675,0.06687237322330475,-0.035339806228876114,-0.03219887241721153,0.00450500100851059,0.027027428150177002,-0.05088024586439133,0.013167627155780792,0.09807093441486359,-0.060738950967788696,-0.07658565044403076,-0.09380646795034409,0.25416457653045654,0.09097754210233688,0.10874131321907043,0.19045384228229523,0.08562323451042175,-0.035903580486774445,-0.09380646795034409,0.25416457653045654,0.09097754210233688,0.10874131321907043,0.19045384228229523,0.08562323451042175,-0.035903580486774445,-0.09380646795034409,0.25416457653045654,0.09097754210233688,0.10874131321907043,0.19045384228229523,0.08562323451042175,-0.035903580486774445
34.922,0.0312957838177681,0.0312957838177681,nan,nan,nan,nan,0.20050419867038727,0.0,0.22238753736019135,0.3135451376438141,0.0,0.0,0.0,0.0,0.0,0.01600000075995922,64.0,0.2489863783121109,0.3937622606754303,0.0069355592131614685,15.734580039978027,0.03607448935508728,0.014535345137119293,0.20084840059280396,0.0,0.933612585067749,0.01822040230035782,0.15390890836715698,9.0,1.0,0.0,0.0,0.031295765191316605,-1.862645149230957e-08,nan,0.0014469833113253117,-0.16199952363967896,0.10387474298477173,0.15619240701198578,0.11162501573562622,0.11214670538902283,0.008042024448513985,-0.05889330804347992,-0.05363157391548157,0.03438878059387207,0.051709070801734924,0.03695458546280861,0.0371272936463356,0.0026623932644724846,-0.0194972213357687,-0.12970328330993652,0.1754257082939148,0.16642309725284576,0.10261914134025574,0.12353981286287308,0.11148333549499512,-0.02014814503490925,0.030406523495912552,0.049476999789476395,-0.05708314850926399,0.0060812681913375854,0.06266613304615021,-0.03332686424255371,-0.029809311032295227,0.04821024090051651,0.07246474921703339,-0.07294605672359467,-0.0013581886887550354,0.06213962286710739,-0.010891348123550415,-0.013237981125712395,-0.08149304240942001,0.24789045751094818,0.0934770405292511,0.1012609526515007,0.18567943572998047,0.1005919873714447,-0.03338612616062164,-0.08149304240942001,0.24789045751094818,0.0934770405292511,0.1012609526515007,0.18567943572998047,0.1005919873714447,-0.03338612616062164,-0.08149304240942001,0.24789045751094818,0.0934770405292511,0.1012609526515007,0.18567943572998047,0.1005919873714447,-0.03338612616062164
34.999,0.032270677387714386,0.032270677387714386,nan,nan,nan,nan,0.1912190020084381,0.0,0.21811416745185852,0.3105540871620178,0.0,0.0,0.0,0.0,0.014999999664723873,0.019999999552965164,64.0,0.2492218315601349,0.993831992149353,0.015458092093467712,8.96009349822998,0.026608046144247055,0.013224460184574127,0.2047305703163147,0.01922212541103363,0.9260032176971436,0.018400764092803,0.2018793523311615,9.0,1.0,0.0,0.0,0.03227066621184349,-1.1175870895385742e-08,nan,0.002421765122562647,-0.16199952363967896,0.10387474298477173,0.15619240701198578,0.11162501573562622,0.11214670538902283,0.008042024448513985,-0.05889330804347992,-0.06544870138168335,0.041965968906879425,0.0631025955080986,0.045097120106220245,0.045307885855436325,0.003249022178351879,-0.02379322052001953,-0.18475928902626038,0.15824678540229797,0.1959729939699173,0.1330193728208542,0.14245440065860748,0.054462675005197525,-0.055524326860904694,0.02946438081562519,0.0479162372648716,-0.055273979902267456,0.0058909012004733086,0.06067022681236267,-0.03231950104236603,-0.028848888352513313,0.07435590028762817,0.07124815881252289,-0.08364035934209824,-0.017231568694114685,0.049598634243011475,0.014337223023176193,0.0013460516929626465,-0.1104033887386322,0.22949494421482086,0.11233263462781906,0.1157878041267395,0.19205303490161896,0.06879989802837372,-0.05417827516794205,-0.1104033887386322,0.22949494421482086,0.11233263462781906,0.1157878041267395,0.19205303490161896,0.06879989802837372,-0.05417827516794205,-0.1104033887386322,0.22949494421482086,0.11233263462781906,0.1157878041267395,0.19205303490161896,0.06879989802837372,-0.05417827516794205
35.114,0.033506326377391815,0.033506326377391815,nan,nan,nan,nan,0.2130933701992035,0.0,0.2212364822626114,0.30506762862205505,0.0,0.0,0.0,0.0,0.014999999664723873,0.019999999552965164,64.0,0.25050055980682373,2.6529366970062256,0.10837055742740631,52.46933364868164,0.021695857867598534,0.014800393022596836,0.21434102952480316,0.03428161144256592,0.9526757001876831,0.01877952553331852,0.24387477338314056,9.0,1.0,0.0,0.0,0.03350630775094032,-1.862645149230957e-08,nan,0.002247207798063755,-0.026616094633936882,0.2071627378463745,0.09973901510238647,0.06043657287955284,0.058852668851614,0.15217748284339905,0.07844176888465881,-0.0022588756401091814,0.017581650987267494,0.00846472941339016,0.005129178520292044,0.004994754679501057,0.012915119528770447,0.006657257676124573,-0.1414385885000229,0.18283456563949585,0.17323188483715057,0.11659424006938934,0.12000441551208496,0.08576558530330658,-0.011489709839224815,0.02780391275882721,0.045200251042842865,-0.05249413475394249,0.0055802627466619015,0.057768046855926514,-0.03098379820585251,-0.02691500447690487,0.013050392270088196,0.039322227239608765,-0.04761515557765961,0.009796440601348877,0.07321412861347198,-0.03639589622616768,-0.0493888333439827,-0.1283881962299347,0.22215679287910461,0.12561672925949097,0.12639068067073822,0.19321854412555695,0.0493696890771389,-0.06087854504585266,-0.1283881962299347,0.22215679287910461,0.12561672925949097,0.12639068067073822,0.19321854412555695,0.0493696890771389,-0.06087854504585266,-0.1283881962299347,0.22215679287910461,0.12561672925949097,0.12639068067073822,0.19321854412555695,0.0493696890771389,-0.06087854504585266
35.222,0.034193430095911026,0.034193430095911026,nan,nan,nan,nan,0.07453876733779907,0.0,0.09007923305034637,0.6948560476303101,0.0,0.0,0.0,0.0,0.008999999612569809,0.02500000037252903,64.0,0.25003334879875183,0.6198883056640625,0.013336539268493652,29.73318862915039,-0.10206502676010132,-0.04821508005261421,0.14392918348312378,0.0,0.9299520254135132,0.017616145312786102,0.14482009410858154,9.0,1.0,0.0,0.0,0.034193385392427444,-4.470348358154297e-08,nan,0.004193283151835203,0.008512837812304497,0.1251075118780136,0.10745329409837723,0.0012215877650305629,0.11513156443834305,0.222249373793602,-0.008824942633509636,0.003851353656500578,0.05660077929496765,0.048613712191581726,0.0005526672466658056,0.05208749324083328,0.10054942220449448,-0.003992555197328329,-0.043056830763816833,0.19340452551841736,0.15241247415542603,0.05050094053149223,0.13204367458820343,0.21995320916175842,0.008917037397623062,-0.004381652921438217,-0.007060437463223934,0.008153765462338924,-0.0008368255803361535,-0.009059341624379158,0.004816707689315081,0.004154183901846409,-0.038622282445430756,0.032336682081222534,-0.028203383088111877,0.04517633095383644,0.03454616665840149,-0.10265324264764786,-0.02909213677048683,-0.08167911320924759,0.2257412075996399,0.12420909106731415,0.09567727148532867,0.16658984124660492,0.11729996651411057,-0.02017509937286377,-0.08167911320924759,0.2257412075996399,0.12420909106731415,0.09567727148532867,0.16658984124660492,0.11729996651411057,-0.02017509937286377,-0.08167911320924759,0.2257412075996399,0.12420909106731415,0.09567727148532867,0.16658984124660492,0.11729996651411057,-0.02017509937286377
35.303,0.027400165796279907,0.027400165796279907,nan,nan,nan,nan,0.08695530891418457,0.0,0.06668023765087128,0.6684439182281494,0.0,0.0,0.0,0.0,0.013000000268220901,0.017999999225139618,64.0,0.25111183524131775,0.9520174860954285,0.009870156645774841,18.677988052368164,-0.08417806029319763,-0.06095222383737564,0.08990607410669327,-0.12054211646318436,0.979745090007782,0.016745133325457573,0.19671455025672913,9.0,1.0,0.0,0.0,0.02740013599395752,-2.9802322387695312e-08,nan,0.0036816305946558714,-0.1582230180501938,0.09162630885839462,0.1581890881061554,0.09049520641565323,0.12885169684886932,0.032148394733667374,-0.07563498616218567,-0.04530438035726547,0.026235584169626236,0.04529466852545738,0.025911713019013405,0.03689441829919815,0.009205128066241741,-0.02165674977004528,-0.14235743880271912,0.1385630965232849,0.17876088619232178,0.09004087746143341,0.14823919534683228,0.0992858037352562,-0.05822332948446274,-0.0060193813405931,-0.009680109098553658,0.011259440332651138,-0.001167675363831222,-0.012506696395576,0.006691980175673962,0.005652756430208683,0.03613466024398804,0.03677038848400116,-0.021331071853637695,-0.004393920302391052,-0.002278923988342285,0.02637297660112381,0.027887752279639244,-0.10622277855873108,0.17533348500728607,0.15742981433868408,0.08564695715904236,0.14596027135849,0.12565878033638,-0.030335577204823494,-0.10622277855873108,0.17533348500728607,0.15742981433868408,0.08564695715904236,0.14596027135849,0.12565878033638,-0.030335577204823494,-0.10622277855873108,0.17533348500728607,0.15742981433868408,0.08564695715904236,0.14596027135849,0.12565878033638,-0.030335577204823494
35.384,0.025433409959077835,0.025433409959077835,nan,nan,nan,nan,0.046472951769828796,0.0,0.05941587686538696,0.6598324775695801,0.0,0.0,0.0,0.0,0.013000000268220901,0.020999999716877937,64.0,0.2501085102558136,0.4756562411785126,0.009180046617984772,9.52922534942627,-0.08046488463878632,-0.03693867474794388,0.1029420867562294,-0.03526714816689491,0.9791224002838135,0.016110094264149666,0.13406826555728912,9.0,1.0,0.0,0.0,0.025433380156755447,-2.9802322387695312e-08,nan,0.0025822336319833994,0.02546168863773346,0.18477213382720947,0.08858151733875275,-0.004804135765880346,0.06874202191829681,0.19055373966693878,0.07940404862165451,0.003872485365718603,0.028102116659283638,0.013472422026097775,-0.000730664178263396,0.010455019772052765,0.028981445357203484,0.012076614424586296,-0.06774011254310608,0.16861175000667572,0.14344903826713562,0.047462061047554016,0.11609376966953278,0.1469152271747589,0.007521703839302063,-0.007042183540761471,-0.011278754100203514,0.013132190331816673,-0.0013600055826827884,-0.014631729573011398,0.007836172357201576,0.006581469438970089,-0.04050655663013458,-0.009875506162643433,0.021853819489479065,0.027761459350585938,0.014396876096725464,-0.018998578190803528,-0.030447103083133698,-0.10824666917324066,0.1587362438440323,0.16530285775661469,0.07522352039813995,0.13049064576625824,0.12791664898395538,-0.022925399243831635,-0.10824666917324066,0.1587362438440323,0.16530285775661469,0.07522352039813995,0.13049064576625824,0.12791664898395538,-0.022925399243831635,-0.10824666917324066,0.1587362438440323,0.16530285775661469,0.07522352039813995,0.13049064576625824,0.12791664898395538,-0.022925399243831635
35.464,0.02310311421751976,0.02310311421751976,nan,nan,nan,nan,0.011379189789295197,0.0,0.030363939702510834,0.6487535238265991,0.0,0.0,0.0,0.0,0.012000000104308128,0.019999999552965164,64.0,0.2503588795661926,0.5181981325149536,0.009485520422458649,9.230242729187012,-0.09415573626756668,-0.03699587285518646,0.08752380311489105,-0.0716252252459526,0.9522932171821594,0.015684042125940323,0.20646652579307556,9.0,1.0,0.0,0.0,0.023103073239326477,-4.0978193283081055e-08,nan,0.0036559426225721836,0.03866395726799965,0.11319749057292938,0.09395366162061691,-0.03618963807821274,0.11061961948871613,0.2308979332447052,-0.001972905360162258,0.013430992141366005,0.039322271943092346,0.03263739496469498,-0.012571469880640507,0.038426779210567474,0.08020876348018646,-0.0006853431113995612,-0.002206140197813511,0.1756037473678589,0.12944181263446808,0.0006836242973804474,0.12080662697553635,0.22558186948299408,0.023918140679597855,-0.0076574599370360374,-0.012084235437214375,0.014212941750884056,-0.0014710018876940012,-0.015797168016433716,0.008490738458931446,0.0070334733463823795,-0.06525004655122757,-0.012000992894172668,0.02550254762172699,0.043830737471580505,-0.007325433194637299,-0.05778008699417114,-0.016552191227674484,-0.0674561858177185,0.16360275447368622,0.15494436025619507,0.04451436176896095,0.11348119378089905,0.16780178248882294,0.00736594945192337,-0.0674561858177185,0.16360275447368622,0.15494436025619507,0.04451436176896095,0.11348119378089905,0.16780178248882294,0.00736594945192337,-0.0674561858177185,0.16360275447368622,0.15494436025619507,0.04451436176896095,0.11348119378089905,0.16780178248882294,0.00736594945192337
35.541,0.01973574236035347,0.01973574236035347,nan,nan,nan,nan,-0.018614567816257477,0.0,0.0003449544310569763,0.6311822533607483,0.0,0.0,0.0,0.0,0.012000000104308128,0.019999999552965164,64.0,0.2501780390739441,0.5545755624771118,0.008684583008289337,14.190906524658203,-0.1050335019826889,-0.037744827568531036,0.06763362884521484,0.0,0.978937029838562,0.017175955697894096,0.11162827163934708,9.0,1.0,0.0,0.0,0.019735705107450485,-3.725290298461914e-08,nan,0.0021903791930526495,-0.022229257971048355,0.10785713791847229,0.13424845039844513,-0.05449075624346733,0.14086928963661194,0.18651029467582703,-0.0474400632083416,-0.01559651829302311,0.07567484676837921,0.09419155865907669,-0.03823186829686165,0.09883686900138855,0.13085956871509552,-0.033284951001405716,0.014343788847327232,0.1755668967962265,0.15424886345863342,-0.03961828351020813,0.16279231011867523,0.29229626059532166,-0.007493334822356701,-0.00941737275570631,-0.014722757041454315,0.017409231513738632,-0.0018083746545016766,-0.019366689026355743,0.010421895422041416,0.008565363474190235,-0.042293429374694824,-0.01411476731300354,0.001362442970275879,0.046901438385248184,-0.042582690715789795,-0.06358566880226135,0.018932275474071503,-0.02794964239001274,0.16145212948322296,0.1556113064289093,0.007283154875040054,0.12020961940288544,0.2287105917930603,0.011438941583037376,-0.02794964239001274,0.16145212948322296,0.1556113064289093,0.007283154875040054,0.12020961940288544,0.2287105917930603,0.011438941583037376,-0.02794964239001274,0.16145212948322296,0.1556113064289093,0.007283154875040054,0.12020961940288544,0.2287105917930603,0.011438941583037376
35.623,0.01598823070526123,0.01598823070526123,nan,nan,nan,nan,0.0011313557624816895,0.0,0.0,0.6092475652694702,0.0,0.0,0.0,0.0,0.013000000268220901,0.019999999552965164,64.0,0.2502114176750183,0.6177313327789307,0.009476207196712494,9.623017311096191,-0.0806550681591034,-0.0446518138051033,0.03600325435400009,-0.08731391280889511,0.951525092124939,0.016920635476708412,0.21827101707458496,9.0,1.0,0.0,0.0,0.01598820462822914,-2.60770320892334e-08,nan,0.00404018210247159,-0.15199680626392365,0.09880386292934418,0.17163285613059998,0.09687180072069168,0.12165042012929916,-0.007601752877235413,-0.05861886963248253,-0.062456611543893814,0.040599238127470016,0.07052520662546158,0.0398053377866745,0.0499870590865612,-0.0031236165668815374,-0.024086926132440567,-0.1179557591676712,0.1524071842432022,0.2030087113380432,0.0626932829618454,0.16578766703605652,0.1135314479470253,-0.05082574486732483,-0.010219044052064419,-0.015807626768946648,0.01876234821975231,-0.0019485257798805833,-0.02092456817626953,0.011279207654297352,0.00920693390071392,0.029232144355773926,-0.03350211679935455,0.0006511956453323364,-0.03670637309551239,-0.04330845922231674,0.07381483167409897,0.03466734290122986,-0.08872361481189728,0.11890506744384766,0.20365990698337555,0.02598690800368786,0.12247920781373978,0.18734627962112427,-0.01615840382874012,-0.08872361481189728,0.11890506744384766,0.20365990698337555,0.02598690800368786,0.12247920781373978,0.18734627962112427,-0.01615840382874012,-0.08872361481189728,0.11890506744384766,0.20365990698337555,0.02598690800368786,0.12247920781373978,0.18734627962112427,-0.01615840382874012
35.725,0.012283616699278355,0.012283616699278355,nan,nan,nan,nan,-0.03495001047849655,1.0,-7.450580596923828e-09,0.5845084190368652,0.0,0.0,0.0,0.0,0.012000000104308128,0.019999999552965164,64.0,0.24842824041843414,13.16179084777832,0.016704201698303223,16.099258422851562,-0.059875234961509705,-0.04201095923781395,0.017864268273115158,0.0,0.8924064636230469,0.016974980011582375,0.11719990521669388,9.0,1.0,0.0,0.0,0.012283594347536564,-2.2351741790771484e-08,nan,0.002284665359184146,0.019022751599550247,0.20542381703853607,0.09392771124839783,0.04084879159927368,0.049932535737752914,0.15709592401981354,0.09887246787548065,0.003026483813300729,0.03268254175782204,0.014943721704185009,0.00649896590039134,0.007944172248244286,0.024993665516376495,0.015730423852801323,-0.06298353523015976,0.18680548667907715,0.16057413816452026,0.06296011805534363,0.11400745064020157,0.12810932099819183,0.021791737526655197,-0.012111141346395016,-0.01855536550283432,0.02210191823542118,-0.002318814629688859,-0.02472151257097721,0.013338657096028328,0.01082167774438858,-0.07707875221967697,-0.10034642368555069,0.07558603584766388,-0.00790705531835556,-0.012196458876132965,0.008556246757507324,-0.039723556488752365,-0.14006228744983673,0.08645906299352646,0.23616017401218414,0.05505306273698807,0.1018109917640686,0.13666556775569916,-0.017931818962097168,-0.14006228744983673,0.08645906299352646,0.23616017401218414,0.05505306273698807,0.1018109917640686,0.13666556775569916,-0.017931818962097168,-0.14006230235099792,0.08645904809236526,0.23616018891334534,0.055053066462278366,0.101810984313488,0.13666556775569916,-0.017931822687387466
35.788000000000004,0.009876294992864132,0.009876294992864132,nan,nan,nan,nan,-0.0521203875541687,0.0,3.725290298461914e-09,0.5675708651542664,0.0,0.0,0.0,0.0,0.013000000268220901,0.020999999716877937,64.0,0.24755463004112244,0.4715109169483185,0.008395873010158539,9.59734058380127,-0.04370523616671562,-0.03371775150299072,0.009987488389015198,-0.040307022631168365,0.6897766590118408,0.01730313152074814,0.2143619805574417,9.0,1.0,0.0,0.0,0.009876267053186893,-2.7939677238464355e-08,nan,0.003832330461591482,0.039785612374544144,0.09018676728010178,0.08214710652828217,-0.05043607950210571,0.11922462284564972,0.23786330223083496,-0.014072920195758343,0.004228980280458927,0.009586331434547901,0.008731761947274208,-0.005361063405871391,0.012672888115048409,0.025283493101596832,-0.0014958700630813837,-0.005396704189479351,0.17464369535446167,0.1274086833000183,0.018998965620994568,0.10918140411376953,0.19304877519607544,0.033020541071891785,-0.012803932651877403,-0.01918281614780426,0.023111000657081604,-0.002409433014690876,-0.02575726807117462,0.013913765549659729,0.011217289604246616,-0.15734949707984924,-0.13176663219928741,0.1312732994556427,0.04179424047470093,-0.048647888004779816,-0.0621250718832016,-0.028939634561538696,-0.16274620592594147,0.042877063155174255,0.258681982755661,0.060793206095695496,0.060533516108989716,0.13092370331287384,0.004080906510353088,-0.16274620592594147,0.042877063155174255,0.258681982755661,0.060793206095695496,0.060533516108989716,0.13092370331287384,0.004080906510353088,-0.16274620592594147,0.042877063155174255,0.258681982755661,0.060793206095695496,0.060533516108989716,0.13092370331287384,0.004080906510353088
35.861,0.007507464848458767,0.007507464848458767,nan,nan,nan,nan,-0.05680977553129196,0.0,0.0,0.550984799861908,0.0,0.0,0.0,0.0,0.012000000104308128,0.019999999552965164,64.0,0.24736857414245605,1.2844195365905762,0.025622546672821045,16.136178970336914,-0.029305318370461464,-0.03557717055082321,-0.006271852180361748,-0.06469683349132538,0.6077858805656433,0.017434556037187576,0.29323312640190125,9.0,1.0,0.0,0.0,0.007507440634071827,-2.421438694000244e-08,nan,0.0038417158648371696,0.039785612374544144,0.09018676728010178,0.08214710652828217,-0.05043607950210571,0.11922462284564972,0.23786330223083496,-0.014072920195758343,0.012338047847151756,0.027968117967247963,0.02547491155564785,-0.015640899538993835,0.036973144859075546,0.07376457750797272,-0.004364199936389923,0.02734116092324257,0.13948924839496613,0.11392010748386383,-0.029617637395858765,0.13392607867717743,0.256916880607605,0.0032332201953977346,-0.013780947774648666,-0.01999453827738762,0.024569697678089142,-0.0025524429511278868,-0.027211040258407593,0.014677643775939941,0.011757288128137589,-0.18189559876918793,-0.1421307921409607,0.14563347399234772,0.062393445521593094,-0.08180344104766846,-0.09408736228942871,-0.007497602142393589,-0.15455444157123566,-0.002641543745994568,0.25955358147621155,0.03277580812573433,0.052122633904218674,0.16282951831817627,-0.004264381714165211,-0.15455444157123566,-0.002641543745994568,0.25955358147621155,0.03277580812573433,0.052122633904218674,0.16282951831817627,-0.004264381714165211,-0.15455444157123566,-0.002641543745994568,0.25955358147621155,0.03277580812573433,0.052122633904218674,0.16282951831817627,-0.004264381714165211
35.948,0.00471144076436758,0.00471144076436758,nan,nan,nan,nan,-0.05450929328799248,0.0,2.7939677238464355e-09,0.5301241874694824,0.0,0.0,0.0,0.0,0.012000000104308128,0.017999999225139618,64.0,0.24709643423557281,0.5478765964508057,0.009430572390556335,10.921134948730469,-0.011714013293385506,-0.032649800181388855,-0.0209357850253582,0.0,0.7098056077957153,0.018763134256005287,0.23806145787239075,9.0,1.0,0.0,0.0,0.00471141841262579,-2.2351741790771484e-08,nan,0.0044793845154345036,-0.13957847654819489,0.1377275139093399,0.1643652766942978,0.1265823245048523,0.08085448294878006,-0.03605446591973305,-0.025934167206287384,-0.04020840302109718,0.03967519477009773,0.0473487414419651,0.03646459802985191,0.02329176850616932,-0.010386218316853046,-0.007470861077308655,-0.08730658888816833,0.15435464680194855,0.16267822682857513,0.07720169425010681,0.11193656176328659,0.07981915026903152,-0.016978571191430092,-0.016251977533102036,-0.022693416103720665,0.028477385640144348,-0.002942978637292981,-0.031352635473012924,0.0168853010982275,0.013469508849084377,-0.11149723827838898,-0.1876441240310669,0.12247268855571747,-0.024552341550588608,-0.07433043420314789,0.039517298340797424,-0.004283532500267029,-0.1988038271665573,-0.03328947350382805,0.2851509153842926,0.052649352699518204,0.037606123834848404,0.11933644860982895,-0.02126210369169712,-0.1988038271665573,-0.03328947350382805,0.2851509153842926,0.052649352699518204,0.037606123834848404,0.11933644860982895,-0.02126210369169712,-0.1988038271665573,-0.03328947350382805,0.2851509153842926,0.052649352699518204,0.037606123834848404,0.11933644860982895,-0.02126210369169712
36.029999999999994,0.0033491188660264015,0.0033491188660264015,nan,nan,nan,nan,-0.10336665064096451,1.0,-9.313225746154785e-10,0.519250750541687,0.0,0.0,0.0,0.0,0.01899999938905239,0.027000000700354576,64.0,0.24699202179908752,0.7828474044799805,0.010834075510501862,19.39043426513672,-0.005630636587738991,-0.01961948722600937,-0.013988851569592953,0.0,0.3973548412322998,0.021219627931714058,0.1192634105682373,9.0,1.0,0.0,0.0,0.0033490946516394615,-2.421438694000244e-08,nan,0.0023200891446322203,0.015575191006064415,0.22317899763584137,0.10381486266851425,0.043184079229831696,0.03488616645336151,0.1325957030057907,0.09223607182502747,0.006184833124279976,0.08862330764532089,0.04122437909245491,0.01714818924665451,0.01385312806814909,0.05265311524271965,0.03662649914622307,-0.021175619214773178,0.23604202270507812,0.14468272030353546,0.06384295225143433,0.07060308754444122,0.13567517697811127,0.06654748320579529,-0.017121504992246628,-0.02350742556154728,0.029677294194698334,-0.0030761719681322575,-0.03263229876756668,0.017596080899238586,0.014024462550878525,-0.22327017784118652,-0.2864667475223541,0.17939616739749908,0.012126713991165161,-0.07327833771705627,-0.05226178467273712,-0.07357154041528702,-0.24444580078125,-0.050424717366695404,0.32407888770103455,0.07596966624259949,-0.0026752501726150513,0.08341339230537415,-0.007024054415524006,-0.24444580078125,-0.050424717366695404,0.32407888770103455,0.07596966624259949,-0.0026752501726150513,0.08341339230537415,-0.007024054415524006,-0.24444580078125,-0.050424724817276,0.32407888770103455,0.07596966624259949,-0.0026752527337521315,0.08341339230537415,-0.007024055812507868
36.108,0.004538324661552906,0.004538324661552906,nan,nan,nan,nan,-0.07568623125553131,1.0,9.313225746154785e-10,0.5316881537437439,0.0,0.0,0.0,0.0,0.012000000104308128,0.019999999552965164,64.0,0.24697637557983398,0.8358173370361328,0.009705312550067902,15.581058502197266,-0.00977366790175438,0.0016590896993875504,0.011432758532464504,0.016403570771217346,0.3625292181968689,0.019890036433935165,0.23502425849437714,9.0,1.0,0.0,0.0,0.004538298584520817,-2.60770320892334e-08,nan,0.005298656411468983,0.05346851050853729,0.06894256919622421,0.0653005838394165,-0.07109647244215012,0.11077786982059479,0.2445291131734848,-0.03166929632425308,0.014248699881136417,0.018372345715761185,0.01740180142223835,-0.018946334719657898,0.02952093817293644,0.0651639997959137,-0.008439477533102036,0.026220139116048813,0.14971910417079926,0.10708682984113693,-0.01915757916867733,0.10470970720052719,0.22225534915924072,0.008240044116973877,-0.016952233389019966,-0.022452767938375473,0.02903509885072708,-0.0029624011367559433,-0.031588926911354065,0.016950193792581558,0.013515252619981766,-0.24052691459655762,-0.19690173864364624,0.19938316941261292,0.07109107077121735,-0.10786735266447067,-0.10633175075054169,-0.012973083183169365,-0.2143067717552185,-0.04718262702226639,0.30647000670433044,0.051933493465185165,-0.0031576426699757576,0.11592359840869904,-0.004733039531856775,-0.2143067717552185,-0.04718262702226639,0.30647000670433044,0.051933493465185165,-0.0031576426699757576,0.11592359840869904,-0.004733039531856775,-0.2143067717552185,-0.04718262702226639,0.30647000670433044,0.051933493465185165,-0.0031576426699757576,0.11592359840869904,-0.004733039531856775
36.18,0.005037584342062473,0.005037584342062473,nan,nan,nan,nan,-0.07150307297706604,0.0,4.6566128730773926e-09,0.538239598274231,0.0,0.0,0.0,0.0,0.012000000104308128,0.019999999552965164,64.0,0.24760925769805908,0.6094211935997009,0.010026618838310242,10.021580696105957,-0.013197498396039009,0.004653744399547577,0.017851248383522034,0.008082389831542969,0.4845808744430542,0.018934376537799835,0.2492394894361496,9.0,1.0,0.0,0.0,0.005037565715610981,-1.862645149230957e-08,nan,0.004831408616155386,0.05346851050853729,0.06894256919622421,0.0653005838394165,-0.07109647244215012,0.11077786982059479,0.2445291131734848,-0.03166929632425308,0.031103583052754402,0.04010511562228203,0.03798650950193405,-0.04135807976126671,0.06444144994020462,0.14224693179130554,-0.01842259056866169,0.05792409926652908,0.12228365242481232,0.10156559944152832,-0.07057128846645355,0.14069890975952148,0.3069303631782532,-0.02454766444861889,-0.016998058184981346,-0.0218227356672287,0.02880905009806156,-0.002908353228121996,-0.031082196161150932,0.01660364307463169,0.013265321031212807,-0.22659176588058472,-0.17509855329990387,0.17889177799224854,0.07677442580461502,-0.12003293633460999,-0.1265290081501007,0.002206014469265938,-0.16866767406463623,-0.052814897149801254,0.28045737743377686,0.006203139666467905,0.020665975287556648,0.18040135502815247,-0.02234164997935295,-0.16866767406463623,-0.052814897149801254,0.28045737743377686,0.006203139666467905,0.020665975287556648,0.18040135502815247,-0.02234164997935295,-0.16866767406463623,-0.052814897149801254,0.28045737743377686,0.006203139666467905,0.020665975287556648,0.18040135502815247,-0.02234164997935295
36.267,0.004211698658764362,0.004211698658764362,nan,nan,nan,nan,-0.09298370033502579,0.0,-5.587935447692871e-09,0.5346471071243286,0.0,0.0,0.0,0.0,0.026000000536441803,0.014000000432133675,64.0,0.24827542901039124,1.2966878414154053,0.014760531485080719,17.11575698852539,-0.007974296808242798,-0.0047154780477285385,0.0032588131725788116,-0.027596283704042435,0.3872899115085602,0.020137159153819084,0.32264071702957153,9.0,1.0,0.0,0.0,0.0042116763070225716,-2.2351741790771484e-08,nan,0.004982648883014917,-0.04002765938639641,0.2192976176738739,0.086072638630867,0.14246194064617157,-0.03983524441719055,-0.037325818091630936,0.09809369593858719,-0.016836216673254967,0.09223977476358414,0.03620340675115585,0.059921570122241974,-0.01675528474152088,-0.015699783340096474,0.04125963896512985,-0.01595734804868698,0.22394448518753052,0.12283185869455338,0.07734555006027222,0.042862195521593094,0.10989773273468018,0.05132319778203964,-0.018004145473241806,-0.02227633073925972,0.030088523402810097,-0.0030240460764616728,-0.032200515270233154,0.017132049426436424,0.01371300034224987,-0.19156453013420105,-0.2765294909477234,0.18423473834991455,-0.04356817528605461,-0.0469077005982399,0.03307637572288513,-0.07329206168651581,-0.20752188563346863,-0.05258500576019287,0.30706658959388733,0.033777374774217606,-0.004045506007969379,0.1429741084575653,-0.021968860179185867,-0.20752188563346863,-0.05258500576019287,0.30706658959388733,0.033777374774217606,-0.004045506007969379,0.1429741084575653,-0.021968860179185867,-0.20752188563346863,-0.05258500576019287,0.30706658959388733,0.033777374774217606,-0.004045506007969379,0.1429741084575653,-0.021968860179185867
36.382,0.0033701444044709206,0.0033701444044709206,nan,nan,nan,nan,-0.11253281682729721,0.0,-9.313225746154785e-10,0.5290530920028687,0.0,0.0,0.0,0.0,0.014000000432133675,0.02199999988079071,64.0,0.24815763533115387,1.3370569944381714,0.01079309731721878,14.749844551086426,-0.002742420881986618,-0.008909090422093868,-0.006166670471429825,-0.014592469669878483,0.31109920144081116,0.022878993302583694,0.2988104820251465,9.0,1.0,0.0,0.0,0.0033701201900839806,-2.421438694000244e-08,nan,0.005094654858112335,0.014301170594990253,0.21414650976657867,0.08285250514745712,0.01284722425043583,0.03742193058133125,0.1834779977798462,0.042925335466861725,0.004257580265402794,0.06375323981046677,0.024665895849466324,0.0038247283082455397,0.011140828020870686,0.05462295934557915,0.0127792377024889,-0.014116880483925343,0.2676251232624054,0.11940693855285645,0.0877871885895729,0.021484263241291046,0.11687948554754257,0.07500458508729935,-0.018769418820738792,-0.02219191938638687,0.03074445202946663,-0.0030654731672257185,-0.03266838937997818,0.017315179109573364,0.013898608274757862,-0.2547270953655243,-0.3124086856842041,0.22543096542358398,-0.0014619752764701843,-0.07873305678367615,-0.04302667826414108,-0.07501126825809479,-0.26884397864341736,-0.0447835773229599,0.34483790397644043,0.08632521331310272,-0.0572487935423851,0.07385280728340149,-6.685033440589905e-06,-0.26884397864341736,-0.0447835773229599,0.34483790397644043,0.08632521331310272,-0.0572487935423851,0.07385280728340149,-6.685033440589905e-06,-0.26884397864341736,-0.0447835773229599,0.34483790397644043,0.08632521331310272,-0.0572487935423851,0.07385280728340149,-6.685033440589905e-06
36.454,0.002664751373231411,0.002664751373231411,nan,nan,nan,nan,-0.10891003906726837,0.0,-9.313225746154785e-10,0.5245682597160339,0.0,0.0,0.0,0.0,0.004999999888241291,0.013000000268220901,64.0,0.2477211356163025,0.7248064279556274,0.01270882785320282,8.84773063659668,0.004627708345651627,-0.00761006586253643,-0.012237775139510632,-0.0068525280803442,0.19134457409381866,0.026207609102129936,0.2337813675403595,9.0,1.0,0.0,0.0,0.00266472902148962,-2.2351741790771484e-08,nan,0.008168199099600315,0.060099225491285324,0.05113271251320839,0.05157393217086792,-0.0847189724445343,0.10776003450155258,0.24790450930595398,-0.029453089460730553,0.0070830960758030415,0.006026332266628742,0.006078333128243685,-0.009984697215259075,0.012700241059064865,0.029217205941677094,-0.0034712436608970165,0.02119435928761959,0.2172347903251648,0.10111887007951736,0.011420752853155136,0.06163393333554268,0.21128864586353302,0.03844844549894333,-0.01982177048921585,-0.02249941974878311,0.03199497237801552,-0.0031452816911041737,-0.0337090864777565,0.017754340544342995,0.01434071734547615,-0.3377687335014343,-0.27930769324302673,0.28536832332611084,0.07365977764129639,-0.14274457097053528,-0.12493979185819626,-0.042538441717624664,-0.316574364900589,-0.06207290291786194,0.3864871859550476,0.08508052676916122,-0.0811106413602829,0.08634885400533676,-0.004089995287358761,-0.316574364900589,-0.06207290291786194,0.3864871859550476,0.08508052676916122,-0.0811106413602829,0.08634885400533676,-0.004089995287358761,-0.316574364900589,-0.06207290291786194,0.3864871859550476,0.08508052676916122,-0.0811106413602829,0.08634885400533676,-0.004089995287358761
