{
  "duration_s": 44.88924217224121,
  "cycles": 289,
  "pct_dummy_selection": 0.34602076124567477,
  "min_h": -7.247831672430038e-05,
  "min_h_corr": 0.009137862361967564,
  "pct_cbf_active": 100.0,
  "pct_escape": 61.458333333333336,
  "pct_cap_active": 0.0,
  "pct_recovery": 0.0,
  "pct_repair": 31.944444444444443,
  "worst_final_constraint": -7.264316082000732e-08,
  "mean_total_ms": 10.828360415659974,
  "p99_total_ms": 41.09413146972657,
  "reflex_L_configured": 20.0,
  "reflex_L_emp_median": 1.9975707530975342,
  "reflex_L_emp_p95": 9.45602321624756,
  "reflex_L_emp_p99": 20.458603820800846,
  "reflex_L_emp_max": 91.08273315429688,
  "reflex_L_exceed_pct": 1.0660980810234542,
  "reflex_alpha_min": 0.0,
  "reflex_alpha_braking_pct": 73.76237623762376,
  "reflex_mean_compute_ms": 0.45915917564157743,
  "reflex_p99_compute_ms": 3.156196791678667,
  "reflex_median_period_ms": 1.1702291667461395,
  "reflex_achieved_rate_hz": 854.5334780712506,
  "rms_meas_vs_cmd_radps": 0.13485058381614565,
  "accel_rms_in_before": 2.586896795247129,
  "accel_rms_in_after": 0.7993983470149896,
  "accel_rms_in_reduction": 3.236054721537499,
  "accel_rms_out_before": 0.9822413227742658,
  "accel_rms_out_after": 0.36491794303403075,
  "accel_rms_out_reduction": 2.6916772428552957,
  "hdot_execution_ratio": 0.5979288094746729,
  "mean_alignment_active": 0.796502816946789,
  "mean_active_constraints": 9.0,
  "monitor_only": false,
  "contact_time_s": null
}