{
  "per_stage": {
    "sam3_detect": {
      "n": 2,
      "mean": 140.9076456911862,
      "median": 140.9076456911862,
      "p95": 264.5330350380391,
      "p99": 275.5219585355371,
      "std": 137.36154371872544,
      "min": 3.5461019724607468,
      "max": 278.26918940991163
    },
    "sam2_track": {
      "n": 144,
      "mean": 57.58867701903606,
      "median": 58.96286852657795,
      "p95": 79.36505079269408,
      "p99": 101.51753084734068,
      "std": 15.265505946571952,
      "min": 26.34900715202093,
      "max": 122.8380398824811
    },
    "projection": {
      "n": 253,
      "mean": 26.78147309529687,
      "median": 25.0964118167758,
      "p95": 42.33207907527683,
      "p99": 57.327866442501474,
      "std": 8.35627423343696,
      "min": 14.79838602244854,
      "max": 77.49079074710608
    },
    "persistent_evict": {
      "n": 967,
      "mean": 3.3053098219488253,
      "median": 2.899080514907837,
      "p95": 6.059626396745438,
      "p99": 9.114603213965893,
      "std": 1.592766082972506,
      "min": 1.3654641807079315,
      "max": 25.216322392225266
    },
    "persistent_integrate": {
      "n": 2384,
      "mean": 0.988698905902671,
      "median": 0.8407533168792725,
      "p95": 1.8291071522980928,
      "p99": 4.734814213588836,
      "std": 0.7104249350459948,
      "min": 0.1535750925540924,
      "max": 7.752012461423874
    },
    "fm_encode": {
      "n": 470,
      "mean": 1.1795837352884577,
      "median": 1.056695356965065,
      "p95": 1.812774827703833,
      "p99": 3.718556864187122,
      "std": 0.5646415987669995,
      "min": 0.5798144266009331,
      "max": 6.988799199461937
    },
    "fm_generation": {
      "n": 470,
      "mean": 64.2759151201933,
      "median": 62.74075340479612,
      "p95": 79.18347581289707,
      "p99": 92.36621241085231,
      "std": 7.565106591511004,
      "min": 45.90028431266546,
      "max": 95.46212293207645
    },
    "fm_correction": {
      "n": 470,
      "mean": 0.0,
      "median": 0.0,
      "p95": 0.0,
      "p99": 0.0,
      "std": 0.0,
      "min": 0.0,
      "max": 0.0
    },
    "ik": {
      "n": 460,
      "mean": 0.46920652258331363,
      "median": 0.2828720025718212,
      "p95": 0.9882941842079155,
      "p99": 1.596201295033096,
      "std": 0.49515977205743955,
      "min": 0.12854021042585373,
      "max": 7.493485696613789
    },
    "ik_correction": {
      "n": 470,
      "mean": 0.0,
      "median": 0.0,
      "p95": 0.0,
      "p99": 0.0,
      "std": 0.0,
      "min": 0.0,
      "max": 0.0
    },
    "casf_warp": {
      "n": 470,
      "mean": 0.0,
      "median": 0.0,
      "p95": 0.0,
      "p99": 0.0,
      "std": 0.0,
      "min": 0.0,
      "max": 0.0
    },
    "trajectory_build": {
      "n": 469,
      "mean": 25.8278857026972,
      "median": 25.06480272859335,
      "p95": 34.60009340196847,
      "p99": 45.752708315849304,
      "std": 5.164810042000711,
      "min": 14.561090618371964,
      "max": 54.77490276098251
    },
    "planner_total": {
      "n": 470,
      "mean": 66.08462221127876,
      "median": 64.70810621976852,
      "p95": 81.22737659141421,
      "p99": 93.82084068842232,
      "std": 7.655384015601762,
      "min": 47.19099868088961,
      "max": 97.31597453355789
    },
    "critical_point_selection": {
      "n": 1091,
      "mean": 53.23965213834338,
      "median": 51.8520837649703,
      "p95": 81.46227151155472,
      "p99": 96.43661035224781,
      "std": 17.8578356853216,
      "min": 7.364640943706036,
      "max": 186.40086334198713
    },
    "cbf_correction": {
      "n": 1502,
      "mean": 17.033235997720542,
      "median": 15.291014220565557,
      "p95": 27.350497012957934,
      "p99": 38.08901314623654,
      "std": 7.69173682442954,
      "min": 8.929068222641945,
      "max": 168.00643596798182
    },
    "cbf_command": {
      "n": 1502,
      "mean": 4.026827323665909,
      "median": 3.1328843906521797,
      "p95": 9.968570061028004,
      "p99": 17.78919788077474,
      "std": 3.2521953595395434,
      "min": 0.4090024158358574,
      "max": 34.37707480043173
    },
    "cbf_total": {
      "n": 1502,
      "mean": 21.38795531708276,
      "median": 19.459009170532227,
      "p95": 34.17127188295127,
      "p99": 45.37554133683444,
      "std": 8.494611627803478,
      "min": 9.692035615444183,
      "max": 171.97099048644304
    }
  },
  "end_to_end_budget_ms": 169.06714905053377,
  "end_to_end_budget_stages": [
    "sam2_track",
    "projection",
    "persistent_integrate",
    "planner_total",
    "cbf_total"
  ]
}