{
  "duration_s": 34.574,
  "cycles": 336,
  "pct_dummy_selection": 0.2976190476190476,
  "min_h": -0.002496272325515747,
  "min_h_corr": 0.00671406788751483,
  "pct_cbf_active": 8.955223880597014,
  "pct_escape": 0.0,
  "pct_cap_active": 0.0,
  "pct_recovery": 0.0,
  "pct_repair": 4.179104477611941,
  "worst_final_constraint": -2.4586915969848633e-07,
  "mean_total_ms": 10.922065615653992,
  "p99_total_ms": 32.886791419982906,
  "accel_rms_in_before": 2.855494102079463,
  "accel_rms_in_after": 1.1333290704175385,
  "accel_rms_in_reduction": 2.5195630965571616,
  "accel_rms_out_before": 1.1312711560495403,
  "accel_rms_out_after": 0.6725545154729935,
  "accel_rms_out_reduction": 1.6820512390046791,
  "hdot_execution_ratio": -0.2725225990336825,
  "mean_alignment_active": 0.864020065466563,
  "mean_active_constraints": 9.0,
  "monitor_only": false,
  "contact_time_s": null
}