{
  "duration_s": 17.117801904678345,
  "cycles": 276,
  "pct_dummy_selection": 0.36231884057971014,
  "min_h": 0.001518544740974903,
  "min_h_corr": 0.02454439550638199,
  "pct_cbf_active": 8.363636363636363,
  "pct_escape": 0.0,
  "pct_cap_active": 0.0,
  "pct_recovery": 0.0,
  "pct_repair": 12.363636363636363,
  "worst_final_constraint": -8.742790669202805e-08,
  "mean_total_ms": 5.228679102400075,
  "p99_total_ms": 19.615660190582275,
  "accel_rms_in_before": 5.155211315166316,
  "accel_rms_in_after": 1.6491190779741047,
  "accel_rms_in_reduction": 3.1260394619285736,
  "accel_rms_out_before": 1.6463401708065182,
  "accel_rms_out_after": 0.5549346115870829,
  "accel_rms_out_reduction": 2.9667282170381744,
  "hdot_execution_ratio": 1.3363672404185698,
  "mean_alignment_active": 0.996325899725375,
  "mean_active_constraints": 1.0,
  "monitor_only": false,
  "contact_time_s": null
}