{
  "duration_s": 28.775999999999996,
  "cycles": 314,
  "pct_dummy_selection": 0.6369426751592357,
  "min_h": -0.022329309955239296,
  "min_h_corr": 0.0006965409847907722,
  "pct_cbf_active": 28.525641025641026,
  "pct_escape": 0.0,
  "pct_cap_active": 0.0,
  "pct_recovery": 0.0,
  "pct_repair": 18.58974358974359,
  "worst_final_constraint": -0.00924292579293251,
  "mean_total_ms": 11.988716017668414,
  "p99_total_ms": 33.83284030914307,
  "accel_rms_in_before": 1.565970618200408,
  "accel_rms_in_after": 0.6705055353663382,
  "accel_rms_in_reduction": 2.335507368100731,
  "accel_rms_out_before": 0.6662816043830848,
  "accel_rms_out_after": 0.29444904307851,
  "accel_rms_out_reduction": 2.262807844158732,
  "min_h_real": -0.009540839353290108,
  "median_abs_gap_h_real_soft": 0.011486457134001331,
  "p95_abs_gap_h_real_soft": 0.029273526029689564,
  "max_abs_gap_h_real_soft": 0.051087003721518254,
  "hdot_execution_ratio": 0.0284022877600592,
  "mean_alignment_active": 0.9151558926266231,
  "mean_active_constraints": 8.0,
  "monitor_only": false,
  "contact_time_s": null
}