{
  "duration_s": 57.087868452072144,
  "cycles": 775,
  "pct_dummy_selection": 0.12903225806451613,
  "min_h": -0.019241347908973694,
  "min_h_corr": 0.0037845030892640352,
  "pct_cbf_active": 56.45994832041343,
  "pct_escape": 0.0,
  "pct_cap_active": 0.0,
  "pct_recovery": 0.0,
  "pct_repair": 61.75710594315246,
  "worst_final_constraint": -0.09581016004085541,
  "mean_total_ms": 8.20102497992977,
  "p99_total_ms": 33.2220491027832,
  "accel_rms_in_before": 4.195460154026274,
  "accel_rms_in_after": 1.6063936816220663,
  "accel_rms_in_reduction": 2.611726005912748,
  "accel_rms_out_before": 1.7787041194890396,
  "accel_rms_out_after": 0.12126156540373717,
  "accel_rms_out_reduction": 14.668325561911487,
  "hdot_execution_ratio": 0.09540325294498234,
  "mean_alignment_active": 0.9069832258216304,
  "mean_active_constraints": 1.0,
  "monitor_only": false,
  "contact_time_s": null
}