{
  "duration_s": 60.3958637714386,
  "cycles": 435,
  "pct_dummy_selection": 0.22988505747126436,
  "min_h": 0.00022696331143379211,
  "min_h_corr": 0.00022696331143379211,
  "pct_cbf_active": 100.0,
  "pct_escape": 0.0,
  "pct_cap_active": 0.0,
  "pct_recovery": 0.0,
  "pct_repair": 38.24884792626728,
  "worst_final_constraint": -1.8347054719924927e-07,
  "mean_total_ms": 15.068077530258003,
  "p99_total_ms": 39.99861015319817,
  "sampled_margin_mean": 0.004152530970134847,
  "sampled_margin_std": 0.0029803059367418503,
  "sampled_margin_p95": 0.008841406367719172,
  "sampled_margin_max": 0.01596381887793541,
  "reflex_L_configured": 32.0,
  "reflex_L_emp_median": 0.6757084727287292,
  "reflex_L_emp_p95": 2.6103832721710196,
  "reflex_L_emp_p99": 10.200591144561738,
  "reflex_L_emp_max": 13.402947425842285,
  "reflex_L_exceed_pct": 0.0,
  "reflex_alpha_min": 0.0,
  "reflex_alpha_braking_pct": 89.15866741953698,
  "reflex_mean_compute_ms": 0.010773070247349822,
  "reflex_p99_compute_ms": 0.030636760000000055,
  "reflex_median_period_ms": 1.0,
  "reflex_achieved_rate_hz": 1000.0,
  "rms_meas_vs_cmd_radps": 0.0949202054947613,
  "accel_rms_in_before": 2.7058971574450585,
  "accel_rms_in_after": 0.9011228009220896,
  "accel_rms_in_reduction": 3.002806226494549,
  "accel_rms_out_before": 0.9870907619577018,
  "accel_rms_out_after": 0.39025866672592713,
  "accel_rms_out_reduction": 2.529324384359979,
  "min_h_real": 0.001106136662902435,
  "median_abs_gap_h_real_soft": 0.002754412058622112,
  "p95_abs_gap_h_real_soft": 0.005764271404590763,
  "max_abs_gap_h_real_soft": 0.007489761442237869,
  "min_h_real_link": "panda_rightfinger",
  "hdot_execution_ratio": 0.43703668700207016,
  "mean_alignment_active": 0.7492103357949564,
  "mean_active_constraints": 9.0,
  "monitor_only": false,
  "contact_time_s": null
}