{
  "duration_s": 29.078,
  "cycles": 301,
  "pct_dummy_selection": 0.6644518272425249,
  "min_h": -0.004645497538149357,
  "min_h_corr": -0.002342912368476391,
  "pct_cbf_active": 65.88628762541806,
  "pct_escape": 0.0,
  "pct_cap_active": 0.0,
  "pct_recovery": 0.0,
  "pct_repair": 14.046822742474916,
  "worst_final_constraint": -0.0007879473268985748,
  "mean_total_ms": 18.44905584595132,
  "p99_total_ms": 52.69886016845703,
  "accel_rms_in_before": 2.026281486146628,
  "accel_rms_in_after": 0.8047496633162577,
  "accel_rms_in_reduction": 2.517902869069386,
  "accel_rms_out_before": 1.0300816869397569,
  "accel_rms_out_after": 0.5413101391845514,
  "accel_rms_out_reduction": 1.9029417932047386,
  "hdot_execution_ratio": 1.033987062347902,
  "mean_alignment_active": 0.9555461885133371,
  "mean_active_constraints": 8.0,
  "monitor_only": false,
  "contact_time_s": null
}