{
  "duration_s": 67.9512586593628,
  "cycles": 482,
  "pct_dummy_selection": 0.2074688796680498,
  "min_h": 0.0006218748167157173,
  "min_h_corr": 0.0006218748167157173,
  "pct_cbf_active": 100.0,
  "pct_escape": 0.0,
  "pct_cap_active": 0.0,
  "pct_recovery": 0.0,
  "pct_repair": 19.334719334719335,
  "worst_final_constraint": -2.4139881134033203e-06,
  "mean_total_ms": 14.912292142132012,
  "p99_total_ms": 47.931844825744626,
  "sampled_margin_mean": 0.004772086661840269,
  "sampled_margin_std": 0.0034117300566741866,
  "sampled_margin_p95": 0.010644669877365232,
  "sampled_margin_max": 0.01880631223320961,
  "reflex_L_configured": 5.0,
  "reflex_L_emp_median": 1.0062531232833862,
  "reflex_L_emp_p95": 8.15929408073425,
  "reflex_L_emp_p99": 44.712345123291016,
  "reflex_L_emp_max": 44.712345123291016,
  "reflex_L_exceed_pct": 13.432835820895523,
  "reflex_alpha_min": 0.0,
  "reflex_alpha_braking_pct": 91.72077922077922,
  "reflex_mean_compute_ms": 0.014875615530303032,
  "reflex_p99_compute_ms": 0.03993094000000009,
  "reflex_median_period_ms": 1.0,
  "reflex_achieved_rate_hz": 1000.0,
  "rms_meas_vs_cmd_radps": 0.07793028383451941,
  "accel_rms_in_before": 2.2725535530813765,
  "accel_rms_in_after": 0.7917786354415787,
  "accel_rms_in_reduction": 2.870188018920165,
  "accel_rms_out_before": 0.46627603830075803,
  "accel_rms_out_after": 0.46627603830075803,
  "accel_rms_out_reduction": 1.0,
  "hdot_execution_ratio": 0.3814121149878496,
  "mean_alignment_active": 0.6460943749666276,
  "mean_active_constraints": 9.0,
  "monitor_only": false,
  "contact_time_s": null
}