{
  "duration_s": 23.004000000000005,
  "cycles": 217,
  "pct_dummy_selection": 0.4608294930875576,
  "min_h": -0.0001958077773451805,
  "min_h_corr": 0.009014532901346684,
  "pct_cbf_active": 100.0,
  "pct_escape": 24.537037037037038,
  "pct_cap_active": 0.0,
  "pct_recovery": 0.0,
  "pct_repair": 22.22222222222222,
  "worst_final_constraint": -1.6763806343078613e-08,
  "mean_total_ms": 9.77821887143746,
  "p99_total_ms": 34.969365234375005,
  "reflex_mean_compute_ms": 0.2900347437932875,
  "reflex_p99_compute_ms": 1.7085710540413797,
  "reflex_median_period_ms": 1.180723775178194,
  "reflex_achieved_rate_hz": 846.938141691168,
  "rms_meas_vs_cmd_radps": 0.011681132132379842,
  "accel_rms_in_before": 3.382047002467964,
  "accel_rms_in_after": 1.2639200859588606,
  "accel_rms_in_reduction": 2.675839271833557,
  "accel_rms_out_before": 1.5261084993655107,
  "accel_rms_out_after": 0.7663915504001613,
  "accel_rms_out_reduction": 1.9912908728817185,
  "hdot_execution_ratio": 0.970271118524464,
  "mean_alignment_active": 0.8122078171344819,
  "mean_active_constraints": 9.0,
  "monitor_only": false,
  "contact_time_s": null
}