{
  "fid": {
    "FID_full": 0.3602914531611168,
    "FID_pos": 0.21378359238634626,
    "FID_rot": 0.07686892019466274
  },
  "baseline": {
    "FID_full": 5.396607691525535,
    "FID_pos": 0.14899682946681336,
    "FID_rot": 4.963917491735842
  }
}