{
  "duration_s": 33.954,
  "cycles": 356,
  "pct_dummy_selection": 0.5617977528089888,
  "min_h": -0.0021222541108727455,
  "min_h_corr": 0.00018033098604064435,
  "pct_cbf_active": 100.0,
  "pct_escape": 0.0,
  "pct_cap_active": 0.0,
  "pct_recovery": 0.0,
  "pct_repair": 6.779661016949152,
  "worst_final_constraint": -0.09364807605743408,
  "mean_total_ms": 19.018708420603463,
  "p99_total_ms": 55.3322130203247,
  "accel_rms_in_before": 4.8431928424075155,
  "accel_rms_in_after": 2.2433278035196613,
  "accel_rms_in_reduction": 2.158932294606613,
  "accel_rms_out_before": 2.963495688767361,
  "accel_rms_out_after": 1.7853745668444796,
  "accel_rms_out_reduction": 1.6598733642795893,
  "hdot_execution_ratio": 0.716694594998377,
  "mean_alignment_active": 0.8522000089340375,
  "mean_active_constraints": 9.0,
  "monitor_only": false,
  "contact_time_s": null
}