{
  "duration_s": 116.79577302932739,
  "cycles": 844,
  "pct_dummy_selection": 0.11848341232227488,
  "min_h": -0.0015112357214093208,
  "min_h_corr": 0.007699104491621256,
  "pct_cbf_active": 100.0,
  "pct_escape": 70.58125741399762,
  "pct_cap_active": 0.0,
  "pct_recovery": 0.0,
  "pct_repair": 38.31553973902728,
  "worst_final_constraint": -2.3748725652694702e-08,
  "mean_total_ms": 8.242955617995058,
  "p99_total_ms": 28.302518043518024,
  "accel_rms_in_before": 2.0389240098741808,
  "accel_rms_in_after": 1.0514046206881833,
  "accel_rms_in_reduction": 1.939238205496595,
  "accel_rms_out_before": 1.2949849787775682,
  "accel_rms_out_after": 0.866368782757845,
  "accel_rms_out_reduction": 1.494727193026672,
  "hdot_execution_ratio": 0.32755728445586557,
  "mean_alignment_active": 0.8834899534711068,
  "mean_active_constraints": 9.0,
  "monitor_only": false,
  "contact_time_s": null
}