{
  "duration_s": 33.869,
  "cycles": 271,
  "pct_dummy_selection": 0.36900369003690037,
  "min_h": -0.0013536959886550903,
  "min_h_corr": 0.007856644690036774,
  "pct_cbf_active": 100.0,
  "pct_escape": 24.074074074074073,
  "pct_cap_active": 0.0,
  "pct_recovery": 0.0,
  "pct_repair": 31.11111111111111,
  "worst_final_constraint": -3.073364496231079e-08,
  "mean_total_ms": 20.476087969607534,
  "p99_total_ms": 63.06169319152833,
  "accel_rms_in_before": 3.2093566338617503,
  "accel_rms_in_after": 1.2993052234885702,
  "accel_rms_in_reduction": 2.4700559774898667,
  "accel_rms_out_before": 1.5260948548918927,
  "accel_rms_out_after": 0.9588038985081427,
  "accel_rms_out_reduction": 1.5916652584187758,
  "min_h_real": -0.014127675335745403,
  "median_abs_gap_h_real_soft": 0.003767586105970999,
  "p95_abs_gap_h_real_soft": 0.007202907779616137,
  "max_abs_gap_h_real_soft": 0.019473473119311982,
  "hdot_execution_ratio": 0.994517585919623,
  "mean_alignment_active": 0.8958696582251124,
  "mean_active_constraints": 9.0,
  "monitor_only": false,
  "contact_time_s": null
}