{
  "duration_s": 23.88409924507141,
  "cycles": 222,
  "pct_dummy_selection": 0.0,
  "min_h": -0.0001974431797862053,
  "min_h_corr": 0.009012897498905659,
  "pct_cbf_active": 100.0,
  "pct_escape": 36.03603603603604,
  "pct_cap_active": 0.0,
  "pct_recovery": 0.0,
  "pct_repair": 34.234234234234236,
  "worst_final_constraint": -1.30385160446167e-08,
  "mean_total_ms": 8.651631814939481,
  "p99_total_ms": 26.13748163223262,
  "reflex_mean_compute_ms": 0.46700478423658925,
  "reflex_p99_compute_ms": 2.8397246077656497,
  "reflex_median_period_ms": 1.2634042650461197,
  "reflex_achieved_rate_hz": 791.5122876077165,
  "rms_meas_vs_cmd_radps": 0.06700232954962795,
  "accel_rms_in_before": 2.928749148289108,
  "accel_rms_in_after": 0.9536613120139984,
  "accel_rms_in_reduction": 3.0710579441500068,
  "accel_rms_out_before": 1.15056713577455,
  "accel_rms_out_after": 0.4746065142525178,
  "accel_rms_out_reduction": 2.424254832630431,
  "hdot_execution_ratio": 0.8975581986994169,
  "mean_alignment_active": 0.8333563058729376,
  "mean_active_constraints": 9.0,
  "monitor_only": false,
  "contact_time_s": null
}