{
  "duration_s": 42.264249086380005,
  "cycles": 374,
  "pct_dummy_selection": 0.267379679144385,
  "min_h": 2.0334497094154358e-05,
  "min_h_corr": 2.0334497094154358e-05,
  "pct_cbf_active": 100.0,
  "pct_escape": 41.28686327077748,
  "pct_cap_active": 0.0,
  "pct_recovery": 0.0,
  "pct_repair": 22.78820375335121,
  "worst_final_constraint": -1.0244548320770264e-08,
  "mean_total_ms": 13.267125476490367,
  "p99_total_ms": 33.8382136917114,
  "sampled_margin_mean": 0.005446781683220028,
  "sampled_margin_std": 0.004644551601535367,
  "sampled_margin_p95": 0.014947647461667657,
  "sampled_margin_max": 0.0253505390137434,
  "reflex_L_configured": 5.0,
  "reflex_L_emp_median": 0.4728963375091553,
  "reflex_L_emp_p95": 6.769690990447998,
  "reflex_L_emp_p99": 11.22008611679094,
  "reflex_L_emp_max": 16.04134750366211,
  "reflex_L_exceed_pct": 8.167141500474834,
  "reflex_alpha_min": 0.0,
  "reflex_alpha_braking_pct": 57.470210815765356,
  "reflex_mean_compute_ms": 0.784527938804255,
  "reflex_p99_compute_ms": 7.238960750400998,
  "reflex_median_period_ms": 1.3999678194522858,
  "reflex_achieved_rate_hz": 714.3021333099167,
  "rms_meas_vs_cmd_radps": 0.10890897109640317,
  "accel_rms_in_before": 2.5157934786740803,
  "accel_rms_in_after": 0.9008093189922189,
  "accel_rms_in_reduction": 2.7928146674688334,
  "accel_rms_out_before": 1.1414150007426687,
  "accel_rms_out_after": 0.46525046877629883,
  "accel_rms_out_reduction": 2.4533344453038746,
  "hdot_execution_ratio": 0.7174546844710807,
  "mean_alignment_active": 0.8113171689801577,
  "mean_active_constraints": 9.0,
  "monitor_only": false,
  "contact_time_s": null
}