t,h,h_corr,lam,cap_active,recovery_used,grad_degenerate,constr_pre,repair_applied,constr_final,grad_h_norm,escape_active,ema_applied,velocity_filter_active,vel_source,velocity_age,dt,selected_count,min_obs_dist,cbf_ms,q_cmd_ms,total_ms,cmd_hdot,real_hdot,real_constr,h_rate,alignment,q_lead,dq_real_norm,active_constraints,solver_mode,monitor_only,contact_stop,h_hard,softmin_gap,h_food,sampled_margin,dq_ff_0,dq_ff_1,dq_ff_2,dq_ff_3,dq_ff_4,dq_ff_5,dq_ff_6,dq_fb_0,dq_fb_1,dq_fb_2,dq_fb_3,dq_fb_4,dq_fb_5,dq_fb_6,dq_base_0,dq_base_1,dq_base_2,dq_base_3,dq_base_4,dq_base_5,dq_base_6,dq_escape_0,dq_escape_1,dq_escape_2,dq_escape_3,dq_escape_4,dq_escape_5,dq_escape_6,dq_cbf_delta_0,dq_cbf_delta_1,dq_cbf_delta_2,dq_cbf_delta_3,dq_cbf_delta_4,dq_cbf_delta_5,dq_cbf_delta_6,dq_pre_filter_0,dq_pre_filter_1,dq_pre_filter_2,dq_pre_filter_3,dq_pre_filter_4,dq_pre_filter_5,dq_pre_filter_6,dq_post_filter_0,dq_post_filter_1,dq_post_filter_2,dq_post_filter_3,dq_post_filter_4,dq_post_filter_5,dq_post_filter_6,dq_final_0,dq_final_1,dq_final_2,dq_final_3,dq_final_4,dq_final_5,dq_final_6
0.0,nan,nan,nan,nan,nan,nan,nan,nan,nan,nan,0.0,0.0,0.0,0.0,0.006000000052154064,0.054999999701976776,0.0,nan,5.608476638793945,0.013579614460468292,10.475584030151367,nan,nan,nan,nan,nan,3.194495729985647e-05,2.845541894203052e-05,0.0,1.0,0.0,0.0,nan,nan,nan,2.370916263316758e-06,0.0,0.0,0.0,0.0,0.0,0.0,0.0,-0.005315036978572607,-0.00011473894119262695,0.004490140825510025,0.0002574920654296875,-0.0006681086961179972,-0.00023305416107177734,0.0006347894668579102,-0.005315036978572607,-0.00011473894119262695,0.004490140825510025,0.0002574920654296875,-0.0006681087543256581,-0.00023305416107177734,0.0006347894668579102,0.0,0.0,0.0,0.0,0.0,0.0,0.0,0.004831851460039616,0.00010430812108097598,-0.004081945866346359,-0.00023408369452226907,0.0006073715630918741,0.00021186741651035845,-0.0005770812858827412,-0.0004831855185329914,-1.0430820111650974e-05,0.00040819495916366577,2.340837090741843e-05,-6.073719123378396e-05,-2.118674456141889e-05,5.7708180975168943e-05,-0.0004831855185329914,-1.0430820111650974e-05,0.00040819495916366577,2.340837090741843e-05,-6.073719123378396e-05,-2.118674456141889e-05,5.7708180975168943e-05,-0.0004831855185329914,-1.0430820111650974e-05,0.00040819495916366577,2.340837090741843e-05,-6.073719123378396e-05,-2.118674456141889e-05,5.7708180975168943e-05
0.0730000000000004,0.007519709877669811,0.007519709877669811,nan,nan,nan,nan,0.041678398847579956,0.0,0.04384257644414902,0.17794224619865417,0.0,0.0,0.0,0.0,0.0010000000474974513,0.01899999938905239,64.0,0.19772547483444214,0.706442654132843,0.011608004570007324,11.322566032409668,0.0019012733828276396,-6.378257921824115e-07,0.04194066673517227,nan,-0.9890028834342957,0.002604762790724635,4.756322596222162e-05,9.0,1.0,0.0,0.0,0.007519700564444065,-9.313225746154785e-09,nan,0.000608330185059458,0.0,0.0,0.0,0.0,0.0,0.0,0.0,0.0,0.0,0.0,0.0,0.0,0.0,0.0,-0.0033939562272280455,-7.327326602535322e-05,0.0028671994805336,0.00016442476771771908,-0.0004266219330020249,-0.00014881962852086872,0.00040535273728892207,0.11927934736013412,2.88118862954434e-05,-0.12891627848148346,3.0053846785449423e-05,0.026118621230125427,-1.702499321254436e-05,-0.01719151809811592,0.0379970520734787,4.359884042060003e-05,-0.04069807380437851,-6.458799907704815e-05,0.008174443617463112,6.275693885982037e-05,-0.005436769686639309,0.034603096544742584,-2.9674423785763793e-05,-0.03783087432384491,9.983676864067093e-05,0.007747821509838104,-8.606268966104835e-05,-0.00503141712397337,0.034603096544742584,-2.9674423785763793e-05,-0.03783087432384491,9.983676864067093e-05,0.007747821509838104,-8.606268966104835e-05,-0.00503141712397337,0.034603096544742584,-2.9674423785763793e-05,-0.03783087432384491,9.983676864067093e-05,0.007747821509838104,-8.606268966104835e-05,-0.00503141712397337
0.14000000000000057,0.007579813711345196,0.007579813711345196,nan,nan,nan,nan,0.042050451040267944,0.0,0.04582682624459267,0.17796480655670166,0.0,0.0,0.0,0.0,0.0020000000949949026,0.009999999776482582,64.0,0.19770193099975586,0.7603662014007568,0.011003576219081879,25.72332191467285,0.003629018785431981,0.0006108569214120507,0.042808666825294495,0.005316920578479767,-0.9894093871116638,0.004915363155305386,0.021653423085808754,9.0,1.0,0.0,0.0,0.00757980439811945,-9.313225746154785e-09,nan,0.0007269055349752307,0.0,0.0,0.0,0.0,0.0,0.0,0.0,0.0,0.0,0.0,0.0,0.0,0.0,0.0,-0.0019018755992874503,-4.106022970518097e-05,0.0016066960524767637,9.213891462422907e-05,-0.00023906664864625782,-8.33942394820042e-05,0.00022714801889378577,0.11925910413265228,-1.4582103176508099e-05,-0.12889507412910461,-4.2957344703609124e-05,0.026114508509635925,3.8835746636323165e-06,-0.017184557393193245,0.06738004833459854,5.018344381824136e-06,-0.07285217195749283,8.231269021052867e-06,0.014765415340662003,-1.0706018656492233e-05,-0.009712761268019676,0.06547817587852478,-3.604188532335684e-05,-0.071245476603508,0.00010037018364528194,0.014526348561048508,-9.410025813849643e-05,-0.00948561355471611,0.06547817587852478,-3.604188532335684e-05,-0.071245476603508,0.00010037018364528194,0.014526348561048508,-9.410025813849643e-05,-0.00948561355471611,0.06547817587852478,-3.604188532335684e-05,-0.071245476603508,0.00010037018364528194,0.014526348561048508,-9.410025813849643e-05,-0.00948561355471611
0.18400000000000105,0.007798303849995136,0.007798303849995136,nan,nan,nan,nan,0.043483100831508636,0.0,0.0485147088766098,0.17810596525669098,0.0,0.0,0.0,0.0,0.00800000037997961,0.003000000026077032,64.0,0.19761210680007935,0.45140647888183594,0.008699484169483185,10.02221965789795,0.00496038980782032,0.002290820237249136,0.04584513604640961,0.040762126445770264,-0.9896260499954224,0.006671072915196419,0.06716801971197128,9.0,1.0,0.0,0.0,0.007798292674124241,-1.1175870895385742e-08,nan,0.000732433283701539,0.0,0.0,0.0,0.0,0.0,0.0,0.0,0.0,0.0,0.0,0.0,0.0,0.0,0.0,-0.0009182595531456172,-1.9824614355457015e-05,0.0007757415878586471,4.4486318074632436e-05,-0.00011542566790012643,-4.026423266623169e-05,0.0001096711348509416,0.11884500086307526,8.005401468835771e-05,-0.1284468173980713,6.910096271894872e-05,0.026021147146821022,-4.663674917537719e-05,-0.017128074541687965,0.0899234488606453,2.3801601855666377e-05,-0.0973573699593544,6.587705138372257e-05,0.019756190478801727,-5.5049102229531854e-05,-0.012976914644241333,0.08900518715381622,3.976987500209361e-06,-0.09658163040876389,0.00011036336945835501,0.019640764221549034,-9.531333489576355e-05,-0.012867243960499763,0.08900518715381622,3.976987500209361e-06,-0.09658163040876389,0.00011036336945835501,0.019640764221549034,-9.531333489576355e-05,-0.012867243960499763,0.08900518715381622,3.976987500209361e-06,-0.09658163040876389,0.00011036336945835501,0.019640764221549034,-9.531333489576355e-05,-0.012867243960499763
0.21999999999999886,0.007798303849995136,0.007798303849995136,nan,nan,nan,nan,0.043506670743227005,0.0,0.04894863814115524,0.17810596525669098,0.0,0.0,0.0,0.0,0.009999999776482582,0.009999999776482582,64.0,0.19759191572666168,0.9602829813957214,0.009755603969097137,8.561432838439941,0.0053932927548885345,0.0019090167479589581,0.04546436294913292,0.0,-0.9896970987319946,0.00723838759586215,0.055973347276449203,9.0,1.0,0.0,0.0,0.007798292674124241,-1.1175870895385742e-08,nan,0.0007314035901799798,0.0,0.0,0.0,0.0,0.0,0.0,0.0,0.0,0.0,0.0,0.0,0.0,0.0,0.0,-0.0006275888299569488,-1.3549227332987357e-05,0.0005301842465996742,3.0404384233406745e-05,-7.888822437962517e-05,-2.751878128037788e-05,7.495525642298162e-05,0.11850780248641968,0.00018897118570748717,-0.12808237969875336,6.625548849115148e-05,0.025946183130145073,-5.2805775339948013e-05,-0.01707753911614418,0.09724954515695572,5.771367796114646e-05,-0.10528692603111267,7.78323010308668e-05,0.02136436104774475,-6.467087951023132e-05,-0.014033704064786434,0.09662195295095444,4.4164451537653804e-05,-0.10475674271583557,0.00010823668708326295,0.021285472437739372,-9.2189664428588e-05,-0.013958748430013657,0.09662195295095444,4.4164451537653804e-05,-0.10475674271583557,0.00010823668708326295,0.021285472437739372,-9.2189664428588e-05,-0.013958748430013657,0.09662195295095444,4.4164451537653804e-05,-0.10475674271583557,0.00010823668708326295,0.021285472437739372,-9.2189664428588e-05,-0.013958748430013657
0.29100000000000037,0.008133073337376118,0.008133073337376118,nan,nan,nan,nan,0.045623596757650375,0.0,0.05150587111711502,0.17834477126598358,0.0,0.0,0.0,0.0,0.0010000000474974513,0.010999999940395355,64.0,0.19757771492004395,2.8561763763427734,0.01637917011976242,12.137350082397461,0.005855262279510498,0.003402488771826029,0.04905309900641441,0.0,-0.9897857904434204,0.007831275463104248,0.09409729391336441,9.0,1.0,0.0,0.0,0.008133058436214924,-1.4901161193847656e-08,nan,0.0007224782602861524,0.0,0.0,0.0,0.0,0.0,0.0,0.0,0.0,0.0,0.0,0.0,0.0,0.0,0.0,-0.00034777953987941146,-7.508330327254953e-06,0.00029380261548794806,1.68486476468388e-05,-4.371605973574333e-05,-1.5249584976118058e-05,4.15366048400756e-05,0.11754102259874344,0.00021996493160258979,-0.12703777849674225,-8.938725841289852e-06,0.025734668597579002,-3.0339468139573e-05,-0.01693517155945301,0.10494397580623627,0.00010989650763804093,-0.11358266323804855,6.684567779302597e-05,0.02304048091173172,-6.420497811632231e-05,-0.01513943262398243,0.10459619760513306,0.00010238817776553333,-0.11328885704278946,8.369432180188596e-05,0.02299676463007927,-7.945456309244037e-05,-0.01509789563715458,0.10459619760513306,0.00010238817776553333,-0.11328885704278946,8.369432180188596e-05,0.02299676463007927,-7.945456309244037e-05,-0.01509789563715458,0.10459619760513306,0.00010238817776553333,-0.11328885704278946,8.369432180188596e-05,0.02299676463007927,-7.945456309244037e-05,-0.01509789563715458
0.33699999999999974,0.008523383177816868,0.008523383177816868,nan,nan,nan,nan,0.048080116510391235,0.0,0.05423843860626221,0.17864246666431427,0.0,0.0,0.0,0.0,0.007000000216066837,0.010999999940395355,64.0,0.19760949909687042,0.7953057289123535,0.013243407011032104,9.193276405334473,0.006143936887383461,0.004470134153962135,0.05256463587284088,0.0,-0.9898434281349182,0.008192361332476139,0.11950119584798813,9.0,1.0,0.0,0.0,0.008523375727236271,-7.450580596923828e-09,nan,0.0007105859695002437,0.0,0.0,0.0,0.0,0.0,0.0,0.0,0.0,0.0,0.0,0.0,0.0,0.0,0.0,-0.00018487696070224047,-3.9913711589179e-06,0.00015618324687238783,8.95661287358962e-06,-2.3239126676344313e-05,-8.106563655019272e-06,2.2080543203628622e-05,0.11642752587795258,0.0004504637327045202,-0.1258365511894226,0.0001252875808859244,0.02549479901790619,-0.00011652910325210541,-0.01677791029214859,0.10964898765087128,0.0002251034020446241,-0.11863173544406891,8.664646884426475e-05,0.024056898429989815,-8.477304072584957e-05,-0.015814080834388733,0.10946410894393921,0.0002211120299762115,-0.1184755489230156,9.560308535583317e-05,0.02403366006910801,-9.287960710935295e-05,-0.01579200103878975,0.10946410894393921,0.0002211120299762115,-0.1184755489230156,9.560308535583317e-05,0.02403366006910801,-9.287960710935295e-05,-0.01579200103878975,0.10946410894393921,0.0002211120299762115,-0.1184755489230156,9.560308535583317e-05,0.02403366006910801,-9.287960710935295e-05,-0.01579200103878975
0.43599999999999994,0.008938555605709553,0.008938555605709553,nan,nan,nan,nan,0.05067945271730423,0.0,0.05698854476213455,0.1789729744195938,0.0,0.0,0.0,0.0,-0.00800000037997961,0.024000000208616257,64.0,0.1976328194141388,2.9780595302581787,0.015749596059322357,21.72301483154297,0.006301368121057749,0.006236198823899031,0.05692337453365326,0.008781207725405693,-0.9898841977119446,0.008380862884223461,0.16396084427833557,9.0,1.0,0.0,0.0,0.00893853697925806,-1.862645149230957e-08,nan,0.0007044750382192433,0.0,0.0,0.0,0.0,0.0,0.0,0.0,0.0,0.0,0.0,0.0,0.0,0.0,0.0,-9.909454820444807e-05,-2.139385287591722e-06,8.371462899958715e-05,4.800768238055753e-06,-1.2456232980184723e-05,-4.3451395868032705e-06,1.1835229997814167e-05,0.115848608314991,0.0006091861869208515,-0.12521332502365112,0.00010399363236501813,0.025373687967658043,-0.0001227629545610398,-0.016706280410289764,0.11211161315441132,0.00036192656261846423,-0.12126006186008453,9.84893849818036e-05,0.024585049599409103,-0.00010198444942943752,-0.016168877482414246,0.11201252043247223,0.0003597871691454202,-0.1211763471364975,0.0001032901564030908,0.024572594091296196,-0.00010632958583300933,-0.016157042235136032,0.11201252043247223,0.0003597871691454202,-0.1211763471364975,0.0001032901564030908,0.024572594091296196,-0.00010632958583300933,-0.016157042235136032,0.11201252043247223,0.0003597871691454202,-0.1211763471364975,0.0001032901564030908,0.024572594091296196,-0.00010632958583300933,-0.016157042235136032
0.5189999999999984,0.009576539508998394,0.009576539508998394,nan,nan,nan,nan,0.05469018593430519,0.0,0.061064012348651886,0.17950038611888885,0.0,0.0,0.0,0.0,0.006000000052154064,0.01899999938905239,64.0,0.19770534336566925,1.3938089609146118,0.03417395055294037,23.771371841430664,0.006373827811330557,0.005687270779162645,0.06037745624780655,0.0,1.0,0.008450264111161232,0.1493774950504303,9.0,1.0,0.0,0.0,0.009576530195772648,-9.313225746154785e-09,nan,0.0006756746442988515,0.0,0.0,0.0,0.0,0.0,0.0,0.0,0.0,0.0,0.0,0.0,0.0,0.0,0.0,0.0,0.0,0.0,0.0,0.0,0.0,0.0,0.11336436122655869,0.0009002101141959429,-0.12253526598215103,0.00015283148968592286,0.0248454287648201,-0.00017112944624386728,-0.01635807938873768,0.1129644438624382,0.0005864324048161507,-0.12215728312730789,0.00012084552145097405,0.024768829345703125,-0.00013342346937861294,-0.01629556342959404,0.1129644438624382,0.0005864324048161507,-0.12215728312730789,0.00012084552145097405,0.024768829345703125,-0.00013342346937861294,-0.01629556342959404,0.1129644438624382,0.0005864324048161507,-0.12215728312730789,0.00012084552145097405,0.024768829345703125,-0.00013342346937861294,-0.01629556342959404,0.1129644438624382,0.0005864324048161507,-0.12215728312730789,0.00012084552145097405,0.024768829345703125,-0.00013342346937861294,-0.01629556342959404
0.5919999999999987,0.010002165101468563,0.010002165101468563,nan,nan,nan,nan,0.057344939559698105,0.0,0.06373398005962372,0.17986376583576202,0.0,0.0,0.0,0.0,0.0010000000474974513,0.008999999612569809,64.0,0.19771389663219452,0.7654065489768982,0.015595927834510803,19.697717666625977,0.006389038171619177,0.006424945313483477,0.0637698844075203,0.023616064339876175,1.0,0.008453265763819218,0.16971391439437866,9.0,1.0,0.0,0.0,0.010002152062952518,-1.30385160446167e-08,nan,0.0006719987140968442,0.0,0.0,0.0,0.0,0.0,0.0,0.0,0.0,0.0,0.0,0.0,0.0,0.0,0.0,0.0,0.0,0.0,0.0,0.0,0.0,0.0,0.11274872720241547,0.0010464222868904471,-0.12187550216913223,0.00017140879936050624,0.024722380563616753,-0.0002335644676350057,-0.016274353489279747,0.11301480233669281,0.0007762336172163486,-0.12218929827213287,0.00013632435002364218,0.024778839200735092,-0.00016672484343871474,-0.016305316239595413,0.11301480233669281,0.0007762336172163486,-0.12218929827213287,0.00013632435002364218,0.024778839200735092,-0.00016672484343871474,-0.016305316239595413,0.11301480233669281,0.0007762336172163486,-0.12218929827213287,0.00013632435002364218,0.024778839200735092,-0.00016672484343871474,-0.016305316239595413,0.11301480233669281,0.0007762336172163486,-0.12218929827213287,0.00013632435002364218,0.024778839200735092,-0.00016672484343871474,-0.016305316239595413
0.6679999999999993,0.010440505109727383,0.010440505109727383,nan,nan,nan,nan,0.06007974222302437,0.0,0.06645096838474274,0.18025022745132446,0.0,0.0,0.0,0.0,0.007000000216066837,0.012000000104308128,64.0,0.19772301614284515,0.5723564028739929,0.008819624781608582,19.669116973876953,0.006371229887008667,0.006875443737953901,0.06695518642663956,0.01822955347597599,1.0,0.00841524638235569,0.18227839469909668,9.0,1.0,0.0,0.0,0.010440490208566189,-1.4901161193847656e-08,nan,0.0006671526352874935,0.0,0.0,0.0,0.0,0.0,0.0,0.0,0.0,0.0,0.0,0.0,0.0,0.0,0.0,0.0,0.0,0.0,0.0,0.0,0.0,0.0,0.11147063225507736,0.0011972679058089852,-0.12050092220306396,0.00012756267096847296,0.024458227679133415,-0.0002327581896679476,-0.016093000769615173,0.11250932514667511,0.0009274060721509159,-0.12163440883159637,0.00012830861669499427,0.02467343583703041,-0.00019103822705801576,-0.016234803944826126,0.11250932514667511,0.0009274060721509159,-0.12163440883159637,0.00012830861669499427,0.02467343583703041,-0.00019103822705801576,-0.016234803944826126,0.11250932514667511,0.0009274060721509159,-0.12163440883159637,0.00012830861669499427,0.02467343583703041,-0.00019103822705801576,-0.016234803944826126,0.11250932514667511,0.0009274060721509159,-0.12163440883159637,0.00012830861669499427,0.02467343583703041,-0.00019103822705801576,-0.016234803944826126
0.75,0.010867162607610226,0.010867162607610226,nan,nan,nan,nan,0.0627455934882164,0.0,0.06906960904598236,0.1806381493806839,0.0,0.0,0.0,0.0,-0.004999999888241291,0.019999999552965164,64.0,0.19772839546203613,0.7241116762161255,0.08352193981409073,14.009754180908203,0.006324016023427248,0.005515763070434332,0.06826135516166687,0.0,1.0,0.008338864892721176,0.14615216851234436,9.0,1.0,0.0,0.0,0.01086715329438448,-9.313225746154785e-09,nan,0.0006582220084965229,0.0,0.0,0.0,0.0,0.0,0.0,0.0,0.0,0.0,0.0,0.0,0.0,0.0,0.0,0.0,0.0,0.0,0.0,0.0,0.0,0.0,0.10953465849161148,0.0013634138740599155,-0.1184154525399208,0.00012577032612171024,0.024052836000919342,-0.00024202624626923352,-0.015825917944312096,0.1114862933754921,0.001104493159800768,-0.12052693217992783,0.00013050646521151066,0.024461645632982254,-0.00021405665029305965,-0.016095532104372978,0.1114862933754921,0.001104493159800768,-0.12052693217992783,0.00013050646521151066,0.024461645632982254,-0.00021405665029305965,-0.016095532104372978,0.1114862933754921,0.001104493159800768,-0.12052693217992783,0.00013050646521151066,0.024461645632982254,-0.00021405665029305965,-0.016095532104372978,0.1114862933754921,0.001104493159800768,-0.12052693217992783,0.00013050646521151066,0.024461645632982254,-0.00021405665029305965,-0.016095532104372978
0.8069999999999986,0.011319764889776707,0.011319764889776707,nan,nan,nan,nan,0.06557714939117432,0.0,0.07185744494199753,0.18106116354465485,0.0,0.0,0.0,0.0,0.0020000000949949026,0.00800000037997961,64.0,0.19774870574474335,0.769089937210083,0.014358200132846832,9.687326431274414,0.006280298810452223,0.006045533809810877,0.07162268459796906,0.0,1.0,0.0082685686647892,0.1596812754869461,9.0,1.0,0.0,0.0,0.011319749988615513,-1.4901161193847656e-08,nan,0.0006448574713431299,0.0,0.0,0.0,0.0,0.0,0.0,0.0,0.0,0.0,0.0,0.0,0.0,0.0,0.0,0.0,0.0,0.0,0.0,0.0,0.0,0.0,0.10818402469158173,0.0015467570628970861,-0.11696546524763107,0.00016677292296662927,0.02378092147409916,-0.0002897011872846633,-0.01565316691994667,0.11054250597953796,0.0012456800322979689,-0.11950907111167908,0.00014396589540410787,0.02426818571984768,-0.0002394179900875315,-0.01596987433731556,0.11054250597953796,0.0012456800322979689,-0.11950907111167908,0.00014396589540410787,0.02426818571984768,-0.0002394179900875315,-0.01596987433731556,0.11054250597953796,0.0012456800322979689,-0.11950907111167908,0.00014396589540410787,0.02426818571984768,-0.0002394179900875315,-0.01596987433731556,0.11054250597953796,0.0012456800322979689,-0.11950907111167908,0.00014396589540410787,0.02426818571984768,-0.0002394179900875315,-0.01596987433731556
0.870000000000001,0.011745148338377476,0.011745148338377476,nan,nan,nan,nan,0.06823938339948654,0.0,0.07445618510246277,0.18146884441375732,0.0,0.0,0.0,0.0,0.006000000052154064,0.013000000268220901,64.0,0.197759747505188,0.946633517742157,0.015642493963241577,10.697615623474121,0.006216800305992365,0.005968010053038597,0.07420739531517029,0.0,1.0,0.00817114021629095,0.15709272027015686,9.0,1.0,0.0,0.0,0.01174513902515173,-9.313225746154785e-09,nan,0.0006310775643214583,0.0,0.0,0.0,0.0,0.0,0.0,0.0,0.0,0.0,0.0,0.0,0.0,0.0,0.0,0.0,0.0,0.0,0.0,0.0,0.0,0.0,0.10690479725599289,0.0017179815331473947,-0.11559561640024185,0.0001985401613637805,0.02352643758058548,-0.000321893923683092,-0.015487424097955227,0.10923152416944504,0.0014515360817313194,-0.11809960752725601,0.00017042346007656306,0.024004299193620682,-0.00027497264090925455,-0.015798162668943405,0.10923152416944504,0.0014515360817313194,-0.11809960752725601,0.00017042346007656306,0.024004299193620682,-0.00027497264090925455,-0.015798162668943405,0.10923152416944504,0.0014515360817313194,-0.11809960752725601,0.00017042346007656306,0.024004299193620682,-0.00027497264090925455,-0.015798162668943405,0.10923152416944504,0.0014515360817313194,-0.11809960752725601,0.00017042346007656306,0.024004299193620682,-0.00027497264090925455,-0.015798162668943405
0.9439999999999991,0.012167020700871944,0.012167020700871944,nan,nan,nan,nan,0.07088125497102737,0.0,0.07702186703681946,0.18188290297985077,0.0,0.0,0.0,0.0,0.004000000189989805,0.023000000044703484,64.0,0.19778162240982056,1.2361929416656494,0.6881747245788574,11.831661224365234,0.00614060927182436,0.005856671836227179,0.07673792541027069,0.0,1.0,0.008056968450546265,0.15376527607440948,9.0,1.0,0.0,0.0,0.012167002074420452,-1.862645149230957e-08,nan,0.0006155543378554285,0.0,0.0,0.0,0.0,0.0,0.0,0.0,0.0,0.0,0.0,0.0,0.0,0.0,0.0,0.0,0.0,0.0,0.0,0.0,0.0,0.0,0.10563197731971741,0.0018623645883053541,-0.11423005163669586,0.0002093637885991484,0.023273201659321785,-0.00035245026811026037,-0.015319779515266418,0.10769440233707428,0.0016586198471486568,-0.11644826829433441,0.00019501172937452793,0.023695750162005424,-0.00031466991640627384,-0.015595671720802784,0.10769440233707428,0.0016586198471486568,-0.11644826829433441,0.00019501172937452793,0.023695750162005424,-0.00031466991640627384,-0.015595671720802784,0.10769440233707428,0.0016586198471486568,-0.11644826829433441,0.00019501172937452793,0.023695750162005424,-0.00031466991640627384,-0.015595671720802784,0.10769440233707428,0.0016586198471486568,-0.11644826829433441,0.00019501172937452793,0.023695750162005424,-0.00031466991640627384,-0.015595671720802784
0.9920000000000009,0.012584471143782139,0.012584471143782139,nan,nan,nan,nan,0.0734940841794014,0.0,0.07958261668682098,0.18230201303958893,0.0,0.0,0.0,0.0,0.0,0.013000000268220901,64.0,0.1978091448545456,0.7065944671630859,0.009347684681415558,9.480637550354004,0.006088529713451862,0.005749128293246031,0.07924321293830872,0.0,1.0,0.007976759225130081,0.15071727335453033,9.0,1.0,0.0,0.0,0.012584461830556393,-9.313225746154785e-09,nan,0.0006013157544657588,0.0,0.0,0.0,0.0,0.0,0.0,0.0,0.0,0.0,0.0,0.0,0.0,0.0,0.0,0.0,0.0,0.0,0.0,0.0,0.0,0.0,0.10439743846654892,0.002090416382998228,-0.11291460692882538,0.0002241902839159593,0.023048819974064827,-0.0003895986592397094,-0.015171448700129986,0.10661305487155914,0.0018054160755127668,-0.11528870463371277,0.00022661735420115292,0.02348189987242222,-0.00034476479049772024,-0.015454416163265705,0.10661305487155914,0.0018054160755127668,-0.11528870463371277,0.00022661735420115292,0.02348189987242222,-0.00034476479049772024,-0.015454416163265705,0.10661305487155914,0.0018054160755127668,-0.11528870463371277,0.00022661735420115292,0.02348189987242222,-0.00034476479049772024,-0.015454416163265705,0.10661305487155914,0.0018054160755127668,-0.11528870463371277,0.00022661735420115292,0.02348189987242222,-0.00034476479049772024,-0.015454416163265705
1.0420000000000016,0.012791582383215427,0.012791582383215427,nan,nan,nan,nan,0.07479313760995865,0.0,0.08084749430418015,0.18251293897628784,0.0,0.0,0.0,0.0,0.004000000189989805,0.004000000189989805,64.0,0.19781692326068878,1.0999878644943237,0.010624527931213379,17.4621524810791,0.006054357159882784,0.005739036947488785,0.08053217828273773,0.0,1.0,0.007925656624138355,0.15033549070358276,9.0,1.0,0.0,0.0,0.012791565619409084,-1.6763806343078613e-08,nan,0.0005914263892918825,0.0,0.0,0.0,0.0,0.0,0.0,0.0,0.0,0.0,0.0,0.0,0.0,0.0,0.0,0.0,0.0,0.0,0.0,0.0,0.0,0.0,0.1037624254822731,0.002140887314453721,-0.11223367601633072,0.00021026079775765538,0.022923007607460022,-0.0003997856401838362,-0.01508807111531496,0.1059236004948616,0.0018904244061559439,-0.11454986780881882,0.0002243024209747091,0.023346932604908943,-0.0003584024670999497,-0.015366093255579472,0.1059236004948616,0.0018904244061559439,-0.11454986780881882,0.0002243024209747091,0.023346932604908943,-0.0003584024670999497,-0.015366093255579472,0.1059236004948616,0.0018904244061559439,-0.11454986780881882,0.0002243024209747091,0.023346932604908943,-0.0003584024670999497,-0.015366093255579472,0.1059236004948616,0.0018904244061559439,-0.11454986780881882,0.0002243024209747091,0.023346932604908943,-0.0003584024670999497,-0.015366093255579472
1.0850000000000009,0.012997264973819256,0.012997264973819256,nan,nan,nan,nan,0.07608213275671005,0.0,0.08208689093589783,0.18272490799427032,0.0,0.0,0.0,0.0,0.007000000216066837,0.014000000432133675,64.0,0.19782386720180511,1.4755698442459106,0.014175660908222198,15.780288696289062,0.006004755850881338,0.004716633353382349,0.08079876750707626,0.0,1.0,0.007853817194700241,0.12352596968412399,9.0,1.0,0.0,0.0,0.01299725379794836,-1.1175870895385742e-08,nan,0.0005826501874253154,0.0,0.0,0.0,0.0,0.0,0.0,0.0,0.0,0.0,0.0,0.0,0.0,0.0,0.0,0.0,0.0,0.0,0.0,0.0,0.0,0.0,0.10311225801706314,0.0021323563996702433,-0.11153077334165573,0.00021496789122465998,0.02277996949851513,-0.0003987393283750862,-0.014993971213698387,0.10495571792125702,0.001984835835173726,-0.11351125687360764,0.00021990480308886617,0.023153794929385185,-0.00037407869240269065,-0.015239364467561245,0.10495571792125702,0.001984835835173726,-0.11351125687360764,0.00021990480308886617,0.023153794929385185,-0.00037407869240269065,-0.015239364467561245,0.10495571792125702,0.001984835835173726,-0.11351125687360764,0.00021990480308886617,0.023153794929385185,-0.00037407869240269065,-0.015239364467561245,0.10495571792125702,0.001984835835173726,-0.11351125687360764,0.00021990480308886617,0.023153794929385185,-0.00037407869240269065,-0.015239364467561245
1.1780000000000008,0.0136220408603549,0.0136220408603549,nan,nan,nan,nan,0.0799846276640892,0.0,0.08592616021633148,0.1833786964416504,0.0,0.0,0.0,0.0,0.004999999888241291,0.017000000923871994,64.0,0.1978364884853363,0.6899936199188232,0.008811242878437042,16.402034759521484,0.005941534414887428,0.0064992234110832214,0.08648385107517242,0.0119882021099329,1.0,0.007755789905786514,0.16986319422721863,9.0,1.0,0.0,0.0,0.013622038997709751,-1.862645149230957e-09,nan,0.0005686572403647006,0.0,0.0,0.0,0.0,0.0,0.0,0.0,0.0,0.0,0.0,0.0,0.0,0.0,0.0,0.0,0.0,0.0,0.0,0.0,0.0,0.0,0.10187376290559769,0.002373726572841406,-0.11021503806114197,0.00027682114159688354,0.022564250975847244,-0.00046419783029705286,-0.014854510314762592,0.1036318689584732,0.002141171833500266,-0.11209404468536377,0.000233066501095891,0.022897962480783463,-0.00040637413621880114,-0.015071108005940914,0.1036318689584732,0.002141171833500266,-0.11209404468536377,0.000233066501095891,0.022897962480783463,-0.00040637413621880114,-0.015071108005940914,0.1036318689584732,0.002141171833500266,-0.11209404468536377,0.000233066501095891,0.022897962480783463,-0.00040637413621880114,-0.015071108005940914,0.1036318689584732,0.002141171833500266,-0.11209404468536377,0.000233066501095891,0.022897962480783463,-0.00040637413621880114,-0.015071108005940914
1.222999999999999,0.013824324123561382,0.013824324123561382,nan,nan,nan,nan,0.08125714212656021,0.0,0.08714020997285843,0.18358950316905975,0.0,0.0,0.0,0.0,0.004999999888241291,0.008999999612569809,64.0,0.1978486329317093,0.8979849815368652,0.010563991963863373,14.508021354675293,0.005883068311959505,0.005456042010337114,0.08671318739652634,0.0,1.0,0.007672331295907497,0.1426171362400055,9.0,1.0,0.0,0.0,0.013824311085045338,-1.30385160446167e-08,nan,0.0005551523063331842,0.0,0.0,0.0,0.0,0.0,0.0,0.0,0.0,0.0,0.0,0.0,0.0,0.0,0.0,0.0,0.0,0.0,0.0,0.0,0.0,0.0,0.10061293840408325,0.002425507875159383,-0.10885801911354065,0.00026134177460335195,0.022305352613329887,-0.00044592772610485554,-0.014679783023893833,0.10250647366046906,0.0022460424806922674,-0.11088758707046509,0.00025042056222446263,0.02267591282725334,-0.00042779851355589926,-0.014925586059689522,0.10250647366046906,0.0022460424806922674,-0.11088758707046509,0.00025042056222446263,0.02267591282725334,-0.00042779851355589926,-0.014925586059689522,0.10250647366046906,0.0022460424806922674,-0.11088758707046509,0.00025042056222446263,0.02267591282725334,-0.00042779851355589926,-0.014925586059689522,0.10250647366046906,0.0022460424806922674,-0.11088758707046509,0.00025042056222446263,0.02267591282725334,-0.00042779851355589926,-0.014925586059689522
1.2689999999999984,0.01422670017927885,0.01422670017927885,nan,nan,nan,nan,0.08376838266849518,0.0,0.08960738778114319,0.18401511013507843,0.0,0.0,0.0,0.0,0.0,0.027000000700354576,64.0,0.1978534609079361,0.7492266893386841,0.009971670806407928,10.858209609985352,0.005839002318680286,0.005451022181659937,0.08921940624713898,0.007425400428473949,1.0,0.0076049575582146645,0.1422657072544098,9.0,1.0,0.0,0.0,0.014226683415472507,-1.6763806343078613e-08,nan,0.0005481184925884008,0.0,0.0,0.0,0.0,0.0,0.0,0.0,0.0,0.0,0.0,0.0,0.0,0.0,0.0,0.0,0.0,0.0,0.0,0.0,0.0,0.0,0.10002879798412323,0.0025772510562092066,-0.10824531316757202,0.00031865108758211136,0.02221672423183918,-0.0005135923274792731,-0.014623235911130905,0.10159420222043991,0.002362863626331091,-0.1099136620759964,0.0002647586807142943,0.02250530570745468,-0.0004486717516556382,-0.014813120476901531,0.10159420222043991,0.002362863626331091,-0.1099136620759964,0.0002647586807142943,0.02250530570745468,-0.0004486717516556382,-0.014813120476901531,0.10159420222043991,0.002362863626331091,-0.1099136620759964,0.0002647586807142943,0.02250530570745468,-0.0004486717516556382,-0.014813120476901531,0.10159420222043991,0.002362863626331091,-0.1099136620759964,0.0002647586807142943,0.02250530570745468,-0.0004486717516556382,-0.014813120476901531
1.3389999999999986,0.014625360257923603,0.014625360257923603,nan,nan,nan,nan,0.08626095205545425,0.0,0.0920572504401207,0.18443942070007324,0.0,0.0,0.0,0.0,0.0,0.03500000014901161,64.0,0.19787058234214783,1.3238238096237183,0.016722828149795532,10.292460441589355,0.005796295125037432,0.005400523077696562,0.0916614755988121,0.00568064209073782,1.0,0.0075408765114843845,0.14072148501873016,9.0,1.0,0.0,0.0,0.01462534535676241,-1.4901161193847656e-08,nan,0.0005365635734051466,0.0,0.0,0.0,0.0,0.0,0.0,0.0,0.0,0.0,0.0,0.0,0.0,0.0,0.0,0.0,0.0,0.0,0.0,0.0,0.0,0.0,0.09878832846879959,0.0026509584859013557,-0.1069144457578659,0.00025064306100830436,0.02197462134063244,-0.0005003096302971244,-0.014462744817137718,0.10072760283946991,0.002452738583087921,-0.10898744314908981,0.0002714144648052752,0.022340193390846252,-0.00046485502389259636,-0.014704149216413498,0.10072760283946991,0.002452738583087921,-0.10898744314908981,0.0002714144648052752,0.022340193390846252,-0.00046485502389259636,-0.014704149216413498,0.10072760283946991,0.002452738583087921,-0.10898744314908981,0.0002714144648052752,0.022340193390846252,-0.00046485502389259636,-0.014704149216413498,0.10072760283946991,0.002452738583087921,-0.10898744314908981,0.0002714144648052752,0.022340193390846252,-0.00046485502389259636,-0.014704149216413498
1.4050000000000011,0.014824018813669682,0.014824018813669682,nan,nan,nan,nan,0.08750662207603455,0.0,0.09325046092271805,0.18465173244476318,0.0,0.0,0.0,0.0,0.004000000189989805,0.014000000432133675,64.0,0.19788606464862823,1.2973119020462036,0.014805234968662262,9.369818687438965,0.005743836518377066,0.0054126279428601265,0.0929192528128624,0.0,1.0,0.007466665469110012,0.14091667532920837,9.0,1.0,0.0,0.0,0.014824013225734234,-5.587935447692871e-09,nan,0.0005272041307762265,0.0,0.0,0.0,0.0,0.0,0.0,0.0,0.0,0.0,0.0,0.0,0.0,0.0,0.0,0.0,0.0,0.0,0.0,0.0,0.0,0.0,0.09756152331829071,0.0027556992135941982,-0.10560555756092072,0.00025293006910942495,0.02174256555736065,-0.000525090959854424,-0.01431278232485056,0.09972599148750305,0.0025293997023254633,-0.10791466385126114,0.0002657386939972639,0.022145049646496773,-0.00047941695083864033,-0.014575797133147717,0.09972599148750305,0.0025293997023254633,-0.10791466385126114,0.0002657386939972639,0.022145049646496773,-0.00047941695083864033,-0.014575797133147717,0.09972599148750305,0.0025293997023254633,-0.10791466385126114,0.0002657386939972639,0.022145049646496773,-0.00047941695083864033,-0.014575797133147717,0.09972599148750305,0.0025293997023254633,-0.10791466385126114,0.0002657386939972639,0.022145049646496773,-0.00047941695083864033,-0.014575797133147717
1.4810000000000016,0.015414678491652012,0.015414678491652012,nan,nan,nan,nan,0.09119433164596558,0.0,0.09687986969947815,0.18528121709823608,0.0,0.0,0.0,0.0,0.006000000052154064,0.014999999664723873,64.0,0.1979014277458191,3.2659099102020264,0.024206005036830902,11.352130889892578,0.005685534793883562,0.0064882212318480015,0.09768255054950714,0.013086573220789433,1.0,0.007380623370409012,0.16859599947929382,9.0,1.0,0.0,0.0,0.01541465986520052,-1.862645149230957e-08,nan,0.000515375635586679,0.0,0.0,0.0,0.0,0.0,0.0,0.0,0.0,0.0,0.0,0.0,0.0,0.0,0.0,0.0,0.0,0.0,0.0,0.0,0.0,0.0,0.09639615565538406,0.0029305219650268555,-0.10436536371707916,0.0003256538766436279,0.021536754444241524,-0.0005464846035465598,-0.014170671813189983,0.09856249392032623,0.0026343686040490866,-0.10667101293802261,0.0002714117872528732,0.021923420950770378,-0.000498973939102143,-0.014429790899157524,0.09856249392032623,0.0026343686040490866,-0.10667101293802261,0.0002714117872528732,0.021923420950770378,-0.000498973939102143,-0.014429790899157524,0.09856249392032623,0.0026343686040490866,-0.10667101293802261,0.0002714117872528732,0.021923420950770378,-0.000498973939102143,-0.014429790899157524,0.09856249392032623,0.0026343686040490866,-0.10667101293802261,0.0002714117872528732,0.021923420950770378,-0.000498973939102143,-0.014429790899157524
1.5470000000000006,0.015804432332515717,0.015804432332515717,nan,nan,nan,nan,0.09363381564617157,0.0,0.09924205392599106,0.18569563329219818,0.0,0.0,0.0,0.0,0.0,0.01899999938905239,64.0,0.19792558252811432,0.8313683867454529,0.009736046195030212,10.527276039123535,0.005608237814158201,0.005278278142213821,0.09891209006309509,0.0,1.0,0.007269126363098621,0.13700485229492188,9.0,1.0,0.0,0.0,0.015804428607225418,-3.725290298461914e-09,nan,0.0005015018978156149,0.0,0.0,0.0,0.0,0.0,0.0,0.0,0.0,0.0,0.0,0.0,0.0,0.0,0.0,0.0,0.0,0.0,0.0,0.0,0.0,0.0,0.09455615282058716,0.002996622584760189,-0.10239068418741226,0.0003107578377239406,0.021167082712054253,-0.000568876217585057,-0.013930197805166245,0.09705201536417007,0.0027900708373636007,-0.10505916178226471,0.0002895270299632102,0.021643618121743202,-0.0005322531214915216,-0.01424497365951538,0.09705201536417007,0.0027900708373636007,-0.10505916178226471,0.0002895270299632102,0.021643618121743202,-0.0005322531214915216,-0.01424497365951538,0.09705201536417007,0.0027900708373636007,-0.10505916178226471,0.0002895270299632102,0.021643618121743202,-0.0005322531214915216,-0.01424497365951538,0.09705201536417007,0.0027900708373636007,-0.10505916178226471,0.0002895270299632102,0.021643618121743202,-0.0005322531214915216,-0.01424497365951538
1.6370000000000005,0.016189828515052795,0.016189828515052795,nan,nan,nan,nan,0.09604928642511368,0.0,0.10157833248376846,0.18610724806785583,0.0,0.0,0.0,0.0,0.004000000189989805,0.014999999664723873,64.0,0.1979396641254425,0.5029476881027222,0.009183771908283234,10.061908721923828,0.005529044661670923,0.005261707119643688,0.10131099075078964,0.0,1.0,0.007155593018978834,0.1364675760269165,9.0,1.0,0.0,0.0,0.0161898173391819,-1.1175870895385742e-08,nan,0.0004844572104047984,0.0,0.0,0.0,0.0,0.0,0.0,0.0,0.0,0.0,0.0,0.0,0.0,0.0,0.0,0.0,0.0,0.0,0.0,0.0,0.0,0.0,0.09339751303195953,0.0031401438172906637,-0.10116127133369446,0.00027296715416014194,0.02097230590879917,-0.0005772343138232827,-0.013799779117107391,0.09551480412483215,0.002930542454123497,-0.10341756045818329,0.0002809630532283336,0.021357733756303787,-0.000547887641005218,-0.014055503532290459,0.09551480412483215,0.002930542454123497,-0.10341756045818329,0.0002809630532283336,0.021357733756303787,-0.000547887641005218,-0.014055503532290459,0.09551480412483215,0.002930542454123497,-0.10341756045818329,0.0002809630532283336,0.021357733756303787,-0.000547887641005218,-0.014055503532290459,0.09551480412483215,0.002930542454123497,-0.10341756045818329,0.0002809630532283336,0.021357733756303787,-0.000547887641005218,-0.014055503532290459
1.6829999999999998,0.01659359410405159,0.01659359410405159,nan,nan,nan,nan,0.09857171773910522,0.0,0.10405680537223816,0.18653421103954315,0.0,0.0,0.0,0.0,0.007000000216066837,0.012000000104308128,64.0,0.19795018434524536,0.7098959684371948,0.009308569133281708,10.182950973510742,0.005485085304826498,0.005899674724787474,0.10447139292955399,0.01583000086247921,1.0,0.007091616280376911,0.15284396708011627,9.0,1.0,0.0,0.0,0.016593579202890396,-1.4901161193847656e-08,nan,0.0004748940991703421,0.0,0.0,0.0,0.0,0.0,0.0,0.0,0.0,0.0,0.0,0.0,0.0,0.0,0.0,0.0,0.0,0.0,0.0,0.0,0.0,0.0,0.0928078219294548,0.0033019687980413437,-0.10054316371679306,0.0004353025578893721,0.0208857674151659,-0.0006395459058694541,-0.013745428062975407,0.094647616147995,0.0030139577575027943,-0.10249274969100952,0.00029624172020703554,0.021197685971856117,-0.0005637666909024119,-0.013949783518910408,0.094647616147995,0.0030139577575027943,-0.10249274969100952,0.00029624172020703554,0.021197685971856117,-0.0005637666909024119,-0.013949783518910408,0.094647616147995,0.0030139577575027943,-0.10249274969100952,0.00029624172020703554,0.021197685971856117,-0.0005637666909024119,-0.013949783518910408,0.094647616147995,0.0030139577575027943,-0.10249274969100952,0.00029624172020703554,0.021197685971856117,-0.0005637666909024119,-0.013949783518910408
1.7369999999999983,0.016782861202955246,0.016782861202955246,nan,nan,nan,nan,0.09976039081811905,0.0,0.10519246011972427,0.1867293417453766,0.0,0.0,0.0,0.0,0.008999999612569809,0.00800000037997961,64.0,0.19796498119831085,1.129002332687378,0.008800067007541656,13.228913307189941,0.005432067438960075,0.004952659830451012,0.10471305251121521,0.0,1.0,0.007015749346464872,0.12825065851211548,9.0,1.0,0.0,0.0,0.01678285002708435,-1.1175870895385742e-08,nan,0.0004642512940336019,0.0,0.0,0.0,0.0,0.0,0.0,0.0,0.0,0.0,0.0,0.0,0.0,0.0,0.0,0.0,0.0,0.0,0.0,0.0,0.0,0.0,0.09159786999225616,0.003288860199972987,-0.09923714399337769,0.0003767928574234247,0.020631933584809303,-0.000620876788161695,-0.01357287634164095,0.09361857920885086,0.003119909204542637,-0.10139580816030502,0.000332981173414737,0.02100999280810356,-0.0005874440539628267,-0.013825097121298313,0.09361857920885086,0.003119909204542637,-0.10139580816030502,0.000332981173414737,0.02100999280810356,-0.0005874440539628267,-0.013825097121298313,0.09361857920885086,0.003119909204542637,-0.10139580816030502,0.000332981173414737,0.02100999280810356,-0.0005874440539628267,-0.013825097121298313,0.09361857920885086,0.003119909204542637,-0.10139580816030502,0.000332981173414737,0.02100999280810356,-0.0005874440539628267,-0.013825097121298313
1.806000000000001,0.017158370465040207,0.017158370465040207,nan,nan,nan,nan,0.10210666805505753,0.0,0.1074843481183052,0.18712154030799866,0.0,0.0,0.0,0.0,0.004000000189989805,0.012000000104308128,64.0,0.19797182083129883,2.2842538356781006,0.019541941583156586,10.865653038024902,0.005377678666263819,0.006032099016010761,0.10813876986503601,0.0,1.0,0.006938899867236614,0.15602821111679077,9.0,1.0,0.0,0.0,0.017158355563879013,-1.4901161193847656e-08,nan,0.0004551011952571571,0.0,0.0,0.0,0.0,0.0,0.0,0.0,0.0,0.0,0.0,0.0,0.0,0.0,0.0,0.0,0.0,0.0,0.0,0.0,0.0,0.0,0.09041465073823929,0.003332429798319936,-0.09797348827123642,0.00033312226878479123,0.020403852686285973,-0.0006339889368973672,-0.013425503857433796,0.09257751703262329,0.0031978751067072153,-0.10028494894504547,0.0003303578996565193,0.0208163782954216,-0.0006062426837161183,-0.013697819784283638,0.09257751703262329,0.0031978751067072153,-0.10028494894504547,0.0003303578996565193,0.0208163782954216,-0.0006062426837161183,-0.013697819784283638,0.09257751703262329,0.0031978751067072153,-0.10028494894504547,0.0003303578996565193,0.0208163782954216,-0.0006062426837161183,-0.013697819784283638,0.09257751703262329,0.0031978751067072153,-0.10028494894504547,0.0003303578996565193,0.0208163782954216,-0.0006062426837161183,-0.013697819784283638
1.873000000000001,0.017530038952827454,0.017530038952827454,nan,nan,nan,nan,0.10443049669265747,0.0,0.1097555086016655,0.1875057965517044,0.0,0.0,0.0,0.0,0.00800000037997961,0.008999999612569809,64.0,0.1979927271604538,0.6112856864929199,0.011621974408626556,9.641773223876953,0.005325010046362877,0.005007294937968254,0.10943779349327087,0.0,1.0,0.006862595211714506,0.12933117151260376,9.0,1.0,0.0,0.0,0.01753002032637596,-1.862645149230957e-08,nan,0.00044459610944613814,0.0,0.0,0.0,0.0,0.0,0.0,0.0,0.0,0.0,0.0,0.0,0.0,0.0,0.0,0.0,0.0,0.0,0.0,0.0,0.0,0.0,0.08932211995124817,0.0034829112701117992,-0.09681662917137146,0.000325141882058233,0.020231222733855247,-0.0006520673050545156,-0.013318561017513275,0.09153975546360016,0.00330882309935987,-0.09918158501386642,0.0003551632980816066,0.020634246990084648,-0.0006327907904051244,-0.01357746310532093,0.09153975546360016,0.00330882309935987,-0.09918158501386642,0.0003551632980816066,0.020634246990084648,-0.0006327907904051244,-0.01357746310532093,0.09153975546360016,0.00330882309935987,-0.09918158501386642,0.0003551632980816066,0.020634246990084648,-0.0006327907904051244,-0.01357746310532093,0.09153975546360016,0.00330882309935987,-0.09918158501386642,0.0003551632980816066,0.020634246990084648,-0.0006327907904051244,-0.01357746310532093
1.9319999999999986,0.017898879945278168,0.017898879945278168,nan,nan,nan,nan,0.10673968493938446,0.0,0.11199024319648743,0.18788209557533264,0.0,0.0,0.0,0.0,0.0020000000949949026,0.010999999940395355,64.0,0.19800525903701782,0.6114840507507324,0.009122304618358612,10.741203308105469,0.005250559188425541,0.00496250856667757,0.11170219630002975,0.0,1.0,0.0067579797469079494,0.1280224323272705,9.0,1.0,0.0,0.0,0.01789887249469757,-7.450580596923828e-09,nan,0.0004312618693802506,0.0,0.0,0.0,0.0,0.0,0.0,0.0,0.0,0.0,0.0,0.0,0.0,0.0,0.0,0.0,0.0,0.0,0.0,0.0,0.0,0.0,0.08821560442447662,0.0035926492419093847,-0.09564269334077835,0.00037112797144800425,0.020037895068526268,-0.0006770977051928639,-0.013187172822654247,0.09012116491794586,0.003416019957512617,-0.09766872972249985,0.00035100834793411195,0.020374562591314316,-0.0006473845569416881,-0.01340874470770359,0.09012116491794586,0.003416019957512617,-0.09766872972249985,0.00035100834793411195,0.020374562591314316,-0.0006473845569416881,-0.01340874470770359,0.09012116491794586,0.003416019957512617,-0.09766872972249985,0.00035100834793411195,0.020374562591314316,-0.0006473845569416881,-0.01340874470770359,0.09012116491794586,0.003416019957512617,-0.09766872972249985,0.00035100834793411195,0.020374562591314316,-0.0006473845569416881,-0.01340874470770359
2.0489999999999995,0.018263302743434906,0.018263302743434906,nan,nan,nan,nan,0.10901516675949097,0.0,0.11422234028577805,0.18824933469295502,0.0,0.0,0.0,0.0,-0.0010000000474974513,0.017999999225139618,64.0,0.19801221787929535,2.0067243576049805,0.015187077224254608,11.077268600463867,0.005207170732319355,0.0059299045242369175,0.11494506895542145,0.010088914074003696,1.0,0.0066964877769351006,0.15279340744018555,9.0,1.0,0.0,0.0,0.01826329156756401,-1.1175870895385742e-08,nan,0.0004242456052452326,0.0,0.0,0.0,0.0,0.0,0.0,0.0,0.0,0.0,0.0,0.0,0.0,0.0,0.0,0.0,0.0,0.0,0.0,0.0,0.0,0.0,0.08765310794115067,0.003634066553786397,-0.09504702687263489,0.00037772374344058335,0.019937561824917793,-0.0006901544402353466,-0.013121613301336765,0.08928472548723221,0.003489997237920761,-0.09678000211715698,0.00035999322426505387,0.020226309075951576,-0.0006615452002733946,-0.013311308808624744,0.08928472548723221,0.003489997237920761,-0.09678000211715698,0.00035999322426505387,0.020226309075951576,-0.0006615452002733946,-0.013311308808624744,0.08928472548723221,0.003489997237920761,-0.09678000211715698,0.00035999322426505387,0.020226309075951576,-0.0006615452002733946,-0.013311308808624744,0.08928472548723221,0.003489997237920761,-0.09678000211715698,0.00035999322426505387,0.020226309075951576,-0.0006615452002733946,-0.013311308808624744
2.1479999999999997,0.018984191119670868,0.018984191119670868,nan,nan,nan,nan,0.11351699382066727,0.0,0.11863549053668976,0.18894721567630768,0.0,0.0,0.0,0.0,-0.0020000000949949026,0.023000000044703484,64.0,0.1980389803647995,0.8121626377105713,0.013523735105991364,22.108078002929688,0.005118498113006353,0.005867206025868654,0.11938419938087463,0.007826348766684532,1.0,0.00657262746244669,0.15103258192539215,9.0,1.0,0.0,0.0,0.01898418739438057,-3.725290298461914e-09,nan,0.0004105206171516329,0.0,0.0,0.0,0.0,0.0,0.0,0.0,0.0,0.0,0.0,0.0,0.0,0.0,0.0,0.0,0.0,0.0,0.0,0.0,0.0,0.0,0.08548209071159363,0.0037972177378833294,-0.09273330122232437,0.00040662597166374326,0.019550306722521782,-0.0007279901765286922,-0.01286479365080595,0.08760106563568115,0.003630491439253092,-0.09498897194862366,0.0003798063553404063,0.019928928464651108,-0.0006923259934410453,-0.013114617206156254,0.08760106563568115,0.003630491439253092,-0.09498897194862366,0.0003798063553404063,0.019928928464651108,-0.0006923259934410453,-0.013114617206156254,0.08760106563568115,0.003630491439253092,-0.09498897194862366,0.0003798063553404063,0.019928928464651108,-0.0006923259934410453,-0.013114617206156254,0.08760106563568115,0.003630491439253092,-0.09498897194862366,0.0003798063553404063,0.019928928464651108,-0.0006923259934410453,-0.013114617206156254
2.2349999999999994,0.019518032670021057,0.019518032670021057,nan,nan,nan,nan,0.11685460805892944,0.0,0.121891550719738,0.18944041430950165,0.0,0.0,0.0,0.0,0.0020000000949949026,0.017999999225139618,64.0,0.19806773960590363,0.9829466938972473,0.010594725608825684,10.098608016967773,0.005036940798163414,0.00476783188059926,0.12162244319915771,0.0,1.0,0.00646169250831008,0.12259907275438309,9.0,1.0,0.0,0.0,0.019518021494150162,-1.1175870895385742e-08,nan,0.00039708081749267876,0.0,0.0,0.0,0.0,0.0,0.0,0.0,0.0,0.0,0.0,0.0,0.0,0.0,0.0,0.0,0.0,0.0,0.0,0.0,0.0,0.0,0.08326060324907303,0.0038434965535998344,-0.09035490453243256,0.000367059838026762,0.019114889204502106,-0.0007341706077568233,-0.01257987879216671,0.08609741181135178,0.00371982017531991,-0.09338510781526566,0.00038368796231225133,0.01965148188173771,-0.000707690604031086,-0.012931150384247303,0.08609741181135178,0.00371982017531991,-0.09338510781526566,0.00038368796231225133,0.01965148188173771,-0.000707690604031086,-0.012931150384247303,0.08609741181135178,0.00371982017531991,-0.09338510781526566,0.00038368796231225133,0.01965148188173771,-0.000707690604031086,-0.012931150384247303,0.08609741181135178,0.00371982017531991,-0.09338510781526566,0.00038368796231225133,0.01965148188173771,-0.000707690604031086,-0.012931150384247303
2.2639999999999993,0.01969435065984726,0.01969435065984726,nan,nan,nan,nan,0.11796331405639648,0.0,0.12295585125684738,0.18959811329841614,0.0,0.0,0.0,0.0,0.004999999888241291,0.006000000052154064,64.0,0.19807551801204681,0.5125542879104614,0.008396804332733154,10.245769500732422,0.004992536269128323,0.004759008064866066,0.1227223202586174,0.0,1.0,0.006400696001946926,0.12235283851623535,9.0,1.0,0.0,0.0,0.019694335758686066,-1.4901161193847656e-08,nan,0.0003864252066705376,0.0,0.0,0.0,0.0,0.0,0.0,0.0,0.0,0.0,0.0,0.0,0.0,0.0,0.0,0.0,0.0,0.0,0.0,0.0,0.0,0.0,0.08278711885213852,0.003964131698012352,-0.08986616134643555,0.0003984930517617613,0.01906670816242695,-0.0007508627604693174,-0.012545989826321602,0.08526907116174698,0.0037727549206465483,-0.09250316023826599,0.0003845874744001776,0.019501758739352226,-0.0007174871861934662,-0.012832742184400558,0.08526907116174698,0.0037727549206465483,-0.09250316023826599,0.0003845874744001776,0.019501758739352226,-0.0007174871861934662,-0.012832742184400558,0.08526907116174698,0.0037727549206465483,-0.09250316023826599,0.0003845874744001776,0.019501758739352226,-0.0007174871861934662,-0.012832742184400558,0.08526907116174698,0.0037727549206465483,-0.09250316023826599,0.0003845874744001776,0.019501758739352226,-0.0007174871861934662,-0.012832742184400558
2.3359999999999985,0.02004281058907509,0.02004281058907509,nan,nan,nan,nan,0.12014347314834595,0.0,0.125061497092247,0.18990209698677063,0.0,0.0,0.0,0.0,0.008999999612569809,0.019999999552965164,64.0,0.1980927437543869,3.415302276611328,0.01383945345878601,14.200974464416504,0.004918016958981752,0.004680814687162638,0.12482428550720215,0.0,1.0,0.006297735031694174,0.12018999457359314,9.0,1.0,0.0,0.0,0.02004280313849449,-7.450580596923828e-09,nan,0.00037653790786862373,0.0,0.0,0.0,0.0,0.0,0.0,0.0,0.0,0.0,0.0,0.0,0.0,0.0,0.0,0.0,0.0,0.0,0.0,0.0,0.0,0.0,0.08173923939466476,0.004017355851829052,-0.0887468159198761,0.0004090913280379027,0.01887611299753189,-0.0007826124783605337,-0.012417322024703026,0.08386896550655365,0.0038740725722163916,-0.0910140872001648,0.0003923995536752045,0.019254839047789574,-0.0007387686637230217,-0.012669764459133148,0.08386896550655365,0.0038740725722163916,-0.0910140872001648,0.0003923995536752045,0.019254839047789574,-0.0007387686637230217,-0.012669764459133148,0.08386896550655365,0.0038740725722163916,-0.0910140872001648,0.0003923995536752045,0.019254839047789574,-0.0007387686637230217,-0.012669764459133148,0.08386896550655365,0.0038740725722163916,-0.0910140872001648,0.0003923995536752045,0.019254839047789574,-0.0007387686637230217,-0.012669764459133148
2.401,0.020386721938848495,0.020386721938848495,nan,nan,nan,nan,0.12229769676923752,0.0,0.12715257704257965,0.19019584357738495,0.0,0.0,0.0,0.0,0.003000000026077032,0.010999999940395355,64.0,0.19810625910758972,0.9111985564231873,0.00939890742301941,10.695737838745117,0.004854874685406685,0.004610131960362196,0.1269078254699707,0.0,1.0,0.006210386753082275,0.11819366365671158,9.0,1.0,0.0,0.0,0.0203867144882679,-7.450580596923828e-09,nan,0.00036442180862650275,0.0,0.0,0.0,0.0,0.0,0.0,0.0,0.0,0.0,0.0,0.0,0.0,0.0,0.0,0.0,0.0,0.0,0.0,0.0,0.0,0.0,0.08070715516805649,0.004060008563101292,-0.08764275908470154,0.00043292707414366305,0.01867613196372986,-0.0007725130417384207,-0.012287350371479988,0.08268134295940399,0.003960030619055033,-0.08975072205066681,0.00040819880086928606,0.019045036286115646,-0.000756101100705564,-0.012530802749097347,0.08268134295940399,0.003960030619055033,-0.08975072205066681,0.00040819880086928606,0.019045036286115646,-0.000756101100705564,-0.012530802749097347,0.08268134295940399,0.003960030619055033,-0.08975072205066681,0.00040819880086928606,0.019045036286115646,-0.000756101100705564,-0.012530802749097347,0.08268134295940399,0.003960030619055033,-0.08975072205066681,0.00040819880086928606,0.019045036286115646,-0.000756101100705564,-0.012530802749097347
2.4599999999999973,0.02072497084736824,0.02072497084736824,nan,nan,nan,nan,0.12441360950469971,0.0,0.12921197712421417,0.19047145545482635,0.0,0.0,0.0,0.0,0.0020000000949949026,0.012000000104308128,64.0,0.1981179565191269,1.3582780361175537,0.01437310129404068,17.79428482055664,0.004798369947820902,0.005479928571730852,0.12989354133605957,0.0,1.0,0.006133749149739742,0.14050431549549103,9.0,1.0,0.0,0.0,0.020724959671497345,-1.1175870895385742e-08,nan,0.00035567706800065935,0.0,0.0,0.0,0.0,0.0,0.0,0.0,0.0,0.0,0.0,0.0,0.0,0.0,0.0,0.0,0.0,0.0,0.0,0.0,0.0,0.0,0.07966896891593933,0.004081469960510731,-0.08653223514556885,0.0003915414272341877,0.01848113164305687,-0.0007696724496781826,-0.012160099111497402,0.08164013922214508,0.004024447873234749,-0.08864237368106842,0.0004185916041024029,0.0188587736338377,-0.000768886529840529,-0.012408239766955376,0.08164013922214508,0.004024447873234749,-0.08864237368106842,0.0004185916041024029,0.0188587736338377,-0.000768886529840529,-0.012408239766955376,0.08164013922214508,0.004024447873234749,-0.08864237368106842,0.0004185916041024029,0.0188587736338377,-0.000768886529840529,-0.012408239766955376,0.08164013922214508,0.004024447873234749,-0.08864237368106842,0.0004185916041024029,0.0188587736338377,-0.000768886529840529,-0.012408239766955376
2.535,0.020892761647701263,0.020892761647701263,nan,nan,nan,nan,0.1254662275314331,0.0,0.13022103905677795,0.1906047761440277,0.0,0.0,0.0,0.0,0.004000000189989805,0.010999999940395355,64.0,0.19812361896038055,6.400622367858887,0.021515414118766785,19.387571334838867,0.00475481478497386,0.003992602229118347,0.12945882976055145,0.0,1.0,0.006074644159525633,0.10232124477624893,9.0,1.0,0.0,0.0,0.020892754197120667,-7.450580596923828e-09,nan,0.0003484019835013896,0.0,0.0,0.0,0.0,0.0,0.0,0.0,0.0,0.0,0.0,0.0,0.0,0.0,0.0,0.0,0.0,0.0,0.0,0.0,0.0,0.0,0.07918491214513779,0.004151374567300081,-0.08603036403656006,0.0003771883493755013,0.01842041127383709,-0.0007854214636608958,-0.012119375169277191,0.08083783835172653,0.004064501263201237,-0.08778774738311768,0.0004114526091143489,0.018713684752583504,-0.0007757373386994004,-0.01231312844902277,0.08083783835172653,0.004064501263201237,-0.08778774738311768,0.0004114526091143489,0.018713684752583504,-0.0007757373386994004,-0.01231312844902277,0.08083783835172653,0.004064501263201237,-0.08778774738311768,0.0004114526091143489,0.018713684752583504,-0.0007757373386994004,-0.01231312844902277,0.08083783835172653,0.004064501263201237,-0.08778774738311768,0.0004114526091143489,0.018713684752583504,-0.0007757373386994004,-0.01231312844902277
2.613000000000003,0.02139156684279442,0.02139156684279442,nan,nan,nan,nan,0.12858141958713531,0.0,0.13328216969966888,0.19098441302776337,0.0,0.0,0.0,0.0,-0.0020000000949949026,0.017000000923871994,64.0,0.19813145697116852,1.3203974962234497,0.014008022844791412,13.065118789672852,0.0047007533721625805,0.005129087716341019,0.13371050357818604,0.00976529996842146,1.0,0.006004403345286846,0.13131731748580933,9.0,1.0,0.0,0.0,0.02139156684279442,0.0,nan,0.00034125670208595693,0.0,0.0,0.0,0.0,0.0,0.0,0.0,0.0,0.0,0.0,0.0,0.0,0.0,0.0,0.0,0.0,0.0,0.0,0.0,0.0,0.0,0.07821720838546753,0.004209562670439482,-0.08499649167060852,0.00044411400449462235,0.018239589408040047,-0.0007946391124278307,-0.012007154524326324,0.07988490164279938,0.004109692294150591,-0.08677200227975845,0.00041254429379478097,0.01853906363248825,-0.0007811824325472116,-0.01219942606985569,0.07988490164279938,0.004109692294150591,-0.08677200227975845,0.00041254429379478097,0.01853906363248825,-0.0007811824325472116,-0.01219942606985569,0.07988490164279938,0.004109692294150591,-0.08677200227975845,0.00041254429379478097,0.01853906363248825,-0.0007811824325472116,-0.01219942606985569,0.07988490164279938,0.004109692294150591,-0.08677200227975845,0.00041254429379478097,0.01853906363248825,-0.0007811824325472116,-0.01219942606985569
2.6579999999999977,0.021556511521339417,0.021556511521339417,nan,nan,nan,nan,0.1296168565750122,0.0,0.13427473604679108,0.19110321998596191,0.0,0.0,0.0,0.0,0.003000000026077032,0.009999999776482582,64.0,0.1981426179409027,0.6650509238243103,0.008702278137207031,9.779593467712402,0.004657884128391743,0.004269951488822699,0.13388681411743164,0.0,1.0,0.005945407319813967,0.10928773134946823,9.0,1.0,0.0,0.0,0.021556507796049118,-3.725290298461914e-09,nan,0.000333753734594211,0.0,0.0,0.0,0.0,0.0,0.0,0.0,0.0,0.0,0.0,0.0,0.0,0.0,0.0,0.0,0.0,0.0,0.0,0.0,0.0,0.0,0.07726985216140747,0.004313217476010323,-0.08400071412324905,0.0004700109420809895,0.01810123771429062,-0.0008343247463926673,-0.011907923966646194,0.07908212393522263,0.004160561598837376,-0.08591850847005844,0.0004206612939015031,0.01839911751449108,-0.0007908321567811072,-0.012105750851333141,0.07908212393522263,0.004160561598837376,-0.08591850847005844,0.0004206612939015031,0.01839911751449108,-0.0007908321567811072,-0.012105750851333141,0.07908212393522263,0.004160561598837376,-0.08591850847005844,0.0004206612939015031,0.01839911751449108,-0.0007908321567811072,-0.012105750851333141,0.07908212393522263,0.004160561598837376,-0.08591850847005844,0.0004206612939015031,0.01839911751449108,-0.0007908321567811072,-0.012105750851333141
2.7129999999999974,0.021884072571992874,0.021884072571992874,nan,nan,nan,nan,0.13166524469852448,0.0,0.13627836108207703,0.1913280189037323,0.0,0.0,0.0,0.0,0.007000000216066837,0.00800000037997961,64.0,0.19815461337566376,0.5431734323501587,0.011516734957695007,21.968732833862305,0.004613118711858988,0.00518352584913373,0.13684877753257751,0.0,1.0,0.0058861663565039635,0.13261501491069794,9.0,1.0,0.0,0.0,0.021884053945541382,-1.862645149230957e-08,nan,0.00032701087184250355,0.0,0.0,0.0,0.0,0.0,0.0,0.0,0.0,0.0,0.0,0.0,0.0,0.0,0.0,0.0,0.0,0.0,0.0,0.0,0.0,0.0,0.07624785602092743,0.0042748586274683475,-0.08289309591054916,0.0003951196849811822,0.01788068749010563,-0.0007969256257638335,-0.01176360808312893,0.07827601581811905,0.004209300968796015,-0.08506140857934952,0.00041886878898367286,0.01825958490371704,-0.0007974433246999979,-0.012013490311801434,0.07827601581811905,0.004209300968796015,-0.08506140857934952,0.00041886878898367286,0.01825958490371704,-0.0007974433246999979,-0.012013490311801434,0.07827601581811905,0.004209300968796015,-0.08506140857934952,0.00041886878898367286,0.01825958490371704,-0.0007974433246999979,-0.012013490311801434,0.07827601581811905,0.004209300968796015,-0.08506140857934952,0.00041886878898367286,0.01825958490371704,-0.0007974433246999979,-0.012013490311801434
2.766000000000002,0.02221280336380005,0.02221280336380005,nan,nan,nan,nan,0.1337222009897232,0.0,0.1382831633090973,0.19154028594493866,0.0,0.0,0.0,0.0,0.004999999888241291,0.009999999776482582,64.0,0.1981601119041443,0.4730299115180969,0.008244067430496216,12.886804580688477,0.004560956731438637,0.005265718791633844,0.13898791372776031,0.016212090849876404,1.0,0.005816995166242123,0.13446909189224243,9.0,1.0,0.0,0.0,0.022212788462638855,-1.4901161193847656e-08,nan,0.00031931832199916244,0.0,0.0,0.0,0.0,0.0,0.0,0.0,0.0,0.0,0.0,0.0,0.0,0.0,0.0,0.0,0.0,0.0,0.0,0.0,0.0,0.0,0.0757814273238182,0.0043541002087295055,-0.08241421729326248,0.0004301193985156715,0.017828019335865974,-0.0008434195187874138,-0.011733660474419594,0.0773337259888649,0.0042642997577786446,-0.08406076580286026,0.0004257858090568334,0.018095791339874268,-0.0008138052653521299,-0.011906611733138561,0.0773337259888649,0.0042642997577786446,-0.08406076580286026,0.0004257858090568334,0.018095791339874268,-0.0008138052653521299,-0.011906611733138561,0.0773337259888649,0.0042642997577786446,-0.08406076580286026,0.0004257858090568334,0.018095791339874268,-0.0008138052653521299,-0.011906611733138561,0.0773337259888649,0.0042642997577786446,-0.08406076580286026,0.0004257858090568334,0.018095791339874268,-0.0008138052653521299,-0.011906611733138561
2.8279999999999994,0.022532373666763306,0.022532373666763306,nan,nan,nan,nan,0.13572198152542114,0.0,0.1402267962694168,0.19172899425029755,0.0,0.0,0.0,0.0,0.0020000000949949026,0.017000000923871994,64.0,0.19817616045475006,0.5246689319610596,0.008403323590755463,11.650128364562988,0.004504810553044081,0.005155043210834265,0.14087702333927155,0.009374802000820637,1.0,0.005743143614381552,0.13163818418979645,9.0,1.0,0.0,0.0,0.02253236621618271,-7.450580596923828e-09,nan,0.0003121139307040721,0.0,0.0,0.0,0.0,0.0,0.0,0.0,0.0,0.0,0.0,0.0,0.0,0.0,0.0,0.0,0.0,0.0,0.0,0.0,0.0,0.0,0.07480897009372711,0.004355017561465502,-0.08136860281229019,0.00042310060234740376,0.01762942411005497,-0.0008265098440460861,-0.011599168181419373,0.07632938027381897,0.004314505495131016,-0.08299306780099869,0.00042452572961337864,0.017918074503540993,-0.0008211669628508389,-0.011789390817284584,0.07632938027381897,0.004314505495131016,-0.08299306780099869,0.00042452572961337864,0.017918074503540993,-0.0008211669628508389,-0.011789390817284584,0.07632938027381897,0.004314505495131016,-0.08299306780099869,0.00042452572961337864,0.017918074503540993,-0.0008211669628508389,-0.011789390817284584,0.07632938027381897,0.004314505495131016,-0.08299306780099869,0.00042452572961337864,0.017918074503540993,-0.0008211669628508389,-0.011789390817284584
2.8610000000000007,0.022690843790769577,0.022690843790769577,nan,nan,nan,nan,0.13671600818634033,0.0,0.14118793606758118,0.19181965291500092,0.0,0.0,0.0,0.0,0.0020000000949949026,0.009999999776482582,64.0,0.19818329811096191,0.549451470375061,0.009671784937381744,9.78197193145752,0.004471923224627972,0.005138489417731762,0.14185449481010437,0.015847012400627136,1.0,0.005698353983461857,0.13125775754451752,9.0,1.0,0.0,0.0,0.02269083261489868,-1.1175870895385742e-08,nan,0.0003062714822590351,0.0,0.0,0.0,0.0,0.0,0.0,0.0,0.0,0.0,0.0,0.0,0.0,0.0,0.0,0.0,0.0,0.0,0.0,0.0,0.0,0.0,0.07439051568508148,0.004445813130587339,-0.08093822002410889,0.00046539847971871495,0.017592016607522964,-0.0008619746658951044,-0.01157468557357788,0.07571769505739212,0.004355931654572487,-0.08234478533267975,0.00043742056004703045,0.017815208062529564,-0.0008340412168763578,-0.011721653863787651,0.07571769505739212,0.004355931654572487,-0.08234478533267975,0.00043742056004703045,0.017815208062529564,-0.0008340412168763578,-0.011721653863787651,0.07571769505739212,0.004355931654572487,-0.08234478533267975,0.00043742056004703045,0.017815208062529564,-0.0008340412168763578,-0.011721653863787651,0.07571769505739212,0.004355931654572487,-0.08234478533267975,0.00043742056004703045,0.017815208062529564,-0.0008340412168763578,-0.011721653863787651
2.9150000000000027,0.022848259657621384,0.022848259657621384,nan,nan,nan,nan,0.13770294189453125,0.0,0.14213688671588898,0.1919056922197342,0.0,0.0,0.0,0.0,0.008999999612569809,0.009999999776482582,64.0,0.1981932520866394,0.4877820611000061,0.008316710591316223,21.406892776489258,0.004433941561728716,0.004219165071845055,0.14192210137844086,0.0,1.0,0.0056475186720490456,0.10774942487478256,9.0,1.0,0.0,0.0,0.022848252207040787,-7.450580596923828e-09,nan,0.0003010531363543123,0.0,0.0,0.0,0.0,0.0,0.0,0.0,0.0,0.0,0.0,0.0,0.0,0.0,0.0,0.0,0.0,0.0,0.0,0.0,0.0,0.0,0.07343819737434387,0.004440260585397482,-0.07991382479667664,0.0004464958037715405,0.017395861446857452,-0.0008405830012634397,-0.011446626856923103,0.07502719759941101,0.004386170767247677,-0.08160939812660217,0.00044346804497763515,0.017690539360046387,-0.0008394055184908211,-0.011639797128736973,0.07502719759941101,0.004386170767247677,-0.08160939812660217,0.00044346804497763515,0.017690539360046387,-0.0008394055184908211,-0.011639797128736973,0.07502719759941101,0.004386170767247677,-0.08160939812660217,0.00044346804497763515,0.017690539360046387,-0.0008394055184908211,-0.011639797128736973,0.07502719759941101,0.004386170767247677,-0.08160939812660217,0.00044346804497763515,0.017690539360046387,-0.0008394055184908211,-0.011639797128736973
2.9430000000000014,0.023004714399576187,0.023004714399576187,nan,nan,nan,nan,0.13868357241153717,0.0,0.1430899202823639,0.19197747111320496,0.0,0.0,0.0,0.0,0.0020000000949949026,0.004000000189989805,64.0,0.1981980800628662,0.6836680769920349,0.008662231266498566,9.655926704406738,0.004406352061778307,0.004154151771217585,0.14283771812915802,0.0,1.0,0.005611455533653498,0.10610873252153397,9.0,1.0,0.0,0.0,0.023004699498414993,-1.4901161193847656e-08,nan,0.0002964611630886793,0.0,0.0,0.0,0.0,0.0,0.0,0.0,0.0,0.0,0.0,0.0,0.0,0.0,0.0,0.0,0.0,0.0,0.0,0.0,0.0,0.0,0.07301145792007446,0.004510410130023956,-0.07947396486997604,0.00045306546962819993,0.017351247370243073,-0.0008588494383729994,-0.01141495443880558,0.07453614473342896,0.004411304369568825,-0.08108775317668915,0.0004452747816685587,0.017604701220989227,-0.0008424858679063618,-0.011583159677684307,0.07453614473342896,0.004411304369568825,-0.08108775317668915,0.0004452747816685587,0.017604701220989227,-0.0008424858679063618,-0.011583159677684307,0.07453614473342896,0.004411304369568825,-0.08108775317668915,0.0004452747816685587,0.017604701220989227,-0.0008424858679063618,-0.011583159677684307,0.07453614473342896,0.004411304369568825,-0.08108775317668915,0.0004452747816685587,0.017604701220989227,-0.0008424858679063618,-0.011583159677684307
2.9970000000000034,0.023160509765148163,0.023160509765148163,nan,nan,nan,nan,0.1396593600511551,0.0,0.1440339982509613,0.1920548975467682,0.0,0.0,0.0,0.0,0.003000000026077032,0.00800000037997961,64.0,0.19820290803909302,0.8694948554039001,0.010066665709018707,10.141921043395996,0.00437464052811265,0.004146666266024113,0.14380602538585663,0.0,1.0,0.005569371860474348,0.10587093979120255,9.0,1.0,0.0,0.0,0.02316049486398697,-1.4901161193847656e-08,nan,0.0002924565051216632,0.0,0.0,0.0,0.0,0.0,0.0,0.0,0.0,0.0,0.0,0.0,0.0,0.0,0.0,0.0,0.0,0.0,0.0,0.0,0.0,0.0,0.072527676820755,0.004482762888073921,-0.07894778251647949,0.0004527391865849495,0.017237037420272827,-0.0008538462570868433,-0.011339874938130379,0.07396356761455536,0.004438722040504217,-0.08047938346862793,0.0004477364127524197,0.01750391721725464,-0.0008469402673654258,-0.011516392230987549,0.07396356761455536,0.004438722040504217,-0.08047938346862793,0.0004477364127524197,0.01750391721725464,-0.0008469402673654258,-0.011516392230987549,0.07396356761455536,0.004438722040504217,-0.08047938346862793,0.0004477364127524197,0.01750391721725464,-0.0008469402673654258,-0.011516392230987549,0.07396356761455536,0.004438722040504217,-0.08047938346862793,0.0004477364127524197,0.01750391721725464,-0.0008469402673654258,-0.011516392230987549
3.102999999999998,0.023789532482624054,0.023789532482624054,nan,nan,nan,nan,0.14359018206596375,0.0,0.14789749681949615,0.19232557713985443,0.0,0.0,0.0,0.0,0.004000000189989805,0.026000000536441803,64.0,0.19821570813655853,0.49156415462493896,0.009179115295410156,17.508567810058594,0.004307312425225973,0.004140268545597792,0.14773045480251312,0.0058972775004804134,1.0,0.005486576817929745,0.10579055547714233,9.0,1.0,0.0,0.0,0.02378952130675316,-1.1175870895385742e-08,nan,0.00028624600963667035,0.0,0.0,0.0,0.0,0.0,0.0,0.0,0.0,0.0,0.0,0.0,0.0,0.0,0.0,0.0,0.0,0.0,0.0,0.0,0.0,0.0,0.07117494195699692,0.00457069231197238,-0.07751420140266418,0.00041700585279613733,0.017022836953401566,-0.0008532553329132497,-0.011200757697224617,0.07283801585435867,0.004487598314881325,-0.07928081601858139,0.00044183662976138294,0.017305957153439522,-0.0008531591156497598,-0.011385145597159863,0.07283801585435867,0.004487598314881325,-0.07928081601858139,0.00044183662976138294,0.017305957153439522,-0.0008531591156497598,-0.011385145597159863,0.07283801585435867,0.004487598314881325,-0.07928081601858139,0.00044183662976138294,0.017305957153439522,-0.0008531591156497598,-0.011385145597159863,0.07283801585435867,0.004487598314881325,-0.07928081601858139,0.00044183662976138294,0.017305957153439522,-0.0008531591156497598,-0.011385145597159863
3.174000000000003,0.023942194879055023,0.023942194879055023,nan,nan,nan,nan,0.1445508748292923,0.0,0.14881481230258942,0.19237445294857025,0.0,0.0,0.0,0.0,0.0,0.010999999940395355,64.0,0.19822557270526886,0.7374966740608215,0.010287389159202576,9.444988250732422,0.00426394073292613,0.004329831339418888,0.1488807052373886,0.0,1.0,0.005428567994385958,0.11060908436775208,9.0,1.0,0.0,0.0,0.02394217625260353,-1.862645149230957e-08,nan,0.0002784708049148321,0.0,0.0,0.0,0.0,0.0,0.0,0.0,0.0,0.0,0.0,0.0,0.0,0.0,0.0,0.0,0.0,0.0,0.0,0.0,0.0,0.0,0.07028696686029434,0.004587477073073387,-0.07656306773424149,0.0004655772354453802,0.016846904531121254,-0.0008802221273072064,-0.01108381524682045,0.07204962521791458,0.00451954361051321,-0.0784413069486618,0.00044329825323075056,0.017165523022413254,-0.0008587108459323645,-0.011293165385723114,0.07204962521791458,0.00451954361051321,-0.0784413069486618,0.00044329825323075056,0.017165523022413254,-0.0008587108459323645,-0.011293165385723114,0.07204962521791458,0.00451954361051321,-0.0784413069486618,0.00044329825323075056,0.017165523022413254,-0.0008587108459323645,-0.011293165385723114,0.07204962521791458,0.00451954361051321,-0.0784413069486618,0.00044329825323075056,0.017165523022413254,-0.0008587108459323645,-0.011293165385723114
3.983999999999998,0.024871904402971268,0.024871904402971268,nan,nan,nan,nan,0.14953751862049103,0.0,0.1543925553560257,0.19261643290519714,0.0,0.0,0.0,0.0,-0.0010000000474974513,0.7440000176429749,64.0,0.19823744893074036,5.581378936767578,0.01431535929441452,13.771329879760742,0.004140845965594053,2.6942707336274907e-05,0.15027865767478943,0.0008438933873549104,0.059960588812828064,0.005377665627747774,0.00016710768977645785,9.0,1.0,0.0,0.0,0.024871889501810074,-1.4901161193847656e-08,nan,0.00038227956974878907,-0.011028108187019825,-0.01078004203736782,-0.004043226595968008,-0.20372311770915985,0.0012941743480041623,0.2100498229265213,-0.06418810784816742,-0.013114615343511105,-0.012819616124033928,-0.00480820145457983,-0.24226735532283783,0.001539030927233398,0.24979105591773987,-0.0763324424624443,-0.0026825249660760164,-0.002622184343636036,-0.0009834920056164265,-0.0495544970035553,0.0003148005926050246,0.05109343305230141,-0.015613393858075142,0.06944262236356735,0.0046541704796254635,-0.07567285746335983,0.0004564586270134896,0.0167236365377903,-0.0008893439080566168,-0.011006226763129234,0.07366081327199936,0.006951802875846624,-0.07667049020528793,0.045503418892621994,0.016741162165999413,-0.04732005298137665,0.002991550602018833,0.07097829133272171,0.0043296185322105885,-0.07765398174524307,-0.004051078110933304,0.01705596223473549,0.003773380070924759,-0.012621843256056309,0.07097829133272171,0.0043296185322105885,-0.07765398174524307,-0.004051078110933304,0.01705596223473549,0.003773380070924759,-0.012621843256056309,0.07097829133272171,0.0043296185322105885,-0.07765398174524307,-0.004051078110933304,0.01705596223473549,0.003773380070924759,-0.012621843256056309
4.099999999999998,0.025072608143091202,0.025072608143091202,nan,nan,nan,nan,0.15469014644622803,0.0,0.15650872886180878,0.19259481132030487,0.0,0.0,0.0,0.0,0.0,0.024000000208616257,64.0,0.1981648951768875,11.157844543457031,0.011579133570194244,17.349342346191406,0.0054818433709442616,0.0013761775335296988,0.1524030715227127,0.0,0.7168454527854919,0.007518243044614792,0.0415271557867527,9.0,1.0,0.0,0.0,0.025072593241930008,-1.4901161193847656e-08,nan,0.0008620422449894249,-0.00686137517914176,-0.00931969191879034,-0.0027220542542636395,-0.2017868161201477,0.01135373767465353,0.21891513466835022,-0.032984741032123566,-0.0018525529885664582,-0.0025162920355796814,-0.0007349473889917135,-0.05448190122842789,0.00306547898799181,0.059106502681970596,-0.008905792608857155,0.006329863797873259,0.03140462934970856,-0.003025076352059841,-0.18677151203155518,-0.0016862901393324137,0.19771896302700043,0.04782532528042793,0.06699894368648529,0.004694008268415928,-0.07306753098964691,0.00046828979975543916,0.016259867697954178,-0.0008987808250822127,-0.01069943793118,0.06538515537977219,-0.014665212482213974,-0.07396546751260757,0.11428491771221161,0.017172375693917274,-0.12201067060232162,-0.042077384889125824,0.07171501964330673,0.016739416867494583,-0.07699054479598999,-0.07248659431934357,0.015486085787415504,0.0757082924246788,0.005747940391302109,0.07171501964330673,0.016739416867494583,-0.07699054479598999,-0.07248659431934357,0.015486085787415504,0.0757082924246788,0.005747940391302109,0.07171501964330673,0.016739416867494583,-0.07699054479598999,-0.07248659431934357,0.015486085787415504,0.0757082924246788,0.005747940391302109
4.1889999999999965,0.025462757796049118,0.025462757796049118,nan,nan,nan,nan,0.1495150476694107,0.0,0.15511931478977203,0.1924418956041336,0.0,0.0,0.0,0.0,0.0,0.02800000086426735,64.0,0.19769766926765442,2.0590322017669678,0.010096468031406403,10.920760154724121,0.004703717306256294,0.0030701090581715107,0.1534857153892517,0.005321576725691557,0.9258608222007751,0.013802630826830864,0.10557534545660019,9.0,1.0,0.0,0.0,0.02546275034546852,-7.450580596923828e-09,nan,0.003915592562407255,-0.00686137517914176,-0.00931969191879034,-0.0027220542542636395,-0.2017868161201477,0.01135373767465353,0.21891513466835022,-0.032984741032123566,-0.004349233116954565,-0.005907491315156221,-0.001725433743558824,-0.12790699303150177,0.007196815684437752,0.1387641578912735,-0.02090810053050518,-0.0049003190360963345,0.0009631328284740448,-0.0037935771979391575,-0.26869863271713257,0.011044524610042572,0.2898675799369812,-0.017745906487107277,0.06639214605093002,0.004740199539810419,-0.07237930595874786,0.0004339003062341362,0.01617465168237686,-0.000917410827241838,-0.010641410015523434,0.07231513410806656,0.013563934713602066,-0.07270089536905289,0.09427891671657562,0.009507052600383759,-0.10351285338401794,0.012742463499307632,0.06741481274366379,0.01452706754207611,-0.07649447023868561,-0.17441971600055695,0.02055157721042633,0.18635472655296326,-0.0050034429877996445,0.06741481274366379,0.01452706754207611,-0.07649447023868561,-0.17441971600055695,0.02055157721042633,0.18635472655296326,-0.0050034429877996445,0.06741481274366379,0.01452706754207611,-0.07649447023868561,-0.17441971600055695,0.02055157721042633,0.18635472655296326,-0.0050034429877996445
4.281000000000002,0.025766510516405106,0.025766510516405106,nan,nan,nan,nan,0.15080760419368744,0.0,0.15708813071250916,0.19223792850971222,0.0,0.0,0.0,0.0,0.008999999612569809,0.017999999225139618,64.0,0.19512425363063812,3.921802043914795,0.01680385321378708,13.100683212280273,0.0030090080108493567,0.003159295069053769,0.1572384238243103,0.0,0.9571810960769653,0.01817229762673378,0.15286694467067719,9.0,1.0,0.0,0.0,0.025766495615243912,-1.4901161193847656e-08,nan,0.002155616879463196,-0.01187092624604702,-0.011081756092607975,-0.003917664755135775,-0.20299497246742249,0.00436945166438818,0.21011783182621002,-0.06591944396495819,-0.008921162225306034,-0.00832809042185545,-0.0029441784135997295,-0.1525534838438034,0.003283702302724123,0.1579064130783081,-0.04953935742378235,-0.01305227167904377,-0.010298505425453186,-0.005286832340061665,-0.3131644129753113,0.009984801523387432,0.33056145906448364,-0.06775598227977753,0.06548973172903061,0.004815485794097185,-0.07128231227397919,0.0004500852373894304,0.016117004677653313,-0.0009309203596785665,-0.010618132539093494,0.07432299107313156,0.016244305297732353,-0.07112684845924377,0.0752752423286438,0.0138320317491889,-0.077273428440094,0.03383412957191467,0.06127072125673294,0.0059458003379404545,-0.07641368359327316,-0.23788917064666748,0.023816833272576332,0.25328803062438965,-0.033921852707862854,0.06127072125673294,0.0059458003379404545,-0.07641368359327316,-0.23788917064666748,0.023816833272576332,0.25328803062438965,-0.033921852707862854,0.06127072125673294,0.0059458003379404545,-0.07641368359327316,-0.23788917064666748,0.023816833272576332,0.25328803062438965,-0.033921852707862854
4.363000000000003,0.026244796812534332,0.026244796812534332,nan,nan,nan,nan,0.15773361921310425,0.0,0.15816043317317963,0.19201664626598358,0.0,0.0,0.0,0.0,0.007000000216066837,0.03200000151991844,64.0,0.19158835709095,2.449549674987793,0.01481175422668457,24.11075782775879,0.0029273098334670067,0.003649601712822914,0.158882737159729,0.004636938218027353,0.9621383547782898,0.02058779075741768,0.2623852491378784,9.0,1.0,0.0,0.0,0.026244785636663437,-1.1175870895385742e-08,nan,0.0039964476600289345,0.02144354023039341,0.09141786396503448,-0.003173000644892454,-0.161307230591774,-0.002918005222454667,0.1669905036687851,0.16510151326656342,0.00827869214117527,0.03529362753033638,-0.001224998035468161,-0.06227576360106468,-0.0011265522334724665,0.06446990370750427,0.06374061852693558,-0.001249108463525772,0.03108884021639824,-0.00534762954339385,-0.29260942339897156,0.004880857653915882,0.3056458532810211,0.015365649946033955,0.06513623893260956,0.004907501395791769,-0.07074844092130661,0.0004672350478358567,0.01621733047068119,-0.0009432656224817038,-0.010704917833209038,0.05986737087368965,-0.0224986020475626,-0.07102634012699127,0.01909106969833374,0.018695924431085587,-0.01738506555557251,-0.0570371150970459,0.05861826241016388,0.00859023816883564,-0.07637397199869156,-0.2735183537006378,0.023576783016324043,0.2882607877254486,-0.04167146608233452,0.05861826241016388,0.00859023816883564,-0.07637397199869156,-0.2735183537006378,0.023576783016324043,0.2882607877254486,-0.04167146608233452,0.05861826241016388,0.00859023816883564,-0.07637397199869156,-0.2735183537006378,0.023576783016324043,0.2882607877254486,-0.04167146608233452
4.450999999999997,0.026512518525123596,0.026512518525123596,nan,nan,nan,nan,0.1558246612548828,0.0,0.16016457974910736,0.1918993592262268,0.0,0.0,0.0,0.0,0.007000000216066837,0.014999999664723873,64.0,0.1871665120124817,5.2413716316223145,0.020774081349372864,13.924457550048828,0.003373639192432165,0.004289477132260799,0.16108042001724243,0.00867297314107418,0.9540725946426392,0.020657910034060478,0.3927428126335144,9.0,1.0,0.0,0.0,0.0265125073492527,-1.1175870895385742e-08,nan,0.004114801995456219,-0.03669952601194382,0.017448486760258675,0.004281729459762573,-0.1808568686246872,0.05415131896734238,0.15202565491199493,-0.171979621052742,-0.015516367740929127,0.007377128582447767,0.0018102927133440971,-0.07646533846855164,0.02289489470422268,0.06427565217018127,-0.07271208614110947,-0.027436215430498123,0.028415797278285027,0.0004319627769291401,-0.2795984745025635,0.04201424494385719,0.26511043310165405,-0.11787447333335876,0.06499624997377396,0.0049738576635718346,-0.07041184604167938,0.000449465645942837,0.016384627670049667,-0.0009688946884125471,-0.010849320329725742,0.08013138175010681,-0.008930196985602379,-0.0747373104095459,0.0021756887435913086,-0.008034147322177887,0.017632216215133667,0.05493757873773575,0.05269516259431839,0.019485600292682648,-0.07430534809827805,-0.27742278575897217,0.033980097621679306,0.2827426493167877,-0.06293689459562302,0.05269516259431839,0.019485600292682648,-0.07430534809827805,-0.27742278575897217,0.033980097621679306,0.2827426493167877,-0.06293689459562302,0.05269516259431839,0.019485600292682648,-0.07430534809827805,-0.27742278575897217,0.033980097621679306,0.2827426493167877,-0.06293689459562302
4.523,0.026914332062005997,0.026914332062005997,nan,nan,nan,nan,0.1578100025653839,0.0,0.16260389983654022,0.19183354079723358,0.0,0.0,0.0,0.0,0.0,0.01600000075995922,64.0,0.17750291526317596,2.490307092666626,0.010562129318714142,18.60295867919922,0.002949408022686839,0.003474953817203641,0.16312944889068604,0.0,0.9643675088882446,0.019736716523766518,0.3710772395133972,9.0,1.0,0.0,0.0,0.026914313435554504,-1.862645149230957e-08,nan,0.0037642447277903557,-0.023499026894569397,0.013051597401499748,-0.00876463484019041,-0.19442100822925568,0.010014699772000313,0.21053937077522278,-0.08351036161184311,-0.0,0.0,-0.0,-0.0,0.0,0.0,-0.0,-0.0253179669380188,0.02013760432600975,-0.0045256903395056725,-0.23372383415699005,0.024770326912403107,0.23573291301727295,-0.09936752170324326,0.06488149613142014,0.0051668244414031506,-0.06999806314706802,0.0004849915858358145,0.01676449552178383,-0.001016126130707562,-0.011150763370096684,0.0715976357460022,0.0030588973313570023,-0.06931275874376297,-0.028653547167778015,0.014800939708948135,0.028141319751739502,0.011920154094696045,0.0462796688079834,0.023196501657366753,-0.07383845001459122,-0.26237738132476807,0.03957126662135124,0.26387423276901245,-0.08744736760854721,0.0462796688079834,0.023196501657366753,-0.07383845001459122,-0.26237738132476807,0.03957126662135124,0.26387423276901245,-0.08744736760854721,0.0462796688079834,0.023196501657366753,-0.07383845001459122,-0.26237738132476807,0.03957126662135124,0.26387423276901245,-0.08744736760854721
4.595000000000002,0.027179814875125885,0.027179814875125885,nan,nan,nan,nan,0.1647644340991974,0.0,0.16566850244998932,0.19184203445911407,0.0,0.0,0.0,0.0,0.00800000037997961,0.013000000268220901,64.0,0.1752001941204071,3.0947577953338623,0.01208484172821045,12.675745010375977,0.0038955556228756905,0.004143440630286932,0.16591639816761017,0.010186662897467613,0.9532637000083923,0.01842125877737999,0.44808635115623474,9.0,1.0,0.0,0.0,0.02717980369925499,-1.1175870895385742e-08,nan,0.003304841462522745,0.019684510305523872,0.07300131022930145,0.0017468646401539445,-0.18401004374027252,-0.0016831773100420833,0.19634830951690674,0.10892698913812637,0.0,0.0,0.0,-0.0,-0.0,0.0,0.0,-0.007233734242618084,0.04060535877943039,-0.0023828274570405483,-0.21061046421527863,0.01298914011567831,0.217921644449234,-0.015038976445794106,0.06515088677406311,0.005285983439534903,-0.07009600102901459,0.0004680838028434664,0.017116667702794075,-0.0010580448433756828,-0.011413948610424995,0.055468786507844925,-0.011409521102905273,-0.07130837440490723,-0.03286747634410858,0.024142034351825714,0.028705477714538574,-0.06008540838956833,0.048235051333904266,0.029195837676525116,-0.07369120419025421,-0.2434779405593872,0.0371311753988266,0.24662712216377258,-0.07512438297271729,0.048235051333904266,0.029195837676525116,-0.07369120419025421,-0.2434779405593872,0.0371311753988266,0.24662712216377258,-0.07512438297271729,0.048235051333904266,0.029195837676525116,-0.07369120419025421,-0.2434779405593872,0.0371311753988266,0.24662712216377258,-0.07512438297271729
4.721999999999998,0.027594715356826782,0.027594715356826782,nan,nan,nan,nan,0.16406384110450745,0.0,0.1690416783094406,0.19189035892486572,0.0,0.0,0.0,0.0,0.003000000026077032,0.023000000044703484,64.0,0.16908812522888184,5.71555757522583,0.017587095499038696,20.10532569885254,0.004084854386746883,0.004250235389918089,0.16920705139636993,0.006339310202747583,0.9446730017662048,0.016651226207613945,0.41855546832084656,9.0,1.0,0.0,0.0,0.027594707906246185,-7.450580596923828e-09,nan,0.0027128770016133785,-0.03477225825190544,0.011798091232776642,0.006250378675758839,-0.17034919559955597,0.05952257290482521,0.17663107812404633,-0.15764611959457397,-0.0,0.0,0.0,-0.0,0.0,0.0,-0.0,-0.024899015203118324,0.022126207128167152,0.0031551606953144073,-0.18478384613990784,0.042839184403419495,0.19143477082252502,-0.10651792585849762,0.06518375128507614,0.005481094121932983,-0.06988076865673065,0.00047550388262607157,0.017597906291484833,-0.0011163793969899416,-0.011785206384956837,0.0710027888417244,0.008634120225906372,-0.07367688417434692,-0.02852684259414673,0.0034302733838558197,0.026751548051834106,0.019267946481704712,0.04610377550125122,0.030760327354073524,-0.07052172720432281,-0.21331068873405457,0.046269457787275314,0.21818631887435913,-0.08724997937679291,0.04610377550125122,0.030760327354073524,-0.07052172720432281,-0.21331068873405457,0.046269457787275314,0.21818631887435913,-0.08724997937679291,0.04610377550125122,0.030760327354073524,-0.07052172720432281,-0.21331068873405457,0.046269457787275314,0.21818631887435913,-0.08724997937679291
4.818000000000001,0.028008781373500824,0.028008781373500824,nan,nan,nan,nan,0.1674952656030655,0.0,0.17220735549926758,0.19265489280223846,0.0,0.0,0.0,0.0,0.0020000000949949026,0.020999999716877937,64.0,0.16454727947711945,5.984120845794678,0.01497659832239151,14.18770980834961,0.004304390400648117,0.0032667946070432663,0.17116975784301758,0.0,0.9495725035667419,0.015976442024111748,0.16525374352931976,9.0,1.0,0.0,0.0,0.02800876274704933,-1.862645149230957e-08,nan,0.0023355456069111824,-0.042391616851091385,0.03506498038768768,-0.012253410182893276,-0.17993712425231934,0.03806144744157791,0.2017069309949875,-0.1109573021531105,-0.005724349059164524,0.004734997171908617,-0.0016546383267268538,-0.024297796189785004,0.0051396251656115055,0.027237482368946075,-0.01498311199247837,-0.029531318694353104,0.03730279952287674,-0.0024416656233370304,-0.18370762467384338,0.0518491193652153,0.2085725963115692,-0.07915198802947998,0.06470034271478653,0.005660166032612324,-0.06926178932189941,0.0005086094024591148,0.018031137064099312,-0.0011866335989907384,-0.012113950215280056,0.07254967093467712,-0.0014290101826190948,-0.06736055016517639,-0.013627737760543823,0.006361775100231171,0.0023052990436553955,-0.006232909858226776,0.04301835596561432,0.035873789340257645,-0.06980221718549728,-0.1973353624343872,0.05821089446544647,0.2108778953552246,-0.08538489788770676,0.04301835596561432,0.035873789340257645,-0.06980221718549728,-0.1973353624343872,0.05821089446544647,0.2108778953552246,-0.08538489788770676,0.04301835596561432,0.035873789340257645,-0.06980221718549728,-0.1973353624343872,0.05821089446544647,0.2108778953552246,-0.08538489788770676
4.888999999999999,0.027981150895357132,0.027981150895357132,nan,nan,nan,nan,0.1718282401561737,0.0,0.17288412153720856,0.19198603928089142,0.0,0.0,0.0,0.0,0.0010000000474974513,0.010999999940395355,64.0,0.1642218381166458,3.3086249828338623,0.23159943521022797,11.135085105895996,0.005126576405018568,0.001168766524642706,0.16892631351947784,0.0,0.9431105852127075,0.01626124605536461,0.16454103589057922,9.0,1.0,0.0,0.0,0.027981139719486237,-1.1175870895385742e-08,nan,0.0023249974474310875,0.012030532583594322,0.05916878581047058,0.005221295636147261,-0.19567473232746124,0.013593179173767567,0.2115858644247055,0.055543769150972366,0.004919460508972406,0.024194978177547455,0.002135063987225294,-0.08001425117254257,0.00555844884365797,0.08652054518461227,0.02271265722811222,-0.012729207053780556,0.05498316138982773,0.0005448187002912164,-0.2193857580423355,0.03829851374030113,0.24313253164291382,-0.02125488966703415,0.0646066963672638,0.005684987176209688,-0.06911852210760117,0.0005412516184151173,0.01801382377743721,-0.0011983835138380527,-0.012099388055503368,0.05643188953399658,-0.011884696781635284,-0.07052367180585861,0.018462851643562317,0.02104419469833374,-0.024721473455429077,-0.05298975855112076,0.043702684342861176,0.043098464608192444,-0.06997885555028915,-0.2009229063987732,0.05934270843863487,0.21841105818748474,-0.07424464821815491,0.043702684342861176,0.043098464608192444,-0.06997885555028915,-0.2009229063987732,0.05934270843863487,0.21841105818748474,-0.07424464821815491,0.043702684342861176,0.043098464608192444,-0.06997885555028915,-0.2009229063987732,0.05934270843863487,0.21841105818748474,-0.07424464821815491
5.004999999999999,0.028155934065580368,0.028155934065580368,nan,nan,nan,nan,0.17274294793605804,0.0,0.176020547747612,0.19188649952411652,0.0,0.0,0.0,0.0,0.0,0.03200000151991844,64.0,0.16258594393730164,17.66526985168457,0.013867393136024475,19.05779457092285,0.007365620229393244,0.0019200562965124846,0.17057499289512634,0.0035718546714633703,0.9584771990776062,0.01725216954946518,0.21537452936172485,9.0,1.0,0.0,0.0,0.02815592661499977,-7.450580596923828e-09,nan,0.0025224999990314245,-0.029865330085158348,0.01665191911160946,0.010286415927112103,-0.15678931772708893,0.055596448481082916,0.20056958496570587,-0.14430159330368042,-0.00815654918551445,0.004547821823507547,0.002809333149343729,-0.04282088205218315,0.015184000134468079,0.054777756333351135,-0.03941034898161888,-0.013214701786637306,0.05103608965873718,0.006171137094497681,-0.2256140559911728,0.04347539693117142,0.2589067220687866,-0.04740866273641586,0.06464117765426636,0.005679451860487461,-0.06901538372039795,0.0005271798581816256,0.01801324263215065,-0.0012324110139161348,-0.01209884975105524,0.06346148997545242,0.002263382077217102,-0.07363900542259216,0.009839817881584167,0.01387643814086914,-0.020884767174720764,-0.003924958407878876,0.05024678632616997,0.053299471735954285,-0.06746786832809448,-0.21577423810958862,0.05735183507204056,0.23802195489406586,-0.05133362114429474,0.05024678632616997,0.053299471735954285,-0.06746786832809448,-0.21577423810958862,0.05735183507204056,0.23802195489406586,-0.05133362114429474,0.05024678632616997,0.053299471735954285,-0.06746786832809448,-0.21577423810958862,0.05735183507204056,0.23802195489406586,-0.05133362114429474
5.1419999999999995,0.028924286365509033,0.028924286365509033,nan,nan,nan,nan,0.1764068901538849,0.0,0.18014748394489288,0.1919541358947754,0.0,0.0,0.0,0.0,0.0020000000949949026,0.039000000804662704,64.0,0.15932120382785797,3.737156391143799,0.014229677617549896,21.673282623291016,0.007572116795927286,0.004456188529729843,0.17703156173229218,0.009147020056843758,0.960115373134613,0.017808958888053894,0.28560179471969604,9.0,1.0,0.0,0.0,0.028924278914928436,-7.450580596923828e-09,nan,0.003402566071599722,0.007820493541657925,0.006371721159666777,0.004725791979581118,-0.19191840291023254,0.0032286359928548336,0.23018290102481842,-0.006974219344556332,0.0006363658467307687,0.0005184769397601485,0.0003845450992230326,-0.015616700984537601,0.0002627191715873778,0.018730344250798225,-0.0005675031570717692,-0.01871330291032791,0.05306820943951607,0.008889579214155674,-0.2257232815027237,0.06275001913309097,0.27130451798439026,-0.06153951957821846,0.06424345821142197,0.0058924308978021145,-0.06844765692949295,0.0005461876280605793,0.018560532480478287,-0.0013108390849083662,-0.012492986395955086,0.06725383549928665,0.0015465319156646729,-0.07402880489826202,0.006510153412818909,0.0010298117995262146,-0.023526519536972046,0.00018310174345970154,0.04854053258895874,0.05461474135518074,-0.06513922661542892,-0.21921312808990479,0.06377983093261719,0.2477779984474182,-0.06135641783475876,0.04854053258895874,0.05461474135518074,-0.06513922661542892,-0.21921312808990479,0.06377983093261719,0.2477779984474182,-0.06135641783475876,0.04854053258895874,0.05461474135518074,-0.06513922661542892,-0.21921312808990479,0.06377983093261719,0.2477779984474182,-0.06135641783475876
5.205000000000002,0.029530618339776993,0.029530618339776993,nan,nan,nan,nan,0.17893573641777039,0.0,0.18406294286251068,0.1919824481010437,0.0,0.0,0.0,0.0,0.004999999888241291,0.004999999888241291,64.0,0.1566588431596756,3.4223580360412598,0.009302981197834015,11.342545509338379,0.007353705819696188,0.006890981458127499,0.18360021710395813,0.0,0.9609273076057434,0.018032414838671684,0.34077954292297363,9.0,1.0,0.0,0.0,0.0295306034386158,-1.4901161193847656e-08,nan,0.0030575671698898077,-0.02525852434337139,0.03261788189411163,0.0017164883902296424,-0.1726337969303131,0.03452781215310097,0.2195555716753006,-0.09537237137556076,-0.0006962032057344913,0.0008990498608909547,4.7311739763244987e-05,-0.004758322611451149,0.0009516935097053647,0.006051632110029459,-0.0026287580840289593,-0.02269504778087139,0.04512268677353859,0.005710707511752844,-0.20864148437976837,0.051362283527851105,0.25672081112861633,-0.08070319890975952,0.06219962239265442,0.005798019468784332,-0.06612993031740189,0.0005505236331373453,0.018266545608639717,-0.0013455083826556802,-0.012305251322686672,0.06845696270465851,0.009048856794834137,-0.06910998374223709,-0.008683830499649048,0.016124360263347626,-0.0036607086658477783,0.008636757731437683,0.045761916786432266,0.054171543568372726,-0.06339927762746811,-0.21732531487941742,0.06748664379119873,0.25306010246276855,-0.07206644117832184,0.045761916786432266,0.054171543568372726,-0.06339927762746811,-0.21732531487941742,0.06748664379119873,0.25306010246276855,-0.07206644117832184,0.045761916786432266,0.054171543568372726,-0.06339927762746811,-0.21732531487941742,0.06748664379119873,0.25306010246276855,-0.07206644117832184
5.296000000000003,0.030270516872406006,0.030270516872406006,nan,nan,nan,nan,0.18834422528743744,0.0,0.1891927272081375,0.19177016615867615,0.0,0.0,0.0,0.0,0.0,0.017000000923871994,64.0,0.15451134741306305,9.7975492477417,0.012985430657863617,15.666752815246582,0.007774623576551676,0.009018772281706333,0.19043688476085663,0.022080671042203903,0.9544870257377625,0.017536170780658722,0.3800998330116272,9.0,1.0,0.0,0.0,0.03027050569653511,-1.1175870895385742e-08,nan,0.002978363074362278,0.0073451208882033825,0.1575285792350769,0.014750068075954914,-0.1372043490409851,0.06489019840955734,0.17725825309753418,0.10225935280323029,0.0,0.0,0.0,-0.0,0.0,0.0,0.0,-0.014674784615635872,0.07685647904872894,0.007586355321109295,-0.18237368762493134,0.052368514239788055,0.22865144908428192,-0.030558720231056213,0.06177560240030289,0.0059336149133741856,-0.06554537266492844,0.0005609805812127888,0.018653342500329018,-0.0014033805346116424,-0.012586550787091255,0.058795541524887085,-0.01844383031129837,-0.06939852237701416,-0.024188026785850525,0.015513807535171509,0.01870127022266388,-0.04270581156015396,0.04412075877189636,0.05841264873743057,-0.06181216984987259,-0.20656171441078186,0.06788232177495956,0.2473527193069458,-0.07326453179121017,0.04412075877189636,0.05841264873743057,-0.06181216984987259,-0.20656171441078186,0.06788232177495956,0.2473527193069458,-0.07326453179121017,0.04412075877189636,0.05841264873743057,-0.06181216984987259,-0.20656171441078186,0.06788232177495956,0.2473527193069458,-0.07326453179121017
5.364000000000001,0.03026140108704567,0.03026140108704567,nan,nan,nan,nan,0.1425875574350357,0.0,0.1404949426651001,0.7911115884780884,0.0,0.0,0.0,0.0,0.0,0.014999999664723873,64.0,0.15265816450119019,7.4107890129089355,0.0174008309841156,17.05084800720215,-0.017541568726301193,-0.019832096993923187,0.138204425573349,-0.025210779160261154,0.9516614079475403,0.01674683578312397,0.3418567478656769,9.0,1.0,0.0,0.0,0.03026140108704567,0.0,nan,0.011319455690681934,-0.03649875149130821,0.04208427295088768,0.01686697266995907,-0.14812365174293518,0.061942845582962036,0.18467088043689728,-0.16349737346172333,-0.0,0.0,0.0,-0.0,0.0,0.0,-0.0,-0.024985503405332565,0.0609627366065979,0.011978152208030224,-0.16728727519512177,0.05713675171136856,0.20924943685531616,-0.09305187314748764,0.060473665595054626,0.006103768479079008,-0.06395354121923447,0.000590622192248702,0.019181644544005394,-0.0015242592198774219,-0.012984526343643665,0.06689591705799103,0.0026915520429611206,-0.0704350396990776,-0.02516007423400879,0.013506203889846802,0.024580851197242737,0.013976231217384338,0.041910409927368164,0.06365428864955902,-0.058456890285015106,-0.19244734942913055,0.07064295560121536,0.2338302880525589,-0.0790756419301033,0.041910409927368164,0.06365428864955902,-0.058456890285015106,-0.19244734942913055,0.07064295560121536,0.2338302880525589,-0.0790756419301033,0.041910409927368164,0.06365428864955902,-0.058456890285015106,-0.19244734942913055,0.07064295560121536,0.2338302880525589,-0.0790756419301033
5.474999999999998,0.028251774609088898,0.028251774609088898,nan,nan,nan,nan,0.12991963326931,0.0,0.12946635484695435,0.7846604585647583,0.0,0.0,0.0,0.0,0.0,0.032999999821186066,64.0,0.15071700513362885,9.141562461853027,0.018017366528511047,17.04558563232422,-0.01759754866361618,-0.02071378566324711,0.12635011970996857,-0.01933007873594761,0.9767213463783264,0.015703340992331505,0.3598977029323578,9.0,1.0,0.0,0.0,0.028251774609088898,0.0,nan,0.00989316776394844,-0.04569762945175171,0.05035007745027542,0.0040359776467084885,-0.15601840615272522,0.0703849047422409,0.20163685083389282,-0.12412536889314651,-0.0,0.0,0.0,-0.0,0.0,0.0,-0.0,-0.030415313318371773,0.059616945683956146,0.013037338852882385,-0.15660469233989716,0.06784714013338089,0.20326028764247894,-0.10377544909715652,6.713226321153343e-05,1.8955084669869393e-05,1.7031694369507022e-05,2.769073580566328e-05,5.527573421204579e-07,-8.904524293029681e-06,8.578968845540658e-05,0.043756648898124695,0.0017493031919002533,-0.042358074337244034,-0.02256074547767639,-0.0004239380359649658,0.018122151494026184,0.013342104852199554,0.013341333717107773,0.0613662488758564,-0.02932073548436165,-0.17916543781757355,0.06742320209741592,0.22138243913650513,-0.09043334424495697,0.013341333717107773,0.0613662488758564,-0.02932073548436165,-0.17916543781757355,0.06742320209741592,0.22138243913650513,-0.09043334424495697,0.013341333717107773,0.0613662488758564,-0.02932073548436165,-0.17916543781757355,0.06742320209741592,0.22138243913650513,-0.09043334424495697
5.596,0.025884170085191727,0.025884170085191727,nan,nan,nan,nan,0.11866454780101776,0.0,0.11468039453029633,0.7780320048332214,0.0,0.0,0.0,0.0,0.0,0.017999999225139618,64.0,0.14827658236026764,7.01408576965332,0.020460225641727448,15.168985366821289,-0.018427979201078415,-0.01986820623278618,0.11324016749858856,-0.035071127116680145,0.9892792105674744,0.015098108910024166,0.34227174520492554,9.0,1.0,0.0,0.0,0.025884166359901428,-3.725290298461914e-09,nan,0.00921688787639141,0.00833392608910799,0.1274227350950241,0.019424723461270332,-0.15365548431873322,0.05881109833717346,0.20596998929977417,0.061840787529945374,0.0,0.0,0.0,-0.0,0.0,0.0,0.0,-0.022986985743045807,0.0762786939740181,0.012902981601655483,-0.15567262470722198,0.06589984893798828,0.20366346836090088,-0.06260009855031967,7.12398104951717e-05,1.950427031260915e-05,2.374585710640531e-05,2.9041737434454262e-05,-1.604959379619686e-06,-8.862173672241624e-06,9.791256889002398e-05,0.01860429346561432,-0.01310122013092041,-0.025081761181354523,-0.01388348639011383,0.0014752447605133057,0.010152846574783325,-0.026932492852211,-0.004382692277431488,0.06317747384309769,-0.012178780511021614,-0.16955611109733582,0.06737509369850159,0.2138163149356842,-0.08953259140253067,-0.004382692277431488,0.06317747384309769,-0.012178780511021614,-0.16955611109733582,0.06737509369850159,0.2138163149356842,-0.08953259140253067,-0.004382692277431488,0.06317747384309769,-0.012178780511021614,-0.16955611109733582,0.06737509369850159,0.2138163149356842,-0.08953259140253067
5.663999999999998,0.0246741883456707,0.0246741883456707,nan,nan,nan,nan,0.11214452236890793,0.0,0.10953332483768463,0.7746174335479736,0.0,0.0,0.0,0.0,0.0010000000474974513,0.017999999225139618,64.0,0.1469164341688156,8.320497512817383,0.011980533599853516,14.884886741638184,-0.016754554584622383,-0.021323055028915405,0.10496482253074646,-0.033058639615774155,0.9933059811592102,0.0146718118339777,0.34472164511680603,9.0,1.0,0.0,0.0,0.0246741883456707,0.0,nan,0.008560375310480595,-0.03490842878818512,0.045557886362075806,0.023180050775408745,-0.13281160593032837,0.06340941786766052,0.1992170512676239,-0.15754824876785278,-0.0,0.0,0.0,-0.0,0.0,0.0,-0.0,-0.02952524460852146,0.05943002551794052,0.018539391458034515,-0.14313462376594543,0.06453398615121841,0.20122487843036652,-0.11467395722866058,6.565514195244759e-05,1.9191131286788732e-05,3.52510396623984e-05,3.0300394428195432e-05,-5.479531409946503e-06,-8.963212167145684e-06,0.00010614842176437378,0.013901757076382637,0.00405285507440567,-0.016651134938001633,-0.015350162982940674,0.0016237422823905945,0.006880238652229309,0.019678965210914612,-0.015623487532138824,0.06348288059234619,0.0018882565200328827,-0.1584847867488861,0.06615772843360901,0.20810511708259583,-0.09499499201774597,-0.015623487532138824,0.06348288059234619,0.0018882565200328827,-0.1584847867488861,0.06615772843360901,0.20810511708259583,-0.09499499201774597,-0.015623487532138824,0.06348288059234619,0.0018882565200328827,-0.1584847867488861,0.06615772843360901,0.20810511708259583,-0.09499499201774597
5.741000000000003,0.023354381322860718,0.023354381322860718,nan,nan,nan,nan,0.10516762733459473,0.0,0.10239185392856598,0.7710558772087097,0.0,0.0,0.0,0.0,0.00800000037997961,0.03200000151991844,64.0,0.14533132314682007,3.9512832164764404,0.013549812138080597,25.507843017578125,-0.01591259054839611,-0.01795676164329052,0.10034768283367157,-0.02177257463335991,0.9955429434776306,0.01456442940980196,0.27859270572662354,9.0,1.0,0.0,0.0,0.02335437387228012,-7.450580596923828e-09,nan,0.00838404893875122,-0.03709877282381058,0.1171032041311264,0.033884577453136444,-0.10269509255886078,0.165368914604187,0.1884702891111374,-0.018658682703971863,-0.0,0.0,0.0,-0.0,0.0,0.0,-0.0,-0.03234122693538666,0.06075004115700722,0.02194654382765293,-0.1348550021648407,0.0753253847360611,0.1990712434053421,-0.11973129957914352,6.713834591209888e-05,1.978555701498408e-05,3.9323876990238205e-05,3.169316551066004e-05,-6.824589036114048e-06,-9.209121344611049e-06,0.0001125945127569139,0.01020076498389244,-0.0001783818006515503,-0.012386005371809006,-0.015540644526481628,-0.008984416723251343,0.005811557173728943,0.012018963694572449,-0.022140461951494217,0.06057165935635567,0.009560538455843925,-0.15039564669132233,0.06634096801280975,0.20488280057907104,-0.10771233588457108,-0.022140461951494217,0.06057165935635567,0.009560538455843925,-0.15039564669132233,0.06634096801280975,0.20488280057907104,-0.10771233588457108,-0.022140461951494217,0.06057165935635567,0.009560538455843925,-0.15039564669132233,0.06634096801280975,0.20488280057907104,-0.10771233588457108
5.834,0.021984867751598358,0.021984867751598358,nan,nan,nan,nan,0.1098901778459549,0.0,0.09925191849470139,0.7674065232276917,0.0,0.0,0.0,0.0,0.0020000000949949026,0.004999999888241291,64.0,0.14343136548995972,16.69745445251465,0.01776963472366333,27.8159122467041,-0.011788785457611084,-0.017127592116594315,0.09391310811042786,0.0,0.8767992258071899,0.013337395153939724,0.2727392017841339,9.0,1.0,0.0,0.0,0.02198486402630806,-3.725290298461914e-09,nan,0.0071795606054365635,0.07216981798410416,-0.038543105125427246,-0.023266904056072235,-0.11957573145627975,-0.10326800495386124,0.11770594865083694,0.20963604748249054,0.02448463998734951,-0.0130762979388237,-0.007893628440797329,-0.04056777060031891,-0.035035140812397,0.039933424443006516,0.07112201303243637,0.013623659498989582,0.027024710550904274,0.004193441942334175,-0.1376422643661499,0.009591177105903625,0.17985263466835022,0.03838174790143967,-0.00020884728292003274,-1.134846024797298e-05,0.0003366967721376568,3.0912669899407774e-05,-0.00011474164057290182,1.3155876388282195e-07,0.0001958354696398601,-0.029639307409524918,0.027932753786444664,0.007188235409557819,-0.005139827728271484,0.048761509358882904,0.017288342118263245,-0.1097409799695015,-0.01601564884185791,0.05495746433734894,0.011381677351891994,-0.1427820920944214,0.05835268646478653,0.19714097678661346,-0.07135923206806183,-0.01601564884185791,0.05495746433734894,0.011381677351891994,-0.1427820920944214,0.05835268646478653,0.19714097678661346,-0.07135923206806183,-0.01601564884185791,0.05495746433734894,0.011381677351891994,-0.1427820920944214,0.05835268646478653,0.19714097678661346,-0.07135923206806183
5.904999999999998,0.020493488758802414,0.020493488758802414,nan,nan,nan,nan,0.09363611787557602,0.0,0.09164007753133774,0.7629967927932739,0.0,0.0,0.0,0.0,0.0020000000949949026,0.010999999940395355,64.0,0.14195500314235687,6.037623405456543,0.01689046621322632,13.142887115478516,-0.010961825028061867,-0.016376979649066925,0.08622492104768753,0.0,0.9909632802009583,0.01266326941549778,0.1978740096092224,9.0,1.0,0.0,0.0,0.020493485033512115,-3.725290298461914e-09,nan,0.00640747370198369,0.006118968594819307,0.1548357754945755,0.027256518602371216,-0.12092258781194687,0.07017495483160019,0.20640578866004944,0.05563611909747124,0.0,0.0,0.0,-0.0,0.0,0.0,0.0,-0.008540673181414604,0.05273205786943436,0.0104160625487566,-0.13442008197307587,0.04158160462975502,0.18533006310462952,-0.016064532101154327,3.1697007216280326e-05,1.669308949203696e-05,9.248639253200963e-05,3.518382800393738e-05,-2.64054488070542e-05,-8.443505976174492e-06,0.00014223346079234034,-0.003736228682100773,-0.0030502229928970337,-0.00016015954315662384,-0.005900830030441284,0.007765766233205795,0.006598740816116333,-0.033520735800266266,-0.012276901863515377,0.04968183487653732,0.010255903005599976,-0.14032091200351715,0.049347370862960815,0.19192880392074585,-0.04958526790142059,-0.012276901863515377,0.04968183487653732,0.010255903005599976,-0.14032091200351715,0.049347370862960815,0.19192880392074585,-0.04958526790142059,-0.012276901863515377,0.04968183487653732,0.010255903005599976,-0.14032091200351715,0.049347370862960815,0.19192880392074585,-0.04958526790142059
5.944999999999997,0.020605474710464478,0.020605474710464478,nan,nan,nan,nan,0.09966002404689789,0.0,0.0933709442615509,0.7629134654998779,0.0,0.0,0.0,0.0,0.007000000216066837,0.0010000000474974513,64.0,0.1420283317565918,2.6485490798950195,0.02804398536682129,15.356729507446289,-0.009010903537273407,-0.00664183683693409,0.09574001282453537,0.0,0.9746580719947815,0.01270174328237772,0.15781284868717194,9.0,1.0,0.0,0.0,0.02060546725988388,-7.450580596923828e-09,nan,0.007329520769417286,0.006118968594819307,0.1548357754945755,0.027256518602371216,-0.12092258781194687,0.07017495483160019,0.20640578866004944,0.05563611909747124,0.001047707861289382,0.026511436328291893,0.0046669417060911655,-0.02070472203195095,0.012015563435852528,0.03534140810370445,0.009526181034743786,-0.0027470008935779333,0.09968278557062149,0.018260929733514786,-0.1365268975496292,0.05630640313029289,0.20527830719947815,0.013784021139144897,-3.881665179505944e-05,8.14945906313369e-06,0.0001656477979850024,3.4256525395903736e-05,-5.4340165661415085e-05,-5.847988177265506e-06,0.00016129280265886337,-0.007034248672425747,-0.03853527829051018,-0.006180183961987495,-0.0023091882467269897,-0.006121352314949036,-0.011075854301452637,-0.046110063791275024,-0.009781249798834324,0.06114750728011131,0.01208074577152729,-0.1388360857963562,0.05018505081534386,0.1942024528980255,-0.03232604265213013,-0.009781249798834324,0.06114750728011131,0.01208074577152729,-0.1388360857963562,0.05018505081534386,0.1942024528980255,-0.03232604265213013,-0.009781249798834324,0.06114750728011131,0.01208074577152729,-0.1388360857963562,0.05018505081534386,0.1942024528980255,-0.03232604265213013
6.0440000000000005,0.020601961761713028,0.020601961761713028,nan,nan,nan,nan,0.09519251435995102,0.0,0.09462419152259827,0.7622690796852112,0.0,0.0,0.0,0.0,0.008999999612569809,0.01899999938905239,64.0,0.1420283317565918,3.578420639038086,0.01282617449760437,13.52462100982666,-0.007873322814702988,-0.0037607052363455296,0.09873680770397186,-0.003225121181458235,0.9888852834701538,0.012970572337508202,0.201033815741539,9.0,1.0,0.0,0.0,0.02060195803642273,-3.725290298461914e-09,nan,0.007208016235381365,-0.04166404902935028,0.05867813900113106,0.033464133739471436,-0.11457586288452148,0.07353335618972778,0.19460773468017578,-0.16520948708057404,-0.0,0.0,0.0,-0.0,0.0,0.0,-0.0,-0.022426968440413475,0.07894714921712875,0.025949040427803993,-0.12542647123336792,0.06501790136098862,0.19988229870796204,-0.07673121988773346,-8.058466482907534e-05,3.0534765755874105e-06,0.00020878700888715684,3.3528765925439075e-05,-7.164033740991727e-05,-4.081395218236139e-06,0.00017300041508860886,0.009470692835748196,-0.007544383406639099,-0.008671067655086517,-0.008866608142852783,-0.009417533874511719,-0.0025577545166015625,0.03590475395321846,-0.01295627560466528,0.07140276581048965,0.017277972772717476,-0.1342930793762207,0.0556003674864769,0.19732454419136047,-0.040826465934515,-0.01295627560466528,0.07140276581048965,0.017277972772717476,-0.1342930793762207,0.0556003674864769,0.19732454419136047,-0.040826465934515,-0.01295627560466528,0.07140276581048965,0.017277972772717476,-0.1342930793762207,0.0556003674864769,0.19732454419136047,-0.040826465934515
6.144000000000002,0.020257066935300827,0.020257066935300827,nan,nan,nan,nan,0.09509527683258057,0.0,0.09230069071054459,0.7606630921363831,0.0,0.0,0.0,0.0,0.006000000052154064,0.007000000216066837,64.0,0.14172202348709106,2.597320795059204,0.010642223060131073,11.635918617248535,-0.006502768024802208,-0.0034878053702414036,0.09531565755605698,0.0,0.9958338737487793,0.01353581715375185,0.10739054530858994,9.0,1.0,0.0,0.0,0.02025706321001053,-3.725290298461914e-09,nan,0.008786637336015701,-0.04941686615347862,0.07106143981218338,0.030057957395911217,-0.12261302024126053,0.09376202523708344,0.19597874581813812,-0.1391826868057251,-0.010162786580622196,0.014614084735512733,0.006181545555591583,-0.025215884670615196,0.01928255520761013,0.040303852409124374,-0.028623506426811218,-0.0029138117097318172,0.07569718360900879,0.019562197849154472,-0.14988505840301514,0.03399375453591347,0.24161125719547272,-0.0332566536962986,-2.6050534870591946e-05,9.05781053006649e-06,0.00015403301222249866,3.4243505069753155e-05,-5.243134364718571e-05,-6.027470590197481e-06,0.00016202969709411263,-0.007359353359788656,-0.002591058611869812,-0.0008650440722703934,0.011981934309005737,0.01513325423002243,-0.03098645806312561,-0.007915038615465164,-0.010273165069520473,0.07310612499713898,0.01869715377688408,-0.1379031240940094,0.0491270087659359,0.2106247991323471,-0.04117169231176376,-0.010273165069520473,0.07310612499713898,0.01869715377688408,-0.1379031240940094,0.0491270087659359,0.2106247991323471,-0.04117169231176376,-0.010273165069520473,0.07310612499713898,0.01869715377688408,-0.1379031240940094,0.0491270087659359,0.2106247991323471,-0.04117169231176376
6.224999999999998,0.01992619037628174,0.01992619037628174,nan,nan,nan,nan,0.08233629167079926,0.0,0.08786940574645996,0.7595469951629639,0.0,0.0,0.0,0.0,0.003000000026077032,0.009999999776482582,64.0,0.14134985208511353,2.593388795852661,0.012025237083435059,12.684905052185059,-0.009035337716341019,-0.003362199990078807,0.09354253858327866,0.0,0.9901604056358337,0.014686642214655876,0.14625877141952515,9.0,1.0,0.0,0.0,0.01992618665099144,-3.725290298461914e-09,nan,0.008645271882414818,-0.04941686615347862,0.07106143981218338,0.030057957395911217,-0.12261302024126053,0.09376202523708344,0.19597874581813812,-0.1391826868057251,-0.016698969528079033,0.024013113230466843,0.010157198645174503,-0.04143344983458519,0.03168410435318947,0.06622522324323654,-0.0470326766371727,-0.035458676517009735,0.08420757949352264,0.029831968247890472,-0.15424926578998566,0.08050143718719482,0.24749326705932617,-0.11150612682104111,-0.0001532255846541375,-6.824642696301453e-06,0.0002873276825994253,3.2388357794843614e-05,-0.00010694024240365252,-6.929340656824934e-07,0.00020113842037972063,0.017680393531918526,-0.007216289639472961,-0.0072792209684848785,0.009696796536445618,-0.022870488464832306,-0.021089226007461548,0.047853194177150726,-0.01777828298509121,0.07699128985404968,0.022552747279405594,-0.14455246925354004,0.05763094872236252,0.22640404105186462,-0.06365293264389038,-0.01777828298509121,0.07699128985404968,0.022552747279405594,-0.14455246925354004,0.05763094872236252,0.22640404105186462,-0.06365293264389038,-0.01777828298509121,0.07699128985404968,0.022552747279405594,-0.14455246925354004,0.05763094872236252,0.22640404105186462,-0.06365293264389038
6.315000000000001,0.019405394792556763,0.019405394792556763,nan,nan,nan,nan,0.08370523899793625,0.0,0.08289355039596558,0.7576284408569336,0.0,0.0,0.0,0.0,0.008999999612569809,0.013000000268220901,64.0,0.14090168476104736,2.535738945007324,0.010035000741481781,12.846303939819336,-0.007670726627111435,-0.004168851766735315,0.08639542013406754,-0.0021930495277047157,0.9881547689437866,0.0158338975161314,0.11517436802387238,9.0,1.0,0.0,0.0,0.019405394792556763,0.0,nan,0.011778733693063259,-0.05126827582716942,0.08022576570510864,0.04710588976740837,-0.09451171010732651,0.08364532142877579,0.17186947166919708,-0.18234118819236755,-0.0240460354834795,0.03762778267264366,0.022093776613473892,-0.0443282313644886,0.03923163563013077,0.08061085641384125,-0.08552233129739761,-0.03961767628788948,0.13664375245571136,0.04793214052915573,-0.13548284769058228,0.10215833783149719,0.25005751848220825,-0.12048766016960144,9.856454562395811e-05,2.309457522642333e-05,2.9268576327012852e-05,3.546378866303712e-05,-4.233088020555442e-06,-1.080104357242817e-05,0.00013322095037437975,0.015447381883859634,-0.030383795499801636,-0.016051974147558212,-0.0048767030239105225,-0.02602442353963852,-0.012598231434822083,0.046271950006484985,-0.024170294404029846,0.10625995695590973,0.03188016638159752,-0.1403595507144928,0.07613391429185867,0.23745928704738617,-0.07421571016311646,-0.024170294404029846,0.10625995695590973,0.03188016638159752,-0.1403595507144928,0.07613391429185867,0.23745928704738617,-0.07421571016311646,-0.024170294404029846,0.10625995695590973,0.03188016638159752,-0.1403595507144928,0.07613391429185867,0.23745928704738617,-0.07421571016311646
6.366000000000003,0.019350208342075348,0.019350208342075348,nan,nan,nan,nan,0.07480628043413162,0.0,0.07682248950004578,0.7570478320121765,0.0,0.0,0.0,0.0,0.00800000037997961,0.009999999776482582,64.0,0.14082545042037964,3.2338016033172607,0.029324553906917572,11.806970596313477,-0.00882657803595066,-0.002986310515552759,0.08266275376081467,-0.005530565977096558,0.9825816750526428,0.017269976437091827,0.18934117257595062,9.0,1.0,0.0,0.0,0.01935020461678505,-3.725290298461914e-09,nan,0.016363535076379776,-0.05126827582716942,0.08022576570510864,0.04710588976740837,-0.09451171010732651,0.08364532142877579,0.17186947166919708,-0.18234118819236755,-0.02793157286942005,0.0437079593539238,0.02566385455429554,-0.05149111524224281,0.0455709770321846,0.09363655745983124,-0.09934166073799133,-0.059713080525398254,0.13117100298404694,0.060693275183439255,-0.14164353907108307,0.11638791859149933,0.25943976640701294,-0.20205652713775635,8.45684262458235e-05,2.1083598767290823e-05,4.4029515265719965e-05,3.4989730920642614e-05,-1.1128419828310143e-05,-1.0019537512562238e-05,0.000138260584208183,0.022844552993774414,-0.013774067163467407,-0.018064741045236588,0.001622125506401062,-0.024901747703552246,-0.0139855295419693,0.08323094993829727,-0.03686852753162384,0.11739693582057953,0.04262853413820267,-0.140021413564682,0.09148617088794708,0.24545423686504364,-0.11882557719945908,-0.03686852753162384,0.11739693582057953,0.04262853413820267,-0.140021413564682,0.09148617088794708,0.24545423686504364,-0.11882557719945908,-0.03686852753162384,0.11739693582057953,0.04262853413820267,-0.140021413564682,0.09148617088794708,0.24545423686504364,-0.11882557719945908
6.464000000000002,0.01890675723552704,0.01890675723552704,nan,nan,nan,nan,0.07294601947069168,0.0,0.07367310672998428,0.7551112771034241,0.0,0.0,0.0,0.0,0.003000000026077032,0.02199999988079071,64.0,0.14055515825748444,2.287836790084839,0.010489486157894135,11.468291282653809,-0.010556356981396675,-0.00604215357452631,0.07818730920553207,-0.014076009392738342,0.9986200928688049,0.01880834251642227,0.2795076072216034,9.0,1.0,0.0,0.0,0.01890675723552704,0.0,nan,0.015059994533658028,-0.057063452899456024,0.09111203253269196,0.04152593016624451,-0.09889122098684311,0.1074611023068428,0.1852439045906067,-0.1451733261346817,-0.005163051653653383,0.008243737742304802,0.0037572302389889956,-0.008947592228651047,0.009722987189888954,0.016760708764195442,-0.013135156594216824,-0.05453900247812271,0.1278444230556488,0.05631271004676819,-0.13880454003810883,0.10627229511737823,0.2569443881511688,-0.18409429490566254,8.480485121253878e-05,2.0519120880635455e-05,4.480627831071615e-05,3.452645250945352e-05,-1.3206195944803767e-05,-9.634117304813117e-06,0.00014078100502956659,0.006572354584932327,-0.0038305893540382385,-0.004620831459760666,-0.0027552396059036255,-0.004441484808921814,-0.002588421106338501,0.022711440920829773,-0.047966647893190384,0.12401383370161057,0.05169187858700752,-0.14155977964401245,0.10183081030845642,0.2543559670448303,-0.16138285398483276,-0.047966647893190384,0.12401383370161057,0.05169187858700752,-0.14155977964401245,0.10183081030845642,0.2543559670448303,-0.16138285398483276,-0.047966647893190384,0.12401383370161057,0.05169187858700752,-0.14155977964401245,0.10183081030845642,0.2543559670448303,-0.16138285398483276
6.5539999999999985,0.017606209963560104,0.017606209963560104,nan,nan,nan,nan,0.06818418204784393,0.0,0.06520752608776093,0.7499588131904602,0.0,0.0,0.0,0.0,0.004000000189989805,0.01600000075995922,64.0,0.1391395628452301,8.596803665161133,0.018899329006671906,14.395241737365723,-0.01251802034676075,-0.013446236029267311,0.06427931040525436,-0.023999249562621117,0.9946264028549194,0.01826409250497818,0.3549337685108185,9.0,1.0,0.0,0.0,0.017606206238269806,-3.725290298461914e-09,nan,0.013564299792051315,0.012714061886072159,0.21543744206428528,0.03739451244473457,-0.02824382670223713,0.07286389917135239,0.16777333617210388,0.08815871924161911,0.0014568599872291088,0.02468622475862503,0.004284906666725874,-0.0032363615464419127,0.008349220268428326,0.019224561750888824,0.010101799853146076,-0.04504372924566269,0.13430248200893402,0.0490257665514946,-0.10759878903627396,0.10443493723869324,0.22149509191513062,-0.12490547448396683,9.449524077353999e-05,1.9943079678341746e-05,4.102103412151337e-05,3.410477438592352e-05,-1.3593473340733908e-05,-9.846025932347402e-06,0.00014725509390700608,-0.005323387682437897,-0.011355511844158173,0.0024467110633850098,-0.02424047142267227,-0.00012631714344024658,0.02187146246433258,-0.03521346300840378,-0.050367116928100586,0.12294697016477585,0.05147247761487961,-0.13183926045894623,0.10430862009525299,0.2433665543794632,-0.1601189374923706,-0.050367116928100586,0.12294697016477585,0.05147247761487961,-0.13183926045894623,0.10430862009525299,0.2433665543794632,-0.1601189374923706,-0.050367116928100586,0.12294697016477585,0.05147247761487961,-0.13183926045894623,0.10430862009525299,0.2433665543794632,-0.1601189374923706
6.623999999999999,0.016795210540294647,0.016795210540294647,nan,nan,nan,nan,0.0719466581940651,0.0,0.06727968156337738,0.7467965483665466,0.0,0.0,0.0,0.0,0.0010000000474974513,0.01899999938905239,64.0,0.13774791359901428,2.8630363941192627,0.011106021702289581,11.439953804016113,-0.007819967344403267,-0.011833153665065765,0.06326649338006973,0.0,0.9940552115440369,0.016508759930729866,0.304531455039978,9.0,1.0,0.0,0.0,0.01679520308971405,-7.450580596923828e-09,nan,0.011200510896742344,-0.059809278696775436,0.09257019311189651,0.05709799379110336,-0.07630353420972824,0.09179167449474335,0.15875974297523499,-0.18745888769626617,-0.0,0.0,0.0,-0.0,0.0,0.0,-0.0,-0.035009317100048065,0.14960069954395294,0.050299789756536484,-0.07882988452911377,0.0954398363828659,0.19451181590557098,-0.08884700387716293,0.00010749035573098809,2.000944732571952e-05,3.396363172214478e-05,3.4311549825361e-05,-1.112369318434503e-05,-1.0841767107194755e-05,0.0001517876808065921,-0.005123108625411987,-0.007262662053108215,-0.00021345168352127075,-0.027760162949562073,0.005110003054141998,0.02947026491165161,-0.025158092379570007,-0.04013242572546005,0.14233803749084473,0.05008633807301521,-0.10659004747867584,0.1005498394370079,0.2239820808172226,-0.11400509625673294,-0.04013242572546005,0.14233803749084473,0.05008633807301521,-0.10659004747867584,0.1005498394370079,0.2239820808172226,-0.11400509625673294,-0.04013242572546005,0.14233803749084473,0.05008633807301521,-0.10659004747867584,0.1005498394370079,0.2239820808172226,-0.11400509625673294
6.697999999999997,0.01585320755839348,0.01585320755839348,nan,nan,nan,nan,0.06340798735618591,0.0,0.062999427318573,0.7445296049118042,0.0,0.0,0.0,0.0,0.0,0.014999999664723873,64.0,0.1372441053390503,2.1731173992156982,0.008930452167987823,14.352240562438965,-0.0077317263931035995,-0.013245169073343277,0.05748598650097847,-0.022767238318920135,0.9919406771659851,0.015554239973425865,0.36141741275787354,9.0,1.0,0.0,0.0,0.01585320010781288,-7.450580596923828e-09,nan,0.009738150984048843,-0.059809278696775436,0.09257019311189651,0.05709799379110336,-0.07630353420972824,0.09179167449474335,0.15875974297523499,-0.18745888769626617,-0.0,0.0,0.0,-0.0,0.0,0.0,-0.0,-0.04842381924390793,0.11875243484973907,0.05397699773311615,-0.07746336609125137,0.09346651285886765,0.17517322301864624,-0.1421869695186615,0.00011336324678268284,2.0477204088820145e-05,3.079745511058718e-05,3.489560185698792e-05,-1.0240099982183892e-05,-1.1347067811584566e-05,0.00015407326282002032,0.006059702485799789,0.01638050377368927,-0.00243406742811203,-0.015594996511936188,0.003961004316806793,0.02830122411251068,0.021742597222328186,-0.04236411675810814,0.13513293862342834,0.05154293030500412,-0.09305836260318756,0.09742751717567444,0.20347444713115692,-0.12044437229633331,-0.04236411675810814,0.13513293862342834,0.05154293030500412,-0.09305836260318756,0.09742751717567444,0.20347444713115692,-0.12044437229633331,-0.04236411675810814,0.13513293862342834,0.05154293030500412,-0.09305836260318756,0.09742751717567444,0.20347444713115692,-0.12044437229633331
6.778000000000002,0.015155230648815632,0.015155230648815632,nan,nan,nan,nan,0.0702027678489685,0.0,0.06182971969246864,0.741897702217102,0.0,0.0,0.0,0.0,0.004999999888241291,0.010999999940395355,64.0,0.13616631925106049,3.4886252880096436,0.015145167708396912,12.02518367767334,-0.006597016006708145,-0.010835716500878334,0.057591021060943604,-0.015342269092798233,0.8285057544708252,0.013318797573447227,0.34998786449432373,9.0,1.0,0.0,0.0,0.015155226923525333,-3.725290298461914e-09,nan,0.007746011950075626,0.09240926802158356,-0.021320614963769913,-0.047138459980487823,-0.053094618022441864,-0.09207558631896973,0.031602296978235245,0.2578531801700592,0.04816175997257233,-0.011111854575574398,-0.02456757053732872,-0.027671795338392258,-0.04798785224556923,0.016470449045300484,0.13438764214515686,0.008115661330521107,0.0665455311536789,0.01565323770046234,-0.07465691864490509,0.0267462357878685,0.13067449629306793,0.02540050446987152,0.00010412127448944375,1.8716780687100254e-05,4.4099466322222725e-05,3.5919510992243886e-05,-1.889893610496074e-05,-1.1496836123114917e-05,0.0001642216375330463,-0.041789792478084564,0.04740455746650696,0.02899685502052307,-0.009632565081119537,0.0550556406378746,0.04804779589176178,-0.12082324922084808,-0.03367413207888603,0.11395008862018585,0.04465009272098541,-0.08428948372602463,0.0818018764257431,0.1787222921848297,-0.09542274475097656,-0.03367413207888603,0.11395008862018585,0.04465009272098541,-0.08428948372602463,0.0818018764257431,0.1787222921848297,-0.09542274475097656,-0.03367413207888603,0.11395008862018585,0.04465009272098541,-0.08428948372602463,0.0818018764257431,0.1787222921848297,-0.09542274475097656
6.839000000000002,0.01499325130134821,0.01499325130134821,nan,nan,nan,nan,0.06761189550161362,0.0,0.06706373393535614,0.7407388091087341,0.0,0.0,0.0,0.0,0.0,0.014999999664723873,64.0,0.13560549914836884,1.7258422374725342,0.007097609341144562,9.959465980529785,-0.003472127951681614,-0.008853395469486713,0.06168246641755104,0.0,0.9437167644500732,0.010422512888908386,0.23471057415008545,9.0,1.0,0.0,0.0,0.01499325130134821,0.0,nan,0.004653490614145994,-0.0848853662610054,0.09862308949232101,0.053216490894556046,-0.06635789573192596,0.12920930981636047,0.13726788759231567,-0.1740548014640808,-0.0,0.0,0.0,-0.0,0.0,0.0,-0.0,0.0007367134094238281,0.060901839286088943,0.013244468718767166,-0.073613740503788,0.03173093870282173,0.12021465599536896,0.023150606080889702,-0.00017272765398956835,-2.0090532416361384e-05,0.00032496321364305913,3.094031853834167e-05,-0.0001719402353046462,5.5032214731909335e-06,0.00027115846751257777,-0.01401201356202364,0.02911139652132988,0.01594872772693634,-0.00693085789680481,0.022560834884643555,0.03403860330581665,-0.056200072169303894,-0.013275300152599812,0.09001323580741882,0.029193196445703506,-0.0805445984005928,0.054291773587465286,0.1542532593011856,-0.03304946795105934,-0.013275300152599812,0.09001323580741882,0.029193196445703506,-0.0805445984005928,0.054291773587465286,0.1542532593011856,-0.03304946795105934,-0.013275300152599812,0.09001323580741882,0.029193196445703506,-0.0805445984005928,0.054291773587465286,0.1542532593011856,-0.03304946795105934
6.943000000000001,0.01471290085464716,0.01471290085464716,nan,nan,nan,nan,0.060299184173345566,0.0,0.06263968348503113,0.7398950457572937,0.0,0.0,0.0,0.0,0.008999999612569809,0.014999999664723873,64.0,0.13558612763881683,6.447494983673096,0.019866973161697388,24.63387107849121,-0.006570382975041866,-0.004864382091909647,0.06434568762779236,0.0,0.9957432746887207,0.009975170716643333,0.13401953876018524,9.0,1.0,0.0,0.0,0.014712891541421413,-9.313225746154785e-09,nan,0.004248190671205521,0.019279038533568382,0.17319416999816895,0.036711081862449646,-0.06941885501146317,0.055460117757320404,0.2166537493467331,0.05874301493167877,0.0,0.0,0.0,-0.0,0.0,0.0,0.0,-0.029186218976974487,0.09310473501682281,0.03228580951690674,-0.07016754150390625,0.07287722826004028,0.1419847011566162,-0.046891435980796814,1.9907774913008325e-05,6.3265783865062986e-06,0.0001322522439295426,3.510312672005966e-05,-6.70613517286256e-05,-6.974928055569762e-06,0.00020085483265575022,0.008731257170438766,-0.008224427700042725,-0.0034465212374925613,-0.005811579525470734,-0.012594364583492279,0.0010595470666885376,0.008451621979475021,-0.02045496180653572,0.08488030731678009,0.028839288279414177,-0.07597912102937698,0.060282863676548004,0.14304424822330475,-0.03843981400132179,-0.02045496180653572,0.08488030731678009,0.028839288279414177,-0.07597912102937698,0.060282863676548004,0.14304424822330475,-0.03843981400132179,-0.02045496180653572,0.08488030731678009,0.028839288279414177,-0.07597912102937698,0.060282863676548004,0.14304424822330475,-0.03843981400132179
7.029,0.014868306927382946,0.014868306927382946,nan,nan,nan,nan,0.06490987539291382,0.0,0.06309138983488083,0.7408295273780823,0.0,0.0,0.0,0.0,0.00800000037997961,0.009999999776482582,64.0,0.13567860424518585,6.352196216583252,0.017031095921993256,13.690322875976562,-0.005412300117313862,-0.0013048136606812477,0.06719888001680374,0.0,0.9943144917488098,0.010788163170218468,0.13939157128334045,9.0,1.0,0.0,0.0,0.014868303202092648,-3.725290298461914e-09,nan,0.005902493372559547,-0.0643630176782608,0.07671208679676056,0.0682365819811821,-0.06661644577980042,0.0965367779135704,0.16380575299263,-0.18635182082653046,-0.0,0.0,0.0,-0.0,0.0,0.0,-0.0,-0.029270119965076447,0.1105467677116394,0.04516071081161499,-0.07153663784265518,0.07847626507282257,0.17126818001270294,-0.06503681093454361,-0.00010487843246664852,-1.1555716810107697e-05,0.0002569039352238178,3.207139525329694e-05,-0.00013993580068927258,1.6776783695604536e-06,0.00025054681464098394,0.007848786190152168,-0.012679517269134521,-0.011592060327529907,-0.002864547073841095,-0.012124232947826385,-0.016671866178512573,0.025637980550527573,-0.021421333774924278,0.09786725044250488,0.03356865048408508,-0.07440118491649628,0.06635203212499619,0.15459631383419037,-0.03939883038401604,-0.021421333774924278,0.09786725044250488,0.03356865048408508,-0.07440118491649628,0.06635203212499619,0.15459631383419037,-0.03939883038401604,-0.021421333774924278,0.09786725044250488,0.03356865048408508,-0.07440118491649628,0.06635203212499619,0.15459631383419037,-0.03939883038401604
7.123999999999999,0.013800420798361301,0.013800420798361301,nan,nan,nan,nan,0.060221415013074875,0.0,0.0560460239648819,0.7385290265083313,0.0,0.0,0.0,0.0,0.004999999888241291,0.017000000923871994,64.0,0.13481123745441437,6.973334789276123,0.019540078938007355,19.251110076904297,-0.004854721948504448,-0.0045798965729773045,0.05632084980607033,0.0,0.9980588555335999,0.011475437320768833,0.14645840227603912,9.0,1.0,0.0,0.0,0.013800415210425854,-5.587935447692871e-09,nan,0.006888660602271557,0.028927601873874664,0.13535000383853912,0.034539878368377686,-0.08824372291564941,0.03405129536986351,0.24262359738349915,0.042870864272117615,0.006851898040622473,0.03205949813127518,0.008181242272257805,-0.02090173400938511,0.008065515197813511,0.0574687160551548,0.010154549963772297,-0.026484956964850426,0.11220601946115494,0.050398264080286026,-0.07691995799541473,0.0765378400683403,0.19201357662677765,-0.07412825524806976,-0.000309886469040066,-4.192076448816806e-05,0.0004664288426283747,2.6885834813583642e-05,-0.0002679091994650662,1.735863224894274e-05,0.0003437389386817813,0.0010108985006809235,-0.011094361543655396,-0.010758072137832642,0.0029941871762275696,-0.005383342504501343,-0.02877044677734375,0.01886770874261856,-0.025474058464169502,0.10111165791749954,0.039640191942453384,-0.07392577081918716,0.07115449756383896,0.1632431298494339,-0.0552605465054512,-0.025474058464169502,0.10111165791749954,0.039640191942453384,-0.07392577081918716,0.07115449756383896,0.1632431298494339,-0.0552605465054512,-0.025474058464169502,0.10111165791749954,0.039640191942453384,-0.07392577081918716,0.07115449756383896,0.1632431298494339,-0.0552605465054512
7.2499999999999964,0.01307241152971983,0.01307241152971983,nan,nan,nan,nan,0.04426049441099167,0.0,0.047270517796278,0.7346211671829224,0.0,0.0,0.0,0.0,0.006000000052154064,0.017999999225139618,64.0,0.13437329232692719,6.735617160797119,0.017663463950157166,16.923511505126953,-0.006505926139652729,-0.007087539881467819,0.046688903123140335,-0.007338821887969971,0.9902298450469971,0.013265050016343594,0.21882018446922302,9.0,1.0,0.0,0.0,0.013072407804429531,-3.725290298461914e-09,nan,0.009560597129166126,-0.07501261681318283,0.12150207161903381,0.07136058807373047,-0.052767932415008545,0.12313354760408401,0.1587088257074356,-0.14622996747493744,-0.012959830462932587,0.020991753786802292,0.012328874319791794,-0.009116646833717823,0.021273620426654816,0.027419913560152054,-0.025263959541916847,-0.06445334851741791,0.1299447864294052,0.07060500234365463,-0.06682497262954712,0.11798718571662903,0.1864885687828064,-0.13393846154212952,0.0001321295858360827,1.9572473320295103e-05,2.720429256442003e-05,3.5627639590529725e-05,-1.3725709322898183e-05,-1.2885747310065199e-05,0.00017259905871469527,0.02265186235308647,-0.015598975121974945,-0.01661062240600586,-0.004272714257240295,-0.026798345148563385,-0.010140836238861084,0.04350584000349045,-0.041801486164331436,0.11434581130743027,0.05399437993764877,-0.07109768688678741,0.09118884056806564,0.1763477325439453,-0.09043262153863907,-0.041801486164331436,0.11434581130743027,0.05399437993764877,-0.07109768688678741,0.09118884056806564,0.1763477325439453,-0.09043262153863907,-0.041801486164331436,0.11434581130743027,0.05399437993764877,-0.07109768688678741,0.09118884056806564,0.1763477325439453,-0.09043262153863907
7.328999999999997,0.012525045312941074,0.012525045312941074,nan,nan,nan,nan,0.05302552878856659,0.0,0.047568682581186295,0.7320014238357544,0.0,0.0,0.0,0.0,0.010999999940395355,0.020999999716877937,64.0,0.13379661738872528,4.565983295440674,0.018030405044555664,26.048324584960938,-0.00394868478178978,-0.005171358585357666,0.04634600877761841,0.0,0.9923334717750549,0.013830187730491161,0.22453910112380981,9.0,1.0,0.0,0.0,0.012525041587650776,-3.725290298461914e-09,nan,0.008464133366942406,-0.07856452465057373,0.1002301499247551,0.08853248506784439,-0.037617556750774384,0.1015670970082283,0.1321781724691391,-0.19168074429035187,-0.0035552838817238808,0.004535719286650419,0.00400636438280344,-0.0017023090040311217,0.004596220329403877,0.005981464870274067,-0.008674138225615025,-0.037926919758319855,0.16928750276565552,0.0683639645576477,-0.040340572595596313,0.09993267059326172,0.18585890531539917,-0.07085759937763214,-0.001292966422624886,-0.00019062310457229614,0.0014465971617028117,-5.412870862642194e-08,-0.0008965745219029486,9.512799442745745e-05,0.0007833377458155155,-0.0018575526773929596,-0.030973047018051147,-0.009021177887916565,-0.019397221505641937,-0.004696272313594818,-0.0031021684408187866,-0.008107714354991913,-0.039784472435712814,0.13831445574760437,0.05934278666973114,-0.05973779410123825,0.0952363982796669,0.18275673687458038,-0.07896531373262405,-0.039784472435712814,0.13831445574760437,0.05934278666973114,-0.05973779410123825,0.0952363982796669,0.18275673687458038,-0.07896531373262405,-0.039784472435712814,0.13831445574760437,0.05934278666973114,-0.05973779410123825,0.0952363982796669,0.18275673687458038,-0.07896531373262405
7.4019999999999975,0.01189251709729433,0.01189251709729433,nan,nan,nan,nan,0.04513431340456009,0.0,0.04419960081577301,0.7302316427230835,0.0,0.0,0.0,0.0,0.008999999612569809,0.014000000432133675,64.0,0.1330115646123886,3.0332729816436768,0.01275818794965744,16.972637176513672,-0.002823116257786751,-0.005914356559514999,0.04110835865139961,0.0,0.9848555326461792,0.014298412948846817,0.24838386476039886,9.0,1.0,0.0,0.0,0.011892511509358883,-5.587935447692871e-09,nan,0.00904972292482853,-0.07856452465057373,0.1002301499247551,0.08853248506784439,-0.037617556750774384,0.1015670970082283,0.1321781724691391,-0.19168074429035187,-0.007623930461704731,0.009726370684802532,0.008591225370764732,-0.0036504215095192194,0.009856108576059341,0.012826618738472462,-0.018600771203637123,-0.066059410572052,0.1343318223953247,0.08504997193813324,-0.040813181549310684,0.10647467523813248,0.16167019307613373,-0.1521967053413391,-0.0002891442272812128,-4.6193963498808444e-05,0.0004492010921239853,2.2715856175636873e-05,-0.0003008184430655092,2.3552902348455973e-05,0.0003781721752602607,0.016158543527126312,0.006438776850700378,-0.014337174594402313,-0.009151455014944077,-0.006347186863422394,0.013433694839477539,0.045952945947647095,-0.04990086704492569,0.14077059924602509,0.07071279734373093,-0.04996463656425476,0.10012748837471008,0.17510388791561127,-0.10624375939369202,-0.04990086704492569,0.14077059924602509,0.07071279734373093,-0.04996463656425476,0.10012748837471008,0.17510388791561127,-0.10624375939369202,-0.04990086704492569,0.14077059924602509,0.07071279734373093,-0.04996463656425476,0.10012748837471008,0.17510388791561127,-0.10624375939369202
7.465,0.011714735068380833,0.011714735068380833,nan,nan,nan,nan,0.04343089461326599,0.0,0.044395238161087036,0.7299121022224426,0.0,0.0,0.0,0.0,0.0010000000474974513,0.013000000268220901,64.0,0.13281385600566864,3.102458953857422,0.01202896237373352,16.511110305786133,-0.0023519527167081833,-0.004513137973845005,0.04223405569791794,0.0,0.9983152747154236,0.014423354528844357,0.21846625208854675,9.0,1.0,0.0,0.0,0.011714729480445385,-5.587935447692871e-09,nan,0.008222097530961037,-0.08985579758882523,0.12374420464038849,0.07734375447034836,-0.0470750592648983,0.12918436527252197,0.14545458555221558,-0.14342090487480164,-3.5698667488759384e-05,4.916214311379008e-05,3.072778054047376e-05,-1.8702377929002978e-05,5.132345177116804e-05,5.7787423429545015e-05,-5.6979468354256824e-05,-0.05957058072090149,0.11993035674095154,0.07748687267303467,-0.054482340812683105,0.10526637732982635,0.16714631021022797,-0.12516944110393524,0.00014066288713365793,1.8248343621962704e-05,2.677930024219677e-05,3.4512009733589366e-05,-1.7344060324830934e-05,-1.2555996363516897e-05,0.00018379007815383375,0.0052068792283535,0.01316116750240326,-0.002086058259010315,0.0037991777062416077,-0.0033165588974952698,0.004903703927993774,0.005609616637229919,-0.05436370149254799,0.1330915242433548,0.07540081441402435,-0.0506831631064415,0.10194981843233109,0.17205001413822174,-0.11955982446670532,-0.05436370149254799,0.1330915242433548,0.07540081441402435,-0.0506831631064415,0.10194981843233109,0.17205001413822174,-0.11955982446670532,-0.05436370149254799,0.1330915242433548,0.07540081441402435,-0.0506831631064415,0.10194981843233109,0.17205001413822174,-0.11955982446670532
7.540000000000003,0.011512099765241146,0.011512099765241146,nan,nan,nan,nan,0.04024119675159454,0.0,0.040161602199077606,0.72813880443573,0.0,0.0,0.0,0.0,0.004999999888241291,0.01899999938905239,64.0,0.1326042115688324,4.122523784637451,0.014434568583965302,14.819050788879395,-0.0053818318992853165,-0.004211897030472755,0.04133153706789017,-0.000758684822358191,0.9958466291427612,0.014338775537908077,0.3025578260421753,9.0,1.0,0.0,0.0,0.011512097902595997,-1.862645149230957e-09,nan,0.008203713223338127,0.023027008399367332,0.19928883016109467,0.044995956122875214,-0.026715092360973358,0.0575992576777935,0.198923721909523,0.06424221396446228,0.0012401127023622394,0.010732641443610191,0.0024232440628111362,-0.001438733423128724,0.0031019910238683224,0.010712978430092335,0.003459745552390814,-0.05474045127630234,0.13863854110240936,0.07166309654712677,-0.046675387769937515,0.10560610890388489,0.1672361195087433,-0.09493955224752426,0.00015196902677416801,1.9920586055377498e-05,1.664813498791773e-05,3.529716195771471e-05,-1.11390163510805e-05,-1.368880839436315e-05,0.00018068874487653375,-0.004858575761318207,-0.00859341025352478,0.003868281841278076,-0.003763984888792038,0.0007400363683700562,-7.684528827667236e-05,-0.024539314210414886,-0.059599027037620544,0.13004513084888458,0.07553137838840485,-0.05043937265872955,0.10634614527225494,0.1671592742204666,-0.11947886645793915,-0.059599027037620544,0.13004513084888458,0.07553137838840485,-0.05043937265872955,0.10634614527225494,0.1671592742204666,-0.11947886645793915,-0.059599027037620544,0.13004513084888458,0.07553137838840485,-0.05043937265872955,0.10634614527225494,0.1671592742204666,-0.11947886645793915
7.623999999999999,0.011422225274145603,0.011422225274145603,nan,nan,nan,nan,0.04851682484149933,0.0,0.04376320540904999,0.7262343168258667,0.0,0.0,0.0,0.0,0.0,0.02500000037252903,64.0,0.13245654106140137,7.022614479064941,0.014965422451496124,35.915992736816406,-0.0016013812273740768,-0.004497017711400986,0.04086757078766823,-0.004222095012664795,0.9940721392631531,0.014091074466705322,0.31120291352272034,9.0,1.0,0.0,0.0,0.011422221548855305,-3.725290298461914e-09,nan,0.007868465036153793,-0.07991711050271988,0.08601696044206619,0.09420867264270782,-0.044042784720659256,0.09590446203947067,0.14769688248634338,-0.18543802201747894,-0.0,0.0,0.0,-0.0,0.0,0.0,-0.0,-0.03389323875308037,0.1577409952878952,0.07094727456569672,-0.04108399897813797,0.09096324443817139,0.18470315635204315,-0.060535453259944916,0.00014611917140427977,1.962600799743086e-05,2.255329854961019e-05,3.609509803936817e-05,-1.576104295963887e-05,-1.336511650151806e-05,0.00018424729933030903,-0.011289864778518677,-0.010302558541297913,0.0008446052670478821,-0.004933442920446396,0.008497275412082672,-0.007458195090293884,-0.023508958518505096,-0.045183103531599045,0.1474384367465973,0.0717918798327446,-0.046017441898584366,0.09946051985025406,0.17724496126174927,-0.08404441177845001,-0.045183103531599045,0.1474384367465973,0.0717918798327446,-0.046017441898584366,0.09946051985025406,0.17724496126174927,-0.08404441177845001,-0.045183103531599045,0.1474384367465973,0.0717918798327446,-0.046017441898584366,0.09946051985025406,0.17724496126174927,-0.08404441177845001
7.752999999999997,0.010803348384797573,0.010803348384797573,nan,nan,nan,nan,0.04143001139163971,0.0,0.040570296347141266,0.7222395539283752,0.0,0.0,0.0,0.0,0.0,0.02800000086426735,64.0,0.13186781108379364,33.43537521362305,0.01681782305240631,39.44442367553711,-0.00115136057138443,-0.005539095029234886,0.03618256002664566,-0.010085956193506718,0.9900946021080017,0.013976226560771465,0.3191625773906708,9.0,1.0,0.0,0.0,0.010803344659507275,-3.725290298461914e-09,nan,0.007743277586996555,-0.07991711050271988,0.08601696044206619,0.09420867264270782,-0.044042784720659256,0.09590446203947067,0.14769688248634338,-0.18543802201747894,-0.0,0.0,0.0,-0.0,0.0,0.0,-0.0,-0.057945407927036285,0.12025786191225052,0.0831037312746048,-0.042630262672901154,0.09354552626609802,0.1653635948896408,-0.12580978870391846,-0.0004105978587176651,-6.618641054956242e-05,0.0005626202328130603,1.8571414329926483e-05,-0.00043737588566727936,4.343374166637659e-05,0.00047744260518811643,0.00971800833940506,0.019265837967395782,-0.0074510276317596436,-0.001658748835325241,0.0028008446097373962,0.008787229657173157,0.03070198744535446,-0.048227399587631226,0.1395236998796463,0.07565270364284515,-0.044289011508226395,0.09634637087583542,0.17415082454681396,-0.095107801258564,-0.048227399587631226,0.1395236998796463,0.07565270364284515,-0.044289011508226395,0.09634637087583542,0.17415082454681396,-0.095107801258564,-0.048227399587631226,0.1395236998796463,0.07565270364284515,-0.044289011508226395,0.09634637087583542,0.17415082454681396,-0.095107801258564
7.916999999999998,0.010606554336845875,0.010606554336845875,nan,nan,nan,nan,0.03287767991423607,0.0,0.03725166618824005,0.7180845141410828,0.0,0.0,0.0,0.0,0.004999999888241291,0.03700000047683716,64.0,0.1313943713903427,14.421653747558594,0.009481795132160187,25.478668212890625,-0.0032475125044584274,-0.0022332891821861267,0.0382658913731575,0.0018726128619164228,0.9939247965812683,0.013955047354102135,0.2179320603609085,9.0,1.0,0.0,0.0,0.010606550611555576,-3.725290298461914e-09,nan,0.00783967599272728,-0.09788893163204193,0.17269131541252136,0.07958100736141205,-0.002211708575487137,0.12425781041383743,0.13592110574245453,-0.10169998556375504,-0.0,0.0,0.0,-0.0,0.0,0.0,-0.0,-0.0716104805469513,0.13741253316402435,0.08366111665964127,-0.026508521288633347,0.11072809249162674,0.1532365381717682,-0.11046534031629562,0.00014207203639671206,1.964494185813237e-05,3.074886626563966e-05,4.065830580657348e-05,-2.6649353458196856e-05,-1.568332481838297e-05,0.00019765023898798972,0.01744406297802925,-0.0006618648767471313,-0.005095243453979492,-0.013575781136751175,-0.010733537375926971,0.015319764614105225,0.010102085769176483,-0.05416641756892204,0.13675066828727722,0.07856587320566177,-0.04008430242538452,0.09999455511569977,0.1685563027858734,-0.10036325454711914,-0.05416641756892204,0.13675066828727722,0.07856587320566177,-0.04008430242538452,0.09999455511569977,0.1685563027858734,-0.10036325454711914,-0.05416641756892204,0.13675066828727722,0.07856587320566177,-0.04008430242538452,0.09999455511569977,0.1685563027858734,-0.10036325454711914
8.014999999999997,0.010712946765124798,0.010712946765124798,nan,nan,nan,nan,0.037313103675842285,0.0,0.037237219512462616,0.7173652052879333,0.0,0.0,0.0,0.0,0.00800000037997961,0.02800000086426735,64.0,0.13127636909484863,2.6941699981689453,0.009401701390743256,11.083300590515137,-0.003945538774132729,-0.0022812653332948685,0.038901492953300476,0.0,0.9915124773979187,0.013991283252835274,0.19456040859222412,9.0,1.0,0.0,0.0,0.010712939314544201,-7.450580596923828e-09,nan,0.007839031517505646,-0.10110059380531311,0.07538368552923203,0.10607841610908508,-0.021326256915926933,0.09744583070278168,0.12771724164485931,-0.19126197695732117,-0.0,0.0,0.0,-0.0,0.0,0.0,-0.0,-0.07693539559841156,0.12107514590024948,0.09335753321647644,-0.02096305787563324,0.10225322097539902,0.14878973364830017,-0.13165846467018127,0.0001567024301039055,2.0552213754854165e-05,1.6394922567997128e-05,4.1247149056289345e-05,-1.7637010387261398e-05,-1.8449405615683645e-05,0.0001916377805173397,0.01457386463880539,0.014569230377674103,-0.009143061935901642,-0.009296450763940811,-0.00019568949937820435,0.01266847550868988,0.024316847324371338,-0.06236153095960617,0.13564437627792358,0.0842144712805748,-0.03025950863957405,0.10205753147602081,0.16145820915699005,-0.10734161734580994,-0.06236153095960617,0.13564437627792358,0.0842144712805748,-0.03025950863957405,0.10205753147602081,0.16145820915699005,-0.10734161734580994,-0.06236153095960617,0.13564437627792358,0.0842144712805748,-0.03025950863957405,0.10205753147602081,0.16145820915699005,-0.10734161734580994
8.232000000000003,0.009559241123497486,0.009559241123497486,nan,nan,nan,nan,0.024497367441654205,0.0,0.0287364162504673,0.7151997685432434,0.0,0.0,0.0,0.0,0.0010000000474974513,0.041999999433755875,64.0,0.13072361052036285,6.039389610290527,0.01578405499458313,24.953523635864258,-0.004944835789501667,-0.0056011611595749855,0.028080090880393982,-0.012176022864878178,0.9956865906715393,0.014082818292081356,0.21530668437480927,9.0,1.0,0.0,0.0,0.009559239260852337,-1.862645149230957e-09,nan,0.008184009231626987,-0.11247272044420242,0.22704803943634033,0.052485983818769455,0.035911060869693756,0.0557875782251358,0.060930315405130386,-0.12218810617923737,-0.007915890775620937,0.015979763120412827,0.0036939920391887426,0.0025274399667978287,0.003926359582692385,0.004288308322429657,-0.008599665015935898,-0.08772032707929611,0.12088537216186523,0.0938921868801117,-0.020477481186389923,0.10271957516670227,0.146024689078331,-0.1405542641878128,0.00015983458433765918,1.918318957905285e-05,1.656628228374757e-05,3.947144796256907e-05,-2.1080133592477068e-05,-1.7357737306156196e-05,0.00019776659610215575,0.01624840497970581,0.004608020186424255,-0.004510432481765747,-0.006539046764373779,-0.0002774447202682495,0.009360179305076599,0.0176113098859787,-0.0714719220995903,0.1254933923482895,0.08938175439834595,-0.027016527950763702,0.10244213044643402,0.1553848683834076,-0.1229429543018341,-0.0714719220995903,0.1254933923482895,0.08938175439834595,-0.027016527950763702,0.10244213044643402,0.1553848683834076,-0.1229429543018341,-0.0714719220995903,0.1254933923482895,0.08938175439834595,-0.027016527950763702,0.10244213044643402,0.1553848683834076,-0.1229429543018341
8.376999999999999,0.008985457010567188,0.008985457010567188,nan,nan,nan,nan,0.02358284592628479,0.0,0.02453060820698738,0.7143175005912781,0.0,0.0,0.0,0.0,0.003000000026077032,0.05000000074505806,64.0,0.13001199066638947,2.3454744815826416,0.011228956282138824,10.407797813415527,-0.006028112955391407,-0.0026910193264484406,0.027867702767252922,-0.004595965147018433,0.9788027405738831,0.013839402236044407,0.20439490675926208,9.0,1.0,0.0,0.0,0.008985455147922039,-1.862645149230957e-09,nan,0.007742445915937424,-0.039382945746183395,0.07092645764350891,0.04070497304201126,0.11153937131166458,0.17266987264156342,-0.08392780274152756,0.18017138540744781,-0.001285891397856176,0.0023158174008131027,0.0013290568022057414,0.0036418684758245945,0.005637838505208492,-0.0027403240092098713,0.005882770288735628,-0.09215104579925537,0.0884612426161766,0.0926753580570221,-0.004014306701719761,0.10411284118890762,0.09313568472862244,-0.12851928174495697,0.0001683897862676531,1.9118513591820374e-05,1.3434736501949374e-05,3.696330895763822e-05,-1.9457642338238657e-05,-1.5184749827312771e-05,0.0002018719824263826,0.013387016952037811,0.027705766260623932,-0.0011079907417297363,-0.019170992076396942,-0.002769477665424347,0.049574509263038635,-0.0032187849283218384,-0.07876402884721756,0.11616700887680054,0.09156736731529236,-0.02318529784679413,0.10134336352348328,0.14271019399166107,-0.1317380666732788,-0.07876402884721756,0.11616700887680054,0.09156736731529236,-0.02318529784679413,0.10134336352348328,0.14271019399166107,-0.1317380666732788,-0.07876402884721756,0.11616700887680054,0.09156736731529236,-0.02318529784679413,0.10134336352348328,0.14271019399166107,-0.1317380666732788
8.474,0.008395607583224773,0.008395607583224773,nan,nan,nan,nan,0.025677144527435303,0.0,0.02481650933623314,0.7109686732292175,0.0,0.0,0.0,0.0,0.0,0.017999999225139618,64.0,0.12929368019104004,9.279458045959473,0.01451093703508377,19.1937313079834,-0.003990817815065384,-0.004126064479351044,0.02468126267194748,-0.005908724386245012,0.7145845293998718,0.010901248082518578,0.21159934997558594,9.0,1.0,0.0,0.0,0.008395603857934475,-3.725290298461914e-09,nan,0.005891004111617804,0.08481534570455551,-0.0712275356054306,-0.14049063622951508,0.016539597883820534,-0.18296055495738983,-0.13789494335651398,0.07233422249555588,0.030210096389055252,-0.02537030167877674,-0.050040896981954575,0.005891184788197279,-0.0651681199669838,-0.0491163469851017,0.02576448768377304,0.0021237675100564957,0.08103395253419876,0.0019203424453735352,0.01623181439936161,-0.012288954108953476,0.05492445454001427,-0.018101058900356293,0.00016894572763703763,1.9294004232506268e-05,1.687891926849261e-05,3.6197798181092367e-05,-2.185000448662322e-05,-1.3329507964954246e-05,0.0002074875810649246,-0.05919523537158966,0.027556993067264557,0.0670618936419487,-0.022795459255576134,0.08659526705741882,0.060646820813417435,-0.07573976367712021,-0.057071469724178314,0.10859094560146332,0.06898223608732224,-0.006563644856214523,0.07430631667375565,0.1155712753534317,-0.0938408225774765,-0.057071469724178314,0.10859094560146332,0.06898223608732224,-0.006563644856214523,0.07430631667375565,0.1155712753534317,-0.0938408225774765,-0.057071469724178314,0.10859094560146332,0.06898223608732224,-0.006563644856214523,0.07430631667375565,0.1155712753534317,-0.0938408225774765
8.574000000000002,0.008000577799975872,0.008000577799975872,nan,nan,nan,nan,0.03254654258489609,0.0,0.027431003749370575,0.7079361081123352,0.0,0.0,0.0,0.0,0.008999999612569809,0.009999999776482582,64.0,0.1285981684923172,3.4305975437164307,0.01253560185432434,13.623759269714355,-0.0013214172795414925,-0.004767317324876785,0.023985102772712708,0.0,0.9734038710594177,0.009360517375171185,0.22983214259147644,9.0,1.0,0.0,0.0,0.008000572212040424,-5.587935447692871e-09,nan,0.0035527886357158422,-0.12154217809438705,0.06534421443939209,0.113747738301754,-0.0005448032752610743,0.07290928810834885,0.07374268025159836,-0.21740524470806122,-0.0,0.0,0.0,-0.0,0.0,0.0,-0.0,-0.020583342760801315,0.10098487138748169,0.042616501450538635,0.02117139846086502,0.039131175726652145,0.10841023921966553,-0.0326945036649704,-0.0001910043938551098,-3.760684194276109e-05,0.00034799057175405324,1.538306059956085e-05,-0.000385573337553069,4.343897307990119e-05,0.0004626039299182594,-0.018502872437238693,0.0042367056012153625,0.011696163564920425,-0.017145782709121704,0.017328687012195587,0.001472964882850647,-0.03227122128009796,-0.03908621519804001,0.10522157698869705,0.05431266501545906,0.004025615751743317,0.05645986273884773,0.10988320410251617,-0.06496572494506836,-0.03908621519804001,0.10522157698869705,0.05431266501545906,0.004025615751743317,0.05645986273884773,0.10988320410251617,-0.06496572494506836,-0.03908621519804001,0.10522157698869705,0.05431266501545906,0.004025615751743317,0.05645986273884773,0.10988320410251617,-0.06496572494506836
8.632000000000001,0.007880707271397114,0.007880707271397114,nan,nan,nan,nan,0.027473561465740204,0.0,0.027148861438035965,0.7065557837486267,0.0,0.0,0.0,0.0,0.007000000216066837,0.004000000189989805,64.0,0.12832804024219513,2.4057841300964355,0.009505078196525574,11.337080955505371,-0.0005920371040701866,-0.0034637805074453354,0.02427711710333824,0.0,0.9748978614807129,0.009281819686293602,0.1539033204317093,9.0,1.0,0.0,0.0,0.007880705408751965,-1.862645149230957e-09,nan,0.003849628148600459,-0.12154217809438705,0.06534421443939209,0.113747738301754,-0.0005448032752610743,0.07290928810834885,0.07374268025159836,-0.21740524470806122,-0.0,0.0,0.0,-0.0,0.0,0.0,-0.0,-0.06024748086929321,0.08698257803916931,0.07056213170289993,0.012639660388231277,0.05240172520279884,0.09479024261236191,-0.10526261478662491,0.0001812367991078645,2.19332014239626e-05,8.23538448457839e-06,3.752228803932667e-05,-1.4497472875518724e-05,-1.4085067959968e-05,0.0002057312085526064,0.017975635826587677,0.013515293598175049,-0.013513483107089996,-0.004916368518024683,0.0014303885400295258,0.011368252336978912,0.033901654183864594,-0.042271845042705536,0.10049787163734436,0.057048648595809937,0.0077232918702065945,0.05383211374282837,0.10615849494934082,-0.07136096060276031,-0.042271845042705536,0.10049787163734436,0.057048648595809937,0.0077232918702065945,0.05383211374282837,0.10615849494934082,-0.07136096060276031,-0.042271845042705536,0.10049787163734436,0.057048648595809937,0.0077232918702065945,0.05383211374282837,0.10615849494934082,-0.07136096060276031
8.724,0.007542985491454601,0.007542985491454601,nan,nan,nan,nan,0.02539261057972908,0.0,0.024349376559257507,0.7035841345787048,0.0,0.0,0.0,0.0,0.003000000026077032,0.017000000923871994,64.0,0.12804868817329407,4.064573764801025,0.013411976397037506,26.023027420043945,-0.0009140241891145706,-0.0023234840482473373,0.02293991670012474,-0.0016622463008388877,0.9616866111755371,0.009794572368264198,0.20184385776519775,9.0,1.0,0.0,0.0,0.007542979903519154,-5.587935447692871e-09,nan,0.004290653858333826,-0.046500757336616516,0.16733872890472412,0.074577696621418,0.07947554439306259,0.17170162498950958,0.06646832078695297,0.1185653805732727,-0.0,0.0,0.0,0.0,0.0,0.0,0.0,-0.06861626356840134,0.1111658588051796,0.08138283342123032,0.03379914164543152,0.09973397105932236,0.0800403580069542,-0.04916449636220932,0.00019336253171786666,2.3828097255318426e-05,-1.7293617702307529e-06,3.9467180613428354e-05,-4.611259100784082e-06,-1.7004296751110815e-05,0.00020039004448335618,0.01070297509431839,-0.0131845623254776,-0.011606737971305847,-0.01939021609723568,-0.03354664146900177,0.015196390450000763,-0.03385118395090103,-0.05791328847408295,0.097981296479702,0.06977609544992447,0.014408925548195839,0.06618732959032059,0.09523674845695496,-0.08301568031311035,-0.05791328847408295,0.097981296479702,0.06977609544992447,0.014408925548195839,0.06618732959032059,0.09523674845695496,-0.08301568031311035,-0.05791328847408295,0.097981296479702,0.06977609544992447,0.014408925548195839,0.06618732959032059,0.09523674845695496,-0.08301568031311035
8.837999999999997,0.0076956311240792274,0.0076956311240792274,nan,nan,nan,nan,0.016351399943232536,0.0,0.017695676535367966,0.7025607824325562,0.0,0.0,0.0,0.0,0.010999999940395355,0.02500000037252903,64.0,0.12815353274345398,6.521266937255859,0.015106983482837677,13.833173751831055,-0.004968303255736828,-1.6015954315662384e-05,0.022647961974143982,0.0021604448556900024,0.974602460861206,0.011161229573190212,0.17593520879745483,9.0,1.0,0.0,0.0,0.00769562553614378,-5.587935447692871e-09,nan,0.007869699038565159,-0.05012077838182449,0.20956450700759888,0.09821237623691559,0.12652121484279633,0.10406338423490524,0.08363635838031769,0.009649273939430714,-0.011089768260717392,0.04636843129992485,0.021730558946728706,0.027994196861982346,0.023025158792734146,0.018505455926060677,0.0021350071765482426,-0.07492890954017639,0.188023179769516,0.08492520451545715,0.05996820330619812,0.12118617445230484,0.11558264493942261,-0.010006079450249672,0.0001842050696723163,2.1678304619854316e-05,5.595023594651138e-06,3.9889622712507844e-05,-1.612744017620571e-05,-1.7114723959821276e-05,0.00020805442181881517,0.008451111614704132,-0.0557967871427536,-0.01015869528055191,-0.03059462085366249,-0.02877333015203476,-0.012970052659511566,-0.039026178419589996,-0.06647779792547226,0.1322263926267624,0.07476650923490524,0.02937358245253563,0.09241284430027008,0.10261259227991104,-0.04903225600719452,-0.06647779792547226,0.1322263926267624,0.07476650923490524,0.02937358245253563,0.09241284430027008,0.10261259227991104,-0.04903225600719452,-0.06647779792547226,0.1322263926267624,0.07476650923490524,0.02937358245253563,0.09241284430027008,0.10261259227991104,-0.04903225600719452
8.933000000000003,0.007462316192686558,0.007462316192686558,nan,nan,nan,nan,0.01565178856253624,0.0,0.016113005578517914,0.7018232345581055,0.0,0.0,0.0,0.0,0.00800000037997961,0.01600000075995922,64.0,0.12817738950252533,4.061996936798096,0.013684853911399841,13.052040100097656,-0.00572038721293211,-0.0023916102945804596,0.01944178342819214,-0.015446449629962444,0.9711927771568298,0.01193976029753685,0.22892248630523682,9.0,1.0,0.0,0.0,0.007462312467396259,-3.725290298461914e-09,nan,0.007260501850396395,-0.07341325283050537,0.058681681752204895,0.07864030450582504,-0.03072994388639927,-0.0026978219393640757,0.17353056371212006,-0.20956668257713318,-0.012871100567281246,0.010288302786648273,0.01378752663731575,-0.005387694574892521,-0.0004729927459266037,0.03042406029999256,-0.03674205392599106,-0.0797375813126564,0.1355372965335846,0.08802701532840729,0.01780291646718979,0.0665220096707344,0.15399976074695587,-0.11336769163608551,0.00018156826263293624,2.0778272300958633e-05,6.707623469992541e-06,4.078518395544961e-05,-2.1100810045027174e-05,-1.7941427358891815e-05,0.00021104243933223188,0.008928276598453522,0.0036374926567077637,-0.008677400648593903,0.011894229799509048,0.02214772254228592,-0.03648209571838379,0.05181405320763588,-0.07080930471420288,0.13917478919029236,0.07934961467981339,0.029697146266698837,0.08866973221302032,0.11751766502857208,-0.06155363842844963,-0.07080930471420288,0.13917478919029236,0.07934961467981339,0.029697146266698837,0.08866973221302032,0.11751766502857208,-0.06155363842844963,-0.07080930471420288,0.13917478919029236,0.07934961467981339,0.029697146266698837,0.08866973221302032,0.11751766502857208,-0.06155363842844963
9.029999999999998,0.006407839246094227,0.006407839246094227,nan,nan,nan,nan,0.01851394772529602,0.0,0.01317383162677288,0.6983802914619446,0.0,0.0,0.0,0.0,0.007000000216066837,0.014999999664723873,64.0,0.1276644468307495,2.4264307022094727,0.010985881090164185,17.86896324157715,-0.004429778084158897,-0.0065184710547327995,0.011085138656198978,0.0,0.8300637006759644,0.01056641060858965,0.19197531044483185,9.0,1.0,0.0,0.0,0.006407835520803928,-3.725290298461914e-09,nan,0.004985874984413385,0.06668350100517273,0.05488608404994011,-0.04340607672929764,0.07347692549228668,0.05623621121048927,-0.09491883963346481,0.2511688470840454,0.007032363675534725,0.00578822148963809,-0.004577553831040859,0.007748790085315704,0.005930604878813028,-0.010010028257966042,0.02648797072470188,-0.016882475465536118,0.10249610990285873,0.03188970312476158,0.04253259301185608,0.06315749883651733,0.0474630743265152,0.04458814114332199,-0.0005229802336543798,-9.232480078935623e-05,0.0006376889650709927,-7.425287094520172e-06,-0.0008232679683715105,0.00010640392429195344,0.000774623651523143,-0.04150029644370079,0.026935450732707977,0.03664186969399452,-0.011016085743904114,0.016465559601783752,0.056521520018577576,-0.08528687059879303,-0.05838277190923691,0.1294315606355667,0.0685315728187561,0.031516507267951965,0.07962305843830109,0.10398459434509277,-0.04069872945547104,-0.05838277190923691,0.1294315606355667,0.0685315728187561,0.031516507267951965,0.07962305843830109,0.10398459434509277,-0.04069872945547104,-0.05838277190923691,0.1294315606355667,0.0685315728187561,0.031516507267951965,0.07962305843830109,0.10398459434509277,-0.04069872945547104
9.120000000000001,0.005926364101469517,0.005926364101469517,nan,nan,nan,nan,0.01992075704038143,0.0,0.014562099240720272,0.6964320540428162,0.0,0.0,0.0,0.0,0.006000000052154064,0.052000001072883606,64.0,0.12647734582424164,2.7160263061523438,0.010535120964050293,19.758956909179688,-0.002462918870151043,-0.0052069309167563915,0.011818086728453636,-0.0011548757320269942,-0.038780082017183304,0.007336373440921307,0.15406794846057892,9.0,1.0,0.0,0.0,0.0059263622388243675,-1.862645149230957e-09,nan,0.002603956265375018,0.16768626868724823,-0.008639734238386154,-0.13535833358764648,-0.04521293193101883,-0.12972944974899292,0.020901000127196312,0.15547990798950195,0.08533099293708801,-0.004396526142954826,-0.06888018548488617,-0.023007633164525032,-0.06601579487323761,0.010635951533913612,0.07911951094865799,0.0652855783700943,0.054943837225437164,-0.05498766526579857,0.031236378476023674,-0.056716158986091614,-0.01660894975066185,0.07555699348449707,0.00020177161786705256,2.2040823751012795e-05,-5.909268111281563e-06,4.570119926938787e-05,-1.0699995982577093e-05,-2.479415707057342e-05,0.00021151838882360607,-0.09161568433046341,0.05397341400384903,0.09106652438640594,0.0031705591827630997,0.10169211775064468,0.08307711780071259,-0.08238261938095093,-0.02633010596036911,0.1089172512292862,0.036078859120607376,0.034406937658786774,0.04497595876455307,0.06646816432476044,-0.006825625896453857,-0.02633010596036911,0.1089172512292862,0.036078859120607376,0.034406937658786774,0.04497595876455307,0.06646816432476044,-0.006825625896453857,-0.02633010596036911,0.1089172512292862,0.036078859120607376,0.034406937658786774,0.04497595876455307,0.06646816432476044,-0.006825625896453857
9.186000000000003,0.005906456150114536,0.005906456150114536,nan,nan,nan,nan,0.0031962376087903976,0.0,0.011623244732618332,0.6973943114280701,0.0,0.0,0.0,0.0,0.006000000052154064,0.017000000923871994,64.0,0.12639573216438293,2.690068483352661,0.012305565178394318,10.615991592407227,-0.00575333833694458,-0.003262617625296116,0.014113965444266796,0.0,0.11723309010267258,0.003349774517118931,0.1413312703371048,9.0,1.0,0.0,0.0,0.005906454287469387,-1.862645149230957e-09,nan,0.002103908685967326,-0.13005296885967255,-0.10837239772081375,0.03603465110063553,0.01496056653559208,0.042525023221969604,-0.21083557605743408,-0.11644448339939117,-0.01625826209783554,-0.013547916896641254,0.004504785872995853,0.0018702596426010132,0.005316164344549179,-0.026357106864452362,-0.014557029120624065,-0.04475175216794014,-0.03704530745744705,-0.004360881634056568,0.022747930139303207,-0.0014327168464660645,-0.12816879153251648,-0.03230036795139313,0.0001901976647786796,1.9829712982755154e-05,3.6530580018734327e-06,4.51837622676976e-05,-2.6309638997190632e-05,-2.3339844119618647e-05,0.00022235102369450033,0.024278271943330765,0.08883410692214966,0.014685598202049732,0.007153673097491264,0.017166240140795708,0.11733152717351913,0.027681561186909676,-0.020473480224609375,0.051788803189992905,0.010324716567993164,0.029901603236794472,0.015733523294329643,-0.010837264358997345,-0.004618806764483452,-0.020473480224609375,0.051788803189992905,0.010324716567993164,0.029901603236794472,0.015733523294329643,-0.010837264358997345,-0.004618806764483452,-0.020473480224609375,0.051788803189992905,0.010324716567993164,0.029901603236794472,0.015733523294329643,-0.010837264358997345,-0.004618806764483452
9.245999999999999,0.005930560640990734,0.005930560640990734,nan,nan,nan,nan,0.010991363786160946,0.0,0.01194005087018013,0.6979641914367676,0.0,0.0,0.0,0.0,0.003000000026077032,0.004999999888241291,64.0,0.12639573216438293,3.950500965118408,0.008806586265563965,11.822978973388672,-0.007386187091469765,-0.0023202989250421524,0.017005939036607742,0.0,-0.23262876272201538,0.0024987710639834404,0.1169142872095108,9.0,1.0,0.0,0.0,0.005930558778345585,-1.862645149230957e-09,nan,0.00029066193383187056,0.10483726859092712,-0.03810662403702736,-0.0598425567150116,-0.07946374267339706,-0.03647318482398987,0.24731183052062988,0.07188867032527924,0.015379504300653934,-0.0055901966989040375,-0.008778832852840424,-0.011657238006591797,-0.00535057345405221,0.03628035634756088,0.010545982979238033,-0.005494594108313322,-0.043871160596609116,-0.019015733152627945,-0.009163735434412956,-0.00929809920489788,-0.020606376230716705,-0.00679921405389905,2.1794824078824604e-06,-1.030122166412184e-05,0.00016868760576471686,3.0492188670905307e-05,-0.0002507319732103497,1.2626599527720828e-05,0.00037867334322072566,-0.016377752646803856,0.06722201406955719,0.022938910871744156,0.03131288290023804,0.01909720152616501,-0.0073913391679525375,-0.0025765891186892986,-0.021872347220778465,0.023350849747657776,0.003923177719116211,0.02214914932847023,0.009799103252589703,-0.027997715398669243,-0.009375803172588348,-0.021872347220778465,0.023350849747657776,0.003923177719116211,0.02214914932847023,0.009799103252589703,-0.027997715398669243,-0.009375803172588348,-0.021872347220778465,0.023350849747657776,0.003923177719116211,0.02214914932847023,0.009799103252589703,-0.027997715398669243,-0.009375803172588348
9.315999999999999,0.005714823491871357,0.005714823491871357,nan,nan,nan,nan,0.012904884293675423,0.0,0.010906961746513844,0.6975781917572021,0.0,0.0,0.0,0.0,0.008999999612569809,0.009999999776482582,64.0,0.12625013291835785,3.590282917022705,0.012172386050224304,15.06881332397461,-0.006635352037847042,-0.002270639408379793,0.01527167484164238,0.0,0.5897592306137085,0.0016389169031754136,0.07023664563894272,9.0,1.0,0.0,0.0,0.00571481604129076,-7.450580596923828e-09,nan,0.0007358779548667371,-0.1489572823047638,0.017218252643942833,0.14146333932876587,0.0032729743979871273,0.10598103702068329,0.025990070775151253,-0.18864041566848755,-0.0,0.0,0.0,0.0,0.0,0.0,-0.0,-0.04061830788850784,-0.024775629863142967,0.027880091220140457,-0.012382857501506805,0.024707041680812836,0.020446863025426865,-0.05739149451255798,0.00010998766083503142,6.498580205516191e-06,7.44820645195432e-05,3.9025573641993105e-05,-0.00012351824261713773,-8.399688340432476e-06,0.00029070672462694347,0.019765527918934822,0.02919267676770687,-0.023517658933997154,0.02192620187997818,-0.01537441834807396,-0.0325864776968956,0.040792759507894516,-0.02085277996957302,0.004417046904563904,0.004362432286143303,0.009543345309793949,0.009332623332738876,-0.012139614671468735,-0.016598735004663467,-0.02085277996957302,0.004417046904563904,0.004362432286143303,0.009543345309793949,0.009332623332738876,-0.012139614671468735,-0.016598735004663467,-0.02085277996957302,0.004417046904563904,0.004362432286143303,0.009543345309793949,0.009332623332738876,-0.012139614671468735,-0.016598735004663467
9.403000000000002,0.005690169520676136,0.005690169520676136,nan,nan,nan,nan,0.014940137974917889,0.0,0.012246302329003811,0.6969887018203735,0.0,0.0,0.0,0.0,0.0010000000474974513,0.017999999225139618,64.0,0.1262071281671524,3.125856637954712,0.013640150427818298,13.614303588867188,-0.004953053779900074,-0.0012802252313122153,0.01591913029551506,2.8767521143890917e-05,0.9932852983474731,0.0038903639651834965,0.029714614152908325,9.0,1.0,0.0,0.0,0.005690162070095539,-7.450580596923828e-09,nan,0.0009394852095283568,0.10286253690719604,0.026023661717772484,-0.10731633752584457,0.06898379325866699,-0.061447106301784515,-0.13259989023208618,0.20275114476680756,0.0,0.0,-0.0,0.0,-0.0,-0.0,0.0,-0.05333994701504707,-0.000298965722322464,0.04401484131813049,0.00820871815085411,0.0381963886320591,-0.005664464086294174,-0.056948527693748474,0.00020283828780520707,2.136792681994848e-05,-6.437318006646819e-06,4.66689707536716e-05,-1.1436656677688006e-05,-2.6643441742635332e-05,0.0002129848871845752,0.009698629379272461,-0.0008720634505152702,-0.013913147151470184,-0.004209723323583603,-0.010843604803085327,0.005550889763981104,0.007171362638473511,-0.04364131763577461,-0.0011710291728377342,0.03010169416666031,0.003998994827270508,0.02735278382897377,-0.0001135743223130703,-0.04977716505527496,-0.04364131763577461,-0.0011710291728377342,0.03010169416666031,0.003998994827270508,0.02735278382897377,-0.0001135743223130703,-0.04977716505527496,-0.04364131763577461,-0.0011710291728377342,0.03010169416666031,0.003998994827270508,0.02735278382897377,-0.0001135743223130703,-0.04977716505527496
9.464000000000002,0.005562919192016125,0.005562919192016125,nan,nan,nan,nan,0.020820140838623047,0.0,0.015225417912006378,0.6954025626182556,0.0,0.0,0.0,0.0,0.008999999612569809,0.009999999776482582,64.0,0.12593623995780945,3.1186435222625732,0.010771676898002625,26.80379867553711,-0.0018940662266686559,-0.0021616716403514147,0.014957812614738941,0.0,-0.9022136330604553,0.0021787602454423904,0.05164278671145439,9.0,1.0,0.0,0.0,0.005562915466725826,-3.725290298461914e-09,nan,0.000263699097558856,-0.09405677765607834,-0.10592924803495407,0.0065519921481609344,0.02187608741223812,0.0017294958233833313,-0.25116539001464844,-0.07952219992876053,-0.0,-0.0,0.0,0.0,0.0,-0.0,-0.0,0.02493889257311821,-0.01142389141023159,-0.015409494750201702,-0.011845712549984455,-0.012592572718858719,-0.0018598716706037521,0.020915335044264793,0.00024349268642254174,2.7909261916647665e-05,-4.184196222922765e-05,4.961616650689393e-05,3.641611692728475e-05,-3.383967123227194e-05,0.00018003566947299987,-0.048063136637210846,0.01003712322562933,0.03323324769735336,0.012574524618685246,0.029593756422400475,0.0038363244384527206,-0.04831989109516144,-0.023124244064092636,-0.0013867681846022606,0.017823753878474236,0.0007288120687007904,0.017001183703541756,0.0019764527678489685,-0.027404556050896645,-0.023124244064092636,-0.0013867681846022606,0.017823753878474236,0.0007288120687007904,0.017001183703541756,0.0019764527678489685,-0.027404556050896645,-0.023124244064092636,-0.0013867681846022606,0.017823753878474236,0.0007288120687007904,0.017001183703541756,0.0019764527678489685,-0.027404556050896645
9.577000000000002,0.004800521768629551,0.004800521768629551,nan,nan,nan,nan,0.010279972106218338,0.0,0.009566130116581917,0.6902551054954529,0.0,0.0,0.0,0.0,0.0020000000949949026,0.03700000047683716,64.0,0.1252620816230774,3.148939371109009,0.016042031347751617,12.196773529052734,-0.0026288796216249466,-0.006093085277825594,0.0061019244603812695,-0.0059492383152246475,0.24954015016555786,0.0018106497591361403,0.0518079474568367,9.0,1.0,0.0,0.0,0.004800516180694103,-5.587935447692871e-09,nan,0.0005518739344552159,0.08797236531972885,-0.05828879401087761,-0.04632924497127533,-0.09787654131650925,-0.014925705268979073,0.25315502285957336,0.05316783860325813,0.026298323646187782,-0.01742476224899292,-0.01384959276765585,-0.02925906330347061,-0.004461867269128561,0.0756777748465538,0.015893911942839622,0.017761658877134323,-0.0534910224378109,-0.021549159660935402,-0.034536074846982956,-0.0103174839168787,0.02458609640598297,0.007324972189962864,0.00020353146828711033,2.1372059563873336e-05,-5.055157998867799e-06,4.627029920811765e-05,-1.4710299183207098e-05,-2.4908486011554487e-05,0.00021773292974103242,-0.02934984304010868,0.029757322743535042,0.023599935695528984,0.027505096048116684,0.014370365999639034,-0.04216291755437851,-0.022647950798273087,-0.011588184162974358,-0.023733699694275856,0.002050776034593582,-0.007030978798866272,0.004052882082760334,-0.017576823011040688,-0.015322977676987648,-0.011588184162974358,-0.023733699694275856,0.002050776034593582,-0.007030978798866272,0.004052882082760334,-0.017576823011040688,-0.015322977676987648,-0.011588184162974358,-0.023733699694275856,0.002050776034593582,-0.007030978798866272,0.004052882082760334,-0.017576823011040688,-0.015322977676987648
9.657,0.004498959518969059,0.004498959518969059,nan,nan,nan,nan,0.006976086646318436,0.0,0.006694404408335686,0.6877801418304443,0.0,0.0,0.0,0.0,0.0010000000474974513,0.019999999552965164,64.0,0.12462753057479858,5.332052707672119,0.015047378838062286,11.005819320678711,-0.0022951196879148483,-0.003987674135714769,0.005001849960535765,0.0,0.9207913279533386,0.002895799931138754,0.0316818505525589,9.0,1.0,0.0,0.0,0.0044989557936787605,-3.725290298461914e-09,nan,0.00193446793127805,-0.15526032447814941,0.026657260954380035,0.1427212655544281,0.019367346540093422,0.09881018847227097,0.004687835928052664,-0.18615515530109406,-0.0,0.0,0.0,0.0,0.0,0.0,-0.0,-0.07058911770582199,-0.0125646460801363,0.062332771718502045,-0.007011198438704014,0.045406728982925415,0.014425384812057018,-0.09147240966558456,0.00024150812532752752,2.7137797587784007e-05,-3.622943768277764e-05,4.951156734023243e-05,2.8346166800474748e-05,-3.194818418705836e-05,0.0001901490322779864,0.04367253556847572,-0.011142032220959663,-0.043761882930994034,-0.003294060006737709,-0.02978566661477089,-0.016672657802700996,0.05449136719107628,-0.026916582137346268,-0.023706678301095963,0.01857088878750801,-0.010305258445441723,0.015621062368154526,-0.002247272990643978,-0.036981042474508286,-0.026916582137346268,-0.023706678301095963,0.01857088878750801,-0.010305258445441723,0.015621062368154526,-0.002247272990643978,-0.036981042474508286,-0.026916582137346268,-0.023706678301095963,0.01857088878750801,-0.010305258445441723,0.015621062368154526,-0.002247272990643978,-0.036981042474508286
9.699000000000002,0.0043911999091506,0.0043911999091506,nan,nan,nan,nan,0.008926824666559696,0.0,0.007195451762527227,0.6865531802177429,0.0,0.0,0.0,0.0,0.009999999776482582,0.009999999776482582,64.0,0.12451142817735672,3.386367082595825,0.018837861716747284,11.815411567687988,-0.0019090924179181457,-0.0028067852836102247,0.0062977587804198265,-0.00202227383852005,0.9384974241256714,0.0048374151811003685,0.04376668483018875,9.0,1.0,0.0,0.0,0.004391196183860302,-3.725290298461914e-09,nan,0.001176624558866024,0.10170644521713257,0.02448584884405136,-0.0979299545288086,0.0787336677312851,-0.046569809317588806,-0.13762129843235016,0.20532561838626862,0.0,0.0,-0.0,0.0,-0.0,-0.0,0.0,-0.05921170487999916,0.005654213018715382,0.05219775810837746,0.017467916011810303,0.04158608242869377,-0.01881009340286255,-0.05781969055533409,0.00020744344510603696,2.1646719687851146e-05,-5.7496686167723965e-06,4.662405262934044e-05,-1.2568282727443147e-05,-2.4907021725084633e-05,0.00021908678172621876,0.00910622626543045,-0.019264642149209976,-0.010506812483072281,-0.0211142860352993,-0.009939927607774734,0.018303819000720978,-0.004720289260149002,-0.05010547861456871,-0.01361042819917202,0.041690945625305176,-0.0036463700234889984,0.03164615482091904,-0.000506274402141571,-0.0625399798154831,-0.05010547861456871,-0.01361042819917202,0.041690945625305176,-0.0036463700234889984,0.03164615482091904,-0.000506274402141571,-0.0625399798154831,-0.05010547861456871,-0.01361042819917202,0.041690945625305176,-0.0036463700234889984,0.03164615482091904,-0.000506274402141571,-0.0625399798154831
9.773999999999997,0.0044794389978051186,0.0044794389978051186,nan,nan,nan,nan,0.015467832796275616,0.0,0.01023788284510374,0.6864019632339478,0.0,0.0,0.0,0.0,-0.0020000000949949026,0.019999999552965164,64.0,0.12444934248924255,4.29353141784668,0.012871809303760529,15.508999824523926,0.00044482643716037273,-0.0002947470638900995,0.009498309344053268,0.001904461532831192,-0.5806741118431091,0.002308104420080781,0.07337342947721481,9.0,1.0,0.0,0.0,0.004479437135159969,-1.862645149230957e-09,nan,0.0010433894349262118,0.16058364510536194,-0.06081883981823921,-0.11271000653505325,-0.07799813896417618,-0.07932797819375992,0.11490972340106964,0.14909572899341583,0.047942064702510834,-0.018157396465539932,-0.033649444580078125,-0.023286255076527596,-0.023683277890086174,0.03430616855621338,0.04451236128807068,0.045757438987493515,-0.004824218340218067,-0.035591233521699905,0.014662211760878563,-0.015191156417131424,-0.02530779503285885,0.07788726687431335,0.00022988342971075326,2.5256655135308392e-05,-2.5458288291702047e-05,4.8239722673315555e-05,1.4172351257002447e-05,-2.8910291803185828e-05,0.0002004315610975027,-0.06958639621734619,-0.0006823833100497723,0.05538231134414673,-0.004609568044543266,0.03480606526136398,0.006107771769165993,-0.09481661021709442,-0.023828953504562378,-0.005506601650267839,0.019791077822446823,0.010052643716335297,0.01961490884423256,-0.019200023263692856,-0.016929343342781067,-0.023828953504562378,-0.005506601650267839,0.019791077822446823,0.010052643716335297,0.01961490884423256,-0.019200023263692856,-0.016929343342781067,-0.023828953504562378,-0.005506601650267839,0.019791077822446823,0.010052643716335297,0.01961490884423256,-0.019200023263692856,-0.016929343342781067
9.846999999999998,0.004331120289862156,0.004331120289862156,nan,nan,nan,nan,-0.0029955776408314705,0.0,0.003374595195055008,0.685113251209259,0.0,0.0,0.0,0.0,0.007000000216066837,0.02199999988079071,64.0,0.12433324009180069,12.733481407165527,0.01769326627254486,21.101858139038086,-0.0017096344381570816,-0.0014324109070003033,0.0036518187262117863,-0.005612826906144619,0.9748015403747559,0.004185565281659365,0.061853453516960144,9.0,1.0,0.0,0.0,0.0043311165645718575,-3.725290298461914e-09,nan,0.004857440013438463,0.021014925092458725,-0.04937959462404251,-0.09122418612241745,0.06110633164644241,-0.08758973330259323,-0.25346219539642334,0.05611727759242058,0.005859889555722475,-0.013769213110208511,-0.025437334552407265,0.017039144411683083,-0.024423886090517044,-0.07067646086215973,0.015647977590560913,0.03458314761519432,-0.03375910222530365,-0.07470744848251343,0.04579699784517288,-0.06295064836740494,-0.1735355257987976,0.07185713201761246,0.0002107480395352468,2.2314279704005457e-05,-8.702484592504334e-06,4.629371323972009e-05,-8.399554644711316e-06,-2.38171578530455e-05,0.00021593479323200881,-0.029834020882844925,0.018925292417407036,0.055749211460351944,-0.023238565772771835,0.050407953560352325,0.10200534015893936,-0.04690244048833847,0.004749126732349396,-0.014833809807896614,-0.018958237022161484,0.022558432072401047,-0.012542694807052612,-0.07153018563985825,0.024954691529273987,0.004749126732349396,-0.014833809807896614,-0.018958237022161484,0.022558432072401047,-0.012542694807052612,-0.07153018563985825,0.024954691529273987,0.004749126732349396,-0.014833809807896614,-0.018958237022161484,0.022558432072401047,-0.012542694807052612,-0.07153018563985825,0.024954691529273987
10.069999999999997,0.003956540487706661,0.003956540487706661,nan,nan,nan,nan,-0.0019723926670849323,0.0,1.862645149230957e-09,0.6828480362892151,0.0,0.0,0.0,0.0,0.007000000216066837,0.010999999940395355,64.0,0.12366971373558044,9.557430267333984,0.014360062777996063,16.001798629760742,-0.0026223771274089813,-0.002159552648663521,0.00046282634139060974,0.0,0.7398607134819031,0.0054675680585205555,0.07968594878911972,9.0,1.0,0.0,0.0,0.003956536762416363,-3.725290298461914e-09,nan,0.005034798290580511,0.12557250261306763,-0.033130232244729996,-0.09625473618507385,-0.0849500223994255,-0.051091548055410385,0.19975416362285614,0.11891333013772964,0.08382140100002289,-0.022114893421530724,-0.0642513781785965,-0.056705329567193985,-0.03410432115197182,0.13333868980407715,0.07937631011009216,0.11016388237476349,-0.04197945073246956,-0.10971105098724365,-0.03825276345014572,-0.07044688612222672,0.05542930215597153,0.1248236745595932,0.0008261857437901199,0.00011713337880792096,-0.0005487384041771293,9.584670624462888e-05,0.0007116931374184787,-0.00014415604528039694,-0.0002811503945849836,-0.06996949017047882,0.017401976510882378,0.0581139400601387,0.04605621472001076,0.03523111343383789,-0.10162770748138428,-0.06448936462402344,0.04019438847899437,-0.02457747422158718,-0.05159711092710495,0.007803452201187611,-0.035215772688388824,-0.04619840532541275,0.06033431366086006,0.04019438847899437,-0.02457747422158718,-0.05159711092710495,0.007803452201187611,-0.035215772688388824,-0.04619840532541275,0.06033431366086006,0.04019438847899437,-0.02457747422158718,-0.05159711092710495,0.007803452201187611,-0.035215772688388824,-0.04619840532541275,0.06033431366086006
10.193999999999999,0.003891897387802601,0.003891897387802601,nan,nan,nan,nan,-0.0053578270599246025,1.0,2.3283064365386963e-10,0.6827943921089172,0.0,0.0,0.0,0.0,0.020999999716877937,0.024000000208616257,64.0,0.12360682338476181,3.0519254207611084,0.011626631021499634,13.748052597045898,-0.003820976009592414,-0.00032110465690493584,0.0034998715855181217,0.0013054038863629103,0.9613028764724731,0.0069615524262189865,0.03670326992869377,9.0,1.0,0.0,0.0,0.003891891799867153,-5.587935447692871e-09,nan,0.003433524165302515,0.13004393875598907,-0.08291618525981903,-0.12464507669210434,-0.0901392251253128,-0.0716865137219429,0.14114202558994293,0.13225723803043365,0.05696761608123779,-0.03632262721657753,-0.054602570831775665,-0.039486780762672424,-0.0314033068716526,0.06182929500937462,0.05793718621134758,0.09070976823568344,-0.061614952981472015,-0.10722403973340988,-0.03609882667660713,-0.06987790763378143,0.0074273571372032166,0.10805730521678925,0.00020719754684250802,2.1886522517888807e-05,-3.2368643587687984e-06,4.5760159991914406e-05,-1.1488862583064474e-05,-2.2122752852737904e-05,0.000219806534005329,-0.03038393333554268,0.02550160139799118,0.03610584884881973,0.02943989634513855,0.021158471703529358,-0.03564239293336868,-0.029507040977478027,0.06032583490014076,-0.036113351583480835,-0.07111819088459015,-0.006658929865807295,-0.048719435930252075,-0.028215035796165466,0.07855026423931122,0.06032583490014076,-0.036113351583480835,-0.07111819088459015,-0.006658929865807295,-0.048719435930252075,-0.028215035796165466,0.07855026423931122,0.06032584235072136,-0.036113351583480835,-0.07111819088459015,-0.006658928468823433,-0.048719439655542374,-0.028215035796165466,0.07855027168989182
10.273999999999997,0.0038273585960268974,0.0038273585960268974,nan,nan,nan,nan,-0.006541506387293339,0.0,0.001963309245184064,0.6825006008148193,0.0,0.0,0.0,0.0,0.004999999888241291,0.01600000075995922,64.0,0.12359748035669327,4.904101371765137,0.0257100909948349,13.386368751525879,-0.0014999888371676207,-0.0006791203049942851,0.0027841776609420776,0.0,0.9535408616065979,0.009985956363379955,0.035657767206430435,9.0,1.0,0.0,0.0,0.0038273530080914497,-5.587935447692871e-09,nan,0.00339517742395401,0.13004393875598907,-0.08291618525981903,-0.12464507669210434,-0.0901392251253128,-0.0716865137219429,0.14114202558994293,0.13225723803043365,0.08691732585430145,-0.055418603122234344,-0.08330889791250229,-0.06024625524878502,-0.04791303351521492,0.09433493763208389,0.08839663118124008,0.14487901329994202,-0.09440100193023682,-0.14973869919776917,-0.08606443554162979,-0.09052111953496933,0.10843532532453537,0.1558188945055008,0.00025333999656140804,2.9203320082160644e-05,-4.398345117806457e-05,4.956212796969339e-05,4.151127359364182e-05,-3.1086630770005286e-05,0.00018331613682676107,-0.047434672713279724,0.04052288457751274,0.05270293354988098,0.05549240857362747,0.025327324867248535,-0.09370501339435577,-0.04324985295534134,0.09744434058666229,-0.053878117352724075,-0.09703576564788818,-0.03057202696800232,-0.0651937946677208,0.014730311930179596,0.11256904155015945,0.09744434058666229,-0.053878117352724075,-0.09703576564788818,-0.03057202696800232,-0.0651937946677208,0.014730311930179596,0.11256904155015945,0.09744434058666229,-0.053878117352724075,-0.09703576564788818,-0.03057202696800232,-0.0651937946677208,0.014730311930179596,0.11256904155015945
10.346999999999998,0.003337348811328411,0.003337348811328411,nan,nan,nan,nan,-0.01394083071500063,0.0,1.862645149230957e-09,0.6802048683166504,0.0,0.0,0.0,0.0,0.006000000052154064,0.014000000432133675,64.0,0.12331085652112961,2.9478816986083984,0.012954697012901306,29.492828369140625,0.0002561919391155243,-0.0030493061058223248,-0.0033054961822927,-0.0061225141398608685,0.7114803194999695,0.00977254193276167,0.1176355853676796,9.0,1.0,0.0,0.0,0.0033373432233929634,-5.587935447692871e-09,nan,0.004109498579055071,-0.12055538594722748,-0.09338502585887909,0.051684532314538956,-0.016383342444896698,-0.00932895578444004,-0.13147704303264618,-0.2154824584722519,-0.0008491519838571548,-0.0006577730528078973,0.0003640486393123865,-0.00011539881234057248,-6.571006088051945e-05,-0.0009260805672965944,-0.001517786760814488,0.025571610778570175,-0.09404279291629791,-0.05924476310610771,-0.05479457974433899,-0.05407534912228584,0.0005759429186582565,-0.01112271100282669,0.0002428749721730128,2.7310674340697005e-05,-3.302495679236017e-05,4.8684167268220335e-05,2.73122623184463e-05,-2.9132672352716327e-05,0.00019502615032251924,0.0703798234462738,0.02633829414844513,-0.033149342983961105,0.013467300683259964,-0.014036733657121658,0.021489446982741356,0.10619977861642838,0.09595143049955368,-0.06770449876785278,-0.09239410609006882,-0.041327279061079025,-0.0681120827794075,0.022065389901399612,0.09507706761360168,0.09595143049955368,-0.06770449876785278,-0.09239410609006882,-0.041327279061079025,-0.0681120827794075,0.022065389901399612,0.09507706761360168,0.09595143049955368,-0.06770449876785278,-0.09239410609006882,-0.041327279061079025,-0.0681120827794075,0.022065389901399612,0.09507706761360168
10.434000000000001,0.0033654188737273216,0.0033654188737273216,nan,nan,nan,nan,-0.018181953579187393,0.0,0.0,0.6811572313308716,0.0,0.0,0.0,0.0,0.004999999888241291,0.02500000037252903,64.0,0.12345448136329651,14.614038467407227,0.01944229006767273,16.355552673339844,-0.0013983380049467087,-0.0006877279374748468,0.0007106100674718618,0.0,0.598490834236145,0.007254642900079489,0.11514945328235626,9.0,1.0,0.0,0.0,0.0033654188737273216,0.0,nan,0.002606599358841777,-0.025555888190865517,-0.111016184091568,-0.07291677594184875,0.00996959675103426,-0.04196172207593918,-0.2627881169319153,0.028065480291843414,-0.0,-0.0,-0.0,0.0,-0.0,-0.0,0.0,-0.016597485169768333,-0.10031448304653168,-0.0431775227189064,-0.026509296149015427,-0.04045327007770538,-0.10425741970539093,-0.03276350721716881,0.0002578754210844636,3.019101859536022e-05,-4.5857981604058295e-05,4.945629189023748e-05,4.3050673411926255e-05,-3.197741534677334e-05,0.00018487623310647905,0.07463297992944717,0.019681759178638458,-0.022852681577205658,-0.010342657566070557,-0.018921364098787308,0.0844477042555809,0.07208969444036484,0.05803549289703369,-0.08063272386789322,-0.06603020429611206,-0.03685195371508598,-0.05937463417649269,-0.019809715449810028,0.03932618722319603,0.05803549289703369,-0.08063272386789322,-0.06603020429611206,-0.03685195371508598,-0.05937463417649269,-0.019809715449810028,0.03932618722319603,0.05803549289703369,-0.08063272386789322,-0.06603020429611206,-0.03685195371508598,-0.05937463417649269,-0.019809715449810028,0.03932618722319603
10.504000000000001,0.003635353408753872,0.003635353408753872,nan,nan,nan,nan,-0.014939777553081512,0.0,1.3969838619232178e-09,0.6827900409698486,0.0,0.0,0.0,0.0,0.0010000000474974513,0.02500000037252903,64.0,0.12376812845468521,4.434974670410156,0.01851934939622879,13.196874618530273,-0.001170190516859293,0.0016941227950155735,0.0028643147088587284,0.0035787373781204224,0.9865472316741943,0.0086924247443676,0.15173906087875366,9.0,1.0,0.0,0.0,0.0036353515461087227,-1.862645149230957e-09,nan,0.0044810157269239426,0.12768931686878204,-0.11080461740493774,-0.1442640721797943,-0.08089705556631088,-0.09105334430932999,0.07055879384279251,0.14419454336166382,0.02131493389606476,-0.018496401607990265,-0.024081725627183914,-0.013503991067409515,-0.015199359506368637,0.011778244748711586,0.024070119485259056,0.0731441080570221,-0.11305616796016693,-0.10940629243850708,-0.06234324723482132,-0.07475864887237549,-0.0006807949393987656,0.07653865963220596,0.00029257999267429113,3.6247009120415896e-05,-7.713391096331179e-05,5.1444829296087846e-05,8.276486914837733e-05,-3.818225741269998e-05,0.00015683572564739734,-0.0014211982488632202,0.020676471292972565,0.030288323760032654,0.02008936181664467,0.008085690438747406,-0.021138429641723633,-0.016716524958610535,0.07172290980815887,-0.09237969666719437,-0.07911796867847443,-0.04225388541817665,-0.06667295843362808,-0.0218192245811224,0.05982213467359543,0.07172290980815887,-0.09237969666719437,-0.07911796867847443,-0.04225388541817665,-0.06667295843362808,-0.0218192245811224,0.05982213467359543,0.07172290980815887,-0.09237969666719437,-0.07911796867847443,-0.04225388541817665,-0.06667295843362808,-0.0218192245811224,0.05982213467359543
10.556999999999999,0.0036460822448134422,0.0036460822448134422,nan,nan,nan,nan,-0.01614636927843094,0.0,-4.656612873077393e-10,0.6825073957443237,0.0,0.0,0.0,0.0,0.006000000052154064,0.007000000216066837,64.0,0.12394681572914124,6.160449981689453,0.031832605600357056,14.6255521774292,-0.002021810505539179,0.0008140257559716702,0.0028358357958495617,0.0,0.899912416934967,0.00965761486440897,0.1316310465335846,9.0,1.0,0.0,0.0,0.0036460747942328453,-7.450580596923828e-09,nan,0.00370352016761899,-0.10481388121843338,-0.11611834168434143,0.02496795542538166,-0.02339993603527546,-0.029994169250130653,-0.1476765275001526,-0.2040872871875763,-0.002007649280130863,-0.0022241794504225254,0.000478246744023636,-0.0004482122021727264,-0.0005745209637098014,-0.0028286585584282875,-0.003909173887223005,0.031712856143713,-0.11839833110570908,-0.07919994741678238,-0.05655122548341751,-0.06724908202886581,-0.032394640147686005,0.005956387147307396,0.000370559748262167,4.9315509386360645e-05,-0.00014634005492553115,5.664551645168103e-05,0.00017082906560972333,-5.185588452150114e-05,9.573653369443491e-05,0.04878376051783562,0.017137810587882996,-0.009671084582805634,0.0073233433067798615,-0.005871094763278961,0.01795489713549614,0.0625852644443512,0.08049661666154861,-0.10126052051782608,-0.08887103199958801,-0.04922788217663765,-0.07312017679214478,-0.014439743012189865,0.06854165345430374,0.08049661666154861,-0.10126052051782608,-0.08887103199958801,-0.04922788217663765,-0.07312017679214478,-0.014439743012189865,0.06854165345430374,0.08049661666154861,-0.10126052051782608,-0.08887103199958801,-0.04922788217663765,-0.07312017679214478,-0.014439743012189865,0.06854165345430374
10.607000000000003,0.003544383682310581,0.003544383682310581,nan,nan,nan,nan,-0.0235550906509161,0.0,2.3283064365386963e-09,0.6808480024337769,0.0,0.0,0.0,0.0,0.006000000052154064,0.009999999776482582,64.0,0.12390108406543732,3.3974387645721436,0.013515353202819824,11.322554588317871,-5.7942699640989304e-05,-0.0013140789233148098,-0.001256133895367384,0.0,0.5208731889724731,0.0085868239402771,0.15287049114704132,9.0,1.0,0.0,0.0,0.0035443762317299843,-7.450580596923828e-09,nan,0.005073252134025097,-0.10481388121843338,-0.11611834168434143,0.02496795542538166,-0.02339993603527546,-0.029994169250130653,-0.1476765275001526,-0.2040872871875763,-0.03604922443628311,-0.039937227964401245,0.008587367832660675,-0.008048070594668388,-0.010316061787307262,-0.050791215151548386,-0.07019288092851639,-0.04874655231833458,-0.1314755231142044,-0.024540100246667862,-0.04299088194966316,-0.05246257781982422,-0.10757340490818024,-0.12306932359933853,0.0003520088503137231,4.6584344090661034e-05,-0.00012919868458993733,5.387257260736078e-05,0.00014734290016349405,-4.69004298793152e-05,0.0001127381474361755,0.10754379630088806,0.022723227739334106,-0.04387825354933739,-0.0018273964524269104,-0.01913030445575714,0.06527619808912277,0.1476682424545288,0.058797240257263184,-0.1087522953748703,-0.06841835379600525,-0.04481827840209007,-0.07159288227558136,-0.042297206819057465,0.024598916992545128,0.058797240257263184,-0.1087522953748703,-0.06841835379600525,-0.04481827840209007,-0.07159288227558136,-0.042297206819057465,0.024598916992545128,0.058797240257263184,-0.1087522953748703,-0.06841835379600525,-0.04481827840209007,-0.07159288227558136,-0.042297206819057465,0.024598916992545128
10.657999999999998,0.0036195283755660057,0.0036195283755660057,nan,nan,nan,nan,-0.025481317192316055,0.0,1.862645149230957e-09,0.6806535720825195,0.0,0.0,0.0,0.0,0.00800000037997961,0.013000000268220901,64.0,0.12390485405921936,4.240989685058594,0.010962598025798798,11.513570785522461,8.033588528633118e-05,-0.0013063265942037106,-0.0013866606168448925,0.0,0.7517592310905457,0.00849966611713171,0.1466461420059204,9.0,1.0,0.0,0.0,0.003619522787630558,-5.587935447692871e-09,nan,0.005686046089977026,0.08722209930419922,-0.09093861281871796,-0.13368931412696838,-0.000721316842827946,-0.05042364075779915,-0.09576889127492905,0.2110329270362854,0.0,-0.0,-0.0,-0.0,-0.0,-0.0,0.0,-0.055997706949710846,-0.13506709039211273,-0.02428828552365303,-0.0347251333296299,-0.04983287677168846,-0.13296279311180115,-0.12028724700212479,0.0002091060596285388,2.3873280952102505e-05,-2.418755229882663e-06,4.329290459281765e-05,-1.3707542166230269e-05,-2.084209700115025e-05,0.00022427034855354577,0.09276704490184784,0.0193701833486557,-0.026862218976020813,-0.005401328206062317,-0.01945221796631813,0.06279031932353973,0.10583152621984482,0.03676933795213699,-0.11569690704345703,-0.05115050449967384,-0.040126461535692215,-0.06928509473800659,-0.07017247378826141,-0.014455720782279968,0.03676933795213699,-0.11569690704345703,-0.05115050449967384,-0.040126461535692215,-0.06928509473800659,-0.07017247378826141,-0.014455720782279968,0.03676933795213699,-0.11569690704345703,-0.05115050449967384,-0.040126461535692215,-0.06928509473800659,-0.07017247378826141,-0.014455720782279968
10.706,0.0036550359800457954,0.0036550359800457954,nan,nan,nan,nan,-0.01934172585606575,0.0,2.7939677238464355e-09,0.6806640625,0.0,0.0,0.0,0.0,0.0,0.014000000432133675,64.0,0.12376808375120163,2.5742483139038086,0.0102948397397995,11.549452781677246,-0.002173366956412792,-0.0006207555998116732,0.0015526141505688429,0.0,0.9552385210990906,0.008796187117695808,0.14112889766693115,9.0,1.0,0.0,0.0,0.0036550303921103477,-5.587935447692871e-09,nan,0.003654003841802478,0.08722209930419922,-0.09093861281871796,-0.13368931412696838,-0.000721316842827946,-0.05042364075779915,-0.09576889127492905,0.2110329270362854,0.0,-0.0,-0.0,-0.0,-0.0,-0.0,0.0,0.014947798103094101,-0.11320756375789642,-0.0784812867641449,-0.017880968749523163,-0.050125524401664734,-0.11453838646411896,0.0438358411192894,0.000201979506528005,2.3508371668867767e-05,4.50030347565189e-06,4.1959938243962824e-05,-2.0269042579457164e-05,-1.815629002521746e-05,0.00022890021500643343,0.02090185508131981,-0.0016388297080993652,0.021959565579891205,-0.012442702427506447,-0.015143752098083496,0.024780310690402985,-0.03726188465952873,0.03584965318441391,-0.11484639346599579,-0.05652172118425369,-0.03032367117702961,-0.06526927649974823,-0.08975807577371597,0.006573955994099379,0.03584965318441391,-0.11484639346599579,-0.05652172118425369,-0.03032367117702961,-0.06526927649974823,-0.08975807577371597,0.006573955994099379,0.03584965318441391,-0.11484639346599579,-0.05652172118425369,-0.03032367117702961,-0.06526927649974823,-0.08975807577371597,0.006573955994099379
10.8,0.003568640910089016,0.003568640910089016,nan,nan,nan,nan,-0.035679105669260025,1.0,0.0,0.6809152364730835,0.0,0.0,0.0,0.0,0.0020000000949949026,0.014999999664723873,64.0,0.12362175434827805,3.4329938888549805,0.012618489563465118,13.046774864196777,0.001193854957818985,-0.0007799770683050156,-0.0019738320261240005,0.0,0.9213555455207825,0.010664739646017551,0.15639163553714752,9.0,1.0,0.0,0.0,0.0035686371847987175,-3.725290298461914e-09,nan,0.006474980153143406,-0.055214859545230865,-0.19509898126125336,-0.07167055457830429,-0.04459786415100098,-0.04123067110776901,-0.19399932026863098,-0.049258120357990265,-0.010919373482465744,-0.03858306631445885,-0.014173675328493118,-0.008819740265607834,-0.008153839036822319,-0.038365595042705536,-0.009741359390318394,-0.005064542405307293,-0.16351090371608734,-0.09314006567001343,-0.03444180637598038,-0.06813469529151917,-0.1563015580177307,0.0067366305738687515,0.0004958148929290473,7.224748696899042e-05,-0.00025705178268253803,6.070429662941024e-05,0.0003016121918335557,-6.627367110922933e-05,6.058416602172656e-06,0.06564489752054214,0.03965570032596588,0.017872489988803864,0.009720945730805397,-0.008308753371238708,0.04730232059955597,0.043100498616695404,0.060580357909202576,-0.12385520339012146,-0.07526757568120956,-0.02472086064517498,-0.07644344866275787,-0.10899923741817474,0.049837127327919006,0.060580357909202576,-0.12385520339012146,-0.07526757568120956,-0.02472086064517498,-0.07644344866275787,-0.10899923741817474,0.049837127327919006,0.06058036535978317,-0.12385520339012146,-0.07526757568120956,-0.02472085878252983,-0.07644344866275787,-0.10899923741817474,0.0498371347784996
10.837999999999997,0.0034233136102557182,0.0034233136102557182,nan,nan,nan,nan,-0.05210830271244049,1.0,9.313225746154785e-10,0.6813160181045532,0.0,0.0,0.0,0.0,0.0010000000474974513,0.007000000216066837,64.0,0.12339988350868225,2.8411521911621094,0.011431984603404999,10.5391263961792,0.0055344318971037865,-0.002345932647585869,-0.00788036361336708,0.0,0.8357288241386414,0.012712637893855572,0.17796166241168976,9.0,1.0,0.0,0.0,0.003423304297029972,-9.313225746154785e-09,nan,0.00989723950624466,-0.055214859545230865,-0.19509898126125336,-0.07167055457830429,-0.04459786415100098,-0.04123067110776901,-0.19399932026863098,-0.049258120357990265,-0.0187541451305151,-0.06626684963703156,-0.024343445897102356,-0.015148002654314041,-0.01400430966168642,-0.06589333713054657,-0.016730893403291702,-0.03734191507101059,-0.2069791853427887,-0.09307706356048584,-0.045801058411598206,-0.061044368892908096,-0.20257261395454407,-0.02751394733786583,0.000545875693205744,8.065392466960475e-05,-0.00030160124879330397,6.215790926944464e-05,0.0003502394538372755,-7.176305371103808e-05,-2.682082777027972e-05,0.11165076494216919,0.06090918183326721,0.010218441486358643,0.020063502714037895,-0.02120063826441765,0.06504596769809723,0.09519672393798828,0.0743088498711586,-0.14607000350952148,-0.0828586220741272,-0.02573755569756031,-0.08224500715732574,-0.13752664625644684,0.06768278032541275,0.0743088498711586,-0.14607000350952148,-0.0828586220741272,-0.02573755569756031,-0.08224500715732574,-0.13752664625644684,0.06768278032541275,0.0743088573217392,-0.14607000350952148,-0.0828586220741272,-0.02573755383491516,-0.08224500715732574,-0.13752664625644684,0.06768278777599335
10.916999999999998,0.003566672094166279,0.003566672094166279,nan,nan,nan,nan,-0.038751568645238876,1.0,1.862645149230957e-09,0.682823896408081,0.0,0.0,0.0,0.0,0.0,0.00800000037997961,64.0,0.12345978617668152,5.493662357330322,0.019196420907974243,22.15167808532715,0.0021515022963285446,-0.0012661181390285492,-0.0034176185727119446,0.0,0.9542858004570007,0.013358771800994873,0.15947258472442627,9.0,1.0,0.0,0.0,0.003566664643585682,-7.450580596923828e-09,nan,0.00737260514870286,0.10563480854034424,-0.13461139798164368,-0.15141767263412476,-0.05068201571702957,-0.12794435024261475,-0.018605543300509453,0.13604836165905,0.0,-0.0,-0.0,-0.0,-0.0,-0.0,0.0,0.01488429680466652,-0.18054482340812683,-0.11438759416341782,-0.047583967447280884,-0.0854814425110817,-0.1353735476732254,0.03223172202706337,0.0004556941566988826,6.603394285775721e-05,-0.00022142991656437516,5.5548411182826385e-05,0.0002522394061088562,-5.6018372561084107e-05,4.064483073307201e-05,0.0593673400580883,0.02488018572330475,0.02388633042573929,0.018262427300214767,-0.0012057721614837646,-0.005235239863395691,0.04058260843157768,0.07425163686275482,-0.15566463768482208,-0.09050126373767853,-0.029321540147066116,-0.08668721467256546,-0.1406087875366211,0.07281433045864105,0.07425163686275482,-0.15566463768482208,-0.09050126373767853,-0.029321540147066116,-0.08668721467256546,-0.1406087875366211,0.07281433045864105,0.07425165176391602,-0.15566463768482208,-0.09050126373767853,-0.029321538284420967,-0.08668721467256546,-0.1406087875366211,0.07281434535980225
10.997000000000003,0.003473852761089802,0.003473852761089802,nan,nan,nan,nan,-0.034396033734083176,0.0,1.862645149230957e-09,0.6840323805809021,0.0,0.0,0.0,0.0,0.0,0.013000000268220901,64.0,0.12357983738183975,3.895153284072876,0.017068348824977875,12.340667724609375,0.0017609130591154099,-0.0008887592703104019,-0.0026496704667806625,-0.007672091480344534,0.961449921131134,0.01451736781746149,0.1265081912279129,9.0,1.0,0.0,0.0,0.0034738490357995033,-3.725290298461914e-09,nan,0.00637168250977993,-0.06125020980834961,-0.1435420662164688,-0.028912868350744247,-0.01189003698527813,-0.07012209296226501,-0.1935504525899887,-0.1492912322282791,-0.02353968657553196,-0.0551660992205143,-0.011111795902252197,-0.004569580312818289,-0.026949329301714897,-0.07438533008098602,-0.05737561732530594,0.044118482619524,-0.1817413568496704,-0.1334165632724762,-0.04983968287706375,-0.11586069315671921,-0.11520915478467941,0.0498773567378521,0.00020023332035634667,2.4270450012409128e-05,7.72466228227131e-06,3.843685408355668e-05,-1.8837805328075774e-05,-1.3358794603846036e-05,0.0002281785273225978,0.0506446547806263,0.02068425714969635,0.023728035390377045,0.014942783862352371,0.010859772562980652,-0.007368497550487518,0.05053744092583656,0.0947631374001503,-0.16105709969997406,-0.10968852788209915,-0.03489689901471138,-0.10500092059373856,-0.12257765233516693,0.10041479766368866,0.0947631374001503,-0.16105709969997406,-0.10968852788209915,-0.03489689901471138,-0.10500092059373856,-0.12257765233516693,0.10041479766368866,0.0947631374001503,-0.16105709969997406,-0.10968852788209915,-0.03489689901471138,-0.10500092059373856,-0.12257765233516693,0.10041479766368866
11.107000000000003,0.003433684818446636,0.003433684818446636,nan,nan,nan,nan,-0.04145433008670807,1.0,9.313225746154785e-10,0.6856592893600464,0.0,0.0,0.0,0.0,0.0020000000949949026,0.04600000008940697,64.0,0.12357259541749954,6.81259298324585,0.10582618415355682,14.396907806396484,0.005503438413143158,0.0005511138588190079,-0.0049523236230015755,0.000870867574121803,0.8034950494766235,0.014969861134886742,0.17800681293010712,9.0,1.0,0.0,0.0,0.003433684818446636,0.0,nan,0.009822485037147999,-0.06125020980834961,-0.1435420662164688,-0.028912868350744247,-0.01189003698527813,-0.07012209296226501,-0.1935504525899887,-0.1492912322282791,-0.04253083094954491,-0.09967252612113953,-0.02007647417485714,-0.008256185799837112,-0.048691276460886,-0.13439726829528809,-0.10366462171077728,-0.007897661067545414,-0.19651657342910767,-0.1000208705663681,-0.03799448907375336,-0.11290531605482101,-0.18391671776771545,-0.05524473637342453,0.00019572520977817476,2.2436108338297345e-05,1.3674990441359114e-05,3.737358201760799e-05,-2.2892578272148967e-05,-1.2829369552491698e-05,0.0002324233209947124,0.10795897990465164,0.030888378620147705,-0.009089462459087372,0.0050613656640052795,-0.0027647092938423157,0.05274131894111633,0.14807792007923126,0.1000613197684288,-0.16562819480895996,-0.10911033302545547,-0.03293312340974808,-0.11567002534866333,-0.13117539882659912,0.09283318370580673,0.1000613197684288,-0.16562819480895996,-0.10911033302545547,-0.03293312340974808,-0.11567002534866333,-0.13117539882659912,0.09283318370580673,0.10006133466959,-0.16562819480895996,-0.10911033302545547,-0.03293312340974808,-0.11567002534866333,-0.13117539882659912,0.09283319860696793
11.215,0.0037880437448620796,0.0037880437448620796,nan,nan,nan,nan,-0.0509822815656662,0.0,4.6566128730773926e-09,0.6891935467720032,0.0,0.0,0.0,0.0,0.00800000037997961,0.00800000037997961,64.0,0.12435273081064224,2.6828694343566895,0.009709969162940979,11.497101783752441,0.0024445271119475365,0.0023000510409474373,-0.0001444714143872261,0.0,0.8299295902252197,0.015369709581136703,0.15042200684547424,9.0,1.0,0.0,0.0,0.0037880418822169304,-1.862645149230957e-09,nan,0.008889958262443542,-0.05494777485728264,-0.19498802721500397,-0.07077186554670334,-0.034038688987493515,-0.041790563613176346,-0.19577763974666595,-0.05213235691189766,-0.02899717167019844,-0.10289955884218216,-0.03734790161252022,-0.017962979152798653,-0.02205381728708744,-0.10331625491380692,-0.027511414140462875,-0.03560741990804672,-0.22590628266334534,-0.10466541349887848,-0.03814147412776947,-0.09745140373706818,-0.22586436569690704,-0.0623631551861763,0.0007861243211664259,0.00011716821609297767,-0.0005241164471954107,7.120116060832515e-05,0.0005737334722653031,-0.00010483386722626165,-0.000182859948836267,0.12269078940153122,0.04866503179073334,-0.002579629421234131,0.007876452058553696,-0.021398432552814484,0.07049009203910828,0.1317169964313507,0.0870833694934845,-0.177241250872612,-0.10724504292011261,-0.030265022069215775,-0.11884983628988266,-0.15537427365779877,0.06935384124517441,0.0870833694934845,-0.177241250872612,-0.10724504292011261,-0.030265022069215775,-0.11884983628988266,-0.15537427365779877,0.06935384124517441,0.0870833694934845,-0.177241250872612,-0.10724504292011261,-0.030265022069215775,-0.11884983628988266,-0.15537427365779877,0.06935384124517441
11.272000000000002,0.004097201861441135,0.004097201861441135,nan,nan,nan,nan,-0.03235336393117905,1.0,0.0,0.690364420413971,0.0,0.0,0.0,0.0,0.003000000026077032,0.014000000432133675,64.0,0.12466372549533844,2.9445242881774902,0.013348646461963654,18.28179359436035,-0.00020609423518180847,0.002889611292630434,0.0030957055278122425,0.0,0.9778376817703247,0.015619924291968346,0.1375117301940918,9.0,1.0,0.0,0.0,0.004097198136150837,-3.725290298461914e-09,nan,0.008142305538058281,0.09977932274341583,-0.13470222055912018,-0.14360575377941132,-0.046121176332235336,-0.13616417348384857,-0.022923938930034637,0.14171601831912994,0.013902246952056885,-0.018768051639199257,-0.02000858075916767,-0.006426060572266579,-0.018971744924783707,-0.0031939910259097815,0.01974528469145298,0.03774327039718628,-0.18277250230312347,-0.1293361634016037,-0.04371616244316101,-0.1217726469039917,-0.12127813696861267,0.04793394356966019,0.0004586435097735375,6.266407581279054e-05,-0.00022936484310775995,5.1408027502475306e-05,0.00023740540200378746,-5.460815373226069e-05,4.8885562137002125e-05,0.04904773086309433,0.0026787370443344116,0.01651206612586975,0.012301649898290634,-0.003457009792327881,-0.028464794158935547,0.028259284794330597,0.08679100126028061,-0.18009376525878906,-0.11282409727573395,-0.03141451254487038,-0.12522965669631958,-0.14974293112754822,0.07619322836399078,0.08679100126028061,-0.18009376525878906,-0.11282409727573395,-0.03141451254487038,-0.12522965669631958,-0.14974293112754822,0.07619322836399078,0.0867910087108612,-0.18009376525878906,-0.11282409727573395,-0.03141451254487038,-0.12522965669631958,-0.14974293112754822,0.07619323581457138
11.367999999999999,0.004159704782068729,0.004159704782068729,nan,nan,nan,nan,-0.028243280947208405,1.0,9.313225746154785e-10,0.6883116364479065,0.0,0.0,0.0,0.0,0.003000000026077032,0.013000000268220901,64.0,0.12471766024827957,3.5237250328063965,0.013504177331924438,41.38105773925781,0.0010146992281079292,0.0014311987906694412,0.0004165004938840866,0.003183690132573247,0.9813445806503296,0.01587485522031784,0.2060484141111374,9.0,1.0,0.0,0.0,0.0041596973314881325,-7.450580596923828e-09,nan,0.009805060923099518,0.09977932274341583,-0.13470222055912018,-0.14360575377941132,-0.046121176332235336,-0.13616417348384857,-0.022923938930034637,0.14171601831912994,0.012710033915936947,-0.017158562317490578,-0.018292708322405815,-0.005874982103705406,-0.01734478957951069,-0.00292008463293314,0.0180519912391901,0.06703093647956848,-0.17170432209968567,-0.1426890641450882,-0.0471685416996479,-0.13476431369781494,-0.08477605879306793,0.09170882403850555,0.00020415005565155298,2.051175215456169e-05,2.7067264909419464e-06,3.7060657632537186e-05,-1.3209984899731353e-05,-1.7623226085561328e-05,0.00022234278731048107,0.03258565068244934,-0.003778219223022461,0.02192637324333191,0.013799373060464859,0.0015316307544708252,-0.04528544843196869,0.0068943798542022705,0.09961658716201782,-0.17548254132270813,-0.12076269090175629,-0.033369168639183044,-0.13323268294334412,-0.13006150722503662,0.09860320389270782,0.09961658716201782,-0.17548254132270813,-0.12076269090175629,-0.033369168639183044,-0.13323268294334412,-0.13006150722503662,0.09860320389270782,0.09961660206317902,-0.17548254132270813,-0.12076269090175629,-0.033369164913892746,-0.13323268294334412,-0.13006150722503662,0.09860321879386902
11.444999999999997,0.004391510970890522,0.004391510970890522,nan,nan,nan,nan,-0.040095917880535126,1.0,0.0,0.6866620779037476,0.0,0.0,0.0,0.0,0.0010000000474974513,0.013000000268220901,64.0,0.12474776059389114,2.9020206928253174,0.02668239176273346,12.889078140258789,-0.0011407043784856796,0.0007186466827988625,0.001859351061284542,0.0,0.8977382779121399,0.01573839969933033,0.15461237728595734,9.0,1.0,0.0,0.0,0.004391503520309925,-7.450580596923828e-09,nan,0.00913968775421381,-0.08346743881702423,-0.11605443060398102,-0.08296795934438705,0.03813636302947998,-0.06417293101549149,-0.22879613935947418,-0.06899746507406235,-0.02728397399187088,-0.03793606534600258,-0.02712070196866989,0.01246607769280672,-0.020976955071091652,-0.07478926330804825,-0.022554006427526474,0.0005898382514715195,-0.1743936687707901,-0.11872152984142303,-0.01840762421488762,-0.11780129373073578,-0.16959086060523987,-0.002578001469373703,0.0004596421495079994,6.25110769760795e-05,-0.00023398431949317455,5.260645775706507e-05,0.00022807989444117993,-5.567170228459872e-05,5.382800009101629e-05,0.09363632649183273,0.0010212510824203491,-0.0023340731859207153,-0.011119607836008072,-0.018127918243408203,0.03632022440433502,0.09410999715328217,0.0942261666059494,-0.17337241768836975,-0.12105560302734375,-0.02952723205089569,-0.13592921197414398,-0.13327063620090485,0.09153199940919876,0.0942261666059494,-0.17337241768836975,-0.12105560302734375,-0.02952723205089569,-0.13592921197414398,-0.13327063620090485,0.09153199940919876,0.0942261815071106,-0.17337241768836975,-0.12105560302734375,-0.02952723018825054,-0.13592921197414398,-0.13327063620090485,0.09153201431035995
11.565999999999999,0.004168556071817875,0.004168556071817875,nan,nan,nan,nan,-0.05342140793800354,0.0,0.0,0.6828668117523193,0.0,0.0,0.0,0.0,0.007000000216066837,0.012000000104308128,64.0,0.12454386800527573,6.119991779327393,0.017122365534305573,13.595491409301758,0.0031652022153139114,-0.000345403328537941,-0.0035106055438518524,-0.0013168901205062866,0.8158369660377502,0.016313865780830383,0.1933700442314148,9.0,1.0,0.0,0.0,0.0041685523465275764,-3.725290298461914e-09,nan,0.012147007510066032,-0.05720875784754753,-0.19689953327178955,-0.06477167457342148,-0.02995053492486477,-0.03385581448674202,-0.19640013575553894,-0.056090097874403,-0.029960304498672485,-0.10311654955148697,-0.0339210145175457,-0.01568513549864292,-0.017730336636304855,-0.10285501927137375,-0.029374461621046066,-0.03824843093752861,-0.22578947246074677,-0.10701595991849899,-0.030012089759111404,-0.08568516373634338,-0.22288987040519714,-0.03918485343456268,0.0004508277925197035,6.20920691289939e-05,-0.00022625707788392901,5.365406468627043e-05,0.00021413119975477457,-5.4607909987680614e-05,6.406757893273607e-05,0.13206622004508972,0.04501788318157196,-0.00798819214105606,0.009080024436116219,-0.04786345362663269,0.0639173686504364,0.12976723909378052,0.09381778538227081,-0.1807715892791748,-0.11500415205955505,-0.020932065322995186,-0.13354861736297607,-0.15897250175476074,0.09058239310979843,0.09381778538227081,-0.1807715892791748,-0.11500415205955505,-0.020932065322995186,-0.13354861736297607,-0.15897250175476074,0.09058239310979843,0.09381778538227081,-0.1807715892791748,-0.11500415205955505,-0.020932065322995186,-0.13354861736297607,-0.15897250175476074,0.09058239310979843
11.659000000000002,0.004190498031675816,0.004190498031675816,nan,nan,nan,nan,-0.03204576298594475,1.0,0.0,0.6805287599563599,0.0,0.0,0.0,0.0,0.007000000216066837,0.012000000104308128,64.0,0.12457789480686188,3.932668924331665,0.013438984751701355,14.288816452026367,0.001021331176161766,1.8697232007980347e-05,-0.0010026339441537857,0.0,0.9780747294425964,0.016262933611869812,0.1717768758535385,9.0,1.0,0.0,0.0,0.004190490581095219,-7.450580596923828e-09,nan,0.010198724456131458,0.09455600380897522,-0.12862350046634674,-0.13680507242679596,-0.031842101365327835,-0.14643192291259766,-0.03808572143316269,0.14796209335327148,0.00936167687177658,-0.01273458730429411,-0.013544617220759392,-0.0031525809317827225,-0.014497739262878895,-0.0037707414012402296,0.01464923657476902,0.036796264350414276,-0.1761387586593628,-0.12692037224769592,-0.03185758739709854,-0.12275315821170807,-0.12296921014785767,0.066958487033844,0.000549112621229142,7.994322368176654e-05,-0.00031866846256889403,6.011832010699436e-05,0.00029819400515407324,-6.702161772409454e-05,5.5064538173610345e-06,0.05470988154411316,-0.0030771344900131226,0.010621294379234314,0.011913897469639778,-0.011895105242729187,-0.029245570302009583,0.03343424201011658,0.09150614589452744,-0.17921589314937592,-0.11629907786846161,-0.019943689927458763,-0.13464826345443726,-0.15221478044986725,0.10039272904396057,0.09150614589452744,-0.17921589314937592,-0.11629907786846161,-0.019943689927458763,-0.13464826345443726,-0.15221478044986725,0.10039272904396057,0.09150614589452744,-0.17921589314937592,-0.11629907786846161,-0.019943689927458763,-0.13464826345443726,-0.15221478044986725,0.10039272904396057
11.782999999999998,0.0046610152348876,0.0046610152348876,nan,nan,nan,nan,-0.0327889509499073,1.0,0.0,0.6795836687088013,0.0,0.0,0.0,0.0,0.007000000216066837,0.02199999988079071,64.0,0.12490138411521912,3.0824708938598633,0.01282431185245514,12.254534721374512,-0.002209097146987915,0.00028726737946271896,0.002496364526450634,0.0,0.8651049137115479,0.016133777797222137,0.16755181550979614,9.0,1.0,0.0,0.0,0.004661007784307003,-7.450580596923828e-09,nan,0.009932656772434711,-0.04896530508995056,-0.1476818025112152,-0.03680220991373062,-0.002991958288475871,-0.07392086088657379,-0.20131684839725494,-0.13578055799007416,-0.03739079833030701,-0.11277250945568085,-0.02810283750295639,-0.002284713787958026,-0.05644731596112251,-0.15372921526432037,-0.10368450731039047,-0.013045837171375751,-0.20735317468643188,-0.09918101131916046,-0.019923178479075432,-0.12634773552417755,-0.216390460729599,-0.061289191246032715,0.00018459022976458073,2.231355756521225e-05,1.74400738615077e-05,4.5196455175755545e-05,-2.400820994807873e-05,-2.2057753085391596e-05,0.00022620530216954648,0.09132328629493713,0.02516278624534607,-0.012422390282154083,0.0028774049133062363,-0.013450905680656433,0.052524179220199585,0.13650554418563843,0.07827744632959366,-0.18219038844108582,-0.11160340160131454,-0.017045773565769196,-0.13979864120483398,-0.16386628150939941,0.07521635293960571,0.07827744632959366,-0.18219038844108582,-0.11160340160131454,-0.017045773565769196,-0.13979864120483398,-0.16386628150939941,0.07521635293960571,0.07827744632959366,-0.18219038844108582,-0.11160340160131454,-0.017045773565769196,-0.13979864120483398,-0.16386628150939941,0.07521635293960571
11.852,0.004444410093128681,0.004444410093128681,nan,nan,nan,nan,-0.05073849484324455,0.0,9.313225746154785e-10,0.6783302426338196,0.0,0.0,0.0,0.0,0.0020000000949949026,0.023000000044703484,64.0,0.12480073422193527,2.668376922607422,0.011331401765346527,11.097786903381348,0.003039797767996788,-0.0005918517708778381,-0.0036316486075520515,-0.005367981269955635,0.8313589692115784,0.016754647716879845,0.17522145807743073,9.0,1.0,0.0,0.0,0.004444408230483532,-1.862645149230957e-09,nan,0.013859103433787823,-0.06141413375735283,-0.19468757510185242,-0.05547887086868286,-0.02443763241171837,-0.022191569209098816,-0.1997680515050888,-0.06519360840320587,-0.027737703174352646,-0.08793067187070847,-0.02505704201757908,-0.011037260293960571,-0.010022825561463833,-0.09022527188062668,-0.029444703832268715,-0.05421411246061325,-0.2332446277141571,-0.08738777041435242,-0.021392790600657463,-0.07711823284626007,-0.2510841488838196,-0.0795777440071106,0.00019161822274327278,2.556225263106171e-05,1.1502819688757882e-05,4.6857763663865626e-05,-1.6007905287551694e-05,-2.2535657990374602e-05,0.00022099677880760282,0.12731584906578064,0.042247310280799866,-0.010900728404521942,0.014191451482474804,-0.05853119492530823,0.05408525466918945,0.13908439874649048,0.07310173660516739,-0.19099731743335724,-0.09828849881887436,-0.007201339118182659,-0.1356494277715683,-0.19699889421463013,0.059506647288799286,0.07310173660516739,-0.19099731743335724,-0.09828849881887436,-0.007201339118182659,-0.1356494277715683,-0.19699889421463013,0.059506647288799286,0.07310173660516739,-0.19099731743335724,-0.09828849881887436,-0.007201339118182659,-0.1356494277715683,-0.19699889421463013,0.059506647288799286
11.949000000000002,0.004324779845774174,0.004324779845774174,nan,nan,nan,nan,-0.04417410120368004,0.0,1.862645149230957e-09,0.6772788763046265,0.0,0.0,0.0,0.0,0.004999999888241291,0.020999999716877937,64.0,0.12475288659334183,3.7863924503326416,0.014357268810272217,14.201950073242188,-0.0006947983056306839,-0.0012803412973880768,-0.0005855411291122437,-0.005696678534150124,0.9237856268882751,0.0171305350959301,0.15897080302238464,9.0,1.0,0.0,0.0,0.0043247779831290245,-1.862645149230957e-09,nan,0.009403102099895477,0.08662071079015732,-0.12682943046092987,-0.13112717866897583,-0.02528516575694084,-0.1543998122215271,-0.04147820919752121,0.151715949177742,0.0,-0.0,-0.0,-0.0,-0.0,-0.0,0.0,-0.03522227704524994,-0.22852618992328644,-0.09625677019357681,-0.026341482996940613,-0.08264556527137756,-0.22245128452777863,-0.03695102781057358,0.00018730202282313257,2.5059500330826268e-05,1.606037767487578e-05,4.6486311475746334e-05,-1.9768380298046395e-05,-2.1606034351862036e-05,0.00022403169714380056,0.09259920567274094,0.024256646633148193,0.00359904021024704,0.018775640055537224,-0.04134836792945862,0.007473021745681763,0.08312021195888519,0.057376928627491,-0.20426954329013824,-0.09265772998332977,-0.007565842475742102,-0.12399393320083618,-0.21497826278209686,0.046169184148311615,0.057376928627491,-0.20426954329013824,-0.09265772998332977,-0.007565842475742102,-0.12399393320083618,-0.21497826278209686,0.046169184148311615,0.057376928627491,-0.20426954329013824,-0.09265772998332977,-0.007565842475742102,-0.12399393320083618,-0.21497826278209686,0.046169184148311615
12.025000000000002,0.00434244517236948,0.00434244517236948,nan,nan,nan,nan,-0.03262629359960556,0.0,1.862645149230957e-09,0.678180992603302,0.0,0.0,0.0,0.0,0.0,0.009999999776482582,64.0,0.12485688179731369,2.4080331325531006,0.010780058801174164,10.405655860900879,0.0009184852242469788,-0.00019022636115550995,-0.0011087097227573395,0.0,0.9775607585906982,0.016699858009815216,0.17055155336856842,9.0,1.0,0.0,0.0,0.004342437721788883,-7.450580596923828e-09,nan,0.011104241013526917,0.08662071079015732,-0.12682943046092987,-0.13112717866897583,-0.02528516575694084,-0.1543998122215271,-0.04147820919752121,0.151715949177742,0.015226633287966251,-0.022294729948043823,-0.023050209507346153,-0.004444756079465151,-0.02714119292795658,-0.007291253190487623,0.02666940912604332,0.030178628861904144,-0.18450821936130524,-0.12061802297830582,-0.027156414464116096,-0.1266482174396515,-0.13434182107448578,0.0652521401643753,0.000746691192034632,0.00011631105007836595,-0.0005098261754028499,6.798357935622334e-05,0.00043514257413335145,-8.062833512667567e-05,-9.038653661264107e-05,0.041705936193466187,-0.009774923324584961,0.021678097546100616,0.018213750794529915,-0.0042531490325927734,-0.05476166307926178,0.011404268443584442,0.07188456505537033,-0.1942831426858902,-0.0989399254322052,-0.008942663669586182,-0.13090136647224426,-0.18910348415374756,0.07665640860795975,0.07188456505537033,-0.1942831426858902,-0.0989399254322052,-0.008942663669586182,-0.13090136647224426,-0.18910348415374756,0.07665640860795975,0.07188456505537033,-0.1942831426858902,-0.0989399254322052,-0.008942663669586182,-0.13090136647224426,-0.18910348415374756,0.07665640860795975
12.089000000000002,0.0040804361924529076,0.0040804361924529076,nan,nan,nan,nan,-0.039870381355285645,0.0,9.313225746154785e-10,0.6772452592849731,0.0,0.0,0.0,0.0,0.0,0.014999999664723873,64.0,0.12485688179731369,3.0820536613464355,0.012860633432865143,11.30041790008545,0.0032065892592072487,-0.0011967886239290237,-0.004403376951813698,-0.00938947033137083,0.868675708770752,0.016628308221697807,0.20816102623939514,9.0,1.0,0.0,0.0,0.004080428741872311,-7.450580596923828e-09,nan,0.011778183281421661,-0.049087584018707275,-0.15059073269367218,-0.03867045417428017,0.0002568298950791359,-0.07267928868532181,-0.19711904227733612,-0.13884946703910828,-0.028400128707289696,-0.08712582290172577,-0.022373192012310028,0.0001485916000092402,-0.0420493520796299,-0.11404526233673096,-0.08033279329538345,-0.022382304072380066,-0.20820686221122742,-0.09034834802150726,-0.013479339890182018,-0.11942148953676224,-0.21856403350830078,-0.07343879342079163,0.0005059956456534564,7.755259139230475e-05,-0.00028323516016826034,5.821045851917006e-05,0.000236683088587597,-5.335940295481123e-05,4.7447876568185166e-05,0.09594735503196716,0.01766452193260193,-0.005226306617259979,0.008232193067669868,-0.019625432789325714,0.02888716757297516,0.13983750343322754,0.0735650509595871,-0.1905423402786255,-0.09557465463876724,-0.0052471463568508625,-0.13904692232608795,-0.18967686593532562,0.06639871746301651,0.0735650509595871,-0.1905423402786255,-0.09557465463876724,-0.0052471463568508625,-0.13904692232608795,-0.18967686593532562,0.06639871746301651,0.0735650509595871,-0.1905423402786255,-0.09557465463876724,-0.0052471463568508625,-0.13904692232608795,-0.18967686593532562,0.06639871746301651
12.190000000000001,0.004264240153133869,0.004264240153133869,nan,nan,nan,nan,-0.051744990050792694,0.0,3.725290298461914e-09,0.6797981858253479,0.0,0.0,0.0,0.0,0.008999999612569809,0.009999999776482582,64.0,0.12465882301330566,7.905970096588135,0.018025748431682587,13.718738555908203,0.0025612879544496536,0.001199093647301197,-0.0013621905818581581,0.0,0.8455908894538879,0.016430499032139778,0.20704388618469238,9.0,1.0,0.0,0.0,0.004264230839908123,-9.313225746154785e-09,nan,0.012217830866575241,-0.06275660544633865,-0.19594015181064606,-0.05633890628814697,-0.021561814472079277,-0.017458895221352577,-0.1985502392053604,-0.0655977874994278,-0.01977200247347355,-0.061732616275548935,-0.017750052735209465,-0.006793233100324869,-0.005500573664903641,-0.06255494058132172,-0.020667143166065216,-0.06110613793134689,-0.21113358438014984,-0.078846774995327,-0.0075025479309260845,-0.066984623670578,-0.2402951717376709,-0.08537868410348892,0.00017571983335074037,2.4063647288130596e-05,2.9602770155179314e-05,4.454042937140912e-05,-2.27239761443343e-05,-1.834488102758769e-05,0.00022696665837429464,0.1189797967672348,0.024511829018592834,-0.004403717815876007,0.013727931305766106,-0.06185157597064972,0.029729872941970825,0.12897983193397522,0.05787365883588791,-0.186621755361557,-0.083250492811203,0.0062253838405013084,-0.12883619964122772,-0.21056529879570007,0.043601155281066895,0.05787365883588791,-0.186621755361557,-0.083250492811203,0.0062253838405013084,-0.12883619964122772,-0.21056529879570007,0.043601155281066895,0.05787365883588791,-0.186621755361557,-0.083250492811203,0.0062253838405013084,-0.12883619964122772,-0.21056529879570007,0.043601155281066895
12.315000000000001,0.004512217827141285,0.004512217827141285,nan,nan,nan,nan,-0.029701700434088707,0.0,-9.313225746154785e-10,0.6802564859390259,0.0,0.0,0.0,0.0,0.006000000052154064,0.01600000075995922,64.0,0.12481199204921722,5.68578577041626,0.0158064067363739,28.64605712890625,-0.0014529852196574211,0.0012541310861706734,0.00270711537450552,0.0,0.9779841303825378,0.015520919114351273,0.1732482761144638,9.0,1.0,0.0,0.0,0.0045122141018509865,-3.725290298461914e-09,nan,0.009741965681314468,0.07594167441129684,-0.13096623122692108,-0.12520575523376465,-0.01960882730782032,-0.16092416644096375,-0.050876323133707047,0.1501157283782959,0.0,-0.0,-0.0,-0.0,-0.0,-0.0,0.0,0.018046891316771507,-0.16483229398727417,-0.10562177002429962,-0.014494622126221657,-0.12124013900756836,-0.13089483976364136,0.050632938742637634,0.0005539382109418511,8.231863466789946e-05,-0.00033263221848756075,5.63189823878929e-05,0.0002570288779679686,-5.409678124124184e-05,3.191965879523195e-05,0.03866753727197647,-0.011621281504631042,0.01841747760772705,0.0174863338470459,-0.008213832974433899,-0.05309706926345825,0.010865814983844757,0.05671442672610283,-0.1764535754919052,-0.08720429241657257,0.002991710789501667,-0.12945397198200226,-0.1839919090270996,0.06149875372648239,0.05671442672610283,-0.1764535754919052,-0.08720429241657257,0.002991710789501667,-0.12945397198200226,-0.1839919090270996,0.06149875372648239,0.05671442672610283,-0.1764535754919052,-0.08720429241657257,0.002991710789501667,-0.12945397198200226,-0.1839919090270996,0.06149875372648239
12.422999999999998,0.0047696055844426155,0.0047696055844426155,nan,nan,nan,nan,-0.027913270518183708,1.0,-9.313225746154785e-10,0.6787751913070679,0.0,0.0,0.0,0.0,0.003000000026077032,0.032999999821186066,64.0,0.12498116493225098,3.525679111480713,0.013996846973896027,12.606698989868164,-0.005190487019717693,-0.0003961799666285515,0.004794306121766567,-0.005529177375137806,0.9401233792304993,0.015123671852052212,0.12868741154670715,9.0,1.0,0.0,0.0,0.004769603721797466,-1.862645149230957e-09,nan,0.007650167681276798,-0.044707972556352615,-0.14502118527889252,-0.042476460337638855,0.014220940880477428,-0.07604470103979111,-0.20716983079910278,-0.12752032279968262,-0.02671237662434578,-0.08664809167385101,-0.025379080325365067,0.008496809750795364,-0.045435626059770584,-0.12378101795911789,-0.07619157433509827,-0.006809605751186609,-0.17871135473251343,-0.09179368615150452,-0.0025088645052164793,-0.1206488311290741,-0.18503141403198242,-0.024938363581895828,0.00016701505228411406,2.1082527382532135e-05,3.5344572097528726e-05,4.2806870624190196e-05,-2.5380753868375905e-05,-1.8288123101228848e-05,0.000225452080485411,0.05920984223484993,0.007013872265815735,0.002705901861190796,0.004636073485016823,-0.011818408966064453,0.010929092764854431,0.08379194140434265,0.05240023508667946,-0.1716974824666977,-0.08908778429031372,0.0021272087469697,-0.13246724009513855,-0.174102321267128,0.058853574097156525,0.05240023508667946,-0.1716974824666977,-0.08908778429031372,0.0021272087469697,-0.13246724009513855,-0.174102321267128,0.058853574097156525,0.052400246262550354,-0.1716974824666977,-0.08908778429031372,0.00212721130810678,-0.13246724009513855,-0.174102321267128,0.05885358899831772
12.489999999999998,0.004407159052789211,0.004407159052789211,nan,nan,nan,nan,-0.04961877688765526,0.0,-9.313225746154785e-10,0.6749337911605835,0.0,0.0,0.0,0.0,0.0010000000474974513,0.01600000075995922,64.0,0.12450561672449112,2.870347261428833,0.014706514775753021,13.654869079589844,-0.0012270743027329445,-0.0025937212631106377,-0.0013666478917002678,0.0,0.8517711758613586,0.015404069796204567,0.15964734554290771,9.0,1.0,0.0,0.0,0.004407157190144062,-1.862645149230957e-09,nan,0.009444327093660831,-0.0551120862364769,-0.21616406738758087,-0.060497574508190155,-0.03823968023061752,-0.01876351796090603,-0.17645910382270813,-0.0601966567337513,-0.016722379252314568,-0.06558956205844879,-0.01835647039115429,-0.011602870188653469,-0.005693318322300911,-0.053542088717222214,-0.018265163525938988,-0.05228625237941742,-0.1936841607093811,-0.08811643719673157,0.0009500356391072273,-0.07582436501979828,-0.2185395359992981,-0.057446107268333435,0.00048378805513493717,6.884093454573303e-05,-0.0002669949608389288,5.151877485332079e-05,0.0001922891242429614,-4.475108289625496e-05,7.704780728090554e-05,0.10585932433605194,0.026691406965255737,0.004948846995830536,0.013207117095589638,-0.055921852588653564,0.028536543250083923,0.11728940904140472,0.05357307568192482,-0.16699275374412537,-0.08316759020090103,0.014157152734696865,-0.13174621760845184,-0.19000299274921417,0.05984330177307129,0.05357307568192482,-0.16699275374412537,-0.08316759020090103,0.014157152734696865,-0.13174621760845184,-0.19000299274921417,0.05984330177307129,0.05357307568192482,-0.16699275374412537,-0.08316759020090103,0.014157152734696865,-0.13174621760845184,-0.19000299274921417,0.05984330177307129
12.624999999999996,0.003985201008617878,0.003985201008617878,nan,nan,nan,nan,-0.03898800536990166,1.0,-9.313225746154785e-10,0.6729294657707214,0.0,0.0,0.0,0.0,0.008999999612569809,0.014999999664723873,64.0,0.12429262697696686,4.6820268630981445,0.01949165016412735,15.099982261657715,0.001310909166932106,-0.0021127075888216496,-0.00342361768707633,0.0,0.9597712159156799,0.01567082852125168,0.15884064137935638,9.0,1.0,0.0,0.0,0.0039851972833275795,-3.725290298461914e-09,nan,0.009395179338753223,0.06557027995586395,-0.12312600761651993,-0.11448099464178085,0.0006180988857522607,-0.1656470000743866,-0.07425606995820999,0.15646517276763916,0.0,-0.0,-0.0,0.0,-0.0,-0.0,0.0,-0.005677448585629463,-0.17873577773571014,-0.0984312891960144,-0.007097827736288309,-0.10641837865114212,-0.1605435311794281,0.029647016897797585,0.0004961255472153425,6.922569446032867e-05,-0.0002770718710962683,4.967978748027235e-05,0.0001924297830555588,-4.318129867897369e-05,7.943753007566556e-05,0.0634465366601944,0.004396811127662659,0.017777204513549805,0.019111396744847298,-0.021880798041820526,-0.02851817011833191,0.04548266530036926,0.057769086211919785,-0.17433896660804749,-0.0806540846824646,0.012013568542897701,-0.12829917669296265,-0.18906170129776,0.0751296803355217,0.057769086211919785,-0.17433896660804749,-0.0806540846824646,0.012013568542897701,-0.12829917669296265,-0.18906170129776,0.0751296803355217,0.05776909366250038,-0.17433896660804749,-0.0806540846824646,0.01201357040554285,-0.12829917669296265,-0.18906170129776,0.0751296877861023
12.724,0.003931877203285694,0.003931877203285694,nan,nan,nan,nan,-0.03675336390733719,1.0,-1.862645149230957e-09,0.6737784743309021,0.0,0.0,0.0,0.0,0.004000000189989805,0.02199999988079071,64.0,0.12422754615545273,6.0658063888549805,0.16540288925170898,18.731590270996094,0.0009544491767883301,0.00019962480291724205,-0.0007548262365162373,0.002426941879093647,0.9212778806686401,0.015777362510561943,0.14692538976669312,9.0,1.0,0.0,0.0,0.003931869752705097,-7.450580596923828e-09,nan,0.008684221655130386,-0.04300957918167114,-0.1368037313222885,-0.04489841312170029,0.01891489326953888,-0.08287601172924042,-0.20831021666526794,-0.12961363792419434,-0.021141398698091507,-0.06724599748849869,-0.022069856524467468,0.009297633543610573,-0.04073777794837952,-0.10239508002996445,-0.06371170282363892,-0.006082531996071339,-0.178397998213768,-0.09588168561458588,0.005670883227139711,-0.13029994070529938,-0.19087901711463928,-0.00695926696062088,0.0011946362210437655,0.00017295587167609483,-0.0009533657575957477,6.609320553252473e-05,0.0006472963723354042,-9.50586108956486e-05,-0.0002358335186727345,0.07209695875644684,0.009965121746063232,0.009233824908733368,0.0068587432615458965,-0.0105973482131958,0.01465393602848053,0.09790173918008804,0.06601442396640778,-0.16843287646770477,-0.08664786070585251,0.012529626488685608,-0.14089728891849518,-0.17622508108615875,0.09094247221946716,0.06601442396640778,-0.16843287646770477,-0.08664786070585251,0.012529626488685608,-0.14089728891849518,-0.17622508108615875,0.09094247221946716,0.06601442396640778,-0.16843287646770477,-0.08664786070585251,0.012529627420008183,-0.14089728891849518,-0.17622508108615875,0.09094247967004776
12.816999999999997,0.0038065100088715553,0.0038065100088715553,nan,nan,nan,nan,-0.0473882257938385,0.0,0.0,0.6727641224861145,0.0,0.0,0.0,0.0,0.00800000037997961,0.01899999938905239,64.0,0.12425465136766434,3.5458831787109375,0.01090019941329956,11.734823226928711,0.0026698317378759384,0.0002775946632027626,-0.002392237074673176,0.0,0.8495621085166931,0.016313591971993446,0.16286160051822662,9.0,1.0,0.0,0.0,0.003806506283581257,-3.725290298461914e-09,nan,0.009641416370868683,-0.06135419383645058,-0.20403766632080078,-0.0589548796415329,-0.04046160727739334,-0.011398681439459324,-0.18683822453022003,-0.06673094630241394,-0.017618516460061073,-0.05859161168336868,-0.01692952960729599,-0.011618985794484615,-0.0032732542604207993,-0.05365260690450668,-0.019162509590387344,-0.0391899049282074,-0.20985743403434753,-0.08530344814062119,-0.005068974569439888,-0.09892039000988007,-0.23408180475234985,-0.07044969499111176,0.0001736832782626152,2.104282430082094e-05,3.639583519543521e-05,3.95689821743872e-05,-1.7328802641713992e-05,-1.6692840290488675e-05,0.0002256599982501939,0.10099674761295319,0.035111114382743835,0.00531420111656189,0.021697422489523888,-0.04763312637805939,0.03607781231403351,0.13929298520088196,0.06180684268474579,-0.1747463196516037,-0.0799892470240593,0.016628447920084,-0.14655351638793945,-0.19800399243831635,0.0688432976603508,0.06180684268474579,-0.1747463196516037,-0.0799892470240593,0.016628447920084,-0.14655351638793945,-0.19800399243831635,0.0688432976603508,0.06180684268474579,-0.1747463196516037,-0.0799892470240593,0.016628447920084,-0.14655351638793945,-0.19800399243831635,0.0688432976603508
12.922,0.004047670401632786,0.004047670401632786,nan,nan,nan,nan,-0.046155497431755066,0.0,0.0,0.6733740568161011,0.0,0.0,0.0,0.0,0.00800000037997961,0.026000000536441803,64.0,0.12433397024869919,10.368915557861328,0.015603378415107727,19.33818817138672,0.0015482120215892792,0.0016956361941993237,0.00014742417261004448,0.006762261036783457,0.935716986656189,0.016579294577240944,0.19202642142772675,9.0,1.0,0.0,0.0,0.004047662951052189,-7.450580596923828e-09,nan,0.01001179963350296,0.03449028357863426,-0.13633021712303162,-0.11898907274007797,0.011479465290904045,-0.1802297830581665,-0.10369095206260681,0.11269306391477585,0.0,-0.0,-0.0,0.0,-0.0,-0.0,0.0,-0.022440729662775993,-0.19831091165542603,-0.09627167880535126,-0.009452089667320251,-0.11067883670330048,-0.19293656945228577,-0.010483559221029282,0.00017241094610653818,2.084706829919014e-05,3.75347190129105e-05,3.9357637433568016e-05,-1.725193033053074e-05,-1.667298056418076e-05,0.00022533080482389778,0.07820850610733032,0.012270331382751465,0.020191170275211334,0.020420201122760773,-0.029139310121536255,-0.013592347502708435,0.0746450275182724,0.05576777458190918,-0.18604058027267456,-0.07608050853013992,0.010968111455440521,-0.13981814682483673,-0.2065289169549942,0.06416147202253342,0.05576777458190918,-0.18604058027267456,-0.07608050853013992,0.010968111455440521,-0.13981814682483673,-0.2065289169549942,0.06416147202253342,0.05576777458190918,-0.18604058027267456,-0.07608050853013992,0.010968111455440521,-0.13981814682483673,-0.2065289169549942,0.06416147202253342
13.02,0.0047181518748402596,0.0047181518748402596,nan,nan,nan,nan,-0.045169953256845474,0.0,0.0,0.6740785837173462,0.0,0.0,0.0,0.0,0.0,0.010999999940395355,64.0,0.1249207928776741,6.184469699859619,0.017843209207057953,13.777156829833984,-0.0034360401332378387,0.0016571767628192902,0.005093216896057129,0.0,0.9294281601905823,0.016526222229003906,0.1556231826543808,9.0,1.0,0.0,0.0,0.004718142561614513,-9.313225746154785e-09,nan,0.009200443513691425,-0.05669182911515236,-0.14621922373771667,-0.06041914224624634,0.018158284947276115,-0.08084557950496674,-0.1933506578207016,-0.13230757415294647,-0.030499089509248734,-0.07866306602954865,-0.032504308968782425,0.009768800809979439,-0.04349333420395851,-0.10401885956525803,-0.0711788758635521,-0.02522137016057968,-0.19642868638038635,-0.1026039645075798,0.002479152986779809,-0.13047023117542267,-0.20191940665245056,-0.026761645451188087,0.0004937584162689745,6.639907951466739e-05,-0.0002808999561239034,4.4888260163133964e-05,0.00017007118731271476,-3.576979725039564e-05,9.151500125881284e-05,0.07687549293041229,0.011489614844322205,0.021647967398166656,0.008545604534447193,-0.014801815152168274,0.0012187361717224121,0.09245586395263672,0.05165412276983261,-0.18493907153606415,-0.08095599710941315,0.011024757288396358,-0.14527204632759094,-0.20070067048072815,0.06569422036409378,0.05165412276983261,-0.18493907153606415,-0.08095599710941315,0.011024757288396358,-0.14527204632759094,-0.20070067048072815,0.06569422036409378,0.05165412276983261,-0.18493907153606415,-0.08095599710941315,0.011024757288396358,-0.14527204632759094,-0.20070067048072815,0.06569422036409378
13.092000000000002,0.00467290636152029,0.00467290636152029,nan,nan,nan,nan,-0.06038821488618851,0.0,9.313225746154785e-10,0.6716521978378296,0.0,0.0,0.0,0.0,0.00800000037997961,0.020999999716877937,64.0,0.12477655708789825,2.6009938716888428,0.011436641216278076,11.338628768920898,-0.0032044770196080208,-0.0007321974262595177,0.0024722805246710777,-0.005002621561288834,0.8498802781105042,0.017630716785788536,0.1557798981666565,9.0,1.0,0.0,0.0,0.004672904498875141,-1.862645149230957e-09,nan,0.009209883399307728,-0.05669182911515236,-0.14621922373771667,-0.06041914224624634,0.018158284947276115,-0.08084557950496674,-0.1933506578207016,-0.13230757415294647,-0.0440155565738678,-0.1135246604681015,-0.04690944403409958,0.014098099432885647,-0.06276854127645493,-0.15011753141880035,-0.10272365063428879,-0.0644121989607811,-0.22663185000419617,-0.10351862013339996,0.018052637577056885,-0.1353745311498642,-0.2730542719364166,-0.1355431228876114,0.00015321986575145274,1.8959373846882954e-05,5.302207500790246e-05,3.7937428714940324e-05,-2.2811986127635464e-05,-1.493556464993162e-05,0.00022512295981869102,0.11373133957386017,0.035196125507354736,0.023652352392673492,0.004835397005081177,-0.026024997234344482,0.048308610916137695,0.17788797616958618,0.04931914061307907,-0.19143572449684143,-0.07986626774072647,0.02288803458213806,-0.16139952838420868,-0.22474566102027893,0.042344845831394196,0.04931914061307907,-0.19143572449684143,-0.07986626774072647,0.02288803458213806,-0.16139952838420868,-0.22474566102027893,0.042344845831394196,0.04931914061307907,-0.19143572449684143,-0.07986626774072647,0.02288803458213806,-0.16139952838420868,-0.22474566102027893,0.042344845831394196
13.236999999999998,0.004269628785550594,0.004269628785550594,nan,nan,nan,nan,-0.07449504733085632,0.0,-9.313225746154785e-10,0.6689714789390564,0.0,0.0,0.0,0.0,0.003000000026077032,0.06199999898672104,64.0,0.12445501983165741,5.749001979827881,0.018703751266002655,24.46089744567871,0.0009988127276301384,-0.0021718996576964855,-0.0031707133166491985,-0.0035518240183591843,0.7895632386207581,0.017854785546660423,0.222573384642601,9.0,1.0,0.0,0.0,0.004269625060260296,-3.725290298461914e-09,nan,0.010959707200527191,-0.0710740014910698,-0.1740814745426178,-0.06988857686519623,0.00608903868123889,-0.028980053961277008,-0.20592191815376282,-0.08049197494983673,-0.021399999037384987,-0.052414994686841965,-0.021043075248599052,0.0018333768239244819,-0.008725738152861595,-0.06200198084115982,-0.02423570118844509,-0.08654385060071945,-0.2165416032075882,-0.0989139974117279,0.008263638243079185,-0.09253738075494766,-0.24380803108215332,-0.14300310611724854,0.0001622476556804031,2.069709444185719e-05,4.5703847717959434e-05,3.8103797123767436e-05,-1.731000520521775e-05,-1.500877806392964e-05,0.00022264210565481335,0.14093941450119019,0.025985315442085266,0.024119794368743896,0.021099604666233063,-0.07208726555109024,0.013133734464645386,0.18145157396793365,0.05439555644989014,-0.19055628776550293,-0.07479420304298401,0.029363242909312248,-0.1646246463060379,-0.23067429661750793,0.03844846785068512,0.05439555644989014,-0.19055628776550293,-0.07479420304298401,0.029363242909312248,-0.1646246463060379,-0.23067429661750793,0.03844846785068512,0.05439555644989014,-0.19055628776550293,-0.07479420304298401,0.029363242909312248,-0.1646246463060379,-0.23067429661750793,0.03844846785068512
13.340999999999998,0.0040040453895926476,0.0040040453895926476,nan,nan,nan,nan,-0.06061365082859993,1.0,0.0,0.6694149374961853,0.0,0.0,0.0,0.0,0.00800000037997961,0.01899999938905239,64.0,0.12434938549995422,7.346113204956055,0.017756596207618713,20.010656356811523,0.0038385139778256416,-0.0009585940279066563,-0.004797108005732298,-0.006499161012470722,0.9234115481376648,0.017682325094938278,0.20095454156398773,9.0,1.0,0.0,0.0,0.0040040398016572,-5.587935447692871e-09,nan,0.01212842483073473,0.013362273573875427,-0.14165867865085602,-0.10944013297557831,0.027394114062190056,-0.18627120554447174,-0.11870002001523972,0.09077461808919907,0.0011614536633715034,-0.012313024140894413,-0.009512576274573803,0.0023811061400920153,-0.01619075983762741,-0.010317448526620865,0.00789016205817461,-0.03124227002263069,-0.18164771795272827,-0.10941053926944733,0.019926605746150017,-0.1519324630498886,-0.1804107129573822,-0.011026507243514061,0.00014806905528530478,2.0655981643358245e-05,6.170900451252237e-05,3.870388900395483e-05,-2.1643627405865118e-05,-1.4017381545272656e-05,0.00022723825532011688,0.09362658858299255,0.002510860562324524,0.03591576963663101,0.01691797934472561,-0.025881022214889526,-0.03417472541332245,0.07929010689258575,0.06238431856036186,-0.17913685739040375,-0.07349476963281631,0.036844585090875626,-0.17781348526477814,-0.21458543837070465,0.06826359778642654,0.06238431856036186,-0.17913685739040375,-0.07349476963281631,0.036844585090875626,-0.17781348526477814,-0.21458543837070465,0.06826359778642654,0.06238432601094246,-0.17913685739040375,-0.07349476963281631,0.036844585090875626,-0.17781348526477814,-0.21458543837070465,0.06826360523700714
13.425999999999998,0.0040047867223620415,0.0040047867223620415,nan,nan,nan,nan,-0.057283349335193634,1.0,0.0,0.6705451607704163,0.0,0.0,0.0,0.0,0.0020000000949949026,0.029999999329447746,64.0,0.12463252991437912,3.675793409347534,0.01239776611328125,12.573546409606934,0.00043782778084278107,0.00018752319738268852,-0.00025030458346009254,0.0,0.9318519830703735,0.017777860164642334,0.14726528525352478,9.0,1.0,0.0,0.0,0.004004781134426594,-5.587935447692871e-09,nan,0.008704114705324173,-0.06111195683479309,-0.13406486809253693,-0.05859290808439255,0.044762540608644485,-0.06512987613677979,-0.20442302525043488,-0.12970909476280212,-0.039103902876377106,-0.08578451722860336,-0.03749203309416771,0.028642350807785988,-0.041674863547086716,-0.13080482184886932,-0.08299737423658371,-0.02433476224541664,-0.18437974154949188,-0.1161668449640274,0.030199453234672546,-0.17136679589748383,-0.1877671778202057,0.00435241311788559,0.0005274737486615777,7.087482663337141e-05,-0.0003129243559669703,4.502645242610015e-05,0.00016723691078368574,-3.153052239213139e-05,9.677775233285502e-05,0.08795017004013062,0.010608255863189697,0.0362759530544281,0.009875096380710602,-0.018483966588974,-0.013511016964912415,0.08301513642072678,0.06361541152000427,-0.17377148568630219,-0.0798908919095993,0.04007454961538315,-0.18985076248645782,-0.2012781947851181,0.08736754953861237,0.06361541152000427,-0.17377148568630219,-0.0798908919095993,0.04007454961538315,-0.18985076248645782,-0.2012781947851181,0.08736754953861237,0.06361541152000427,-0.17377148568630219,-0.0798908919095993,0.04007454961538315,-0.18985076248645782,-0.2012781947851181,0.08736754953861237
13.535,0.0042604366317391396,0.0042604366317391396,nan,nan,nan,nan,-0.06866355240345001,0.0,-2.7939677238464355e-09,0.6724063754081726,0.0,0.0,0.0,0.0,0.004000000189989805,0.01600000075995922,64.0,0.12485365569591522,4.04323148727417,0.010356307029724121,13.43295955657959,-0.0008813617751002312,0.00154539430513978,0.0024267532862722874,0.0,0.7925358414649963,0.01747337356209755,0.1512024700641632,9.0,1.0,0.0,0.0,0.004260431043803692,-5.587935447692871e-09,nan,0.008936208672821522,-0.07557457685470581,-0.15892508625984192,-0.06780032068490982,0.02867661602795124,-0.021302970126271248,-0.21130672097206116,-0.09223731607198715,-0.029599297791719437,-0.062244098633527756,-0.02655445784330368,0.011231392621994019,-0.008343453519046307,-0.08275972306728363,-0.03612537682056427,-0.07020349055528641,-0.19925284385681152,-0.10210347920656204,0.029001297429203987,-0.08908587694168091,-0.22718051075935364,-0.07247384637594223,0.00039109858334995806,5.336245158105157e-05,-0.0001803371123969555,4.549367440631613e-05,9.704977856017649e-05,-2.725235935940873e-05,0.0001437682512914762,0.12566491961479187,0.02643871307373047,0.026713460683822632,0.018570395186543465,-0.08774720132350922,0.020326808094978333,0.15722206234931946,0.05546143278479576,-0.17281413078308105,-0.07539001852273941,0.04757169261574745,-0.17683307826519012,-0.2068537026643753,0.08474821597337723,0.05546143278479576,-0.17281413078308105,-0.07539001852273941,0.04757169261574745,-0.17683307826519012,-0.2068537026643753,0.08474821597337723,0.05546143278479576,-0.17281413078308105,-0.07539001852273941,0.04757169261574745,-0.17683307826519012,-0.2068537026643753,0.08474821597337723
13.644000000000002,0.004212110303342342,0.004212110303342342,nan,nan,nan,nan,-0.07328449189662933,0.0,3.725290298461914e-09,0.671109676361084,0.0,0.0,0.0,0.0,0.004000000189989805,0.03099999949336052,64.0,0.12496498972177505,9.612715721130371,0.010008923709392548,19.48558235168457,-0.0001604035496711731,0.0005989973433315754,0.000759404618293047,0.0011771917343139648,0.8099753260612488,0.017873328179121017,0.15871505439281464,9.0,1.0,0.0,0.0,0.0042121028527617455,-7.450580596923828e-09,nan,0.009387540630996227,0.010925112292170525,-0.13497360050678253,-0.09651635587215424,0.0379069447517395,-0.19070428609848022,-0.11518950015306473,0.10617758333683014,0.0,-0.0,-0.0,0.0,-0.0,-0.0,0.0,-0.07978505641222,-0.21196621656417847,-0.10357750952243805,0.036165934056043625,-0.07977849245071411,-0.25521203875541687,-0.0802447497844696,0.00013714024680666625,2.15749805647647e-05,7.204218854894862e-05,4.3999269109917805e-05,-2.0518114979495294e-05,-1.9404071281314828e-05,0.00022538387565873563,0.1287662833929062,0.03302915394306183,0.034085020422935486,0.02078070119023323,-0.08087147772312164,0.024099811911582947,0.15815764665603638,0.04898122325539589,-0.17893706262111664,-0.06949248909950256,0.056946635246276855,-0.16064997017383575,-0.23111222684383392,0.07791289687156677,0.04898122325539589,-0.17893706262111664,-0.06949248909950256,0.056946635246276855,-0.16064997017383575,-0.23111222684383392,0.07791289687156677,0.04898122325539589,-0.17893706262111664,-0.06949248909950256,0.056946635246276855,-0.16064997017383575,-0.23111222684383392,0.07791289687156677
13.742999999999999,0.004549690522253513,0.004549690522253513,nan,nan,nan,nan,-0.05477132648229599,0.0,3.725290298461914e-09,0.6691523194313049,0.0,0.0,0.0,0.0,0.010999999940395355,0.02500000037252903,64.0,0.12510080635547638,2.9571139812469482,0.014468096196651459,19.046863555908203,0.0010341275483369827,0.0006501153111457825,-0.0003840085119009018,0.004021376371383667,0.9380955100059509,0.01794363558292389,0.19652031362056732,9.0,1.0,0.0,0.0,0.004549681209027767,-9.313225746154785e-09,nan,0.01274088118225336,0.010925112292170525,-0.13497360050678253,-0.09651635587215424,0.0379069447517395,-0.19070428609848022,-0.11518950015306473,0.10617758333683014,0.0009944976773113012,-0.012286457233130932,-0.008785748854279518,0.003450616030022502,-0.017359543591737747,-0.01048553828150034,0.009665196761488914,-0.028344931080937386,-0.17449110746383667,-0.10374884307384491,0.038769885897636414,-0.15028800070285797,-0.18147090077400208,0.029062610119581223,0.00014452679897658527,2.3549733668914996e-05,6.296504579950124e-05,4.647390596801415e-05,-1.443251039745519e-05,-2.2093498046160676e-05,0.00021927611669525504,0.08176342397928238,0.0042409747838974,0.03494869917631149,0.02383457124233246,-0.02175922691822052,-0.037762582302093506,0.07405780255794525,0.05341849476099014,-0.17025013267993927,-0.06880014389753342,0.06260445713996887,-0.1720472276210785,-0.21923348307609558,0.10312040895223618,0.05341849476099014,-0.17025013267993927,-0.06880014389753342,0.06260445713996887,-0.1720472276210785,-0.21923348307609558,0.10312040895223618,0.05341849476099014,-0.17025013267993927,-0.06880014389753342,0.06260445713996887,-0.1720472276210785,-0.21923348307609558,0.10312040895223618
13.808000000000003,0.004674878902733326,0.004674878902733326,nan,nan,nan,nan,-0.07419785857200623,0.0,3.725290298461914e-09,0.6679078936576843,0.0,0.0,0.0,0.0,0.007000000216066837,0.014000000432133675,64.0,0.12497857213020325,3.2335753440856934,0.08744001388549805,13.159501075744629,-0.002771776169538498,-0.00017659226432442665,0.0025951876305043697,0.0,0.6570382118225098,0.016752151772379875,0.16459448635578156,9.0,1.0,0.0,0.0,0.004674877040088177,-1.862645149230957e-09,nan,0.009748515672981739,-0.12980088591575623,-0.1472736895084381,-0.06290512531995773,-0.032075587660074234,0.043564923107624054,-0.041001010686159134,-0.20711664855480194,-0.05766274034976959,-0.0654248520731926,-0.02794496901333332,-0.014249257743358612,0.01935327984392643,-0.018214285373687744,-0.09200949221849442,-0.08536184579133987,-0.18597641587257385,-0.09847769141197205,0.006513367872685194,-0.07328201830387115,-0.1297961175441742,-0.08866457641124725,0.00016716585378162563,2.678972487046849e-05,3.927820216631517e-05,4.7371246182592586e-05,-2.6726988835434895e-06,-2.3760798285366036e-05,0.00020980859699193388,0.130336195230484,0.02003626525402069,0.03136109560728073,0.051021602004766464,-0.09359867870807648,-0.06451822817325592,0.1849566102027893,0.04497435688972473,-0.16594015061855316,-0.06711659580469131,0.057534970343112946,-0.16688069701194763,-0.19431434571743011,0.09629202634096146,0.04497435688972473,-0.16594015061855316,-0.06711659580469131,0.057534970343112946,-0.16688069701194763,-0.19431434571743011,0.09629202634096146,0.04497435688972473,-0.16594015061855316,-0.06711659580469131,0.057534970343112946,-0.16688069701194763,-0.19431434571743011,0.09629202634096146
13.900000000000002,0.004546589218080044,0.004546589218080044,nan,nan,nan,nan,-0.08127127587795258,0.0,9.313225746154785e-10,0.6662245392799377,0.0,0.0,0.0,0.0,0.006000000052154064,0.014999999664723873,64.0,0.12500755488872528,3.1420540809631348,0.012810342013835907,12.725068092346191,-0.001539020799100399,-0.000316535122692585,0.0012224866077303886,0.0,0.6448620557785034,0.015180953778326511,0.17213669419288635,9.0,1.0,0.0,0.0,0.004546585492789745,-3.725290298461914e-09,nan,0.01022154651582241,-0.07959150522947311,-0.14933615922927856,-0.06324664503335953,0.04192076995968819,-0.003898216411471367,-0.21022336184978485,-0.10675840824842453,-0.03559817746281624,-0.06679224222898483,-0.02828775905072689,0.018749523907899857,-0.0017435201443731785,-0.09402471035718918,-0.0477488711476326,-0.10958228260278702,-0.20066992938518524,-0.09249202162027359,0.02794526517391205,-0.02378782257437706,-0.20745207369327545,-0.14228381216526031,0.0004284524475224316,5.733299258281477e-05,-0.00022209460439626127,4.894575977232307e-05,0.00010136453784070909,-2.9864317184546962e-05,0.00013765163021162152,0.1433691382408142,0.03490696847438812,0.0391240194439888,0.030210617929697037,-0.10918384790420532,0.018802300095558167,0.20603950321674347,0.03378685563802719,-0.16576296091079712,-0.05336800217628479,0.058155883103609085,-0.13297167420387268,-0.18864977359771729,0.06375569105148315,0.03378685563802719,-0.16576296091079712,-0.05336800217628479,0.058155883103609085,-0.13297167420387268,-0.18864977359771729,0.06375569105148315,0.03378685563802719,-0.16576296091079712,-0.05336800217628479,0.058155883103609085,-0.13297167420387268,-0.18864977359771729,0.06375569105148315
13.973000000000003,0.004197387956082821,0.004197387956082821,nan,nan,nan,nan,-0.07722675055265427,0.0,3.725290298461914e-09,0.6644251346588135,0.0,0.0,0.0,0.0,0.006000000052154064,0.024000000208616257,64.0,0.12493950873613358,2.7154171466827393,0.012296251952648163,12.22038459777832,0.0025781625881791115,-0.0016846638172864914,-0.004262822680175304,0.0,0.7982406616210938,0.016272518783807755,0.18171219527721405,9.0,1.0,0.0,0.0,0.004197386093437672,-1.862645149230957e-09,nan,0.01220120582729578,0.005575802642852068,-0.12780475616455078,-0.0866212397813797,0.05324865132570267,-0.18996164202690125,-0.12422944605350494,0.10852565616369247,0.0,-0.0,-0.0,0.0,-0.0,-0.0,0.0,-0.08889655023813248,-0.19666936993598938,-0.0938822329044342,0.047526851296424866,-0.055840421468019485,-0.23310378193855286,-0.09398462623357773,0.0001250778732355684,2.3030801457935013e-05,8.379302744287997e-05,4.533751052804291e-05,-1.7622412997297943e-05,-2.0979658074793406e-05,0.0002220535243395716,0.12201710045337677,0.02702772617340088,0.049148593097925186,0.026351094245910645,-0.06594093143939972,0.00921507179737091,0.15420684218406677,0.03312055021524429,-0.1696416437625885,-0.04473363980650902,0.07387794554233551,-0.1217813566327095,-0.22388871014118195,0.060222215950489044,0.03312055021524429,-0.1696416437625885,-0.04473363980650902,0.07387794554233551,-0.1217813566327095,-0.22388871014118195,0.060222215950489044,0.03312055021524429,-0.1696416437625885,-0.04473363980650902,0.07387794554233551,-0.1217813566327095,-0.22388871014118195,0.060222215950489044
14.032999999999998,0.003926112316548824,0.003926112316548824,nan,nan,nan,nan,-0.05898873880505562,0.0,-1.862645149230957e-09,0.6647394299507141,0.0,0.0,0.0,0.0,0.004000000189989805,0.003000000026077032,64.0,0.12478487193584442,4.726729393005371,0.014658086001873016,16.784238815307617,0.0025022709742188454,-0.0014662016183137894,-0.003968474455177784,0.0,0.9160200953483582,0.016376854851841927,0.17527984082698822,9.0,1.0,0.0,0.0,0.003926110453903675,-1.862645149230957e-09,nan,0.010421988554298878,0.005575802642852068,-0.12780475616455078,-0.0866212397813797,0.05324865132570267,-0.18996164202690125,-0.12422944605350494,0.10852565616369247,0.0,-0.0,-0.0,0.0,-0.0,-0.0,0.0,-0.04382502660155296,-0.163814976811409,-0.09041811525821686,0.050256647169589996,-0.11982789635658264,-0.1811612844467163,0.0026303804479539394,0.00014251453103497624,2.5652914700913243e-05,6.782136915717274e-05,4.393327981233597e-05,-1.0096227015310433e-05,-1.934913598233834e-05,0.0002180869778385386,0.08246707916259766,0.0034794509410858154,0.043861158192157745,0.026774324476718903,-0.017628371715545654,-0.03396835923194885,0.07985104620456696,0.03864205628633499,-0.16033552587032318,-0.04655695706605911,0.0770309716463089,-0.1374562680721283,-0.21512964367866516,0.08248142898082733,0.03864205628633499,-0.16033552587032318,-0.04655695706605911,0.0770309716463089,-0.1374562680721283,-0.21512964367866516,0.08248142898082733,0.03864205628633499,-0.16033552587032318,-0.04655695706605911,0.0770309716463089,-0.1374562680721283,-0.21512964367866516,0.08248142898082733
14.120999999999999,0.0038170116022229195,0.0038170116022229195,nan,nan,nan,nan,-0.06764587759971619,0.0,0.0,0.6660574674606323,0.0,0.0,0.0,0.0,-0.0010000000474974513,0.017999999225139618,64.0,0.12481939792633057,9.48803997039795,0.009587034583091736,13.651004791259766,0.0031475815922021866,-0.0012498889118432999,-0.0043974705040454865,0.0,0.6904354691505432,0.015675736591219902,0.17351138591766357,9.0,1.0,0.0,0.0,0.003817007876932621,-3.725290298461914e-09,nan,0.010352468118071556,-0.12432246655225754,-0.11426859349012375,-0.04851739481091499,-0.0014317516470327973,0.07896766811609268,-0.06831279397010803,-0.21960896253585815,-0.041179120540618896,-0.03784899413585663,-0.016070334240794182,-0.00047423667274415493,0.02615632861852646,-0.022627132013440132,-0.07274071127176285,-0.07000177353620529,-0.1506371796131134,-0.08091621845960617,0.034308113157749176,-0.06530888378620148,-0.1381581574678421,-0.06472118943929672,0.0004324105102568865,5.708930257242173e-05,-0.0002233632403658703,4.431200068211183e-05,9.395637607667595e-05,-2.3412601876771078e-05,0.00014605895557906479,0.11306090652942657,0.00600607693195343,0.035467568784952164,0.040937021374702454,-0.08354251086711884,-0.050263091921806335,0.16538023948669434,0.04305913299322128,-0.14463110268115997,-0.04544864967465401,0.07524513453245163,-0.1488513946533203,-0.18842124938964844,0.10065904259681702,0.04305913299322128,-0.14463110268115997,-0.04544864967465401,0.07524513453245163,-0.1488513946533203,-0.18842124938964844,0.10065904259681702,0.04305913299322128,-0.14463110268115997,-0.04544864967465401,0.07524513453245163,-0.1488513946533203,-0.18842124938964844,0.10065904259681702
14.257000000000001,0.004444488324224949,0.004444488324224949,nan,nan,nan,nan,-0.07546643167734146,0.0,2.7939677238464355e-09,0.672486424446106,0.0,0.0,0.0,0.0,0.00800000037997961,0.009999999776482582,64.0,0.12529206275939941,3.73879075050354,0.014246441423892975,12.718721389770508,-0.001304452307522297,0.0011552018113434315,0.0024596569128334522,0.012143328785896301,0.6342177391052246,0.014618887566030025,0.14739374816417694,9.0,1.0,0.0,0.0,0.004444480873644352,-7.450580596923828e-09,nan,0.009661437012255192,-0.07863074541091919,-0.13875365257263184,-0.06218218803405762,0.05568954721093178,0.001953311963006854,-0.21306373178958893,-0.11043871939182281,-0.04437638819217682,-0.0783076137304306,-0.035093408077955246,0.031429193913936615,0.001102379639633,-0.12024557590484619,-0.06232767552137375,-0.09416400641202927,-0.17049667239189148,-0.08445611596107483,0.04643820971250534,-0.030428390949964523,-0.19081512093544006,-0.11667077988386154,0.0002908059395849705,4.10007378377486e-05,-8.338983752764761e-05,4.098434146726504e-05,4.1681512811919674e-05,-1.8918795831268653e-05,0.00017995758389588445,0.1266876757144928,0.028234243392944336,0.04170062392950058,0.027041271328926086,-0.10055553913116455,0.007272690534591675,0.19487342238426208,0.03252366930246353,-0.14226242899894714,-0.04275549203157425,0.07347948104143143,-0.13098393380641937,-0.1835424304008484,0.07820263504981995,0.03252366930246353,-0.14226242899894714,-0.04275549203157425,0.07347948104143143,-0.13098393380641937,-0.1835424304008484,0.07820263504981995,0.03252366930246353,-0.14226242899894714,-0.04275549203157425,0.07347948104143143,-0.13098393380641937,-0.1835424304008484,0.07820263504981995
14.351000000000003,0.004537331871688366,0.004537331871688366,nan,nan,nan,nan,-0.06328339874744415,0.0,9.313225746154785e-10,0.6719796061515808,0.0,0.0,0.0,0.0,0.00800000037997961,0.013000000268220901,64.0,0.12526987493038177,2.836819648742676,0.010591931641101837,20.599018096923828,-0.002827647142112255,-0.00020673684775829315,0.0026209112256765366,0.0,0.8588151931762695,0.015150678344070911,0.1477271467447281,9.0,1.0,0.0,0.0,0.0045373281463980675,-3.725290298461914e-09,nan,0.008731184527277946,-0.0037734932266175747,-0.12447341531515121,-0.07788228243589401,0.07025761902332306,-0.185693621635437,-0.13798145949840546,0.09984657913446426,-0.0,-0.0,-0.0,0.0,-0.0,-0.0,0.0,-0.06694325059652328,-0.16439014673233032,-0.08566353470087051,0.06353277713060379,-0.08316891640424728,-0.1999312788248062,-0.047368746250867844,0.0003708111762534827,4.926609472022392e-05,-0.00016561175289098173,4.185541911283508e-05,6.783480057492852e-05,-2.0603198208846152e-05,0.0001604352000867948,0.09244220703840256,0.01860080659389496,0.04550165683031082,0.01990872621536255,-0.039077743887901306,-0.004822134971618652,0.11421710252761841,0.02549895830452442,-0.14578934013843536,-0.04016187787055969,0.08344150334596634,-0.12224666029214859,-0.20475341379642487,0.06684836000204086,0.02549895830452442,-0.14578934013843536,-0.04016187787055969,0.08344150334596634,-0.12224666029214859,-0.20475341379642487,0.06684836000204086,0.02549895830452442,-0.14578934013843536,-0.04016187787055969,0.08344150334596634,-0.12224666029214859,-0.20475341379642487,0.06684836000204086
14.412000000000003,0.004515361972153187,0.004515361972153187,nan,nan,nan,nan,-0.05200517922639847,0.0,-1.862645149230957e-09,0.6725768446922302,0.0,0.0,0.0,0.0,0.0,0.009999999776482582,64.0,0.12531106173992157,3.5922844409942627,0.03262050449848175,12.432804107666016,-0.00208396278321743,3.604404628276825e-05,0.002120004966855049,0.0,0.9325530529022217,0.015440980903804302,0.16205734014511108,9.0,1.0,0.0,0.0,0.004515360109508038,-1.862645149230957e-09,nan,0.009322631172835827,-0.0037734932266175747,-0.12447341531515121,-0.07788228243589401,0.07025761902332306,-0.185693621635437,-0.13798145949840546,0.09984657913446426,-0.0,-0.0,-0.0,0.0,-0.0,-0.0,0.0,-0.03962492197751999,-0.14712779223918915,-0.08229846507310867,0.06644099950790405,-0.12750664353370667,-0.1731404960155487,0.016295848414301872,0.00044354377314448357,5.5188214901136234e-05,-0.0002391061861999333,4.2261366616003215e-05,8.895066275727004e-05,-2.2595293557969853e-05,0.00014579674461856484,0.06934472918510437,0.006988167762756348,0.041347749531269073,0.02035326510667801,-0.009696036577224731,-0.02589605748653412,0.06853855401277542,0.029719805344939232,-0.1401396244764328,-0.0409507155418396,0.08679426461458206,-0.1372026801109314,-0.19903655350208282,0.08483440428972244,0.029719805344939232,-0.1401396244764328,-0.0409507155418396,0.08679426461458206,-0.1372026801109314,-0.19903655350208282,0.08483440428972244,0.029719805344939232,-0.1401396244764328,-0.0409507155418396,0.08679426461458206,-0.1372026801109314,-0.19903655350208282,0.08483440428972244
14.465,0.004447684623301029,0.004447684623301029,nan,nan,nan,nan,-0.06936027854681015,1.0,9.313225746154785e-10,0.6726343631744385,0.0,0.0,0.0,0.0,0.007000000216066837,0.006000000052154064,64.0,0.1253301054239273,3.0316262245178223,0.011692754924297333,11.808815956115723,-0.003329276107251644,-0.0011655651032924652,0.0021637119352817535,0.0,0.47216951847076416,0.01366646122187376,0.21771171689033508,9.0,1.0,0.0,0.0,0.0044476790353655815,-5.587935447692871e-09,nan,0.007652890868484974,-0.11317932605743408,-0.10629816353321075,-0.040886737406253815,-0.010075118392705917,0.10137631744146347,-0.04878264293074608,-0.22685018181800842,-0.05542740225791931,-0.05205748602747917,-0.020023494958877563,-0.004934096243232489,0.04964710399508476,-0.023890363052487373,-0.11109551787376404,-0.0975690707564354,-0.14914745092391968,-0.07081930339336395,0.027924811467528343,0.002106107771396637,-0.1237119659781456,-0.14547841250896454,0.0004439779440872371,5.1972274377476424e-05,-0.000239508633967489,3.9961396396392956e-05,8.389996219193563e-05,-2.2310709027806297e-05,0.0001495025062467903,0.12005357444286346,0.015429064631462097,0.034723229706287384,0.05076005309820175,-0.11865178495645523,-0.05341053754091263,0.207719624042511,0.02248450741171837,-0.13371838629245758,-0.03609607368707657,0.07868486642837524,-0.1165456771850586,-0.17712250351905823,0.06224120408296585,0.02248450741171837,-0.13371838629245758,-0.03609607368707657,0.07868486642837524,-0.1165456771850586,-0.17712250351905823,0.06224120408296585,0.022484511137008667,-0.13371838629245758,-0.03609606996178627,0.07868486642837524,-0.1165456771850586,-0.17712250351905823,0.06224121153354645
14.547,0.004121691919863224,0.004121691919863224,nan,nan,nan,nan,-0.08828599005937576,0.0,-4.656612873077393e-10,0.6724162697792053,0.0,0.0,0.0,0.0,0.0,0.009999999776482582,64.0,0.1252252757549286,3.357231616973877,0.009890645742416382,35.27992630004883,0.002562813926488161,-0.001956564374268055,-0.004519378766417503,0.0,0.35571661591529846,0.01183578372001648,0.19188161194324493,9.0,1.0,0.0,0.0,0.004121686331927776,-5.587935447692871e-09,nan,0.011512980796396732,-0.07821957021951675,-0.1373547464609146,-0.062036026269197464,0.05835946276783943,0.009693946689367294,-0.20984429121017456,-0.11675819009542465,-0.02498115785419941,-0.043867290019989014,-0.019812583923339844,0.01863839291036129,0.0030959774740040302,-0.06701843440532684,-0.037289321422576904,-0.12959852814674377,-0.16230791807174683,-0.071082204580307,0.017915181815624237,0.06093037128448486,-0.12601196765899658,-0.22670254111289978,0.00013653759378939867,2.165320620406419e-05,7.306629413506016e-05,3.737335282494314e-05,-9.05599426914705e-06,-1.869201696536038e-05,0.00021564502094406635,0.14836305379867554,0.03216993808746338,0.050019145011901855,0.05297327786684036,-0.14456196129322052,-0.032896652817726135,0.25880861282348633,0.01876452937722206,-0.13013797998428345,-0.021063057705760002,0.0708884596824646,-0.08363159000873566,-0.15890862047672272,0.03210606426000595,0.01876452937722206,-0.13013797998428345,-0.021063057705760002,0.0708884596824646,-0.08363159000873566,-0.15890862047672272,0.03210606426000595,0.01876452937722206,-0.13013797998428345,-0.021063057705760002,0.0708884596824646,-0.08363159000873566,-0.15890862047672272,0.03210606426000595
14.639,0.003693518228828907,0.003693518228828907,nan,nan,nan,nan,-0.08869180828332901,0.0,4.656612873077393e-10,0.6726489663124084,0.0,0.0,0.0,0.0,0.0020000000949949026,0.032999999821186066,64.0,0.12494098395109177,3.797372817993164,0.012636184692382812,11.993606567382812,0.005902194883674383,-0.0017517483793199062,-0.007653942797333002,-0.0003035547269973904,0.676041841506958,0.012436836957931519,0.1668151170015335,9.0,1.0,0.0,0.0,0.0036935163661837578,-1.862645149230957e-09,nan,0.012170459143817425,-0.011118128895759583,-0.12038443982601166,-0.07084964215755463,0.07797513902187347,-0.18204635381698608,-0.14981119334697723,0.09327329695224762,-0.0,-0.0,-0.0,0.0,-0.0,-0.0,0.0,-0.1120183989405632,-0.175507053732872,-0.07999421656131744,0.05220610275864601,0.01577938348054886,-0.20379230380058289,-0.17151087522506714,0.00012872346269432455,2.0059851522091776e-05,8.263842028100044e-05,3.5576827940531075e-05,-1.2379341569612734e-05,-1.781482387741562e-05,0.0002194233238697052,0.13103017210960388,0.04002942144870758,0.06544564664363861,0.02491869404911995,-0.08244442194700241,0.02435348927974701,0.19027623534202576,0.019011780619621277,-0.13547763228416443,-0.014548568986356258,0.07712479680776596,-0.06666503846645355,-0.17943881452083588,0.01876535266637802,0.019011780619621277,-0.13547763228416443,-0.014548568986356258,0.07712479680776596,-0.06666503846645355,-0.17943881452083588,0.01876535266637802,0.019011780619621277,-0.13547763228416443,-0.014548568986356258,0.07712479680776596,-0.06666503846645355,-0.17943881452083588,0.01876535266637802
14.717000000000002,0.003918212838470936,0.003918212838470936,nan,nan,nan,nan,-0.06170515716075897,0.0,-9.313225746154785e-10,0.6723698377609253,0.0,0.0,0.0,0.0,0.0010000000474974513,0.012000000104308128,64.0,0.1250302642583847,18.808368682861328,0.017053447663784027,23.635303497314453,-0.00023390818387269974,0.0004731456283479929,0.000707052880898118,0.014296422712504864,0.8997045755386353,0.013041321188211441,0.18450355529785156,9.0,1.0,0.0,0.0,0.003918209113180637,-3.725290298461914e-09,nan,0.007445678114891052,-0.011118128895759583,-0.12038443982601166,-0.07084964215755463,0.07797513902187347,-0.18204635381698608,-0.14981119334697723,0.09327329695224762,-0.0,-0.0,-0.0,0.0,-0.0,-0.0,0.0,-0.06252440065145493,-0.14846809208393097,-0.07550857216119766,0.06484643369913101,-0.0812588632106781,-0.17731328308582306,-0.041627898812294006,0.0003205130633432418,3.7224664993118495e-05,-0.00011240967432968318,3.666671545943245e-05,3.8843205402372405e-05,-1.9411903849686496e-05,0.00018316238129045814,0.07716719061136246,0.013006821274757385,0.054178640246391296,0.016607291996479034,-0.002068914473056793,-0.008464738726615906,0.07196629792451859,0.014642787165939808,-0.13546127080917358,-0.021329933777451515,0.08145372569561005,-0.0833277776837349,-0.18577802181243896,0.03033839911222458,0.014642787165939808,-0.13546127080917358,-0.021329933777451515,0.08145372569561005,-0.0833277776837349,-0.18577802181243896,0.03033839911222458,0.014642787165939808,-0.13546127080917358,-0.021329933777451515,0.08145372569561005,-0.0833277776837349,-0.18577802181243896,0.03033839911222458
14.799000000000003,0.004566221497952938,0.004566221497952938,nan,nan,nan,nan,-0.05870293825864792,0.0,9.313225746154785e-10,0.6739245653152466,0.0,0.0,0.0,0.0,0.0010000000474974513,0.012000000104308128,64.0,0.125501811504364,19.0145320892334,0.013378448784351349,26.96767807006836,-0.004825928248465061,0.002621458377689123,0.007447387557476759,0.0,0.7783309817314148,0.013060588389635086,0.17706149816513062,9.0,1.0,0.0,0.0,0.004566212184727192,-9.313225746154785e-09,nan,0.006864840164780617,-0.10867127776145935,-0.07175049185752869,-0.041815564036369324,0.0260281041264534,0.11666284501552582,-0.09071308374404907,-0.22085590660572052,-0.03719624876976013,-0.024558918550610542,-0.014312724582850933,0.008908958174288273,0.03993162140250206,-0.03104947879910469,-0.07559505850076675,-0.07376384735107422,-0.12836837768554688,-0.06909668445587158,0.05929775536060333,-0.03862804174423218,-0.15629205107688904,-0.08123281598091125,0.00011688048107316718,2.160395342798438e-05,9.047538333106786e-05,3.72241556760855e-05,-1.0202624252997339e-05,-1.8042703231913038e-05,0.0002137019473593682,0.08577989041805267,-0.0002700537443161011,0.0431157685816288,0.02405785769224167,-0.05881597101688385,-0.024339094758033752,0.123580202460289,0.012016045860946178,-0.12863843142986298,-0.025980915874242783,0.083355613052845,-0.09744401276111603,-0.1806311458349228,0.04234738275408745,0.012016045860946178,-0.12863843142986298,-0.025980915874242783,0.083355613052845,-0.09744401276111603,-0.1806311458349228,0.04234738275408745,0.012016045860946178,-0.12863843142986298,-0.025980915874242783,0.083355613052845,-0.09744401276111603,-0.1806311458349228,0.04234738275408745
14.895999999999997,0.004326452501118183,0.004326452501118183,nan,nan,nan,nan,-0.08004357665777206,0.0,9.313225746154785e-10,0.6730926036834717,0.0,0.0,0.0,0.0,0.004999999888241291,0.02800000086426735,64.0,0.12541423738002777,6.045603275299072,0.043954700231552124,15.320579528808594,0.0004787323996424675,-0.0006579565815627575,-0.0011366880498826504,-0.005382179282605648,0.5850620269775391,0.012113970704376698,0.17946264147758484,9.0,1.0,0.0,0.0,0.004326448775827885,-3.725290298461914e-09,nan,0.010691745206713676,-0.0786237046122551,-0.13283713161945343,-0.06338950246572495,0.06759090721607208,0.015499451197683811,-0.2060972899198532,-0.12194065749645233,-0.024708334356546402,-0.04174548387527466,-0.019920825958251953,0.021241161972284317,0.004870867356657982,-0.06476826220750809,-0.03832114860415459,-0.1123683750629425,-0.136410653591156,-0.07223406434059143,0.061631910502910614,0.045917097479104996,-0.1828518658876419,-0.18560586869716644,0.00013109241263009608,2.342454536119476e-05,7.602107507409528e-05,3.781239502131939e-05,-6.287642008828698e-06,-1.8375816580373794e-05,0.0002108711050823331,0.12272211909294128,0.02258962392807007,0.057857125997543335,0.027701981365680695,-0.11247570812702179,0.002299174666404724,0.20608589053153992,0.01035374216735363,-0.11382102966308594,-0.014376936480402946,0.08933389186859131,-0.0665586069226265,-0.18055269122123718,0.020480018109083176,0.01035374216735363,-0.11382102966308594,-0.014376936480402946,0.08933389186859131,-0.0665586069226265,-0.18055269122123718,0.020480018109083176,0.01035374216735363,-0.11382102966308594,-0.014376936480402946,0.08933389186859131,-0.0665586069226265,-0.18055269122123718,0.020480018109083176
15.013000000000002,0.0037292661145329475,0.0037292661145329475,nan,nan,nan,nan,-0.08073623478412628,0.0,-4.656612873077393e-10,0.670306921005249,0.0,0.0,0.0,0.0,0.0010000000474974513,0.014999999664723873,64.0,0.12499192357063293,5.989342212677002,0.01955963671207428,33.09672164916992,0.0024156435392796993,-0.003975849598646164,-0.006391493603587151,-0.019566964358091354,0.7596092820167542,0.013073545880615711,0.18393893539905548,9.0,1.0,0.0,0.0,0.0037292642518877983,-1.862645149230957e-09,nan,0.008965885266661644,-0.020620254799723625,-0.10880410671234131,-0.06429164856672287,0.10208079218864441,-0.16874821484088898,-0.1713865101337433,0.07302924245595932,-0.0,-0.0,-0.0,0.0,-0.0,-0.0,0.0,-0.10042829811573029,-0.15262280404567719,-0.07862301170825958,0.08085334300994873,0.0052895620465278625,-0.22172227501869202,-0.14526914060115814,0.00013394292909651995,2.3958187739481218e-05,7.4723684519995e-05,3.7566023820545524e-05,-5.422935373644577e-06,-1.8159033061238006e-05,0.00021174231369514018,0.1112099289894104,0.036210350692272186,0.06807239353656769,0.018948838114738464,-0.06463858485221863,0.019611984491348267,0.16125521063804626,0.010781627148389816,-0.116412453353405,-0.01055061910301447,0.0998021811246872,-0.059349026530981064,-0.20211029052734375,0.01598607748746872,0.010781627148389816,-0.116412453353405,-0.01055061910301447,0.0998021811246872,-0.059349026530981064,-0.20211029052734375,0.01598607748746872,0.010781627148389816,-0.116412453353405,-0.01055061910301447,0.0998021811246872,-0.059349026530981064,-0.20211029052734375,0.01598607748746872
15.095000000000002,0.003566100262105465,0.003566100262105465,nan,nan,nan,nan,-0.06399194896221161,1.0,-4.656612873077393e-10,0.6699830293655396,0.0,0.0,0.0,0.0,0.0,0.017000000923871994,64.0,0.12508763372898102,12.95388412475586,0.016257166862487793,21.699893951416016,0.002479755785316229,-0.0011617522686719894,-0.0036415085196495056,0.0009732868056744337,0.8950639963150024,0.013862867839634418,0.17406916618347168,9.0,1.0,0.0,0.0,0.0035660946741700172,-5.587935447692871e-09,nan,0.008018307387828827,-0.020620254799723625,-0.10880410671234131,-0.06429164856672287,0.10208079218864441,-0.16874821484088898,-0.1713865101337433,0.07302924245595932,-0.0,-0.0,-0.0,0.0,-0.0,-0.0,0.0,-0.06222567334771156,-0.13164760172367096,-0.07176285982131958,0.09101452678442001,-0.07801908999681473,-0.1976274847984314,-0.04077375680208206,0.0002580844156909734,3.5232231311965734e-05,-5.006166247767396e-05,4.003362118965015e-05,2.1693826056434773e-05,-1.8734877812676132e-05,0.00019434720161370933,0.07768326997756958,0.017681531608104706,0.05947164446115494,0.017609916627407074,-0.003919064998626709,-0.010865569114685059,0.07965087890625,0.015457597561180592,-0.11396607011556625,-0.012291213497519493,0.10862444341182709,-0.08193815499544144,-0.20849305391311646,0.03887712210416794,0.015457597561180592,-0.11396607011556625,-0.012291213497519493,0.10862444341182709,-0.08193815499544144,-0.20849305391311646,0.03887712210416794,0.015457598492503166,-0.11396607011556625,-0.012291212566196918,0.10862444341182709,-0.08193815499544144,-0.20849305391311646,0.03887712582945824
15.184000000000001,0.003795715980231762,0.003795715980231762,nan,nan,nan,nan,-0.07419827580451965,0.0,-2.3283064365386963e-10,0.671181857585907,0.0,0.0,0.0,0.0,0.0010000000474974513,0.01600000075995922,64.0,0.12527334690093994,3.161527156829834,0.011103227734565735,11.88836669921875,0.0018852332141250372,0.0012199045158922672,-0.0006653289310634136,0.009503680281341076,0.6470807194709778,0.013603287748992443,0.20545946061611176,9.0,1.0,0.0,0.0,0.0037957122549414635,-3.725290298461914e-09,nan,0.008828910067677498,-0.10151064395904541,-0.045660775154829025,-0.048334892839193344,0.05569370463490486,0.11224573850631714,-0.12849566340446472,-0.20751480758190155,-0.04821666702628136,-0.021688468754291534,-0.022958651185035706,0.02645402029156685,0.05331574007868767,-0.06103431433439255,-0.09856771677732468,-0.09551632404327393,-0.10363288223743439,-0.0701405480504036,0.08569222688674927,0.01968405395746231,-0.19047386944293976,-0.14467410743236542,0.0003056074201595038,4.020720371045172e-05,-9.943269833456725e-05,4.20773503719829e-05,3.198149352101609e-05,-1.919707028719131e-05,0.00018629162514116615,0.10909228026866913,0.0005887150764465332,0.05870387330651283,0.027520544826984406,-0.09722273796796799,-0.01689845323562622,0.18009524047374725,0.013575953431427479,-0.10304416716098785,-0.011436675675213337,0.11321277171373367,-0.07753868401050568,-0.20737232267856598,0.035421136766672134,0.013575953431427479,-0.10304416716098785,-0.011436675675213337,0.11321277171373367,-0.07753868401050568,-0.20737232267856598,0.035421136766672134,0.013575953431427479,-0.10304416716098785,-0.011436675675213337,0.11321277171373367,-0.07753868401050568,-0.20737232267856598,0.035421136766672134
15.309999999999999,0.004479154013097286,0.004479154013097286,nan,nan,nan,nan,-0.08450209349393845,0.0,1.862645149230957e-09,0.675163745880127,0.0,0.0,0.0,0.0,0.004999999888241291,0.024000000208616257,64.0,0.1254720687866211,11.918824195861816,0.013384036719799042,17.58353614807129,-0.002541571855545044,0.002533811144530773,0.005075384862720966,-0.0011623682221397758,0.7379129528999329,0.01393972896039486,0.17766886949539185,9.0,1.0,0.0,0.0,0.004479146562516689,-7.450580596923828e-09,nan,0.008574043400585651,-0.07917843759059906,-0.12731491029262543,-0.06581273674964905,0.07522545009851456,0.02147945761680603,-0.2021157592535019,-0.12735523283481598,-0.05050626024603844,-0.08121149986982346,-0.0419805571436882,0.04798473045229912,0.013701293617486954,-0.1289253830909729,-0.08123721927404404,-0.11314511299133301,-0.14360052347183228,-0.08539717644453049,0.10048456490039825,0.036703646183013916,-0.24733440577983856,-0.18220660090446472,0.0004191111074760556,5.275984585750848e-05,-0.000220417496166192,4.837195956497453e-05,5.591783701675013e-05,-2.0955392756150104e-05,0.00016461646009702235,0.1171148419380188,0.044351257383823395,0.07230515033006668,0.022302180528640747,-0.09197117388248444,0.024870216846466064,0.19045117497444153,0.0039697326719760895,-0.09924926608800888,-0.013092025183141232,0.122786745429039,-0.05526752397418022,-0.2224641889333725,0.008244570344686508,0.0039697326719760895,-0.09924926608800888,-0.013092025183141232,0.122786745429039,-0.05526752397418022,-0.2224641889333725,0.008244570344686508,0.0039697326719760895,-0.09924926608800888,-0.013092025183141232,0.122786745429039,-0.05526752397418022,-0.2224641889333725,0.008244570344686508
15.422999999999998,0.0040831053629517555,0.0040831053629517555,nan,nan,nan,nan,-0.06551884859800339,0.0,-1.3969838619232178e-09,0.6730539202690125,0.0,0.0,0.0,0.0,0.007000000216066837,0.017000000923871994,64.0,0.12518709897994995,5.03887414932251,0.011434778571128845,13.54617691040039,0.00013911398127675056,-0.0016668441239744425,-0.001805959502235055,-0.009211108088493347,0.8909093141555786,0.014751113951206207,0.16931051015853882,9.0,1.0,0.0,0.0,0.004083097912371159,-7.450580596923828e-09,nan,0.0088321752846241,-0.028581324964761734,-0.09738608449697495,-0.059036221355199814,0.11948885768651962,-0.15915954113006592,-0.18183507025241852,0.059501636773347855,-0.0,-0.0,-0.0,0.0,-0.0,-0.0,0.0,-0.06978195905685425,-0.11990237981081009,-0.07187964022159576,0.11022970825433731,-0.0637323260307312,-0.21374724805355072,-0.05826191604137421,0.00011826388799818233,3.285135608166456e-05,8.622425957582891e-05,4.8144542233785614e-05,1.093253786166315e-06,-2.139208845619578e-05,0.00020318204769864678,0.07945704460144043,0.023632250726222992,0.06106976792216301,0.024227969348430634,-0.01165202260017395,-0.016308218240737915,0.08780157566070557,0.00967508926987648,-0.0962701290845871,-0.010809872299432755,0.13445767760276794,-0.07538434863090515,-0.23005546629428864,0.02953965775668621,0.00967508926987648,-0.0962701290845871,-0.010809872299432755,0.13445767760276794,-0.07538434863090515,-0.23005546629428864,0.02953965775668621,0.00967508926987648,-0.0962701290845871,-0.010809872299432755,0.13445767760276794,-0.07538434863090515,-0.23005546629428864,0.02953965775668621
15.562999999999999,0.0039757611230015755,0.0039757611230015755,nan,nan,nan,nan,-0.0818137526512146,0.0,-1.1641532182693481e-09,0.6728569269180298,0.0,0.0,0.0,0.0,0.0010000000474974513,0.020999999716877937,64.0,0.12488943338394165,9.754056930541992,0.3077583312988281,40.07827377319336,-0.00018231128342449665,-0.0015860872808843851,-0.0014037771616131067,0.0,0.597987711429596,0.013990470208227634,0.13220979273319244,9.0,1.0,0.0,0.0,0.003975755535066128,-5.587935447692871e-09,nan,0.007844774052500725,-0.0994700938463211,-0.06277802586555481,-0.05782961845397949,0.041829079389572144,0.10696573555469513,-0.11291199177503586,-0.21651765704154968,-0.05735611170530319,-0.03619885444641113,-0.03334552049636841,0.024119343608617783,0.06167822331190109,-0.06510692834854126,-0.12484768778085709,-0.10969176888465881,-0.1054021567106247,-0.07870183885097504,0.0846959725022316,0.051786549389362335,-0.18866553902626038,-0.19412007927894592,0.0002315337333129719,3.8185895391507074e-05,-2.8103731892770156e-05,4.645763328881003e-05,1.9303277440485545e-05,-2.0888955987174995e-05,0.00019140470249112695,0.11572586745023727,0.01870632916688919,0.07040923833847046,0.04832661896944046,-0.11385729163885117,-0.032504528760910034,0.2085150182247162,0.006034098565578461,-0.0866958275437355,-0.008292604237794876,0.13302259147167206,-0.06207074224948883,-0.2211700677871704,0.01439494639635086,0.006034098565578461,-0.0866958275437355,-0.008292604237794876,0.13302259147167206,-0.06207074224948883,-0.2211700677871704,0.01439494639635086,0.006034098565578461,-0.0866958275437355,-0.008292604237794876,0.13302259147167206,-0.06207074224948883,-0.2211700677871704,0.01439494639635086
15.629000000000001,0.003687196411192417,0.003687196411192417,nan,nan,nan,nan,-0.09297249466180801,0.0,2.3283064365386963e-10,0.6754975318908691,0.0,0.0,0.0,0.0,0.007000000216066837,0.003000000026077032,64.0,0.12521812319755554,4.383365631103516,0.012444332242012024,16.415386199951172,0.002197030233219266,-0.0002543459413573146,-0.0024513760581612587,0.0,0.6903014779090881,0.01427862886339426,0.14123520255088806,9.0,1.0,0.0,0.0,0.0036871908232569695,-5.587935447692871e-09,nan,0.008354567922651768,-0.07991137355566025,-0.11900747567415237,-0.06841861456632614,0.08179393410682678,0.026377880945801735,-0.199680894613266,-0.13233211636543274,-0.048366863280534744,-0.07203002274036407,-0.04141080006957054,0.0495062954723835,0.015965379774570465,-0.12085812538862228,-0.0800948515534401,-0.11577267199754715,-0.13749215006828308,-0.08995496481657028,0.10188158601522446,0.047602228820323944,-0.23781394958496094,-0.1992330253124237,0.00020949948520865291,3.400594869162887e-05,-4.222054030833533e-06,4.3191223085159436e-05,1.410785989719443e-05,-2.0350413251435384e-05,0.00019626984430942684,0.12350624799728394,0.05034642666578293,0.08480791002511978,0.03528904169797897,-0.09921693801879883,0.00901620090007782,0.20580817759037018,0.007733577862381935,-0.08714572340250015,-0.0051470547914505005,0.13717062771320343,-0.051614705473184586,-0.22879774868488312,0.0065751574002206326,0.007733577862381935,-0.08714572340250015,-0.0051470547914505005,0.13717062771320343,-0.051614705473184586,-0.22879774868488312,0.0065751574002206326,0.007733577862381935,-0.08714572340250015,-0.0051470547914505005,0.13717062771320343,-0.051614705473184586,-0.22879774868488312,0.0065751574002206326
15.714000000000002,0.003664539195597172,0.003664539195597172,nan,nan,nan,nan,-0.08786582946777344,0.0,1.3969838619232178e-09,0.677050769329071,0.0,0.0,0.0,0.0,0.006000000052154064,0.01600000075995922,64.0,0.1254473626613617,3.720345973968506,0.014502555131912231,17.508623123168945,0.0059244087897241116,-6.530899554491043e-07,-0.005925060249865055,-0.0012955860001966357,0.8058418035507202,0.01547800563275814,0.16778914630413055,9.0,1.0,0.0,0.0,0.003664533607661724,-5.587935447692871e-09,nan,0.011901507154107094,-0.03569186106324196,-0.09021715819835663,-0.05787458270788193,0.12581108510494232,-0.15883786976337433,-0.18362320959568024,0.04961961507797241,-0.0,-0.0,-0.0,0.0,-0.0,-0.0,0.0,-0.09425847977399826,-0.1342524290084839,-0.08471819758415222,0.11647151410579681,-0.018607303500175476,-0.23923420906066895,-0.12519584596157074,0.00014156734687276185,2.8451308025978506e-05,6.482767639681697e-05,4.1542498365743086e-05,2.895731768148835e-06,-2.0448087525437586e-05,0.00020377484906930476,0.10739536583423615,0.04015004634857178,0.08309745788574219,0.03132152557373047,-0.041691865772008896,-0.007758334279060364,0.14290882647037506,0.013136887922883034,-0.09410238265991211,-0.0016207406297326088,0.14779303967952728,-0.06029916927218437,-0.2469925433397293,0.01771298050880432,0.013136887922883034,-0.09410238265991211,-0.0016207406297326088,0.14779303967952728,-0.06029916927218437,-0.2469925433397293,0.01771298050880432,0.013136887922883034,-0.09410238265991211,-0.0016207406297326088,0.14779303967952728,-0.06029916927218437,-0.2469925433397293,0.01771298050880432
15.825,0.004325478337705135,0.004325478337705135,nan,nan,nan,nan,-0.07517489790916443,0.0,-4.656612873077393e-10,0.6825648546218872,0.0,0.0,0.0,0.0,0.0,0.050999999046325684,64.0,0.125933438539505,6.875877380371094,0.026217661798000336,14.90782642364502,-0.0002711755223572254,0.0030381111428141594,0.0033092861995100975,0.010049993172287941,0.8352660536766052,0.015567141585052013,0.18383333086967468,9.0,1.0,0.0,0.0,0.004325470887124538,-7.450580596923828e-09,nan,0.009698942303657532,-0.09767799079418182,-0.07206124812364578,-0.06276777386665344,0.025441642850637436,0.11114141345024109,-0.084415502846241,-0.22627577185630798,-0.04378287121653557,-0.03230050578713417,-0.028134826570749283,0.011403881013393402,0.04981767386198044,-0.03783813863992691,-0.10142513364553452,-0.08248034119606018,-0.11883857846260071,-0.07806584239006042,0.11180473119020462,-0.04213791713118553,-0.21174174547195435,-0.09514416009187698,0.0001385187788400799,2.694170325412415e-05,6.745001883246005e-05,4.07516818086151e-05,3.101127958871075e-06,-2.1114059563842602e-05,0.0002031685580732301,0.0908842608332634,0.02306395024061203,0.07039834558963776,0.03605692833662033,-0.033608075231313705,-0.031983837485313416,0.12022652477025986,0.008403917774558067,-0.09577462822198868,-0.007667497731745243,0.14786165952682495,-0.07574599236249924,-0.24372558295726776,0.025082364678382874,0.008403917774558067,-0.09577462822198868,-0.007667497731745243,0.14786165952682495,-0.07574599236249924,-0.24372558295726776,0.025082364678382874,0.008403917774558067,-0.09577462822198868,-0.007667497731745243,0.14786165952682495,-0.07574599236249924,-0.24372558295726776,0.025082364678382874
15.95,0.004368913359940052,0.004368913359940052,nan,nan,nan,nan,-0.08564349263906479,1.0,0.0,0.6864606142044067,0.0,0.0,0.0,0.0,0.00800000037997961,0.03200000151991844,64.0,0.1278420388698578,3.213010787963867,0.013340264558792114,10.940807342529297,-0.002545120194554329,-0.00011765945237129927,0.002427460625767708,-0.004552013240754604,0.7603834867477417,0.015503838658332825,0.15650011599063873,9.0,1.0,0.0,0.0,0.004368905909359455,-7.450580596923828e-09,nan,0.007599073462188244,-0.08110186457633972,-0.10719364136457443,-0.0714358240365982,0.09209761768579483,0.02662683092057705,-0.1995786875486374,-0.1334403157234192,-0.05131710693240166,-0.06782664358615875,-0.045200929045677185,0.058274656534194946,0.016848094761371613,-0.1262831687927246,-0.08443419635295868,-0.10152929276227951,-0.13326716423034668,-0.08993050456047058,0.116043321788311,-9.433366358280182e-05,-0.23602542281150818,-0.1498389095067978,0.00011571775394259021,2.4410464902757667e-05,8.67537601152435e-05,4.056624311488122e-05,3.6410352777238586e-07,-2.273096833960153e-05,0.00020112238416913897,0.1071825847029686,0.03670860081911087,0.08087749034166336,0.031669579446315765,-0.07530803233385086,-0.006365001201629639,0.17109377682209015,0.005653291940689087,-0.09655856341123581,-0.00905301608145237,0.14771290123462677,-0.07540236413478851,-0.24239042401313782,0.02125486731529236,0.005653291940689087,-0.09655856341123581,-0.00905301608145237,0.14771290123462677,-0.07540236413478851,-0.24239042401313782,0.02125486731529236,0.0056532928720116615,-0.09655856341123581,-0.009053015150129795,0.14771290123462677,-0.07540236413478851,-0.24239042401313782,0.021254869177937508
16.011,0.00406781118363142,0.00406781118363142,nan,nan,nan,nan,-0.09949734061956406,0.0,-4.656612873077393e-10,0.6865652203559875,0.0,0.0,0.0,0.0,0.004000000189989805,0.014999999664723873,64.0,0.1282518208026886,2.599515914916992,0.010472722351551056,10.903188705444336,0.0063966126181185246,-0.0025356884580105543,-0.00893230177462101,-0.011457876302301884,0.7589815855026245,0.01689792424440384,0.18346242606639862,9.0,1.0,0.0,0.0,0.004067801870405674,-9.313225746154785e-09,nan,0.014656300656497478,-0.04235740378499031,-0.0843597874045372,-0.05932216718792915,0.1324828863143921,-0.16217035055160522,-0.1795736402273178,0.03837358206510544,-0.0,-0.0,-0.0,0.0,-0.0,-0.0,0.0,-0.10490067303180695,-0.1426435112953186,-0.09613727033138275,0.13283948600292206,-0.010900317691266537,-0.26278722286224365,-0.14650383591651917,0.0001880823983810842,2.827889511536341e-05,1.3919447155785747e-05,4.1629860788816586e-05,9.424464224139228e-06,-2.325403329450637e-05,0.00019574255566112697,0.12168232351541519,0.04289834201335907,0.09517855197191238,0.03021472692489624,-0.07113300263881683,-0.0005347728729248047,0.1829548478126526,0.016781650483608246,-0.09974516928195953,-0.0009587183594703674,0.1630542129278183,-0.08203332126140594,-0.26332199573516846,0.03645101189613342,0.016781650483608246,-0.09974516928195953,-0.0009587183594703674,0.1630542129278183,-0.08203332126140594,-0.26332199573516846,0.03645101189613342,0.016781650483608246,-0.09974516928195953,-0.0009587183594703674,0.1630542129278183,-0.08203332126140594,-0.26332199573516846,0.03645101189613342
16.114,0.0038344739004969597,0.0038344739004969597,nan,nan,nan,nan,-0.07760153710842133,0.0,0.0,0.689812183380127,0.0,0.0,0.0,0.0,0.003000000026077032,0.013000000268220901,64.0,0.12881402671337128,4.997002124786377,0.018975697457790375,14.872260093688965,0.00481799989938736,-0.0009178940672427416,-0.0057358937337994576,-0.011597114615142345,0.8784316182136536,0.01726360060274601,0.20980167388916016,9.0,1.0,0.0,0.0,0.0038344701752066612,-3.725290298461914e-09,nan,0.011538155376911163,-0.04235740378499031,-0.0843597874045372,-0.05932216718792915,0.1324828863143921,-0.16217035055160522,-0.1795736402273178,0.03837358206510544,-0.0,-0.0,-0.0,0.0,-0.0,-0.0,0.0,-0.07095663249492645,-0.11122474819421768,-0.07632022351026535,0.13327495753765106,-0.09425757825374603,-0.2182108759880066,-0.045387446880340576,0.0002050405164482072,2.8822065360145643e-05,-2.4358555492653977e-06,4.263854134478606e-05,1.1620368240983225e-05,-2.4631048290757462e-05,0.00019505899399518967,0.08898914605379105,0.01557515561580658,0.07387208938598633,0.03415599465370178,-0.015179283916950226,-0.03925159573554993,0.1039997786283493,0.018032511696219444,-0.0956495925784111,-0.0024481303989887238,0.16743095219135284,-0.10943686217069626,-0.2574624717235565,0.05861233174800873,0.018032511696219444,-0.0956495925784111,-0.0024481303989887238,0.16743095219135284,-0.10943686217069626,-0.2574624717235565,0.05861233174800873,0.018032511696219444,-0.0956495925784111,-0.0024481303989887238,0.16743095219135284,-0.10943686217069626,-0.2574624717235565,0.05861233174800873
16.257,0.0037820441648364067,0.0037820441648364067,nan,nan,nan,nan,-0.08744093030691147,0.0,-2.3283064365386963e-10,0.6970108151435852,0.0,0.0,0.0,0.0,0.004000000189989805,0.04899999871850014,64.0,0.13135990500450134,18.001005172729492,0.018763355910778046,19.710132598876953,0.0032781229820102453,0.003122097346931696,-0.00015602586790919304,0.0004813226987607777,0.6022818684577942,0.01587648130953312,0.1604054570198059,9.0,1.0,0.0,0.0,0.0037820348516106606,-9.313225746154785e-09,nan,0.00949062779545784,-0.08357048034667969,-0.09737971425056458,-0.07513964176177979,0.0976492241024971,0.032491426914930344,-0.19471344351768494,-0.1392221748828888,-0.03232207149267197,-0.03766298666596413,-0.029061324894428253,0.03776722773909569,0.012566521763801575,-0.07530819624662399,-0.05384615436196327,-0.09981035441160202,-0.11174720525741577,-0.08686526119709015,0.09729476273059845,0.012973906472325325,-0.18196696043014526,-0.16223804652690887,0.00011464025010354817,2.1622399799525738e-05,8.979875565273687e-05,4.779542359756306e-05,4.162792208717292e-07,-3.382232171134092e-05,0.00020256075367797166,0.11130756139755249,0.020240679383277893,0.08209399878978729,0.059967562556266785,-0.10989031195640564,-0.05576351284980774,0.20293742418289185,0.01149720698595047,-0.09150652587413788,-0.0047712610103189945,0.15726232528686523,-0.09691640734672546,-0.237730473279953,0.04069938510656357,0.01149720698595047,-0.09150652587413788,-0.0047712610103189945,0.15726232528686523,-0.09691640734672546,-0.237730473279953,0.04069938510656357,0.01149720698595047,-0.09150652587413788,-0.0047712610103189945,0.15726232528686523,-0.09691640734672546,-0.237730473279953,0.04069938510656357
16.308000000000003,0.004038524813950062,0.004038524813950062,nan,nan,nan,nan,-0.09764412045478821,0.0,0.0,0.6977980136871338,0.0,0.0,0.0,0.0,0.0020000000949949026,0.013000000268220901,64.0,0.13317573070526123,9.216104507446289,0.013524666428565979,29.794384002685547,0.006140632554888725,0.00524529442191124,-0.0008953381329774857,0.005534921307116747,0.6617929935455322,0.015914123505353928,0.18355078995227814,9.0,1.0,0.0,0.0,0.004038517363369465,-7.450580596923828e-09,nan,0.013936461880803108,-0.08357048034667969,-0.09737971425056458,-0.07513964176177979,0.0976492241024971,0.032491426914930344,-0.19471344351768494,-0.1392221748828888,-0.051197636872529984,-0.059657562524080276,-0.04603266716003418,0.059822674840688705,0.01990516670048237,-0.11928696185350418,-0.08529143780469894,-0.11218924075365067,-0.12803515791893005,-0.0991717278957367,0.11966605484485626,0.028353016823530197,-0.23150034248828888,-0.18451231718063354,0.00011314847506582737,1.83191859832732e-05,8.974217053037137e-05,5.458976374939084e-05,-8.264905773103237e-07,-4.419934703037143e-05,0.00020124237926211208,0.12134834378957748,0.03432656079530716,0.094957135617733,0.04039411246776581,-0.11300675570964813,-0.01115649938583374,0.21194590628147125,0.00915910117328167,-0.0937085971236229,-0.004214589484035969,0.16006016731262207,-0.08465373516082764,-0.24265684187412262,0.02743358537554741,0.00915910117328167,-0.0937085971236229,-0.004214589484035969,0.16006016731262207,-0.08465373516082764,-0.24265684187412262,0.02743358537554741,0.00915910117328167,-0.0937085971236229,-0.004214589484035969,0.16006016731262207,-0.08465373516082764,-0.24265684187412262,0.02743358537554741
16.423,0.00411915872246027,0.00411915872246027,nan,nan,nan,nan,-0.07365182042121887,0.0,1.862645149230957e-09,0.6955397725105286,0.0,0.0,0.0,0.0,0.004999999888241291,0.019999999552965164,64.0,0.13422691822052002,15.540931701660156,0.01439359039068222,35.02312469482422,0.0022827833890914917,0.006042619235813618,0.0037598377093672752,0.0017929822206497192,0.871242880821228,0.016511835157871246,0.21359336376190186,9.0,1.0,0.0,0.0,0.0041191549971699715,-3.725290298461914e-09,nan,0.010639028623700142,-0.04760822653770447,-0.07523828744888306,-0.05975386127829552,0.1415216028690338,-0.16265128552913666,-0.176594540476799,0.02885640598833561,-0.0,-0.0,-0.0,0.0,-0.0,-0.0,0.0,-0.08280214667320251,-0.10502953082323074,-0.08203575015068054,0.13400734961032867,-0.06310474127531052,-0.21241946518421173,-0.08389969915151596,0.00010615406063152477,1.5273615645128302e-05,9.586722444510087e-05,6.001760266372003e-05,-1.992965053432272e-06,-5.266043444862589e-05,0.00020068412413820624,0.08399700373411179,0.008874848484992981,0.07123537361621857,0.03392656147480011,-0.028374403715133667,-0.03778855502605438,0.10669637471437454,0.0011948589235544205,-0.09615468233823776,-0.01080037746578455,0.16793391108512878,-0.09147914499044418,-0.2502080202102661,0.02279667556285858,0.0011948589235544205,-0.09615468233823776,-0.01080037746578455,0.16793391108512878,-0.09147914499044418,-0.2502080202102661,0.02279667556285858,0.0011948589235544205,-0.09615468233823776,-0.01080037746578455,0.16793391108512878,-0.09147914499044418,-0.2502080202102661,0.02279667556285858
16.546000000000003,0.004209970124065876,0.004209970124065876,nan,nan,nan,nan,-0.07372528314590454,0.0,-1.862645149230957e-09,0.6827172636985779,0.0,0.0,0.0,0.0,0.008999999612569809,0.026000000536441803,64.0,0.1370133012533188,3.3079721927642822,0.012381002306938171,21.98616600036621,-0.0005081314593553543,0.00791091751307249,0.008419047109782696,0.0007540130172856152,0.5599727034568787,0.014428586699068546,0.1478135734796524,9.0,1.0,0.0,0.0,0.00420996081084013,-9.313225746154785e-09,nan,0.008736253716051579,-0.08708968758583069,-0.05361536145210266,-0.06270907074213028,0.014264964498579502,0.15061712265014648,-0.04398813843727112,-0.2253539115190506,-0.0639110803604126,-0.03934582322835922,-0.04601927846670151,0.010468396358191967,0.11053091287612915,-0.032280851155519485,-0.16537678241729736,-0.11628005653619766,-0.0952434092760086,-0.09353745728731155,0.07176075130701065,0.11080695688724518,-0.13339632749557495,-0.24383312463760376,9.825598681345582e-05,4.58439262729371e-06,0.00010008133540395647,8.446283754892647e-05,-8.006953976291697e-06,-8.701216574991122e-05,0.00019853160483762622,0.09545356780290604,0.00096844881772995,0.06995274871587753,0.0762583538889885,-0.15555423498153687,-0.08609673380851746,0.20768672227859497,-0.020826486870646477,-0.09427496045827866,-0.02358470857143402,0.14801910519599915,-0.04474727064371109,-0.2194930613040924,-0.03614640235900879,-0.020826486870646477,-0.09427496045827866,-0.02358470857143402,0.14801910519599915,-0.04474727064371109,-0.2194930613040924,-0.03614640235900879,-0.020826486870646477,-0.09427496045827866,-0.02358470857143402,0.14801910519599915,-0.04474727064371109,-0.2194930613040924,-0.03614640235900879
16.618,0.0044984472915530205,0.0044984472915530205,nan,nan,nan,nan,-0.06364928930997849,0.0,0.0,0.6649971604347229,0.0,0.0,0.0,0.0,0.004000000189989805,0.004999999888241291,64.0,0.13810472190380096,4.692458629608154,0.018907710909843445,13.504009246826172,0.0023417267948389053,0.012561850249767303,0.010220123454928398,0.0,0.7875292897224426,0.014287486672401428,0.18046562373638153,9.0,1.0,0.0,0.0,0.004498430527746677,-1.6763806343078613e-08,nan,0.01383209228515625,-0.08387477695941925,-0.09158955514431,-0.07861819863319397,0.10939710587263107,0.02295532450079918,-0.19728286564350128,-0.13030867278575897,-0.034619253128767014,-0.037803519517183304,-0.03244959935545921,0.04515357315540314,0.009474792517721653,-0.08142835646867752,-0.0537848062813282,-0.12001796811819077,-0.1049385517835617,-0.09996827691793442,0.09154405444860458,0.10140033066272736,-0.1703334003686905,-0.23958633840084076,-6.222161027835682e-05,-1.775917917257175e-05,0.0002524625160731375,0.00012463353050407022,-2.7565814889385365e-05,-0.00014373866724781692,0.000197592715267092,0.08216673880815506,0.007477179169654846,0.06494313478469849,0.04695839434862137,-0.11371789872646332,-0.03919075429439545,0.1604619324207306,-0.037851229310035706,-0.09746137261390686,-0.03502514213323593,0.13850244879722595,-0.012317566201090813,-0.20952415466308594,-0.07912440598011017,-0.037851229310035706,-0.09746137261390686,-0.03502514213323593,0.13850244879722595,-0.012317566201090813,-0.20952415466308594,-0.07912440598011017,-0.037851229310035706,-0.09746137261390686,-0.03502514213323593,0.13850244879722595,-0.012317566201090813,-0.20952415466308594,-0.07912440598011017
16.721999999999998,0.004944623447954655,0.004944623447954655,nan,nan,nan,nan,-0.045922376215457916,0.0,-5.587935447692871e-09,0.654117226600647,0.0,0.0,0.0,0.0,0.003000000026077032,0.014999999664723873,64.0,0.13871335983276367,4.1334052085876465,0.012734904885292053,11.970688819885254,0.0015928223729133606,0.015004999935626984,0.013412171974778175,0.015966471284627914,0.9438901543617249,0.01602800376713276,0.19462810456752777,9.0,1.0,0.0,0.0,0.00494461040943861,-1.30385160446167e-08,nan,0.016143793240189552,-0.08387477695941925,-0.09158955514431,-0.07861819863319397,0.10939710587263107,0.02295532450079918,-0.19728286564350128,-0.13030867278575897,-0.04318851977586746,-0.04716098681092262,-0.0404818169772625,0.05633039399981499,0.011820078827440739,-0.10158423334360123,-0.06709810346364975,-0.12291805446147919,-0.12094824016094208,-0.1088467538356781,0.12728512287139893,0.06848561763763428,-0.2322079837322235,-0.21796958148479462,-4.269335840945132e-05,-2.2692756829201244e-05,0.0002271320845466107,0.00013670204498339444,-2.9105038265697658e-05,-0.00016054906882345676,0.00019193123443983495,0.06281199306249619,0.012669645249843597,0.055257648229599,0.01527927815914154,-0.06266655772924423,0.0072154700756073,0.10147733986377716,-0.060106061398983,-0.10827859491109848,-0.0535891056060791,0.14256440103054047,0.005819058045744896,-0.2249925136566162,-0.11649224162101746,-0.060106061398983,-0.10827859491109848,-0.0535891056060791,0.14256440103054047,0.005819058045744896,-0.2249925136566162,-0.11649224162101746,-0.060106061398983,-0.10827859491109848,-0.0535891056060791,0.14256440103054047,0.005819058045744896,-0.2249925136566162,-0.11649224162101746
16.790000000000003,0.006050334312021732,0.006050334312021732,nan,nan,nan,nan,-0.01355995237827301,0.0,0.01623329147696495,0.6464856863021851,0.0,0.0,0.0,0.0,0.006000000052154064,0.009999999776482582,64.0,0.13879698514938354,5.764651298522949,0.017078593373298645,24.481464385986328,0.005662556737661362,0.0180569626390934,0.028627697378396988,0.0,0.940879762172699,0.01650833897292614,0.18541720509529114,9.0,1.0,0.0,0.0,0.00605031568557024,-1.862645149230957e-08,nan,0.011081713251769543,-0.0844702273607254,-0.04257921129465103,-0.06747354567050934,0.032803479582071304,0.15536071360111237,-0.0578618161380291,-0.21894772350788116,-0.027244625613093376,-0.01373329572379589,-0.02176259458065033,0.010580278001725674,0.05010930076241493,-0.018662473186850548,-0.07061835378408432,-0.11225628852844238,-0.09104312211275101,-0.09655977785587311,0.09551732242107391,0.10528389364480972,-0.16612142324447632,-0.22726239264011383,-0.0003047447535209358,-5.2477447752607986e-05,0.00046069989912211895,0.00018074523541145027,-5.420571324066259e-05,-0.00022525974782183766,0.00017299056344199926,0.031166739761829376,-0.013914242386817932,0.025130532681941986,0.03362464904785156,-0.0693502128124237,-0.04448670148849487,0.07237137854099274,-0.081089548766613,-0.10495736449956894,-0.07142924517393112,0.12914197146892548,0.03593368083238602,-0.2106081247329712,-0.1548910140991211,-0.081089548766613,-0.10495736449956894,-0.07142924517393112,0.12914197146892548,0.03593368083238602,-0.2106081247329712,-0.1548910140991211,-0.081089548766613,-0.10495736449956894,-0.07142924517393112,0.12914197146892548,0.03593368083238602,-0.2106081247329712,-0.1548910140991211
16.88,0.0076751383021473885,0.0076751383021473885,nan,nan,nan,nan,-0.004821121692657471,0.0,0.020833168178796768,0.6529818177223206,0.0,0.0,0.0,0.0,0.006000000052154064,0.01600000075995922,64.0,0.1382911205291748,6.862532138824463,0.030970200896263123,29.27711296081543,0.004696942865848541,0.024657946079969406,0.04079417139291763,0.0,0.9490399360656738,0.017130544409155846,0.17919614911079407,9.0,1.0,0.0,0.0,0.007675125263631344,-1.30385160446167e-08,nan,0.015508841723203659,-0.0844702273607254,-0.04257921129465103,-0.06747354567050934,0.032803479582071304,0.15536071360111237,-0.0578618161380291,-0.21894772350788116,-0.04474853351712227,-0.022556554526090622,-0.035744454711675644,0.017377810552716255,0.08230312913656235,-0.030652591958642006,-0.11598866432905197,-0.11905946582555771,-0.07568015158176422,-0.09823581576347351,0.06984178721904755,0.17297832667827606,-0.12212008237838745,-0.2796403169631958,-0.000401620171032846,-6.551219121320173e-05,0.0005307217943482101,0.00019663467537611723,-6.193774606799707e-05,-0.0002508370962459594,0.00014892838953528553,0.021092481911182404,-0.017175748944282532,0.014737904071807861,0.034364111721515656,-0.08126135170459747,-0.05193734169006348,0.07318377494812012,-0.0979669839143753,-0.09285590052604675,-0.08349791169166565,0.1042058989405632,0.09171697497367859,-0.17405742406845093,-0.20645654201507568,-0.0979669839143753,-0.09285590052604675,-0.08349791169166565,0.1042058989405632,0.09171697497367859,-0.17405742406845093,-0.20645654201507568,-0.0979669839143753,-0.09285590052604675,-0.08349791169166565,0.1042058989405632,0.09171697497367859,-0.17405742406845093,-0.20645654201507568
16.987,0.008812258951365948,0.008812258951365948,nan,nan,nan,nan,0.03211034834384918,0.0,0.03829904645681381,0.7182925343513489,0.0,0.0,0.0,0.0,0.008999999612569809,0.017000000923871994,64.0,0.13623957335948944,18.56502914428711,0.021257437765598297,29.586484909057617,0.010988853871822357,0.023252498358488083,0.050562694668769836,0.0,0.9992855191230774,0.0175301693379879,0.1655706912279129,9.0,1.0,0.0,0.0,0.008812242187559605,-1.6763806343078613e-08,nan,0.009809110313653946,-0.0879475399851799,-0.071164071559906,-0.08415483683347702,0.11786584556102753,0.02046607993543148,-0.19034966826438904,-0.13990944623947144,-0.022047001868486404,-0.017839662730693817,-0.021096235141158104,0.029547030106186867,0.0051305098459124565,-0.04771753400564194,-0.03507300093770027,-0.11153004318475723,-0.07939207553863525,-0.09847714006900787,0.10233152657747269,0.10228069871664047,-0.1701630800962448,-0.22483620047569275,2.958313052658923e-05,-7.287180051207542e-05,7.730206561973318e-05,0.00019412087567616254,-4.959728175890632e-05,-0.00026007715496234596,0.00012180717749288306,0.00732257217168808,-0.007306180894374847,0.009453922510147095,-0.0030296817421913147,0.0018387958407402039,0.0038909167051315308,0.005123883485794067,-0.10420747101306915,-0.0866982564330101,-0.08902321755886078,0.09930184483528137,0.10411949455738068,-0.16627216339111328,-0.21971231698989868,-0.10420747101306915,-0.0866982564330101,-0.08902321755886078,0.09930184483528137,0.10411949455738068,-0.16627216339111328,-0.21971231698989868,-0.10420747101306915,-0.0866982564330101,-0.08902321755886078,0.09930184483528137,0.10411949455738068,-0.16627216339111328,-0.21971231698989868
17.063999999999997,0.009001039899885654,0.009001039899885654,nan,nan,nan,nan,0.06603280454874039,0.0,0.056088637560606,0.7318341732025146,0.0,0.0,0.0,0.0,0.00800000037997961,0.00800000037997961,64.0,0.13433030247688293,5.056751728057861,0.01801922917366028,12.498405456542969,0.027134470641613007,0.011629821732640266,0.04058399051427841,0.0,0.9671493768692017,0.017110951244831085,0.1923852562904358,9.0,1.0,0.0,0.0,0.00900102499872446,-1.4901161193847656e-08,nan,0.00900647696107626,-0.06159971281886101,-0.05536319315433502,-0.06550528109073639,0.1644037365913391,-0.1575087457895279,-0.16429699957370758,-0.004284046124666929,-0.0,-0.0,-0.0,0.0,-0.0,-0.0,-0.0,-0.09738779813051224,-0.07376611977815628,-0.09008367359638214,0.12624169886112213,0.017632488161325455,-0.1761358082294464,-0.15576474368572235,-0.00036284662201069295,-7.58461537770927e-05,0.0004512698214966804,0.00021193949214648455,-6.0699556343024597e-05,-0.0002755235182121396,0.0001080084839486517,-0.006843157112598419,-0.009892039000988007,-0.00064840167760849,-0.02047983556985855,0.06909701228141785,0.005888253450393677,-0.052384570240974426,-0.10423095524311066,-0.08365815877914429,-0.09073207527399063,0.10576186329126358,0.086729496717453,-0.17024755477905273,-0.20814931392669678,-0.10423095524311066,-0.08365815877914429,-0.09073207527399063,0.10576186329126358,0.086729496717453,-0.17024755477905273,-0.20814931392669678,-0.10423095524311066,-0.08365815877914429,-0.09073207527399063,0.10576186329126358,0.086729496717453,-0.17024755477905273,-0.20814931392669678
17.184,0.00814057607203722,0.00814057607203722,nan,nan,nan,nan,0.02884839102625847,0.0,0.029117833822965622,0.10495457798242569,0.0,0.0,0.0,0.0,0.0,0.024000000208616257,64.0,0.13236185908317566,2.908496141433716,0.011664815247058868,28.99443244934082,-0.016286395490169525,-0.008537381887435913,0.036866847425699234,-0.009288080036640167,0.9969844818115234,0.0167209692299366,0.15222276747226715,9.0,1.0,0.0,0.0,0.008140561170876026,-1.4901161193847656e-08,nan,0.0028505059890449047,-0.08638273179531097,-0.03548474237322807,-0.07914578169584274,0.08887903392314911,0.08583414554595947,-0.12296511232852936,-0.21125198900699615,-0.03875245898962021,-0.015918932855129242,-0.03550586476922035,0.03987233340740204,0.03850635513663292,-0.055163804441690445,-0.09477048367261887,-0.10694912821054459,-0.06281671673059464,-0.09905669093132019,0.13012857735157013,0.0514846071600914,-0.17628614604473114,-0.21027806401252747,0.025998542085289955,0.0005681520560756326,-0.02606355957686901,0.00025185683625750244,0.0008270821999758482,-2.3293134290724993e-05,-0.0004221658455207944,0.013786368072032928,-0.012961708009243011,-0.0038432180881500244,-0.013346455991268158,0.011745058000087738,0.003405168652534485,0.012030720710754395,-0.09316276013851166,-0.07577842473983765,-0.10289990901947021,0.11678212136030197,0.06322966516017914,-0.17288097739219666,-0.19824734330177307,-0.09316276013851166,-0.07577842473983765,-0.10289990901947021,0.11678212136030197,0.06322966516017914,-0.17288097739219666,-0.19824734330177307,-0.09316276013851166,-0.07577842473983765,-0.10289990901947021,0.11678212136030197,0.06322966516017914,-0.17288097739219666,-0.19824734330177307
17.261999999999997,0.007644663564860821,0.007644663564860821,nan,nan,nan,nan,0.02401038259267807,0.0,0.02614390105009079,0.10200390219688416,0.0,0.0,0.0,0.0,0.004000000189989805,0.010999999940395355,64.0,0.1314658671617508,3.339930534362793,0.012945383787155151,12.27451229095459,-0.016656778752803802,-0.0064460099674761295,0.0363546684384346,0.0,0.9930799603462219,0.017803369089961052,0.17145733535289764,9.0,1.0,0.0,0.0,0.007644650526344776,-1.30385160446167e-08,nan,0.002428367966786027,-0.0943012461066246,-0.038040608167648315,-0.0921885296702385,0.12164347618818283,-0.000279791682260111,-0.18161173164844513,-0.15290986001491547,-0.05555874854326248,-0.022412095218896866,-0.054314013570547104,0.07166776061058044,-0.00016484272782690823,-0.10699879378080368,-0.09008873999118805,-0.1264970600605011,-0.0609690360724926,-0.12088585644960403,0.15921804308891296,0.025798950344324112,-0.22861814498901367,-0.22373978793621063,0.023362886160612106,0.00046861128066666424,-0.023371681571006775,0.00022283503494691104,0.0006358666578307748,-1.8812141206581146e-05,-0.0002817693748511374,0.03188428282737732,-0.008443545550107956,0.0026775524020195007,-0.027836874127388,0.024762529879808426,0.0383695513010025,0.0163051038980484,-0.09461277723312378,-0.06941258162260056,-0.11820830404758453,0.13138116896152496,0.05056148022413254,-0.19024859368801117,-0.20743468403816223,-0.09461277723312378,-0.06941258162260056,-0.11820830404758453,0.13138116896152496,0.05056148022413254,-0.19024859368801117,-0.20743468403816223,-0.09461277723312378,-0.06941258162260056,-0.11820830404758453,0.13138116896152496,0.05056148022413254,-0.19024859368801117,-0.20743468403816223
17.368,0.00691984873265028,0.00691984873265028,nan,nan,nan,nan,0.019877631217241287,0.0,0.021465973928570747,0.09706410020589828,0.0,0.0,0.0,0.0,0.006000000052154064,0.014000000432133675,64.0,0.1307430863380432,7.757798671722412,0.021710991859436035,15.825892448425293,-0.017183354124426842,-0.007648169994354248,0.03100115805864334,0.0,0.9621987342834473,0.018902098760008812,0.14840835332870483,9.0,1.0,0.0,0.0,0.006919831968843937,-1.6763806343078613e-08,nan,0.002173126209527254,-0.08590444922447205,-0.062233950942754745,-0.08768150955438614,0.14356441795825958,-0.19941836595535278,-0.09829355031251907,-0.03192584589123726,-0.03610478341579437,-0.026156309992074966,-0.0368516631424427,0.06033869460225105,-0.08381354808807373,-0.041311800479888916,-0.013418114744126797,-0.1303182989358902,-0.06929322332143784,-0.12780006229877472,0.1808972805738449,-0.07723543792963028,-0.21438680589199066,-0.17190615832805634,0.019315985962748528,0.00036965575418435037,-0.01927017979323864,0.0001981607492780313,0.0004620905383490026,-2.6127539968001656e-05,-0.0001479797065258026,0.028060145676136017,0.0023892074823379517,-0.005670323967933655,-0.028623417019844055,0.09211733192205429,0.0038157403469085693,-0.034054115414619446,-0.10225815325975418,-0.06690401583909988,-0.13347038626670837,0.15227386355400085,0.014881893992424011,-0.2105710655450821,-0.20596027374267578,-0.10225815325975418,-0.06690401583909988,-0.13347038626670837,0.15227386355400085,0.014881893992424011,-0.2105710655450821,-0.20596027374267578,-0.10225815325975418,-0.06690401583909988,-0.13347038626670837,0.15227386355400085,0.014881893992424011,-0.2105710655450821,-0.20596027374267578
17.470000000000002,0.00610008742660284,0.00610008742660284,nan,nan,nan,nan,0.0159174595028162,0.0,0.015897637233138084,0.09176972508430481,0.0,0.0,0.0,0.0,0.010999999940395355,0.01899999938905239,64.0,0.12995824217796326,9.253337860107422,0.04015583544969559,13.608807563781738,-0.016531767323613167,-0.006329212803393602,0.026100192219018936,-0.013683775439858437,0.9910447001457214,0.01894572749733925,0.20621269941329956,9.0,1.0,0.0,0.0,0.006100076250731945,-1.1175870895385742e-08,nan,0.003401897381991148,-0.09385854005813599,-0.001962170470505953,-0.09156151860952377,0.11199579387903214,-0.003995890729129314,-0.13767865300178528,-0.20319640636444092,-0.01488452311605215,-0.00031117009348236024,-0.0145202511921525,0.017760813236236572,-0.0006336868973448873,-0.021833719685673714,-0.03222383186221123,-0.12603378295898438,-0.04291320592164993,-0.12354667484760284,0.16692623496055603,-0.057448048144578934,-0.1949925720691681,-0.2051371932029724,0.0171669889241457,0.00029672583332285285,-0.017076462507247925,0.0001812060654629022,0.0003216200857423246,-2.4571967514930293e-05,-4.217033347231336e-05,0.02008465677499771,-0.018506310880184174,-0.01412324607372284,-0.005584821105003357,0.03791486844420433,-0.01207791268825531,0.004301354289054871,-0.10594912618398666,-0.061419516801834106,-0.13766992092132568,0.16134141385555267,-0.019533179700374603,-0.2070704847574234,-0.20083583891391754,-0.10594912618398666,-0.061419516801834106,-0.13766992092132568,0.16134141385555267,-0.019533179700374603,-0.2070704847574234,-0.20083583891391754,-0.10594912618398666,-0.061419516801834106,-0.13766992092132568,0.16134141385555267,-0.019533179700374603,-0.2070704847574234,-0.20083583891391754
17.532,0.00543030072003603,0.00543030072003603,nan,nan,nan,nan,0.013962851837277412,0.0,0.01423577032983303,0.08631737530231476,0.0,0.0,0.0,0.0,0.003000000026077032,0.017999999225139618,64.0,0.12898842990398407,14.978754997253418,0.019944272935390472,22.654802322387695,-0.015466107055544853,-0.007165983319282532,0.022535894066095352,0.0,0.9944466352462769,0.01891496777534485,0.14747655391693115,9.0,1.0,0.0,0.0,0.005430278368294239,-2.2351741790771484e-08,nan,0.0020795688033103943,-0.10643108934164047,-0.00011072105553466827,-0.10379062592983246,0.11272485554218292,0.02303595282137394,-0.14287245273590088,-0.1850671023130417,-0.041094500571489334,-4.2750918510137126e-05,-0.04007498174905777,0.0435246117413044,0.008894497528672218,-0.05516501143574715,-0.07145693898200989,-0.1312505453824997,-0.023271236568689346,-0.12834054231643677,0.15800590813159943,-0.019096864387392998,-0.19100899994373322,-0.2239694595336914,0.012258242815732956,0.00018154800636693835,-0.012112865224480629,0.00013018370373174548,0.00016233691712841392,-2.397449679847341e-05,7.985728734638542e-05,0.022155769169330597,-0.02519063651561737,-0.010147392749786377,0.0026618242263793945,-0.005065036937594414,-0.00954902172088623,0.01646062731742859,-0.1090947762131691,-0.04846187308430672,-0.13848793506622314,0.16066773235797882,-0.02416190132498741,-0.20055802166461945,-0.20750883221626282,-0.1090947762131691,-0.04846187308430672,-0.13848793506622314,0.16066773235797882,-0.02416190132498741,-0.20055802166461945,-0.20750883221626282,-0.1090947762131691,-0.04846187308430672,-0.13848793506622314,0.16066773235797882,-0.02416190132498741,-0.20055802166461945,-0.20750883221626282
17.622000000000003,0.0050492482259869576,0.0050492482259869576,nan,nan,nan,nan,0.010921210050582886,0.0,0.012052930891513824,0.08291618525981903,0.0,0.0,0.0,0.0,0.00800000037997961,0.017000000923871994,64.0,0.12876570224761963,4.499141216278076,0.012430362403392792,13.950127601623535,-0.01536012813448906,-0.0061445957981050014,0.021268462762236595,0.0,0.9945201873779297,0.01942157931625843,0.14692315459251404,9.0,1.0,0.0,0.0,0.005049229599535465,-1.862645149230957e-08,nan,0.002071838825941086,-0.10643108934164047,-0.00011072105553466827,-0.10379062592983246,0.11272485554218292,0.02303595282137394,-0.14287245273590088,-0.1850671023130417,-0.05541824921965599,-5.765201785834506e-05,-0.05404336750507355,0.058695390820503235,0.01199472974985838,-0.0743931233882904,-0.09636370837688446,-0.14494405686855316,-0.011321124620735645,-0.14151526987552643,0.162686288356781,0.008434547111392021,-0.2017272412776947,-0.24998074769973755,0.009197731502354145,0.00012189032713649794,-0.009028211236000061,9.352469351142645e-05,9.564036008669063e-05,-1.9642600818770006e-05,0.00013103919627610594,0.026327893137931824,-0.02193744108080864,-0.0009314566850662231,-0.0019264668226242065,-0.02141406759619713,0.002314433455467224,0.02719438076019287,-0.11861616373062134,-0.03325856477022171,-0.14244672656059265,0.1607598215341568,-0.012979521416127682,-0.19941280782222748,-0.22278636693954468,-0.11861616373062134,-0.03325856477022171,-0.14244672656059265,0.1607598215341568,-0.012979521416127682,-0.19941280782222748,-0.22278636693954468,-0.11861616373062134,-0.03325856477022171,-0.14244672656059265,0.1607598215341568,-0.012979521416127682,-0.19941280782222748,-0.22278636693954468
17.663999999999998,0.004577712155878544,0.004577712155878544,nan,nan,nan,nan,0.0071478188037872314,0.0,0.00825254712253809,0.07973165065050125,0.0,0.0,0.0,0.0,0.0020000000949949026,0.008999999612569809,64.0,0.12831810116767883,2.765467405319214,0.015062279999256134,11.51534366607666,-0.015186446718871593,-0.006603929214179516,0.016835063695907593,0.0,0.9697162508964539,0.019182216376066208,0.21776588261127472,9.0,1.0,0.0,0.0,0.004577695392072201,-1.6763806343078613e-08,nan,0.003178416285663843,-0.10786911845207214,-0.02621958963572979,-0.10978247970342636,0.1288294494152069,-0.21090632677078247,-0.036813944578170776,-0.05648735538125038,-0.045629873871803284,-0.011091187596321106,-0.04643924906849861,0.05449633300304413,-0.08921580016613007,-0.01557272020727396,-0.02389479987323284,-0.14623978734016418,-0.020617414265871048,-0.14508765935897827,0.16814866662025452,-0.10371831059455872,-0.14497627317905426,-0.18527056276798248,0.009429005905985832,8.189742220565677e-05,-0.009249290451407433,6.0288475651759654e-05,7.077895861584693e-05,-1.8175380319007672e-05,0.00015176538727246225,0.022069431841373444,-0.007666673511266708,-0.0006666481494903564,-0.005676135420799255,0.07321576774120331,-0.04273298382759094,-0.031887486577034,-0.12417035549879074,-0.028284087777137756,-0.14575430750846863,0.16247253119945526,-0.030502542853355408,-0.1877092570066452,-0.21715804934501648,-0.12417035549879074,-0.028284087777137756,-0.14575430750846863,0.16247253119945526,-0.030502542853355408,-0.1877092570066452,-0.21715804934501648,-0.12417035549879074,-0.028284087777137756,-0.14575430750846863,0.16247253119945526,-0.030502542853355408,-0.1877092570066452,-0.21715804934501648
17.732000000000003,0.0039021754637360573,0.0039021754637360573,nan,nan,nan,nan,0.005897982977330685,1.0,0.01719149574637413,0.0739184245467186,0.0,0.0,0.0,0.0,0.0010000000474974513,0.008999999612569809,64.0,0.12807755172252655,3.687839984893799,0.011897645890712738,18.948244094848633,-0.002490822458639741,-0.010600895620882511,0.009081422351300716,-0.03931319713592529,0.6839512586593628,0.014068791642785072,0.32263314723968506,9.0,1.0,0.0,0.0,0.0039021680131554604,-7.450580596923828e-09,nan,0.0028583193197846413,-0.08348090946674347,0.04130233824253082,-0.07779885083436966,0.06074726954102516,0.07314784824848175,-0.0767982080578804,-0.2456289678812027,-0.020687175914645195,0.010235019028186798,-0.0192791186273098,0.015053614042699337,0.01812656782567501,-0.019031153991818428,-0.06086864322423935,-0.13535486161708832,-0.0003757360391318798,-0.1327182650566101,0.14291812479496002,-0.061824627220630646,-0.12375639379024506,-0.21481257677078247,0.008830246515572071,4.802323746844195e-05,-0.008639384992420673,3.0905790481483564e-05,4.537458153208718e-05,-1.3247408787719905e-05,0.00017331575509160757,0.12173908948898315,-0.03463968634605408,0.09894092381000519,0.03904716670513153,0.05209135264158249,-0.0804385095834732,0.17336688935756683,-0.013615775853395462,-0.035015422850847244,-0.03377734124660492,0.18196529150009155,-0.009733275510370731,-0.20419490337371826,-0.04144568741321564,-0.013615775853395462,-0.035015422850847244,-0.03377734124660492,0.18196529150009155,-0.009733275510370731,-0.20419490337371826,-0.04144568741321564,-0.013615771196782589,-0.035015422850847244,-0.03377733752131462,0.18196529150009155,-0.009733273647725582,-0.20419490337371826,-0.04144567996263504
17.8,0.0020886873826384544,0.0020886873826384544,nan,nan,nan,nan,-0.12419988214969635,1.0,0.0,0.6825910210609436,0.0,0.0,0.0,0.0,0.008999999612569809,0.013000000268220901,64.0,0.12783421576023102,3.681885004043579,0.017299316823482513,17.80329704284668,0.014551222324371338,-0.06790909171104431,-0.08246031403541565,0.0,0.5554652214050293,0.013649143278598785,0.17466509342193604,9.0,1.0,0.0,0.0,0.0020886892452836037,1.862645149230957e-09,nan,0.010540742427110672,-0.09246310591697693,0.017325816676020622,-0.09106886386871338,0.12371793389320374,0.03503270819783211,-0.11085867136716843,-0.20984229445457458,-0.02384050562977791,0.004467254504561424,-0.023481016978621483,0.031899187713861465,0.009032764472067356,-0.028583580628037453,-0.054105326533317566,-0.12708301842212677,0.018559539690613747,-0.12342196702957153,0.13344208896160126,0.002013626042753458,-0.12453994899988174,-0.25793731212615967,1.514352516096551e-05,-2.6330459149903618e-05,0.00019923971558455378,2.6101115508936346e-05,-1.097673248295905e-05,-5.073006832390092e-05,0.00021733554603997618,0.135244220495224,-0.04844796657562256,0.1196046769618988,0.04601594805717468,0.0063200234435498714,-0.07674349099397659,0.23044145107269287,0.008161206729710102,-0.029888425022363663,-0.003817286342382431,0.17945803701877594,0.00833364948630333,-0.20128343999385834,-0.027495859190821648,0.008161206729710102,-0.029888425022363663,-0.003817286342382431,0.17945803701877594,0.00833364948630333,-0.20128343999385834,-0.027495859190821648,0.008161208592355251,-0.029888425022363663,-0.003817284479737282,0.17945803701877594,0.008333650417625904,-0.20128343999385834,-0.0274958573281765
17.879,0.002986631356179714,0.002986631356179714,nan,nan,nan,nan,-0.12870624661445618,0.0,-1.862645149230957e-09,0.6819767355918884,0.0,0.0,0.0,0.0,0.0,0.026000000536441803,64.0,0.12883880734443665,3.4598727226257324,0.012586824595928192,13.444096565246582,0.015161246061325073,-0.012883326038718224,-0.028044573962688446,0.04693743586540222,0.7126935720443726,0.014580614864826202,0.1527479737997055,9.0,1.0,0.0,0.0,0.0029866332188248634,1.862645149230957e-09,nan,0.01677827537059784,-0.10645391047000885,0.04593272507190704,-0.1037575751543045,0.1191008985042572,0.0006078307051211596,-0.13226991891860962,-0.18469269573688507,-0.059650879353284836,0.025738157331943512,-0.05814000219106674,0.06673754751682281,0.0003405946772545576,-0.07411673665046692,-0.10349155962467194,-0.14125512540340424,0.03957587480545044,-0.13778334856033325,0.16059425473213196,0.011669033206999302,-0.160869300365448,-0.2749691307544708,0.00010727041808422655,-2.149325518985279e-05,0.0001044761374942027,5.822310777148232e-05,-8.913028068491258e-06,-7.849451503716409e-05,0.0002135381946573034,0.13405437767505646,-0.05365519970655441,0.12695838510990143,0.03124202787876129,0.01314788218587637,-0.04529505968093872,0.20605427026748657,-0.0072007495909929276,-0.014079324901103973,-0.010824969038367271,0.19183628261089325,0.02481691539287567,-0.20616436004638672,-0.06891486793756485,-0.0072007495909929276,-0.014079324901103973,-0.010824969038367271,0.19183628261089325,0.02481691539287567,-0.20616436004638672,-0.06891486793756485,-0.0072007495909929276,-0.014079324901103973,-0.010824969038367271,0.19183628261089325,0.02481691539287567,-0.20616436004638672,-0.06891486793756485
17.999,0.003608652390539646,0.003608652390539646,nan,nan,nan,nan,0.002872226759791374,0.0,0.013228784315288067,0.07032909244298935,0.0,0.0,0.0,0.0,0.0020000000949949026,0.026000000536441803,64.0,0.13425087928771973,9.39737319946289,0.014178454875946045,11.402976036071777,-0.005180110223591328,0.00195548078045249,0.02036437578499317,0.004165948834270239,0.8194512128829956,0.015738418325781822,0.14805835485458374,9.0,1.0,0.0,0.0,0.0036086449399590492,-7.450580596923828e-09,nan,0.0023869548458606005,-0.1128179132938385,-0.023990800604224205,-0.11428748816251755,0.07991763204336166,-0.206258624792099,0.08307331800460815,-0.08834195137023926,-0.06254521757364273,-0.013300280086696148,-0.06335993856191635,0.044305603951215744,-0.11434789001941681,0.04605508968234062,-0.04897596687078476,-0.16059498488903046,0.03212882950901985,-0.15822401642799377,0.1631520688533783,-0.07316090911626816,-0.10794351249933243,-0.25091105699539185,0.0012642225483432412,-9.423118171980605e-05,-0.0010294383391737938,-7.779265433782712e-05,-7.0054033130873e-05,-9.365979281028558e-07,0.0002601659798528999,0.10658910870552063,-0.027515068650245667,0.10324113070964813,0.0315239280462265,0.07637554407119751,-0.08823882788419724,0.12160007655620575,-0.05400587618350983,0.00461376179009676,-0.05498288571834564,0.1946759968996048,0.00321463611908257,-0.19618234038352966,-0.1293109804391861,-0.05400587618350983,0.00461376179009676,-0.05498288571834564,0.1946759968996048,0.00321463611908257,-0.19618234038352966,-0.1293109804391861,-0.05400587618350983,0.00461376179009676,-0.05498288571834564,0.1946759968996048,0.00321463611908257,-0.19618234038352966,-0.1293109804391861
18.084,0.00364514347165823,0.00364514347165823,nan,nan,nan,nan,0.003995378501713276,1.0,0.013122765347361565,0.07043393701314926,0.0,0.0,0.0,0.0,0.007000000216066837,0.019999999552965164,64.0,0.1372166872024536,5.63193941116333,0.01837126910686493,18.600379943847656,-0.006300896406173706,0.0008947765454649925,0.02031843736767769,0.0,0.8120642304420471,0.016028927639126778,0.11073855310678482,9.0,1.0,0.0,0.0,0.0036451248452067375,-1.862645149230957e-08,nan,0.0015976378927007318,-0.08278244733810425,0.05679687485098839,-0.07527604699134827,0.051447462290525436,0.08826485276222229,-0.059484247118234634,-0.24551740288734436,-0.08157756924629211,0.0559702105820179,-0.07418043166399002,0.0506986603140831,0.0869801864027977,-0.05861847102642059,-0.24194395542144775,-0.16248083114624023,0.060590073466300964,-0.15524466335773468,0.1343742460012436,0.01292145811021328,-0.09505417197942734,-0.34002169966697693,-0.0007571350433863699,-8.85704648680985e-05,0.0009890988003462553,-7.430156256305054e-05,-6.621119973715395e-05,-1.2374276536775142e-07,0.00025547671248205006,0.09540868550539017,-0.05654371157288551,0.09102945029735565,0.06111569702625275,-0.025041652843356133,-0.08735895901918411,0.19004112482070923,-0.06707214564085007,0.004046362824738026,-0.06421521306037903,0.19548994302749634,-0.012120194733142853,-0.18241313099861145,-0.1499805748462677,-0.06707214564085007,0.004046362824738026,-0.06421521306037903,0.19548994302749634,-0.012120194733142853,-0.18241313099861145,-0.1499805748462677,-0.06707213819026947,0.004046359099447727,-0.06421520560979843,0.19548994302749634,-0.012120194733142853,-0.18241313099861145,-0.1499805599451065
18.181,0.003108142875134945,0.003108142875134945,nan,nan,nan,nan,-8.826423436403275e-05,1.0,0.007487810682505369,0.06839275360107422,0.0,0.0,0.0,0.0,0.004999999888241291,0.027000000700354576,64.0,0.13812702894210815,2.9696552753448486,0.011743046343326569,13.07101058959961,-0.006803654599934816,-0.003481684485450387,0.010809781029820442,-0.009285010397434235,0.7969857454299927,0.016000021249055862,0.20280010998249054,9.0,1.0,0.0,0.0,0.003108126111328602,-1.6763806343078613e-08,nan,0.0034246083814650774,-0.11596078425645828,0.050748445093631744,-0.11226274073123932,0.0845695361495018,0.09179836511611938,-0.053547367453575134,-0.20719194412231445,-0.023922398686408997,0.010469268076121807,-0.02315950207412243,0.017446469515562057,0.01893775723874569,-0.011046678759157658,-0.04274314269423485,-0.1531788408756256,0.0633251965045929,-0.14804929494857788,0.10038192570209503,0.029543675482273102,-0.05647202581167221,-0.28717052936553955,0.0039572385139763355,-0.00010968738206429407,-0.0037202013190835714,-9.878253331407905e-05,-7.130824087653309e-05,4.0715362956689205e-06,0.00026149017503485084,0.08011755347251892,-0.058476295322179794,0.07606996595859528,0.0888528823852539,-0.043949294835329056,-0.11357644945383072,0.12308742105960846,-0.07306128740310669,0.004848900251090527,-0.0719793289899826,0.18923480808734894,-0.014405619353055954,-0.17004847526550293,-0.1640831083059311,-0.07306128740310669,0.004848900251090527,-0.0719793289899826,0.18923480808734894,-0.014405619353055954,-0.17004847526550293,-0.1640831083059311,-0.07306128740310669,0.004848898854106665,-0.0719793289899826,0.18923480808734894,-0.014405620284378529,-0.17004847526550293,-0.1640831083059311
18.290000000000003,0.0026311473920941353,0.0026311473920941353,nan,nan,nan,nan,-0.001200028695166111,1.0,0.004214541055262089,0.06519893556833267,0.0,0.0,0.0,0.0,0.003000000026077032,0.019999999552965164,64.0,0.13928893208503723,6.530611991882324,0.016199424862861633,23.548221588134766,-0.008444851264357567,-0.0038609635084867477,0.008798428811132908,0.0,0.8969916701316833,0.016142403706908226,0.15284506976604462,9.0,1.0,0.0,0.0,0.0026311343535780907,-1.30385160446167e-08,nan,0.002155305352061987,-0.11801447719335556,0.08871274441480637,-0.11768314242362976,0.1660628616809845,-0.1365969479084015,-0.010492864064872265,-0.08948525041341782,-0.0355292484164238,0.026707716286182404,-0.03542949631810188,0.04999461770057678,-0.041123658418655396,-0.0031589646823704243,-0.02694028615951538,-0.15171273052692413,0.08009050786495209,-0.14818471670150757,0.13879460096359253,-0.013511378318071365,-0.045888110995292664,-0.22678494453430176,0.00020558595133479685,-0.0002104237792082131,5.3200306865619496e-05,-0.000190258608199656,-0.0001331243838649243,1.754179538693279e-05,0.0003039790317416191,0.057647302746772766,-0.06302279233932495,0.05545791983604431,0.04203398525714874,0.00745133263990283,-0.0999382883310318,0.04652950167655945,-0.09406542778015137,0.017067717388272285,-0.09272679686546326,0.18082858622074127,-0.006060045678168535,-0.14582639932632446,-0.1802554428577423,-0.09406542778015137,0.017067717388272285,-0.09272679686546326,0.18082858622074127,-0.006060045678168535,-0.14582639932632446,-0.1802554428577423,-0.09406542032957077,0.017067711800336838,-0.09272678941488266,0.18082858622074127,-0.006060048937797546,-0.14582641422748566,-0.1802554428577423
18.366000000000003,0.0018958328291773796,0.0018958328291773796,nan,nan,nan,nan,-0.005669115576893091,0.0,4.656612873077393e-10,0.06110178679227829,0.0,0.0,0.0,0.0,0.007000000216066837,0.023000000044703484,64.0,0.1419953554868698,4.444592475891113,0.014173798263072968,22.846426010131836,-0.006847129203379154,-0.004695089068263769,0.0021520406007766724,-0.006072385236620903,0.8316410183906555,0.011746306903660297,0.1764374077320099,9.0,1.0,0.0,0.0,0.0018958235159516335,-9.313225746154785e-09,nan,0.003474281635135412,-0.08806417137384415,0.09795078635215759,-0.07630812376737595,0.0697837695479393,0.07275030761957169,-0.04871878772974014,-0.23300538957118988,-0.05091671645641327,0.056632936000823975,-0.044119637459516525,0.040347401052713394,0.042062584310770035,-0.028168102726340294,-0.13471846282482147,-0.14261941611766815,0.11739659309387207,-0.13135942816734314,0.12165360152721405,0.053241703659296036,-0.0612059086561203,-0.29613059759140015,0.0008230324601754546,-0.00031199943623505533,-0.000535515311639756,-0.000288042618194595,-0.0001908351550810039,3.412996738916263e-05,0.0003497537400107831,0.05913306772708893,-0.1156703382730484,0.05260976403951645,-0.02030985802412033,-0.12685076892375946,-0.01160237193107605,0.15112802386283875,-0.08348634839057922,0.001726251095533371,-0.07874966412782669,0.10134374350309372,-0.07360906898975372,-0.07280828058719635,-0.1450025737285614,-0.08348634839057922,0.001726251095533371,-0.07874966412782669,0.10134374350309372,-0.07360906898975372,-0.07280828058719635,-0.1450025737285614,-0.08348634839057922,0.001726251095533371,-0.07874966412782669,0.10134374350309372,-0.07360906898975372,-0.07280828058719635,-0.1450025737285614
18.426,0.0016119731590151787,0.0016119731590151787,nan,nan,nan,nan,-0.009027828462421894,0.0,0.0,0.060120049864053726,0.0,0.0,0.0,0.0,-0.0010000000474974513,0.023000000044703484,64.0,0.14262817800045013,3.7129287719726562,0.012112781405448914,11.496450424194336,-0.0037591466680169106,-0.004481034353375435,-0.0007218876853585243,-0.0063949464820325375,0.32116544246673584,0.00992294866591692,0.1808786541223526,9.0,1.0,0.0,0.0,0.0016119563952088356,-1.6763806343078613e-08,nan,0.004812684375792742,-0.08806417137384415,0.09795078635215759,-0.07630812376737595,0.0697837695479393,0.07275030761957169,-0.04871878772974014,-0.23300538957118988,-0.06334292888641357,0.0704541951417923,-0.05488702654838562,0.05019417777657509,0.0523279532790184,-0.035042524337768555,-0.1675964742898941,-0.14593328535556793,0.14186571538448334,-0.13031014800071716,0.11992517858743668,0.08852799981832504,-0.07195743918418884,-0.3458360433578491,0.0015742769464850426,-0.0003614359302446246,-0.001273783971555531,-0.0003351164632476866,-0.00021886592730879784,4.1888673877110705e-05,0.00037166060064919293,0.09910022467374802,-0.18552182614803314,0.07756947726011276,-0.10847902297973633,-0.2412613034248352,0.058916281908750534,0.2516201138496399,-0.046833060681819916,-0.043656110763549805,-0.0527406707406044,0.01144615188241005,-0.15273329615592957,-0.013041157275438309,-0.09421591460704803,-0.046833060681819916,-0.043656110763549805,-0.0527406707406044,0.01144615188241005,-0.15273329615592957,-0.013041157275438309,-0.09421591460704803,-0.046833060681819916,-0.043656110763549805,-0.0527406707406044,0.01144615188241005,-0.15273329615592957,-0.013041157275438309,-0.09421591460704803
18.507,0.0013386411592364311,0.0013386411592364311,nan,nan,nan,nan,-0.00667213462293148,0.0,0.0,0.05825206637382507,0.0,0.0,0.0,0.0,0.003000000026077032,0.023000000044703484,64.0,0.14262978732585907,5.861591339111328,0.019846484065055847,21.793617248535156,-0.005264933221042156,-0.0033845556899905205,0.0018803775310516357,-0.005518045742064714,0.6885818243026733,0.010176850482821465,0.11459705233573914,9.0,1.0,0.0,0.0,0.0013386411592364311,0.0,nan,0.0016452725976705551,-0.09244580566883087,0.09267580509185791,-0.08778019994497299,0.12494442611932755,0.052572086453437805,-0.0859711691737175,-0.19847828149795532,-0.04594305530190468,0.046057358384132385,-0.043624378740787506,0.06209398806095123,0.02612689882516861,-0.0427253358066082,-0.09863831102848053,-0.13541670143604279,0.13400502502918243,-0.12532329559326172,0.15251058340072632,0.07919464260339737,-0.10077115148305893,-0.30357038974761963,0.0025286951567977667,-0.0004174312052782625,-0.002214580774307251,-0.00039015067159198225,-0.00024917005794122815,4.880971391685307e-05,0.00039382962859235704,0.07087379693984985,-0.13865602016448975,0.05697363615036011,-0.12466993927955627,-0.17757457494735718,0.07707104831933975,0.15676163136959076,-0.06454290449619293,-0.004650987684726715,-0.06834965944290161,0.027840642258524895,-0.09837992489337921,-0.023700103163719177,-0.14680875837802887,-0.06454290449619293,-0.004650987684726715,-0.06834965944290161,0.027840642258524895,-0.09837992489337921,-0.023700103163719177,-0.14680875837802887,-0.06454290449619293,-0.004650987684726715,-0.06834965944290161,0.027840642258524895,-0.09837992489337921,-0.023700103163719177,-0.14680875837802887
18.557,0.0012673763558268547,0.0012673763558268547,nan,nan,nan,nan,-0.007976030930876732,0.0,4.656612873077393e-10,0.05765437334775925,0.0,0.0,0.0,0.0,0.004000000189989805,0.019999999552965164,64.0,0.14239941537380219,3.721168279647827,0.011283904314041138,11.786476135253906,-0.005166034679859877,-0.0028101515490561724,0.0023558835964649916,0.0,0.6530411243438721,0.010188521817326546,0.08643698692321777,9.0,1.0,0.0,0.0,0.0012673689052462578,-7.450580596923828e-09,nan,0.0013137075584381819,-0.108338862657547,0.09954240918159485,-0.10033350437879562,0.11648694425821304,0.03223143517971039,-0.08891381323337555,-0.18913871049880981,-0.07283858209848404,0.06692453473806381,-0.06745640933513641,0.07831671833992004,0.021669898182153702,-0.05977870151400566,-0.12716208398342133,-0.1500888466835022,0.1438920944929123,-0.13894401490688324,0.1656951904296875,0.06896913051605225,-0.11669974029064178,-0.30400002002716064,-0.0011600134894251823,-0.0004771161184180528,0.0014865790726616979,-0.00044411543058231473,-0.0002850764140021056,5.642402174999006e-05,0.00041792559204623103,0.08065178990364075,-0.1552245318889618,0.07398863136768341,-0.145783931016922,-0.17493762075901031,0.09469819068908691,0.16172075271606445,-0.06943705677986145,-0.011332431808114052,-0.06495538353919983,0.019911261275410652,-0.10596849024295807,-0.02200154960155487,-0.1422792673110962,-0.06943705677986145,-0.011332431808114052,-0.06495538353919983,0.019911261275410652,-0.10596849024295807,-0.02200154960155487,-0.1422792673110962,-0.06943705677986145,-0.011332431808114052,-0.06495538353919983,0.019911261275410652,-0.10596849024295807,-0.02200154960155487,-0.1422792673110962
18.636,0.001174124889075756,0.001174124889075756,nan,nan,nan,nan,-0.01060336921364069,0.0,0.0015866379253566265,0.05715511366724968,0.0,0.0,0.0,0.0,0.00800000037997961,0.008999999612569809,64.0,0.14223235845565796,21.006683349609375,0.027283094823360443,25.088542938232422,-0.0029380894266068935,-0.0019598850049078465,0.0025648423470556736,0.0,0.08257486671209335,0.01175245363265276,0.0927392914891243,9.0,1.0,0.0,0.0,0.0011741193011403084,-5.587935447692871e-09,nan,0.0013846755027770996,-0.108338862657547,0.09954240918159485,-0.10033350437879562,0.11648694425821304,0.03223143517971039,-0.08891381323337555,-0.18913871049880981,-0.09711563587188721,0.08923044055700302,-0.08993958681821823,0.10441963374614716,0.028892461210489273,-0.07970290631055832,-0.16954512894153595,-0.17371909320354462,0.1625516414642334,-0.16085590422153473,0.18890218436717987,0.06360825151205063,-0.13939420878887177,-0.3238654136657715,-0.0009374456712976098,-0.0004995323251932859,0.0012684843968600035,-0.00046536081936210394,-0.0002969719935208559,5.846555723110214e-05,0.00042625528294593096,0.11510863900184631,-0.2398018091917038,0.11865802109241486,-0.23093858361244202,-0.252446711063385,0.14719729125499725,0.24276791512966156,-0.0586104542016983,-0.0772501677274704,-0.04219788312911987,-0.042036402970552444,-0.18883845210075378,0.007803082466125488,-0.08109749853610992,-0.0586104542016983,-0.0772501677274704,-0.04219788312911987,-0.042036402970552444,-0.18883845210075378,0.007803082466125488,-0.08109749853610992,-0.0586104542016983,-0.0772501677274704,-0.04219788312911987,-0.042036402970552444,-0.18883845210075378,0.007803082466125488,-0.08109749853610992
18.761999999999997,0.0010139932855963707,0.0010139932855963707,nan,nan,nan,nan,-0.010063530877232552,0.0,2.3283064365386963e-10,0.05517720803618431,0.0,0.0,0.0,0.0,0.00800000037997961,0.02199999988079071,64.0,0.14152540266513824,39.43301773071289,0.017032958567142487,48.49864959716797,-0.0035218081902712584,-0.0018359551904723048,0.0016858532326295972,-0.00250043161213398,0.4219350218772888,0.013441892340779305,0.097215935587883,9.0,1.0,0.0,0.0,0.001013987697660923,-5.587935447692871e-09,nan,0.0014362194342538714,-0.11019687354564667,0.038634639233350754,-0.11041011661291122,0.08012067526578903,-0.15515418350696564,0.14609184861183167,-0.11107946187257767,-0.053395673632621765,0.018720338121056557,-0.0534990020096302,0.03882231190800667,-0.07517965137958527,0.07078851014375687,-0.053823329508304596,-0.1639372855424881,0.10827479511499405,-0.15765801072120667,0.15047697722911835,-0.0767926275730133,0.032575592398643494,-0.23959232866764069,-0.006752567365765572,-0.0005577297997660935,0.007088934071362019,-0.0005276021547615528,-0.0003136723244097084,6.092725743656047e-05,0.0004383531922940165,0.07598318159580231,-0.1884269118309021,0.11387775838375092,-0.19024787843227386,-0.13736280798912048,0.01457582414150238,0.15878957509994507,-0.08795410394668579,-0.08015212416648865,-0.04378025606274605,-0.03977090120315552,-0.2141554355621338,0.047151416540145874,-0.08080275356769562,-0.08795410394668579,-0.08015212416648865,-0.04378025606274605,-0.03977090120315552,-0.2141554355621338,0.047151416540145874,-0.08080275356769562,-0.08795410394668579,-0.08015212416648865,-0.04378025606274605,-0.03977090120315552,-0.2141554355621338,0.047151416540145874,-0.08080275356769562
18.819999999999997,0.0009872475638985634,0.0009872475638985634,nan,nan,nan,nan,-0.011606140993535519,0.0,3.4924596548080444e-10,0.05362968519330025,0.0,0.0,0.0,0.0,0.006000000052154064,0.00800000037997961,64.0,0.14177295565605164,2.7095162868499756,0.013671815395355225,11.522028923034668,-0.0013661219272762537,-0.00074342533480376,0.0006226969417184591,0.0,-0.022466303780674934,0.017233213409781456,0.11993446201086044,9.0,1.0,0.0,0.0,0.000987228937447071,-1.862645149230957e-08,nan,0.0034634326584637165,-0.09831449389457703,0.08893106132745743,-0.09479893743991852,0.02128613367676735,0.1375768631696701,0.01419343613088131,-0.20942001044750214,-0.05413241684436798,0.048965852707624435,-0.05219672992825508,0.011720242910087109,0.0757504552602768,0.00781497173011303,-0.11530762910842896,-0.15504615008831024,0.11891297250986099,-0.14927954971790314,0.09487414360046387,0.05370941013097763,0.027133285999298096,-0.27182334661483765,-0.019340762868523598,-0.0006072681862860918,0.019635960459709167,-0.000644437677692622,-0.0002304568188264966,7.38470334908925e-05,0.0003713873738888651,0.03267345577478409,-0.2542826235294342,0.1508830487728119,-0.2014763057231903,-0.2954864501953125,0.08625931292772293,0.218783900141716,-0.12237269431352615,-0.13536964356899261,0.0016035065054893494,-0.10660216212272644,-0.24177703261375427,0.11339259892702103,-0.053039442747831345,-0.12237269431352615,-0.13536964356899261,0.0016035065054893494,-0.10660216212272644,-0.24177703261375427,0.11339259892702103,-0.053039442747831345,-0.12237269431352615,-0.13536964356899261,0.0016035065054893494,-0.10660216212272644,-0.24177703261375427,0.11339259892702103,-0.053039442747831345
18.891000000000002,0.00100764911621809,0.00100764911621809,nan,nan,nan,nan,-0.013713819906115532,0.0,-1.1641532182693481e-10,0.052412670105695724,0.0,0.0,0.0,0.0,0.003000000026077032,0.014999999664723873,64.0,0.14190198481082916,3.5134851932525635,0.013793818652629852,12.418517112731934,-0.00036266795359551907,-0.0005826118867844343,-0.00021994404960423708,0.0022497030440717936,-0.030722953379154205,0.018676524981856346,0.162600576877594,9.0,1.0,0.0,0.0,0.0010076360777020454,-1.30385160446167e-08,nan,0.0046248226426541805,-0.11226547509431839,0.11541581898927689,-0.10309804230928421,0.015176269225776196,0.06355400383472443,0.021936969831585884,-0.22067122161388397,-0.0865100771188736,0.0889376848936081,-0.07944579422473907,0.011694603599607944,0.04897375404834747,0.016904298216104507,-0.1700459122657776,-0.16652162373065948,0.14354602992534637,-0.15901222825050354,0.06498971581459045,0.12301669269800186,0.02808169275522232,-0.3195282816886902,-0.0239810049533844,-0.0006078663282096386,0.024242619052529335,-0.0006928592920303345,-0.00016392180987168103,8.477403753204271e-05,0.0003178277693223208,0.0008857846260070801,-0.2931782603263855,0.1892627328634262,-0.21632647514343262,-0.32037752866744995,0.1184186264872551,0.24558007717132568,-0.1656358391046524,-0.14963221549987793,0.03025050461292267,-0.15133675932884216,-0.1973608434200287,0.14650031924247742,-0.0739482119679451,-0.1656358391046524,-0.14963221549987793,0.03025050461292267,-0.15133675932884216,-0.1973608434200287,0.14650031924247742,-0.0739482119679451,-0.1656358391046524,-0.14963221549987793,0.03025050461292267,-0.15133675932884216,-0.1973608434200287,0.14650031924247742,-0.0739482119679451
18.964000000000002,0.0011387178674340248,0.0011387178674340248,nan,nan,nan,nan,-0.013774866238236427,1.0,2.835644409060478e-06,0.051917608827352524,0.0,0.0,0.0,0.0,0.0010000000474974513,0.02199999988079071,64.0,0.1419823169708252,16.857675552368164,0.008882023394107819,24.650815963745117,-0.0035468596033751965,-0.000254250830039382,0.003295444417744875,0.0038168984465301037,0.46458375453948975,0.016746850684285164,0.16075412929058075,9.0,1.0,0.0,0.0,0.0011386992409825325,-1.862645149230957e-08,nan,0.002269350690767169,-0.11226547509431839,0.11541581898927689,-0.10309804230928421,0.015176269225776196,0.06355400383472443,0.021936969831585884,-0.22067122161388397,-0.12805132567882538,0.13164463639259338,-0.11759483069181442,0.017310230061411858,0.07249043881893158,0.025021566078066826,-0.25170019268989563,-0.20133982598781586,0.1951342672109604,-0.1875094175338745,0.045432198792696,0.12630635499954224,0.03743117302656174,-0.3924172818660736,-0.03854282572865486,-0.0005386323318816721,0.03864557668566704,-0.0008260799222625792,0.00018001822172664106,0.00011461891699582338,5.1296548917889595e-05,-0.005237311124801636,-0.25993987917900085,0.18515251576900482,-0.15846559405326843,-0.22198863327503204,0.08283602446317673,0.2223961353302002,-0.2065771371126175,-0.06480561196804047,-0.002356895012781024,-0.11303339153528214,-0.09568227827548981,0.12026719748973846,-0.1700211465358734,-0.2065771371126175,-0.06480561196804047,-0.002356895012781024,-0.11303339153528214,-0.09568227827548981,0.12026719748973846,-0.1700211465358734,-0.2065771371126175,-0.06480561196804047,-0.002356895012781024,-0.11303339153528214,-0.09568227827548981,0.12026719748973846,-0.1700211465358734
19.026,0.0010669687762856483,0.0010669687762856483,nan,nan,nan,nan,-0.014330670237541199,0.0,7.101334631443024e-09,0.052718717604875565,0.0,0.0,0.0,0.0,0.006000000052154064,0.009999999776482582,64.0,0.14201021194458008,3.190088987350464,0.010708346962928772,11.84206485748291,-0.0005413126200437546,0.0005448854062706232,0.0010862051276490092,-0.009474717080593109,0.4869641661643982,0.018417488783597946,0.19165237247943878,9.0,1.0,0.0,0.0,0.0010669613257050514,-7.450580596923828e-09,nan,0.00480926688760519,-0.09725899994373322,0.05457000434398651,-0.09568700939416885,-0.047611214220523834,-0.08925248682498932,0.22338595986366272,-0.0909542590379715,-0.01786888763308525,0.01002586167305708,-0.017580073326826096,-0.008747358806431293,-0.01639789342880249,0.0410415343940258,-0.016710549592971802,-0.17871402204036713,0.15970450639724731,-0.16798925399780273,0.00996527448296547,0.05116650089621544,0.11392784118652344,-0.31028956174850464,-0.05300380662083626,-0.0003603542281780392,0.05285518243908882,-0.0009625160018913448,0.0007461571949534118,0.00015789727331139147,-0.00038480423972941935,-0.07152165472507477,-0.2613668441772461,0.2111566960811615,-0.12140165269374847,-0.14645420014858246,-0.012904331088066101,0.1395224779844284,-0.2502356767654419,-0.10166234523057938,0.04316744580864906,-0.1114363744854927,-0.09528769552707672,0.10102351009845734,-0.17076708376407623,-0.2502356767654419,-0.10166234523057938,0.04316744580864906,-0.1114363744854927,-0.09528769552707672,0.10102351009845734,-0.17076708376407623,-0.2502356767654419,-0.10166234523057938,0.04316744580864906,-0.1114363744854927,-0.09528769552707672,0.10102351009845734,-0.17076708376407623
19.132,0.0009784186258912086,0.0009784186258912086,nan,nan,nan,nan,-0.013084103353321552,1.0,0.00018048333004117012,0.05527006834745407,0.0,0.0,0.0,0.0,0.006000000052154064,0.01600000075995922,64.0,0.1414840966463089,3.1860246658325195,0.01180451363325119,12.852277755737305,-0.001883112359791994,0.001140946988016367,0.003204542677849531,0.0,0.6567161083221436,0.01800123229622841,0.18705664575099945,9.0,1.0,0.0,0.0,0.0009784111753106117,-7.450580596923828e-09,nan,0.0026697686407715082,-0.08713448792695999,0.10906342417001724,-0.06704721599817276,0.0009377914248034358,0.09214954078197479,0.03939855843782425,-0.23658563196659088,-0.12688207626342773,0.1588142067193985,-0.09763172268867493,0.0013655778020620346,0.1341848075389862,0.05737074837088585,-0.3445073962211609,-0.17761342227458954,0.17114998400211334,-0.15790577232837677,-0.00769887026399374,0.06430176645517349,0.14742641150951385,-0.3453184962272644,-0.06488142907619476,-9.801339911064133e-05,0.06440218538045883,-0.0011221385793760419,0.0014898754889145494,0.0002402167156105861,-0.0009566140361130238,-0.07666580379009247,-0.22301554679870605,0.17982947826385498,-0.06986387073993683,-0.1314501166343689,-0.036620669066905975,0.147868812084198,-0.254279226064682,-0.051865559071302414,0.02192370966076851,-0.07756274193525314,-0.06714834272861481,0.11080574244260788,-0.1974496841430664,-0.254279226064682,-0.051865559071302414,0.02192370966076851,-0.07756274193525314,-0.06714834272861481,0.11080574244260788,-0.1974496841430664,-0.254279226064682,-0.05186556279659271,0.021923711523413658,-0.07756273448467255,-0.06714834272861481,0.11080573499202728,-0.1974496841430664
19.215,0.0008160294964909554,0.0008160294964909554,nan,nan,nan,nan,-0.01456302311271429,0.0,1.1641532182693481e-10,0.059447597712278366,0.0,0.0,0.0,0.0,-0.010999999940395355,0.017999999225139618,64.0,0.14108765125274658,5.192508220672607,0.01793820410966873,13.244194984436035,0.0011016707867383957,0.00034728331957012415,-0.0007543873507529497,-0.0033661103807389736,0.44561830163002014,0.01923711970448494,0.15881437063217163,9.0,1.0,0.0,0.0,0.0008160145953297615,-1.4901161193847656e-08,nan,0.004715664777904749,-0.06468405574560165,0.0956118032336235,-0.0639863833785057,0.08097917586565018,0.17200681567192078,-0.08034682273864746,-0.17314882576465607,-0.04181408882141113,0.06180689483880997,-0.04136309027671814,0.05234783515334129,0.11119136214256287,-0.051939062774181366,-0.11192960292100906,-0.1419219970703125,0.16123279929161072,-0.13093967735767365,0.05546247959136963,0.16065320372581482,0.019229672849178314,-0.31077685952186584,-0.06667068600654602,-6.807160389143974e-05,0.06607989221811295,-0.0012053189566358924,0.0017043373081833124,0.0002547051408328116,-0.0011387972626835108,-0.13318607211112976,-0.2340397834777832,0.18454062938690186,-0.14875389635562897,-0.20009776949882507,0.08993174880743027,0.10585567355155945,-0.27510806918144226,-0.07280697673559189,0.05360095202922821,-0.09329141676425934,-0.039444565773010254,0.10916142165660858,-0.2049211859703064,-0.27510806918144226,-0.07280697673559189,0.05360095202922821,-0.09329141676425934,-0.039444565773010254,0.10916142165660858,-0.2049211859703064,-0.27510806918144226,-0.07280697673559189,0.05360095202922821,-0.09329141676425934,-0.039444565773010254,0.10916142165660858,-0.2049211859703064
19.334,0.0008571138605475426,0.0008571138605475426,nan,nan,nan,nan,-0.016248874366283417,0.0,1.1641532182693481e-09,0.06412607431411743,0.0,0.0,0.0,0.0,0.008999999612569809,0.014000000432133675,64.0,0.14090044796466827,16.69013023376465,0.020859763026237488,19.638051986694336,0.00204650079831481,0.000897961319424212,-0.0011485383147373796,0.0024477816186845303,0.4311291575431824,0.019123757258057594,0.19074535369873047,9.0,1.0,0.0,0.0,0.0008571026846766472,-1.1175870895385742e-08,nan,0.005800309590995312,-0.06468405574560165,0.0956118032336235,-0.0639863833785057,0.08097917586565018,0.17200681567192078,-0.08034682273864746,-0.17314882576465607,-0.0639319121837616,0.09450003504753113,-0.0632423534989357,0.08003754913806915,0.17000672221183777,-0.0794125571846962,-0.17113545536994934,-0.13425280153751373,0.17239992320537567,-0.12773430347442627,0.10251078754663467,0.24072730541229248,-0.06187281757593155,-0.3222896456718445,-0.06540175527334213,3.1444415071746334e-06,0.06473340839147568,-0.0012040771543979645,0.0018467656336724758,0.00026895265909843147,-0.001263420912437141,-0.14274181425571442,-0.2372857630252838,0.18884502351284027,-0.18498460948467255,-0.21981793642044067,0.13961423933506012,0.10244052112102509,-0.27699461579322815,-0.06488583981990814,0.061110720038414,-0.08247382193803787,0.020909367129206657,0.07774142175912857,-0.2198491245508194,-0.27699461579322815,-0.06488583981990814,0.061110720038414,-0.08247382193803787,0.020909367129206657,0.07774142175912857,-0.2198491245508194,-0.27699461579322815,-0.06488583981990814,0.061110720038414,-0.08247382193803787,0.020909367129206657,0.07774142175912857,-0.2198491245508194
19.431,0.001043795607984066,0.001043795607984066,nan,nan,nan,nan,-0.013984855264425278,0.0,0.0,0.07006983458995819,0.0,0.0,0.0,0.0,0.0,0.01600000075995922,64.0,0.14063046872615814,3.4920573234558105,0.012081116437911987,28.70773696899414,-0.002656809985637665,0.0011350098066031933,0.003791819792240858,0.0,0.7733400464057922,0.019289758056402206,0.1500118225812912,9.0,1.0,0.0,0.0,0.001043788157403469,-7.450580596923828e-09,nan,0.002115166513249278,-0.10999695211648941,0.1260988414287567,-0.10190203040838242,0.0071495212614536285,0.04513914883136749,0.0342537946999073,-0.21989485621452332,-0.08269444853067398,0.09479966014623642,-0.07660877704620361,0.005374928005039692,0.03393509238958359,0.025751609355211258,-0.1653144359588623,-0.15444418787956238,0.19487878680229187,-0.14637960493564606,0.08832932263612747,0.2158883512020111,-0.04435542970895767,-0.35363948345184326,-0.06357848644256592,6.624604429816827e-05,0.06282848864793777,-0.0012081529712304473,0.002019674750044942,0.0002769712300505489,-0.0014151829527691007,-0.10270974040031433,-0.17767255008220673,0.1638166755437851,-0.10993031412363052,-0.11292990297079086,0.07028567790985107,0.08836549520492554,-0.2571539282798767,0.017206238582730293,0.017437074333429337,-0.021600991487503052,0.10295844823122025,0.025930244475603104,-0.2652739882469177,-0.2571539282798767,0.017206238582730293,0.017437074333429337,-0.021600991487503052,0.10295844823122025,0.025930244475603104,-0.2652739882469177,-0.2571539282798767,0.017206238582730293,0.017437074333429337,-0.021600991487503052,0.10295844823122025,0.025930244475603104,-0.2652739882469177
19.529,0.0011094799265265465,0.0011094799265265465,nan,nan,nan,nan,-0.01570546068251133,0.0,5.238689482212067e-10,0.07613778114318848,0.0,0.0,0.0,0.0,0.007000000216066837,0.014000000432133675,64.0,0.14060096442699432,3.040069818496704,0.01048203557729721,23.386247634887695,0.0002970528439618647,9.806879097595811e-05,-0.00019898352911695838,0.0017108394531533122,0.6728413105010986,0.019314102828502655,0.18551230430603027,9.0,1.0,0.0,0.0,0.0011094650253653526,-1.4901161193847656e-08,nan,0.005327857565134764,-0.05759436637163162,0.11322757601737976,-0.058130908757448196,0.09075963497161865,0.16399547457695007,-0.09204429388046265,-0.16394883394241333,-0.028274456039071083,0.055586133152246475,-0.02853785641491413,0.04455608129501343,0.08050931245088577,-0.04518675059080124,-0.08048641681671143,-0.12094342708587646,0.17926549911499023,-0.11695773154497147,0.10717742890119553,0.22393959760665894,-0.0843658447265625,-0.29801303148269653,-0.05856922268867493,-3.411896250327118e-05,0.057864680886268616,-0.0012426911853253841,0.0018633627332746983,0.00027480479911901057,-0.001313256798312068,-0.14009302854537964,-0.19148941338062286,0.15137504041194916,-0.14427101612091064,-0.11467641592025757,0.09842254966497421,0.04066529870033264,-0.2610364556312561,-0.01222391240298748,0.03441731259226799,-0.037093594670295715,0.10926318168640137,0.014056704938411713,-0.2573477327823639,-0.2610364556312561,-0.01222391240298748,0.03441731259226799,-0.037093594670295715,0.10926318168640137,0.014056704938411713,-0.2573477327823639,-0.2610364556312561,-0.01222391240298748,0.03441731259226799,-0.037093594670295715,0.10926318168640137,0.014056704938411713,-0.2573477327823639
19.627,0.0012128623202443123,0.0012128623202443123,nan,nan,nan,nan,-0.01641119085252285,0.0,1.4260876923799515e-09,0.08047369867563248,0.0,0.0,0.0,0.0,0.0,0.019999999552965164,64.0,0.13972415030002594,3.1985044479370117,0.011675059795379639,18.01368522644043,0.00017991804634220898,0.00021702703088521957,3.711041063070297e-05,0.002756156027317047,0.7080778479576111,0.018864136189222336,0.21141211688518524,9.0,1.0,0.0,0.0,0.0012128474190831184,-1.4901161193847656e-08,nan,0.005748463328927755,-0.05759436637163162,0.11322757601737976,-0.058130908757448196,0.09075963497161865,0.16399547457695007,-0.09204429388046265,-0.16394883394241333,-0.04409234598278999,0.08668329566717148,-0.044503103941679,0.06948257982730865,0.12554951012134552,-0.0704660713672638,-0.12551380693912506,-0.10961570590734482,0.1862851083278656,-0.10808397084474564,0.13108576834201813,0.25198128819465637,-0.12079264223575592,-0.2889302670955658,-0.0550900474190712,-9.121893526753411e-05,0.054444245994091034,-0.001202210201881826,0.0017130865016952157,0.00024833413772284985,-0.0012086719507351518,-0.13251009583473206,-0.19088003039360046,0.13936661183834076,-0.14618392288684845,-0.115764319896698,0.09870239347219467,0.03704416751861572,-0.24212580919265747,-0.004594925791025162,0.03128264099359512,-0.01509816013276577,0.13621696829795837,-0.0220902469009161,-0.2518860995769501,-0.24212580919265747,-0.004594925791025162,0.03128264099359512,-0.01509816013276577,0.13621696829795837,-0.0220902469009161,-0.2518860995769501,-0.24212580919265747,-0.004594925791025162,0.03128264099359512,-0.01509816013276577,0.13621696829795837,-0.0220902469009161,-0.2518860995769501
19.758999999999997,0.0013550138100981712,0.0013550138100981712,nan,nan,nan,nan,-0.01816786825656891,0.0,5.238689482212067e-10,0.08645588904619217,0.0,0.0,0.0,0.0,0.008999999612569809,0.03400000184774399,64.0,0.1389673352241516,2.2717862129211426,0.011526048183441162,40.85249710083008,-0.00028176576597616076,-1.1463474947959185e-05,0.0002703028148971498,0.0,0.7844553589820862,0.01926959492266178,0.1708645522594452,9.0,1.0,0.0,0.0,0.0013549970462918282,-1.6763806343078613e-08,nan,0.0060256728902459145,-0.10014993697404861,0.13844047486782074,-0.09085700660943985,-0.00923759862780571,0.0477730818092823,0.06759142130613327,-0.21357207000255585,-0.0531817302107811,0.07351481169462204,-0.04824698343873024,-0.004905359353870153,0.02536851353943348,0.03589246794581413,-0.11341127008199692,-0.11601848900318146,0.2048633098602295,-0.11419922858476639,0.13547401130199432,0.26263025403022766,-0.1219644844532013,-0.3075914978981018,-0.04792919009923935,-0.0002913467469625175,0.04740753397345543,-0.001232457347214222,0.0013529215939342976,0.00022996212646830827,-0.0009675199398770928,-0.11006325483322144,-0.1974720060825348,0.13745015859603882,-0.12832288444042206,-0.09413798153400421,0.06579786539077759,0.05220288038253784,-0.2260817438364029,0.0073913028463721275,0.023250924423336983,0.007151124067604542,0.16849227249622345,-0.056166622787714005,-0.25538861751556396,-0.2260817438364029,0.0073913028463721275,0.023250924423336983,0.007151124067604542,0.16849227249622345,-0.056166622787714005,-0.25538861751556396,-0.2260817438364029,0.0073913028463721275,0.023250924423336983,0.007151124067604542,0.16849227249622345,-0.056166622787714005,-0.25538861751556396
19.819,0.0013118060305714607,0.0013118060305714607,nan,nan,nan,nan,-0.016493212431669235,0.0,-2.3283064365386963e-10,0.09223869442939758,0.0,0.0,0.0,0.0,0.006000000052154064,0.017000000923871994,64.0,0.13847129046916962,2.7097556591033936,0.010235235095024109,11.671746253967285,-0.001862256322056055,0.0001857376773841679,0.0020479937084019184,0.0,0.8010175228118896,0.018507223576307297,0.18947406113147736,9.0,1.0,0.0,0.0,0.0013117948547005653,-1.1175870895385742e-08,nan,0.004030563868582249,-0.06472393870353699,0.15448135137557983,-0.0648549422621727,0.09529971331357956,0.13180440664291382,-0.07941267639398575,-0.1580485701560974,-0.01656321994960308,0.03953264653682709,-0.01659674383699894,0.024387730285525322,0.03372948616743088,-0.020322149619460106,-0.040445514023303986,-0.10203364491462708,0.19707903265953064,-0.10023140162229538,0.11635740101337433,0.20485514402389526,-0.0953177735209465,-0.25811290740966797,-0.04374530911445618,-0.0003837129333987832,0.04328537732362747,-0.0012357826344668865,0.0011627250351011753,0.00021938908321317285,-0.0008410299778915942,-0.10837972164154053,-0.16896985471248627,0.11234286427497864,-0.10942448675632477,-0.04004368185997009,0.04606349393725395,0.008794799447059631,-0.2104133665561676,0.028109177947044373,0.01211145892739296,0.006932917516678572,0.16481146216392517,-0.04925427958369255,-0.24931810796260834,-0.2104133665561676,0.028109177947044373,0.01211145892739296,0.006932917516678572,0.16481146216392517,-0.04925427958369255,-0.24931810796260834,-0.2104133665561676,0.028109177947044373,0.01211145892739296,0.006932917516678572,0.16481146216392517,-0.04925427958369255,-0.24931810796260834
19.877,0.0012989817187190056,0.0012989817187190056,nan,nan,nan,nan,-0.015025929547846317,0.0,-4.656612873077393e-10,0.09339377284049988,0.0,0.0,0.0,0.0,0.007000000216066837,0.007000000216066837,64.0,0.1384575515985489,10.732407569885254,0.011393800377845764,18.597612380981445,-0.003825174178928137,0.00019199946837034076,0.004017173312604427,0.0,0.8212652802467346,0.017831744626164436,0.13869613409042358,9.0,1.0,0.0,0.0,0.0012989593669772148,-2.2351741790771484e-08,nan,0.0019586181733757257,-0.06472393870353699,0.15448135137557983,-0.0648549422621727,0.09529971331357956,0.13180440664291382,-0.07941267639398575,-0.1580485701560974,-0.026265813037753105,0.06269053369760513,-0.026318974792957306,0.03867385536432266,0.05348793417215347,-0.03222668915987015,-0.06413815170526505,-0.09634032845497131,0.20123282074928284,-0.09529381990432739,0.12091400474309921,0.19437922537326813,-0.09974198788404465,-0.24078884720802307,-0.043112970888614655,-0.00040440980228595436,0.04266216605901718,-0.0012412149226292968,0.0011307976674288511,0.00021765149722341448,-0.0008238970185630023,-0.10034403204917908,-0.15223664045333862,0.10027237981557846,-0.10699727386236191,-0.03287224471569061,0.05080195888876915,0.0011957436800003052,-0.1966843605041504,0.048996180295944214,0.004978556651622057,0.013916730880737305,0.16150698065757751,-0.0489400289952755,-0.23959310352802277,-0.1966843605041504,0.048996180295944214,0.004978556651622057,0.013916730880737305,0.16150698065757751,-0.0489400289952755,-0.23959310352802277,-0.1966843605041504,0.048996180295944214,0.004978556651622057,0.013916730880737305,0.16150698065757751,-0.0489400289952755,-0.23959310352802277
19.941,0.0011795302852988243,0.0011795302852988243,nan,nan,nan,nan,-0.017952458932995796,0.0,-4.656612873077393e-10,0.0958871990442276,0.0,0.0,0.0,0.0,0.0010000000474974513,0.013000000268220901,64.0,0.1381358802318573,2.7515878677368164,0.010557472705841064,10.894527435302734,-0.0024384986609220505,-0.000632459472399205,0.0018060386646538973,0.0,0.7919227480888367,0.01679588109254837,0.1785290390253067,9.0,1.0,0.0,0.0,0.0011795079335570335,-2.2351741790771484e-08,nan,0.0025363864842802286,-0.06472393870353699,0.15448135137557983,-0.0648549422621727,0.09529971331357956,0.13180440664291382,-0.07941267639398575,-0.1580485701560974,-0.03592115640640259,0.08573564887046814,-0.03599385917186737,0.052890412509441376,0.0731501653790474,-0.04407326132059097,-0.08771540969610214,-0.09671878069639206,0.21350063383579254,-0.09616448730230331,0.12975932657718658,0.19586603343486786,-0.10751448571681976,-0.2395213544368744,-0.0394287072122097,-0.0004725813341792673,0.03904414921998978,-0.0012260638177394867,0.0009612992871552706,0.00021362505503930151,-0.0006989527028053999,-0.09356661885976791,-0.17938292026519775,0.1049780398607254,-0.11470391601324081,-0.048490092158317566,0.05074973776936531,0.01541927456855774,-0.19028539955615997,0.03411771357059479,0.00881355069577694,0.01505541242659092,0.1473759412765503,-0.05676474794745445,-0.22410207986831665,-0.19028539955615997,0.03411771357059479,0.00881355069577694,0.01505541242659092,0.1473759412765503,-0.05676474794745445,-0.22410207986831665,-0.19028539955615997,0.03411771357059479,0.00881355069577694,0.01505541242659092,0.1473759412765503,-0.05676474794745445,-0.22410207986831665
20.136,0.0009022681042551994,0.0009022681042551994,nan,nan,nan,nan,-0.02162117324769497,0.0,5.820766091346741e-10,0.10113344341516495,0.0,0.0,0.0,0.0,0.0,0.03799999877810478,64.0,0.13655783236026764,3.0914676189422607,0.013717450201511383,11.816232681274414,-0.000896026729606092,-0.0004570286546368152,0.0004389986570458859,0.00027959284489043057,0.7751749753952026,0.016033850610256195,0.09835276752710342,9.0,1.0,0.0,0.0,0.0009022513404488564,-1.6763806343078613e-08,nan,0.0022148124407976866,-0.08051469922065735,0.2148308902978897,-0.07784408330917358,0.07441133260726929,0.05277017131447792,-0.0071496255695819855,-0.15143485367298126,-0.020736925303936005,0.05533066391944885,-0.020049097016453743,0.019164973869919777,0.013591195456683636,-0.001841418445110321,-0.03900273144245148,-0.10838399082422256,0.22755981981754303,-0.10436148941516876,0.09857621788978577,0.16531191766262054,-0.05038999021053314,-0.25485390424728394,-0.0340951643884182,-0.0006616044556722045,0.03385930135846138,-0.0012121450854465365,0.0005760242929682136,0.00018450224888511002,-0.0004222709103487432,-0.07745187729597092,-0.20768290758132935,0.11184480041265488,-0.08496465533971786,-0.033579930663108826,-0.006801053881645203,0.037971049547195435,-0.18583586812019348,0.019876904785633087,0.007483312860131264,0.013611563481390476,0.13173198699951172,-0.057191044092178345,-0.2168828547000885,-0.18583586812019348,0.019876904785633087,0.007483312860131264,0.013611563481390476,0.13173198699951172,-0.057191044092178345,-0.2168828547000885,-0.18583586812019348,0.019876904785633087,0.007483312860131264,0.013611563481390476,0.13173198699951172,-0.057191044092178345,-0.2168828547000885
20.264999999999997,0.0008173203095793724,0.0008173203095793724,nan,nan,nan,nan,-0.026937447488307953,0.0,0.0,0.10409926623106003,0.0,0.0,0.0,0.0,0.004999999888241291,0.029999999329447746,64.0,0.13653743267059326,5.53062629699707,0.014651566743850708,13.772866249084473,-0.0005559832789003849,-0.0005462027620524168,9.780516847968102e-06,-0.0009412567596882582,0.7070257663726807,0.014626191928982735,0.1380445510149002,9.0,1.0,0.0,0.0,0.0008173072710633278,-1.30385160446167e-08,nan,0.0019497872563079,-0.08638746291399002,0.15017807483673096,-0.07466643303632736,-0.011921527795493603,0.0752888023853302,0.09836623817682266,-0.1972871720790863,-0.046045783907175064,0.0800471156835556,-0.039798304438591,-0.006354348734021187,0.04013003408908844,0.0524306483566761,-0.10515695810317993,-0.1173439621925354,0.2708457410335541,-0.11174514144659042,0.09208081662654877,0.12379348278045654,-0.011256495490670204,-0.25027695298194885,-0.03228096291422844,-0.0007169712334871292,0.032080866396427155,-0.0012140341568738222,0.0004750393854919821,0.00018025805184151977,-0.00034955242881551385,-0.06633873283863068,-0.2542025148868561,0.11371608078479767,-0.08528948575258255,-0.033384278416633606,-0.028589559718966484,0.04596802592277527,-0.18368269503116608,0.016643231734633446,0.001970941899344325,0.006791330873966217,0.09040920436382294,-0.03984605520963669,-0.20430892705917358,-0.18368269503116608,0.016643231734633446,0.001970941899344325,0.006791330873966217,0.09040920436382294,-0.03984605520963669,-0.20430892705917358,-0.18368269503116608,0.016643231734633446,0.001970941899344325,0.006791330873966217,0.09040920436382294,-0.03984605520963669,-0.20430892705917358
20.407,0.0008165305480360985,0.0008165305480360985,nan,nan,nan,nan,-0.03120953030884266,0.0,0.0,0.11285801976919174,0.0,0.0,0.0,0.0,0.006000000052154064,0.013000000268220901,64.0,0.13581262528896332,29.559972763061523,0.011579133570194244,30.79405975341797,0.0025668665766716003,0.0007996658096089959,-0.0017672007670626044,-7.952061423566192e-05,0.6541096568107605,0.014365923590958118,0.18351729214191437,9.0,1.0,0.0,0.0,0.0008165137842297554,-1.6763806343078613e-08,nan,0.0048487321473658085,-0.07903952151536942,0.12895387411117554,-0.06801149249076843,-0.035784173756837845,0.023730194196105003,0.2239750474691391,-0.1024189218878746,-0.07247529178857803,0.1182442456483841,-0.06236313283443451,-0.032812297344207764,0.0217594001442194,0.20537391304969788,-0.09391302615404129,-0.1330568492412567,0.2694340646266937,-0.12115860730409622,0.040386758744716644,0.1168673112988472,0.09988194704055786,-0.2722460925579071,-0.028031643480062485,-0.0007979776128195226,0.02789507806301117,-0.0012070646043866873,0.00029311038088053465,0.00017780940106604248,-0.00022874667774885893,-0.053498491644859314,-0.2753381133079529,0.11762722581624985,-0.03215624392032623,-0.05107569694519043,-0.12834402918815613,0.06610246002674103,-0.18655534088611603,-0.005904048681259155,-0.0035313786938786507,0.008230514824390411,0.06579161435365677,-0.028462084010243416,-0.20614363253116608,-0.18655534088611603,-0.005904048681259155,-0.0035313786938786507,0.008230514824390411,0.06579161435365677,-0.028462084010243416,-0.20614363253116608,-0.18655534088611603,-0.005904048681259155,-0.0035313786938786507,0.008230514824390411,0.06579161435365677,-0.028462084010243416,-0.20614363253116608
20.474999999999998,0.0008153626695275307,0.0008153626695275307,nan,nan,nan,nan,-0.033887650817632675,1.0,2.3283064365386963e-10,0.11869170516729355,0.0,0.0,0.0,0.0,0.007000000216066837,0.010999999940395355,64.0,0.1362268328666687,4.128178596496582,0.01701340079307556,12.811311721801758,0.0018703308887779713,0.00109284115023911,-0.0007774895057082176,-0.00036101447767578065,0.6166692972183228,0.013595079071819782,0.20436091721057892,9.0,1.0,0.0,0.0,0.0008153514936566353,-1.1175870895385742e-08,nan,0.003999054431915283,-0.08217132091522217,0.24299819767475128,-0.07349326461553574,0.05265366658568382,-0.06185015290975571,0.06586259603500366,-0.08867217600345612,-0.025930974632501602,0.07668344676494598,-0.023192422464489937,0.016616027802228928,-0.019518181681632996,0.020784396678209305,-0.02798246406018734,-0.1238677129149437,0.2895256280899048,-0.11152452975511551,0.045184534043073654,0.027862409129738808,0.11707679182291031,-0.20120447874069214,-0.026036974042654037,-0.0008304375223815441,0.025923315435647964,-0.0012118496233597398,0.00022109702695161104,0.00018347390869166702,-0.0001816748990677297,-0.062456049025058746,-0.2850951552391052,0.09644695371389389,-0.05490085110068321,-0.003305383026599884,-0.08525478094816208,0.008184179663658142,-0.18632376194000244,0.0044304803013801575,-0.015077577903866768,-0.009716317057609558,0.024557026103138924,0.03182201087474823,-0.193020299077034,-0.18632376194000244,0.0044304803013801575,-0.015077577903866768,-0.009716317057609558,0.024557026103138924,0.03182201087474823,-0.193020299077034,-0.18632376194000244,0.0044304789043962955,-0.015077577903866768,-0.00971631333231926,0.024557026103138924,0.03182200714945793,-0.193020299077034
20.596999999999998,0.0008357828482985497,0.0008357828482985497,nan,nan,nan,nan,-0.03273610398173332,0.0,2.3283064365386963e-10,0.12293288111686707,0.0,0.0,0.0,0.0,0.006000000052154064,0.014000000432133675,64.0,0.13668204843997955,5.41336727142334,0.015554018318653107,14.442753791809082,0.00018887408077716827,0.0009926664642989635,0.0008037926163524389,0.0,0.6638246774673462,0.0131443552672863,0.16549992561340332,9.0,1.0,0.0,0.0,0.000835769809782505,-1.30385160446167e-08,nan,0.0023391947615891695,-0.08476610481739044,0.15926691889762878,-0.0729379951953888,-0.00420818105340004,0.0733221098780632,0.09922558069229126,-0.19206573069095612,-0.029217969626188278,0.054897598922252655,-0.025140944868326187,-0.0014505150029435754,0.025273345410823822,0.03420199453830719,-0.06620300561189651,-0.11978737264871597,0.2871846556663513,-0.1065697968006134,0.04114852845668793,0.013321759179234505,0.11481170356273651,-0.194761723279953,-0.02351444959640503,-0.000876454112585634,0.023433296009898186,-0.0012020342983305454,0.00012316412176005542,0.00017521595873404294,-0.00011709787213476375,-0.06241612881422043,-0.26645392179489136,0.08491858094930649,-0.0647970661520958,-0.036821696907281876,-0.04322795569896698,0.02512267231941223,-0.1822035014629364,0.020730730146169662,-0.021651213988661766,-0.023648537695407867,-0.02349993772804737,0.07158374786376953,-0.16963905096054077,-0.1822035014629364,0.020730730146169662,-0.021651213988661766,-0.023648537695407867,-0.02349993772804737,0.07158374786376953,-0.16963905096054077,-0.1822035014629364,0.020730730146169662,-0.021651213988661766,-0.023648537695407867,-0.02349993772804737,0.07158374786376953,-0.16963905096054077
20.642,0.0008856458589434624,0.0008856458589434624,nan,nan,nan,nan,-0.03307408094406128,1.0,5.820766091346741e-10,0.1294640302658081,0.0,0.0,0.0,0.0,0.003000000026077032,0.014999999664723873,64.0,0.13694000244140625,2.7449214458465576,0.010812655091285706,10.91511344909668,0.0018358848756179214,0.001218132209032774,-0.0006177520845085382,0.001261383411474526,0.6815993189811707,0.013976694084703922,0.18923023343086243,9.0,1.0,0.0,0.0,0.0008856365457177162,-9.313225746154785e-09,nan,0.004134570248425007,-0.08476610481739044,0.15926691889762878,-0.0729379951953888,-0.00420818105340004,0.0733221098780632,0.09922558069229126,-0.19206573069095612,-0.04929342493414879,0.09261734783649445,-0.042415108531713486,-0.002447153441607952,0.04263848066329956,0.057701945304870605,-0.11169061064720154,-0.12366287410259247,0.26908794045448303,-0.10847564041614532,0.021714741364121437,0.05356459319591522,0.1297295093536377,-0.23486188054084778,-0.021670639514923096,-0.0009116669534705579,0.0216217003762722,-0.001196530880406499,3.636801920947619e-05,0.00017703557386994362,-5.392622188082896e-05,-0.057478681206703186,-0.25776225328445435,0.08213257789611816,-0.07185284048318863,-0.08685491234064102,-0.026547230780124664,0.06097674369812012,-0.18114155530929565,0.011325695551931858,-0.02634306624531746,-0.05013809725642204,-0.0332903191447258,0.10318227857351303,-0.17388513684272766,-0.18114155530929565,0.011325695551931858,-0.02634306624531746,-0.05013809725642204,-0.0332903191447258,0.10318227857351303,-0.17388513684272766,-0.18114155530929565,0.011325694620609283,-0.02634306624531746,-0.050138093531131744,-0.0332903191447258,0.10318227857351303,-0.17388513684272766
20.711000000000002,0.0008856458589434624,0.0008856458589434624,nan,nan,nan,nan,-0.03014262020587921,0.0,0.0,0.12946400046348572,0.0,0.0,0.0,0.0,0.00800000037997961,0.009999999776482582,64.0,0.13707397878170013,3.1732358932495117,0.01107528805732727,16.815656661987305,-0.00045556132681667805,0.0008372044540010393,0.0012927658390253782,0.0,0.762868344783783,0.014970757998526096,0.13005512952804565,9.0,1.0,0.0,0.0,0.0008856365457177162,-9.313225746154785e-09,nan,0.0018431255593895912,-0.07597233355045319,0.13739342987537384,-0.0638546422123909,-0.02366945892572403,0.03033507987856865,0.22177445888519287,-0.10300223529338837,-0.05659585818648338,0.10235172510147095,-0.04756874218583107,-0.01763264834880829,0.022598225623369217,0.16521167755126953,-0.07673188298940659,-0.1287584900856018,0.2648763656616211,-0.11184840649366379,0.007938437163829803,0.06964368373155594,0.16666513681411743,-0.24873526394367218,-0.020778056234121323,-0.0009230831055901945,0.02073817513883114,-0.0011934025678783655,8.395298209507018e-06,0.00017650084919296205,-3.530575486365706e-05,-0.05010458827018738,-0.23539498448371887,0.07676326483488083,-0.06830844283103943,-0.09260527789592743,-0.04069480299949646,0.06027597188949585,-0.17886307835578918,0.029481373727321625,-0.03508514165878296,-0.060370005667209625,-0.02296159230172634,0.12597033381462097,-0.18845929205417633,-0.17886307835578918,0.029481373727321625,-0.03508514165878296,-0.060370005667209625,-0.02296159230172634,0.12597033381462097,-0.18845929205417633,-0.17886307835578918,0.029481373727321625,-0.03508514165878296,-0.060370005667209625,-0.02296159230172634,0.12597033381462097,-0.18845929205417633
20.788999999999998,0.0009514568373560905,0.0009514568373560905,nan,nan,nan,nan,-0.03300582617521286,0.0,2.3283064365386963e-10,0.13491815328598022,0.0,0.0,0.0,0.0,0.004999999888241291,0.010999999940395355,64.0,0.13712216913700104,3.7487316131591797,0.01338217407464981,13.90859317779541,-0.0005895728245377541,0.0006200610660016537,0.0012096341233700514,0.0,0.6458646655082703,0.01803162507712841,0.14056645333766937,9.0,1.0,0.0,0.0,0.0009514493867754936,-7.450580596923828e-09,nan,0.0019840782042592764,-0.0673290491104126,0.24048466980457306,-0.05363539606332779,0.12097278237342834,-0.0118561377748847,-0.036345187574625015,-0.09306564182043076,-0.02292276732623577,0.08187512308359146,-0.018260642886161804,0.041186247020959854,-0.004036526195704937,-0.012374038808047771,-0.03168501704931259,-0.11946488171815872,0.2798802852630615,-0.10096918791532516,0.04384252429008484,0.040795523673295975,0.15245607495307922,-0.19869843125343323,-0.01850568875670433,-0.0009663163800723851,0.01849842257797718,-0.0011840884108096361,-9.060331649379805e-05,0.00017157835827674717,3.017314702447038e-05,-0.0551915243268013,-0.24796387553215027,0.06508705019950867,-0.17119671404361725,-0.06837652623653412,0.0668700784444809,0.019363105297088623,-0.17465640604496002,0.03191641718149185,-0.0358821339905262,-0.1273541897535324,-0.027581002563238144,0.21932615339756012,-0.1793353259563446,-0.17465640604496002,0.03191641718149185,-0.0358821339905262,-0.1273541897535324,-0.027581002563238144,0.21932615339756012,-0.1793353259563446,-0.17465640604496002,0.03191641718149185,-0.0358821339905262,-0.1273541897535324,-0.027581002563238144,0.21932615339756012,-0.1793353259563446
20.837,0.0010047322139143944,0.0010047322139143944,nan,nan,nan,nan,-0.040726784616708755,0.0,-4.656612873077393e-10,0.13741908967494965,0.0,0.0,0.0,0.0,0.0020000000949949026,0.014000000432133675,64.0,0.1367376744747162,2.8235950469970703,0.011081807315349579,10.565998077392578,0.001101222587749362,0.0007986400742083788,-0.0003025829792022705,0.0,0.31184911727905273,0.01855604164302349,0.1736433058977127,9.0,1.0,0.0,0.0,0.0010047154501080513,-1.6763806343078613e-08,nan,0.0039453222416341305,-0.0673290491104126,0.24048466980457306,-0.05363539606332779,0.12097278237342834,-0.0118561377748847,-0.036345187574625015,-0.09306564182043076,-0.04161931946873665,0.14865513145923615,-0.03315461426973343,0.07477908581495285,-0.007328847888857126,-0.02246670611202717,-0.05752833932638168,-0.11105958372354507,0.3198811709880829,-0.09150649607181549,0.11020100116729736,0.012786390259861946,0.053527507930994034,-0.1710708886384964,-0.017640678212046623,-0.0009839142439886928,0.017650946974754333,-0.001173807424493134,-0.00014024243864696473,0.00016694481018930674,6.718527583871037e-05,-0.05775944143533707,-0.3016762435436249,0.06620009988546371,-0.26983290910720825,-0.06750711053609848,0.18445807695388794,0.018933147192001343,-0.16881902515888214,0.01820491999387741,-0.025306396186351776,-0.1596318930387497,-0.054720718413591385,0.23798558115959167,-0.15213774144649506,-0.16881902515888214,0.01820491999387741,-0.025306396186351776,-0.1596318930387497,-0.054720718413591385,0.23798558115959167,-0.15213774144649506,-0.16881902515888214,0.01820491999387741,-0.025306396186351776,-0.1596318930387497,-0.054720718413591385,0.23798558115959167,-0.15213774144649506
20.895,0.0010198978707194328,0.0010198978707194328,nan,nan,nan,nan,-0.04358767345547676,0.0,2.3283064365386963e-10,0.14035102725028992,0.0,0.0,0.0,0.0,0.006000000052154064,0.017000000923871994,64.0,0.13611501455307007,2.6899752616882324,0.01716427505016327,11.631204605102539,0.0014236941933631897,0.00032611447386443615,-0.00109757948666811,-0.00023239235451910645,0.2327379733324051,0.01836472749710083,0.21067440509796143,9.0,1.0,0.0,0.0,0.0010198848322033882,-1.30385160446167e-08,nan,0.004289280157536268,-0.0862419456243515,0.18020568788051605,-0.06977289170026779,0.006818050984293222,0.040808070451021194,0.10027290135622025,-0.18290308117866516,-0.03053557686507702,0.06380520015954971,-0.024704400449991226,0.0024140586610883474,0.0144488625228405,0.03550349920988083,-0.06476026773452759,-0.113646499812603,0.33434629440307617,-0.09241631627082825,0.12106449902057648,0.01064284984022379,0.03442958742380142,-0.18163183331489563,-0.017039701342582703,-0.0009939564624801278,0.017057625576853752,-0.0011665148194879293,-0.00016629399033263326,0.00016285489255096763,8.555450040148571e-05,-0.05152859538793564,-0.3187313973903656,0.07382002472877502,-0.2914370894432068,-0.08943764865398407,0.19791609048843384,0.048166364431381226,-0.16517509520053864,0.015614904463291168,-0.01859629526734352,-0.1703726053237915,-0.07879479974508286,0.23234568536281586,-0.1334654688835144,-0.16517509520053864,0.015614904463291168,-0.01859629526734352,-0.1703726053237915,-0.07879479974508286,0.23234568536281586,-0.1334654688835144,-0.16517509520053864,0.015614904463291168,-0.01859629526734352,-0.1703726053237915,-0.07879479974508286,0.23234568536281586,-0.1334654688835144
20.970000000000002,0.001004994846880436,0.001004994846880436,nan,nan,nan,nan,-0.039608102291822433,0.0,0.0,0.14178749918937683,0.0,0.0,0.0,0.0,0.006000000052154064,0.013000000268220901,64.0,0.13420774042606354,14.392204284667969,0.013398006558418274,24.142383575439453,0.0015993171837180853,-3.658398054540157e-05,-0.0016359011642634869,0.0,0.4052899181842804,0.01911986619234085,0.18010401725769043,9.0,1.0,0.0,0.0,0.0010049818083643913,-1.30385160446167e-08,nan,0.004335847217589617,-0.0862419456243515,0.18020568788051605,-0.06977289170026779,0.006818050984293222,0.040808070451021194,0.10027290135622025,-0.18290308117866516,-0.05099192261695862,0.10654948651790619,-0.04125433415174484,0.00403128145262599,0.024128422141075134,0.05928795039653778,-0.1081443652510643,-0.12224996089935303,0.3037412166595459,-0.09914005547761917,0.06553877890110016,0.03634396940469742,0.09343060851097107,-0.22966167330741882,-0.015622691251337528,-0.0010264033917337656,0.015662379562854767,-0.0011597471311688423,-0.00023703312035650015,0.00015665432147216052,0.00013269594637677073,-0.04053451120853424,-0.289165198802948,0.0782640278339386,-0.2509195804595947,-0.11638674139976501,0.14762498438358307,0.08753366768360138,-0.16278447210788727,0.014576002955436707,-0.02087603136897087,-0.18538080155849457,-0.0800427719950676,0.24105559289455414,-0.14212800562381744,-0.16278447210788727,0.014576002955436707,-0.02087603136897087,-0.18538080155849457,-0.0800427719950676,0.24105559289455414,-0.14212800562381744,-0.16278447210788727,0.014576002955436707,-0.02087603136897087,-0.18538080155849457,-0.0800427719950676,0.24105559289455414,-0.14212800562381744
21.032999999999998,0.0009720968082547188,0.0009720968082547188,nan,nan,nan,nan,-0.039737872779369354,0.0,9.313225746154785e-10,0.1459009200334549,0.0,0.0,0.0,0.0,0.006000000052154064,0.017000000923871994,64.0,0.13213789463043213,4.596864700317383,0.016303732991218567,16.605144500732422,0.0007662780117243528,-0.0006898730061948299,-0.0014561500865966082,-0.00201209494844079,0.5244317054748535,0.020295845344662666,0.19369176030158997,9.0,1.0,0.0,0.0,0.0009720893576741219,-7.450580596923828e-09,nan,0.0031943588983267546,-0.0862419456243515,0.18020568788051605,-0.06977289170026779,0.006818050984293222,0.040808070451021194,0.10027290135622025,-0.18290308117866516,-0.06871488690376282,0.1435822695493698,-0.055592864751815796,0.005432410165667534,0.03251459822058678,0.07989431917667389,-0.14573147892951965,-0.13530561327934265,0.30838221311569214,-0.10959221422672272,0.040379129350185394,0.05260124057531357,0.13144318759441376,-0.2712293267250061,-0.014148399233818054,-0.0010563554242253304,0.014211934991180897,-0.0011482542613521218,-0.00030619962490163743,0.00014663735055364668,0.0001831884728744626,-0.028154969215393066,-0.2852592170238495,0.07899097353219986,-0.23615092039108276,-0.12156601250171661,0.1248152107000351,0.1044175922870636,-0.16346058249473572,0.02312299609184265,-0.030601240694522858,-0.19577178359031677,-0.06896477192640305,0.25625839829444885,-0.1668117344379425,-0.16346058249473572,0.02312299609184265,-0.030601240694522858,-0.19577178359031677,-0.06896477192640305,0.25625839829444885,-0.1668117344379425,-0.16346058249473572,0.02312299609184265,-0.030601240694522858,-0.19577178359031677,-0.06896477192640305,0.25625839829444885,-0.1668117344379425
21.122000000000003,0.0011176345869898796,0.0011176345869898796,nan,nan,nan,nan,-0.03209768980741501,0.0,9.313225746154785e-10,0.14867942035198212,0.0,0.0,0.0,0.0,0.007000000216066837,0.012000000104308128,64.0,0.1309729516506195,9.05264949798584,0.01048203557729721,26.616159439086914,0.0007756499107927084,0.0007075821049511433,-6.806687451899052e-05,0.007771576754748821,0.6177695989608765,0.020985310897231102,0.2218153327703476,9.0,1.0,0.0,0.0,0.0011176178231835365,-1.6763806343078613e-08,nan,0.004043879918754101,-0.060158584266901016,0.24747483432292938,-0.04514552652835846,0.11748132109642029,0.03030550479888916,-0.038784511387348175,-0.08291264623403549,-0.01678190752863884,0.0690358579158783,-0.012593847699463367,0.0327727235853672,0.00845405738800764,-0.010819371789693832,-0.023129405453801155,-0.10826855897903442,0.24471068382263184,-0.08650162070989609,0.021690526977181435,0.0418766550719738,0.1703110784292221,-0.19588592648506165,-0.013284233398735523,-0.0010766420746222138,0.013360030017793179,-0.0011469434248283505,-0.0003488525690045208,0.0001436325255781412,0.00021151494001969695,-0.04714664816856384,-0.22130480408668518,0.05086180940270424,-0.22016076743602753,-0.09828919172286987,0.11070628464221954,0.026656582951545715,-0.15541520714759827,0.023405876010656357,-0.03563981130719185,-0.19847023487091064,-0.056412532925605774,0.28101736307144165,-0.16922934353351593,-0.15541520714759827,0.023405876010656357,-0.03563981130719185,-0.19847023487091064,-0.056412532925605774,0.28101736307144165,-0.16922934353351593,-0.15541520714759827,0.023405876010656357,-0.03563981130719185,-0.19847023487091064,-0.056412532925605774,0.28101736307144165,-0.16922934353351593
21.218,0.0012198900803923607,0.0012198900803923607,nan,nan,nan,nan,-0.04735661298036575,0.0,-2.3283064365386963e-10,0.15271207690238953,0.0,0.0,0.0,0.0,0.0020000000949949026,0.01899999938905239,64.0,0.12898097932338715,4.7796711921691895,0.012808479368686676,12.61057186126709,0.0004962878301739693,0.00048053357750177383,-1.575448550283909e-05,0.0019144071266055107,0.21004733443260193,0.01948356255888939,0.23018941283226013,9.0,1.0,0.0,0.0,0.0012198751792311668,-1.4901161193847656e-08,nan,0.0043027992360293865,-0.060158584266901016,0.24747483432292938,-0.04514552652835846,0.11748132109642029,0.03030550479888916,-0.038784511387348175,-0.08291264623403549,-0.050696518272161484,0.20855066180229187,-0.03804479539394379,0.09900322556495667,0.025538889691233635,-0.03268427401781082,-0.0698717013001442,-0.10586147010326385,0.34501373767852783,-0.08181079477071762,0.12119153141975403,0.04761920124292374,0.03999970853328705,-0.16694046556949615,-0.012143836356699467,-0.001087787328287959,0.01222807727754116,-0.0011282275663688779,-0.00038971990579739213,0.00013153828331269324,0.0002388160937698558,-0.03993181884288788,-0.3205828368663788,0.05084589868783951,-0.31133291125297546,-0.10643256455659866,0.2221752554178238,0.02312074601650238,-0.14579328894615173,0.024430904537439346,-0.030964894220232964,-0.19014137983322144,-0.05881336331367493,0.26217496395111084,-0.14381971955299377,-0.14579328894615173,0.024430904537439346,-0.030964894220232964,-0.19014137983322144,-0.05881336331367493,0.26217496395111084,-0.14381971955299377,-0.14579328894615173,0.024430904537439346,-0.030964894220232964,-0.19014137983322144,-0.05881336331367493,0.26217496395111084,-0.14381971955299377
21.358,0.0012969961389899254,0.0012969961389899254,nan,nan,nan,nan,-0.04581418260931969,0.0,0.0,0.15853339433670044,0.0,0.0,0.0,0.0,0.007000000216066837,0.0689999982714653,64.0,0.12677574157714844,5.438518524169922,0.014457851648330688,13.483339309692383,0.00031912000849843025,-0.00046358141116797924,-0.0007827014196664095,-0.00034075608709827065,0.3483693301677704,0.018990347161889076,0.19921019673347473,9.0,1.0,0.0,0.0,0.001296977512538433,-1.862645149230957e-08,nan,0.004462011158466339,-0.07902225106954575,0.18769533932209015,-0.05550384148955345,0.013223107904195786,0.06230410188436508,0.10779944807291031,-0.17253375053405762,-0.054713889956474304,0.12995758652687073,-0.03843007609248161,0.009155492298305035,0.04313847795128822,0.07463881373405457,-0.11945993453264236,-0.11284296214580536,0.32859957218170166,-0.08339574933052063,0.084824338555336,0.06867128610610962,0.08581902086734772,-0.2077750861644745,-0.010552043095231056,-0.0011063305428251624,0.01064810436218977,-0.0011070992331951857,-0.0004505596880335361,0.0001179743921966292,0.0002789348363876343,-0.02936890721321106,-0.302266001701355,0.053085364401340485,-0.27487754821777344,-0.12542414665222168,0.1669130176305771,0.06920439004898071,-0.14221186935901642,0.026333585381507874,-0.030310384929180145,-0.19005319476127625,-0.056752853095531464,0.2527320384979248,-0.13857069611549377,-0.14221186935901642,0.026333585381507874,-0.030310384929180145,-0.19005319476127625,-0.056752853095531464,0.2527320384979248,-0.13857069611549377,-0.14221186935901642,0.026333585381507874,-0.030310384929180145,-0.19005319476127625,-0.056752853095531464,0.2527320384979248,-0.13857069611549377
21.433000000000003,0.0012861182913184166,0.0012861182913184166,nan,nan,nan,nan,-0.045223429799079895,0.0,6.984919309616089e-10,0.1607372760772705,0.0,0.0,0.0,0.0,0.004000000189989805,0.010999999940395355,64.0,0.1252508908510208,3.6869924068450928,0.01181475818157196,12.788286209106445,0.001136175123974681,-6.673112511634827e-05,-0.0012029055505990982,0.0006202608346939087,0.5032168626785278,0.020765701308846474,0.20256420969963074,9.0,1.0,0.0,0.0,0.0012861033901572227,-1.4901161193847656e-08,nan,0.005155981983989477,-0.06551990658044815,0.13430972397327423,-0.04174022749066353,-0.031224725767970085,0.05572441220283508,0.22406084835529327,-0.10789964348077774,-0.01470424234867096,0.03014233149588108,-0.009367511607706547,-0.007007579319179058,0.01250589918345213,0.05028464272618294,-0.024215275421738625,-0.1235380470752716,0.3188328742980957,-0.08808785676956177,0.04551670700311661,0.08843403309583664,0.15634562075138092,-0.24632570147514343,-0.00881777610629797,-0.001139440922997892,0.008932818658649921,-0.0010945184621959925,-0.0005259797326289117,0.00010444577492307872,0.0003317696100566536,-0.021030083298683167,-0.29607829451560974,0.051736123859882355,-0.25581642985343933,-0.13357742130756378,0.1221390813589096,0.08529981970787048,-0.14456813037395477,0.02275458723306656,-0.03635173290967941,-0.21029973030090332,-0.04514338821172714,0.2784847021102905,-0.16102588176727295,-0.14456813037395477,0.02275458723306656,-0.03635173290967941,-0.21029973030090332,-0.04514338821172714,0.2784847021102905,-0.16102588176727295,-0.14456813037395477,0.02275458723306656,-0.03635173290967941,-0.21029973030090332,-0.04514338821172714,0.2784847021102905,-0.16102588176727295
21.514,0.001351778395473957,0.001351778395473957,nan,nan,nan,nan,-0.047960635274648666,0.0,0.0,0.1636575311422348,0.0,0.0,0.0,0.0,0.0,0.01600000075995922,64.0,0.12384786456823349,3.040301561355591,0.013492070138454437,14.083702087402344,-0.0013331049121916294,0.0007810686947777867,0.0021141734905540943,0.0,0.2528063952922821,0.01919702999293804,0.20872539281845093,9.0,1.0,0.0,0.0,0.001351761631667614,-1.6763806343078613e-08,nan,0.0030240716878324747,-0.053976017981767654,0.22567012906074524,-0.03770019859075546,0.127231165766716,0.07750561833381653,-0.06779429316520691,-0.08914777636528015,-0.040897827595472336,0.17099107801914215,-0.028565578162670135,0.09640350937843323,0.05872628837823868,-0.05136798322200775,-0.06754759699106216,-0.10674776881933212,0.3435295820236206,-0.07549577206373215,0.12388432025909424,0.10703010112047195,0.027888208627700806,-0.19829346239566803,-0.008251527324318886,-0.0011430525919422507,0.008363347500562668,-0.0010800892487168312,-0.0005462098633870482,9.201421198667958e-05,0.0003431541845202446,-0.031941838562488556,-0.3050673305988312,0.03770279139280319,-0.3109169602394104,-0.1341855525970459,0.22481083869934082,0.038008108735084534,-0.13868960738182068,0.038462258875370026,-0.037792980670928955,-0.18703263998031616,-0.027155445888638496,0.2526990473270416,-0.1602853536605835,-0.13868960738182068,0.038462258875370026,-0.037792980670928955,-0.18703263998031616,-0.027155445888638496,0.2526990473270416,-0.1602853536605835,-0.13868960738182068,0.038462258875370026,-0.037792980670928955,-0.18703263998031616,-0.027155445888638496,0.2526990473270416,-0.1602853536605835
21.584,0.001119839958846569,0.001119839958846569,nan,nan,nan,nan,-0.05924052745103836,0.0,-4.656612873077393e-10,0.1660785675048828,0.0,0.0,0.0,0.0,0.007000000216066837,0.009999999776482582,64.0,0.12280929833650589,3.146911859512329,0.012877397239208221,11.754844665527344,-0.0006781155243515968,-0.0013759839348495007,-0.0006978688761591911,0.0,-0.18838563561439514,0.03488729149103165,0.1538001149892807,9.0,1.0,0.0,0.0,0.001119830645620823,-9.313225746154785e-09,nan,0.002168920822441578,-0.053976017981767654,0.22567012906074524,-0.03770019859075546,0.127231165766716,0.07750561833381653,-0.06779429316520691,-0.08914777636528015,-0.06232501193881035,0.26057669520378113,-0.04353165253996849,0.14691123366355896,0.08949416130781174,-0.07828069478273392,-0.10293712466955185,-0.10958102345466614,0.407604843378067,-0.0769987627863884,0.1954786628484726,0.13460318744182587,-0.057978980243206024,-0.19179938733577728,-0.006368457805365324,-0.0011770067503675818,0.0064971474930644035,-0.0010736276162788272,-0.0006171652930788696,8.230920502683148e-05,0.00039261102210730314,-0.015010237693786621,-0.42797616124153137,0.37599173188209534,-0.01456683874130249,-0.5402470231056213,-0.27476224303245544,0.46294844150543213,-0.12459126114845276,-0.02037130668759346,0.29899296164512634,0.1809118241071701,-0.4056438207626343,-0.33274123072624207,0.27114906907081604,-0.12459126114845276,-0.02037130668759346,0.29899296164512634,0.1809118241071701,-0.4056438207626343,-0.33274123072624207,0.27114906907081604,-0.12459126114845276,-0.02037130668759346,0.29899296164512634,0.1809118241071701,-0.4056438207626343,-0.33274123072624207,0.27114906907081604
21.672,0.001144292764365673,0.001144292764365673,nan,nan,nan,nan,-0.05567651614546776,0.0,-4.656612873077393e-10,0.16625724732875824,0.0,0.0,0.0,0.0,0.0,0.026000000536441803,64.0,0.12291114032268524,3.5678250789642334,0.281794011592865,12.12744426727295,-0.0020071803592145443,-0.00032070663291960955,0.0016864732606336474,0.0015298763755708933,-0.20746588706970215,0.015194605104625225,0.06607864797115326,9.0,1.0,0.0,0.0,0.00114427600055933,-1.6763806343078613e-08,nan,0.0009882190497592092,-0.07715237140655518,0.1917087435722351,-0.04796162247657776,0.018003901466727257,0.06991664320230484,0.11500196158885956,-0.16296325623989105,-0.055300742387771606,0.1374116688966751,-0.034377600997686386,0.012904711998999119,0.05011437088251114,0.08243031799793243,-0.11680768430233002,-0.11943642795085907,0.3952760100364685,-0.07993476837873459,0.15141740441322327,0.1358921080827713,0.017547236755490303,-0.22422832250595093,-0.006399169564247131,-0.0011799638159573078,0.006529125384986401,-0.0010756560368463397,-0.000619866419583559,8.23694426799193e-05,0.0003951546677853912,-0.009115636348724365,-0.38104546070098877,0.2154417335987091,-0.1306813657283783,-0.3441275358200073,-0.10879220068454742,0.29594308137893677,-0.12855206429958344,0.01423056423664093,0.13550697267055511,0.02073603868484497,-0.20823541283607483,-0.09124496579170227,0.07171477377414703,-0.12855206429958344,0.01423056423664093,0.13550697267055511,0.02073603868484497,-0.20823541283607483,-0.09124496579170227,0.07171477377414703,-0.12855206429958344,0.01423056423664093,0.13550697267055511,0.02073603868484497,-0.20823541283607483,-0.09124496579170227,0.07171477377414703
21.747000000000003,0.001243756152689457,0.001243756152689457,nan,nan,nan,nan,-0.055608686059713364,0.0,-9.313225746154785e-10,0.16676589846611023,0.0,0.0,0.0,0.0,0.003000000026077032,0.017000000923871994,64.0,0.12355083972215652,4.659393787384033,0.020313076674938202,19.41341781616211,-0.0022629741579294205,0.0005064563010819256,0.0027694294694811106,0.0,0.11453976482152939,0.010864843614399433,0.08891196548938751,9.0,1.0,0.0,0.0,0.0012437375262379646,-1.862645149230957e-08,nan,0.001341354800388217,-0.07715237140655518,0.1917087435722351,-0.04796162247657776,0.018003901466727257,0.06991664320230484,0.11500196158885956,-0.16296325623989105,-0.09355320781469345,0.23246166110038757,-0.05815717577934265,0.021831121295690536,0.08477932959794998,0.13944876194000244,-0.19760555028915405,-0.13859523832798004,0.398990273475647,-0.08931049704551697,0.10083568841218948,0.14093005657196045,0.1176164299249649,-0.2771944999694824,-0.007090334314852953,-0.0011580187128856778,0.0072108106687664986,-0.0010724093299359083,-0.0005804176325909793,8.250505197793245e-05,0.0003674860636238009,0.0016886144876480103,-0.371101051568985,0.15603074431419373,-0.16563780605793,-0.2667580246925354,-0.06935253739356995,0.2474696934223175,-0.13690662384033203,0.027889231219887733,0.06672025471925735,-0.06480211764574051,-0.12582795321941376,0.04826389253139496,-0.02972480282187462,-0.13690662384033203,0.027889231219887733,0.06672025471925735,-0.06480211764574051,-0.12582795321941376,0.04826389253139496,-0.02972480282187462,-0.13690662384033203,0.027889231219887733,0.06672025471925735,-0.06480211764574051,-0.12582795321941376,0.04826389253139496,-0.02972480282187462
21.828999999999997,0.0013055512681603432,0.0013055512681603432,nan,nan,nan,nan,-0.05138593912124634,0.0,0.0,0.16871722042560577,0.0,0.0,0.0,0.0,0.0,0.012000000104308128,64.0,0.12280672788619995,3.0779521465301514,0.011330470442771912,10.944759368896484,-0.002267515752464533,0.0001979908993234858,0.002465506549924612,0.0,0.24737930297851562,0.01325605995953083,0.11691690236330032,9.0,1.0,0.0,0.0,0.0013055400922894478,-1.1175870895385742e-08,nan,0.0016742488369345665,-0.05414016172289848,0.20218324661254883,-0.03645826503634453,0.11460693925619125,0.12182887643575668,-0.05056442320346832,-0.11969873309135437,-0.03679490089416504,0.13740839064121246,-0.02477787807583809,0.07788951694965363,0.08279771357774734,-0.034364745020866394,-0.08135002106428146,-0.11445219069719315,0.36184972524642944,-0.07475349307060242,0.13731326162815094,0.16772770881652832,0.02786693349480629,-0.23903274536132812,-0.006763190496712923,-0.0011431415332481265,0.006877976935356855,-0.0010623903945088387,-0.0005617965362034738,7.719726272625849e-05,0.0003551190602593124,-0.024971969425678253,-0.32604581117630005,0.08955498039722443,-0.2597867250442505,-0.21483491361141205,0.11450143158435822,0.13012562692165375,-0.1394241601228714,0.03580392897129059,0.01480148360133171,-0.12247347831726074,-0.047107208520174026,0.1423683613538742,-0.10890711843967438,-0.1394241601228714,0.03580392897129059,0.01480148360133171,-0.12247347831726074,-0.047107208520174026,0.1423683613538742,-0.10890711843967438,-0.1394241601228714,0.03580392897129059,0.01480148360133171,-0.12247347831726074,-0.047107208520174026,0.1423683613538742,-0.10890711843967438
21.866000000000003,0.0011810185387730598,0.0011810185387730598,nan,nan,nan,nan,-0.05202138423919678,0.0,4.656612873077393e-10,0.16870152950286865,0.0,0.0,0.0,0.0,0.006000000052154064,0.009999999776482582,64.0,0.12247171998023987,3.307868719100952,0.014089047908782959,18.774343490600586,-0.0018987045623362064,-0.0009756223880685866,0.0009230826399289072,0.0,0.2157999873161316,0.013876887038350105,0.08202368766069412,9.0,1.0,0.0,0.0,0.0011810092255473137,-9.313225746154785e-09,nan,0.0012651222059503198,-0.05414016172289848,0.20218324661254883,-0.03645826503634453,0.11460693925619125,0.12182887643575668,-0.05056442320346832,-0.11969873309135437,-0.046985797584056854,0.1754656881093979,-0.03164047747850418,0.09946217387914658,0.10572977364063263,-0.0438825748860836,-0.1038811206817627,-0.10717928409576416,0.3617704212665558,-0.07081379741430283,0.16527236998081207,0.18846024572849274,-0.021001577377319336,-0.22873975336551666,-0.006711643189191818,-0.0011594992829486728,0.006831846199929714,-0.0010694171069189906,-0.000582939013838768,7.545873086201027e-05,0.0003704346308950335,-0.027474090456962585,-0.3265029191970825,0.06804827600717545,-0.29634422063827515,-0.19762524962425232,0.17354710400104523,0.09793415665626526,-0.13465337455272675,0.03526748716831207,-0.002765519078820944,-0.13107183575630188,-0.009165008552372456,0.1525455266237259,-0.1308055967092514,-0.13465337455272675,0.03526748716831207,-0.002765519078820944,-0.13107183575630188,-0.009165008552372456,0.1525455266237259,-0.1308055967092514,-0.13465337455272675,0.03526748716831207,-0.002765519078820944,-0.13107183575630188,-0.009165008552372456,0.1525455266237259,-0.1308055967092514
21.95,0.0010886425152420998,0.0010886425152420998,nan,nan,nan,nan,-0.062249988317489624,0.0,3.259629011154175e-09,0.17053306102752686,0.0,0.0,0.0,0.0,0.003000000026077032,0.028999999165534973,64.0,0.12215609848499298,4.0250325202941895,0.021131709218025208,18.62028694152832,0.002632549498230219,-0.0007185529684647918,-0.0033510993234813213,0.00028524163644760847,0.29011937975883484,0.01288587972521782,0.10181818157434464,9.0,1.0,0.0,0.0,0.001088627614080906,-1.4901161193847656e-08,nan,0.005173235200345516,-0.05414016172289848,0.20218324661254883,-0.03645826503634453,0.11460693925619125,0.12182887643575668,-0.05056442320346832,-0.11969873309135437,-0.06479684263467789,0.24197998642921448,-0.043634530156850815,0.1371655911207199,0.14580906927585602,-0.06051727011799812,-0.14325962960720062,-0.11056137084960938,0.3946811556816101,-0.0738086849451065,0.20489951968193054,0.2238532155752182,-0.06584399938583374,-0.24055081605911255,-0.005866775754839182,-0.001167834852822125,0.005990237463265657,-0.0010671436320990324,-0.0006024654721841216,7.372749678324908e-05,0.00038304622285068035,-0.02106955647468567,-0.3842373788356781,0.053553543984889984,-0.3080238103866577,-0.1734921634197235,0.16239067912101746,0.07905705273151398,-0.13163092732429504,0.010443768464028835,-0.02025514282286167,-0.10312429815530777,0.05036105215549469,0.09654667973518372,-0.16149376332759857,-0.13163092732429504,0.010443768464028835,-0.02025514282286167,-0.10312429815530777,0.05036105215549469,0.09654667973518372,-0.16149376332759857,-0.13163092732429504,0.010443768464028835,-0.02025514282286167,-0.10312429815530777,0.05036105215549469,0.09654667973518372,-0.16149376332759857
22.072,0.001088208518922329,0.001088208518922329,nan,nan,nan,nan,-0.06456266343593597,1.0,0.0,0.1742432713508606,0.0,0.0,0.0,0.0,0.004999999888241291,0.017000000923871994,64.0,0.12200948596000671,2.40826416015625,0.011242926120758057,10.259686470031738,-0.00010598590597510338,-8.586607873439789e-05,2.011982724070549e-05,-0.0020188880153000355,-0.30200323462486267,0.04633079469203949,0.10415606200695038,9.0,1.0,0.0,0.0,0.0010881861671805382,-2.2351741790771484e-08,nan,0.002339235506951809,-0.07336139678955078,0.19922932982444763,-0.040000103414058685,0.028027459979057312,0.07941284775733948,0.12049300223588943,-0.14736101031303406,-0.08427916467189789,0.22887897491455078,-0.04595298320055008,0.032198552042245865,0.09123119711875916,0.13842496275901794,-0.16929152607917786,-0.12685631215572357,0.42253199219703674,-0.07979349046945572,0.18225017189979553,0.22475938498973846,0.006783384829759598,-0.27016741037368774,-0.005138866137713194,-0.001171530457213521,0.005264030769467354,-0.0010566646233201027,-0.0006199309718795121,6.654618482571095e-05,0.00039488525362685323,0.045346230268478394,-0.4641075134277344,0.4366697371006012,0.14841601252555847,-0.6423227787017822,-0.5701934695243835,0.619094967842102,-0.08151008188724518,-0.04157552868127823,0.3568762540817261,0.330666184425354,-0.41756340861320496,-0.5634101033210754,0.3489275872707367,-0.08151008188724518,-0.04157552868127823,0.3568762540817261,0.330666184425354,-0.41756340861320496,-0.5634101033210754,0.3489275872707367,-0.08151008188724518,-0.041575536131858826,0.3568762540817261,0.330666184425354,-0.41756340861320496,-0.5634101033210754,0.3489275872707367
22.19,0.0012007160112261772,0.0012007160112261772,nan,nan,nan,nan,-0.05080541968345642,0.0,9.313225746154785e-10,0.17524251341819763,0.0,0.0,0.0,0.0,0.007000000216066837,0.052000001072883606,64.0,0.12285151332616806,12.944639205932617,0.022009946405887604,21.030990600585938,-0.0022074710577726364,0.0010537001071497798,0.0032611722126603127,0.002053888514637947,-0.20762507617473602,0.021318718791007996,0.03421831503510475,9.0,1.0,0.0,0.0,0.0012006992474198341,-1.6763806343078613e-08,nan,0.0009159405017271638,-0.05589555948972702,0.19160357117652893,-0.038148194551467896,0.10130169987678528,0.14246825873851776,-0.026550201699137688,-0.13207696378231049,-0.03540194407105446,0.12135380506515503,-0.02416149526834488,0.06416032463312149,0.09023352712392807,-0.016815803945064545,-0.08365210890769958,-0.1025276929140091,0.34525352716445923,-0.06655912101268768,0.16182735562324524,0.21170811355113983,-0.014956304803490639,-0.22737400233745575,-0.004653989337384701,-0.0011809802381321788,0.0047828434035182,-0.00105414935387671,-0.0006411314243450761,6.458188727265224e-05,0.0004092575400136411,0.0053257569670677185,-0.344411700963974,0.25214922428131104,-0.022411510348320007,-0.4076232314109802,-0.24048231542110443,0.34917140007019043,-0.09720193594694138,0.0008418187499046326,0.18559008836746216,0.13941584527492523,-0.1959151327610016,-0.2554386258125305,0.12179739028215408,-0.09720193594694138,0.0008418187499046326,0.18559008836746216,0.13941584527492523,-0.1959151327610016,-0.2554386258125305,0.12179739028215408,-0.09720193594694138,0.0008418187499046326,0.18559008836746216,0.13941584527492523,-0.1959151327610016,-0.2554386258125305,0.12179739028215408
22.369000000000003,0.0011006193235516548,0.0011006193235516548,nan,nan,nan,nan,-0.05720215290784836,0.0,1.1641532182693481e-10,0.1744442582130432,0.0,0.0,0.0,0.0,0.007000000216066837,0.03700000047683716,64.0,0.12337148934602737,6.497438907623291,0.020034611225128174,23.103853225708008,-0.0009456983534619212,-0.000985205639153719,-3.9507169276475906e-05,-0.00143836485221982,-0.03293800726532936,0.009695026092231274,0.1303720474243164,9.0,1.0,0.0,0.0,0.0011005932465195656,-2.60770320892334e-08,nan,0.0015720654046162963,-0.05589555948972702,0.19160357117652893,-0.038148194551467896,0.10130169987678528,0.14246825873851776,-0.026550201699137688,-0.13207696378231049,-0.07775694131851196,0.26654189825057983,-0.053068388253450394,0.140921950340271,0.19818921387195587,-0.03693428635597229,-0.1837337613105774,-0.11136620491743088,0.37833550572395325,-0.07412520051002502,0.18861979246139526,0.25652173161506653,-0.034310732036828995,-0.25494712591171265,-0.005051932297646999,-0.0011738239554688334,0.005177813116461039,-0.0010553841711953282,-0.000623931351583451,6.50620277156122e-05,0.00039781961822882295,0.0053137317299842834,-0.36943507194519043,0.17306402325630188,-0.15571123361587524,-0.333545982837677,-0.0628560483455658,0.2599986791610718,-0.1060524731874466,0.008900430053472519,0.09893883019685745,0.03290855884552002,-0.07702425122261047,-0.09716677665710449,0.005051563493907452,-0.1060524731874466,0.008900430053472519,0.09893883019685745,0.03290855884552002,-0.07702425122261047,-0.09716677665710449,0.005051563493907452,-0.1060524731874466,0.008900430053472519,0.09893883019685745,0.03290855884552002,-0.07702425122261047,-0.09716677665710449,0.005051563493907452
22.456999999999997,0.001000034622848034,0.001000034622848034,nan,nan,nan,nan,-0.06447621434926987,0.0,-4.656612873077393e-10,0.1753610223531723,0.0,0.0,0.0,0.0,0.003000000026077032,0.013000000268220901,64.0,0.1234908178448677,2.551156997680664,0.012053176760673523,12.186378479003906,-0.0002888776361942291,-0.0008545565069653094,-0.0005656793364323676,0.0,0.4213109016418457,0.010453330352902412,0.10907480120658875,9.0,1.0,0.0,0.0,0.0010000215843319893,-1.30385160446167e-08,nan,0.0015773142222315073,-0.055968597531318665,0.1642814725637436,-0.04048891365528107,0.07557785511016846,0.17131882905960083,0.014305579476058483,-0.15156833827495575,-0.015419750474393368,0.0452607236802578,-0.011154986917972565,0.02082224190235138,0.04719956964254379,0.0039412896148860455,-0.04175816476345062,-0.13987189531326294,0.41990652680397034,-0.08447446674108505,0.12867914140224457,0.23785579204559326,0.12411060929298401,-0.30405229330062866,-0.004886407405138016,-0.001166115514934063,0.005012755747884512,-0.0010613251943141222,-0.0006020275177434087,6.849590135971084e-05,0.0003847226616926491,0.012706637382507324,-0.40158185362815857,0.1161232590675354,-0.2145841121673584,-0.2360519915819168,-0.03240400552749634,0.20203611254692078,-0.12716525793075562,0.01832466945052147,0.03164878860116005,-0.08590496331453323,0.0018037967383861542,0.09170660376548767,-0.10201617330312729,-0.12716525793075562,0.01832466945052147,0.03164878860116005,-0.08590496331453323,0.0018037967383861542,0.09170660376548767,-0.10201617330312729,-0.12716525793075562,0.01832466945052147,0.03164878860116005,-0.08590496331453323,0.0018037967383861542,0.09170660376548767,-0.10201617330312729
22.538,0.0010500578209757805,0.0010500578209757805,nan,nan,nan,nan,-0.055572375655174255,1.0,-6.831251084804535e-07,0.17752432823181152,0.0,0.0,0.0,0.0,0.0010000000474974513,0.014000000432133675,64.0,0.1235480085015297,4.1929779052734375,0.020751729607582092,30.45594024658203,0.002841380424797535,0.0001100237132050097,-0.0027320398949086666,0.0,-0.486584335565567,0.056332413107156754,0.08992214500904083,9.0,1.0,0.0,0.0,0.001050046645104885,-1.1175870895385742e-08,nan,0.0049668168649077415,-0.055968597531318665,0.1642814725637436,-0.04048891365528107,0.07557785511016846,0.17131882905960083,0.014305579476058483,-0.15156833827495575,-0.03704351186752319,0.1087317243218422,-0.02679809182882309,0.05002214014530182,0.1133894994854927,0.009468325413763523,-0.10031738877296448,-0.11404357850551605,0.339510053396225,-0.07398451119661331,0.12332034111022949,0.25210556387901306,0.07418126612901688,-0.2707531750202179,-0.004591177683323622,-0.0011590105714276433,0.004714918788522482,-0.0010525101097300649,-0.000598406360950321,6.552998820552602e-05,0.00038231510552577674,0.03306339681148529,-0.3826185166835785,0.3393537402153015,0.09863683581352234,-0.544586181640625,-0.45631444454193115,0.48228719830513,-0.08098018169403076,-0.043108463287353516,0.2653692364692688,0.22195717692375183,-0.29248061776161194,-0.3821331858634949,0.2115340232849121,-0.08098018169403076,-0.043108463287353516,0.2653692364692688,0.22195717692375183,-0.29248061776161194,-0.3821331858634949,0.2115340232849121,-0.045589808374643326,-0.07395108789205551,0.42713940143585205,0.41157424449920654,-0.498099684715271,-0.685227632522583,0.43852877616882324
22.62,0.0009287362918257713,0.0009287362918257713,nan,nan,nan,nan,-0.05113295838236809,0.0,0.0,0.1796063631772995,0.0,0.0,0.0,0.0,0.006000000052154064,0.01600000075995922,64.0,0.1236569881439209,4.8877458572387695,0.013844110071659088,14.075629234313965,-3.2399315387010574e-05,-0.000847181654535234,-0.0008147823391482234,-0.002836924744769931,-0.4045620560646057,0.025569643825292587,0.06915677338838577,9.0,1.0,0.0,0.0,0.0009287269786000252,-9.313225746154785e-09,nan,0.0012820438714697957,-0.055968597531318665,0.1642814725637436,-0.04048891365528107,0.07557785511016846,0.17131882905960083,0.014305579476058483,-0.15156833827495575,-0.05596039816737175,0.16425739228725433,-0.040482982993125916,0.07556678354740143,0.1712937355041504,0.014303483068943024,-0.15154613554477692,-0.11082452535629272,0.3277488350868225,-0.07578976452350616,0.1338645964860916,0.28932347893714905,0.051501285284757614,-0.2805224657058716,-0.003976316191256046,-0.0011691267136484385,0.004102913662791252,-0.001050631981343031,-0.0006168691907078028,6.0797316109528765e-05,0.00039432308403775096,0.03490950167179108,-0.34997496008872986,0.30230915546417236,0.05139191448688507,-0.5055423378944397,-0.36309587955474854,0.4411259889602661,-0.07591502368450165,-0.022226136177778244,0.226519376039505,0.18525651097297668,-0.21621884405612946,-0.3115946054458618,0.16060352325439453,-0.07591502368450165,-0.022226136177778244,0.226519376039505,0.18525651097297668,-0.21621884405612946,-0.3115946054458618,0.16060352325439453,-0.07591502368450165,-0.022226136177778244,0.226519376039505,0.18525651097297668,-0.21621884405612946,-0.3115946054458618,0.16060352325439453
22.738000000000003,0.0009601851925253868,0.0009601851925253868,nan,nan,nan,nan,-0.060386043041944504,0.0,1.862645149230957e-09,0.17996637523174286,0.0,0.0,0.0,0.0,0.0010000000474974513,0.026000000536441803,64.0,0.12414124608039856,7.695160865783691,0.04175305366516113,33.89543533325195,0.00259785121306777,5.629612132906914e-06,-0.002592219738289714,0.0002910024777520448,0.23189108073711395,0.007197234313935041,0.053888291120529175,9.0,1.0,0.0,0.0,0.000960170291364193,-1.4901161193847656e-08,nan,0.004099847748875618,-0.055968597531318665,0.1642814725637436,-0.04048891365528107,0.07557785511016846,0.17131882905960083,0.014305579476058483,-0.15156833827495575,-0.08829976618289948,0.25918132066726685,-0.06387799233198166,0.11923662573099136,0.27028393745422363,0.022569429129362106,-0.23912423849105835,-0.1257542073726654,0.37012314796447754,-0.08917868137359619,0.16334901750087738,0.36449629068374634,0.04163162037730217,-0.33252882957458496,-0.0039688036777079105,-0.0011714305728673935,0.004096971824765205,-0.0010502885561436415,-0.0006213473971001804,6.001109068165533e-05,0.00039784732507541776,0.022432588040828705,-0.37954044342041016,0.16774971783161163,-0.16478554904460907,-0.3569386303424835,-0.06929641962051392,0.2781409025192261,-0.1033216193318367,-0.00941728800535202,0.07857103645801544,-0.0014365315437316895,0.007557658478617668,-0.027664799243211746,-0.05438794195652008,-0.1033216193318367,-0.00941728800535202,0.07857103645801544,-0.0014365315437316895,0.007557658478617668,-0.027664799243211746,-0.05438794195652008,-0.1033216193318367,-0.00941728800535202,0.07857103645801544,-0.0014365315437316895,0.007557658478617668,-0.027664799243211746,-0.05438794195652008
22.822,0.0010055610910058022,0.0010055610910058022,nan,nan,nan,nan,-0.04872915893793106,0.0,4.656612873077393e-10,0.18042463064193726,0.0,0.0,0.0,0.0,0.003000000026077032,0.013000000268220901,64.0,0.12442266196012497,6.964835166931152,0.019040890038013458,16.971532821655273,-0.0004711500369012356,0.00032924546394497156,0.0008003959665074944,0.0,0.682239294052124,0.0111069455742836,0.08547056466341019,9.0,1.0,0.0,0.0,0.0010055461898446083,-1.4901161193847656e-08,nan,0.0013029900146648288,-0.055457260459661484,0.154430091381073,-0.040146611630916595,0.06606417149305344,0.17286120355129242,0.025198964402079582,-0.16304486989974976,-0.026721246540546417,0.07440981268882751,-0.019344039261341095,0.031832024455070496,0.08329056948423386,0.012141741812229156,-0.0785607174038887,-0.10844298452138901,0.3140343725681305,-0.07752074301242828,0.13795989751815796,0.32296642661094666,0.03905344754457474,-0.2968416213989258,-0.004246830940246582,-0.0011594976531341672,0.004371150396764278,-0.00105333945248276,-0.000596148835029453,6.475393456639722e-05,0.0003811324422713369,-0.003119535744190216,-0.2956269681453705,0.09968187659978867,-0.18412739038467407,-0.21971642971038818,0.022553734481334686,0.15726332366466522,-0.11156252026557922,0.01840740442276001,0.022161131724715233,-0.046167489141225815,0.10324999690055847,0.061607182025909424,-0.13957829773426056,-0.11156252026557922,0.01840740442276001,0.022161131724715233,-0.046167489141225815,0.10324999690055847,0.061607182025909424,-0.13957829773426056,-0.11156252026557922,0.01840740442276001,0.022161131724715233,-0.046167489141225815,0.10324999690055847,0.061607182025909424,-0.13957829773426056
22.929,0.0011496199294924736,0.0011496199294924736,nan,nan,nan,nan,-0.0490606315433979,0.0,9.313225746154785e-10,0.18135695159435272,0.0,0.0,0.0,0.0,-0.0020000000949949026,0.029999999329447746,64.0,0.12455786764621735,2.826883554458618,0.012308359146118164,26.706125259399414,0.0023036240600049496,0.0008247536025010049,-0.001478869467973709,0.0,0.6410602331161499,0.015032744966447353,0.04088293015956879,9.0,1.0,0.0,0.0,0.0011496087536215782,-1.1175870895385742e-08,nan,0.004954824224114418,-0.055457260459661484,0.154430091381073,-0.040146611630916595,0.06606417149305344,0.17286120355129242,0.025198964402079582,-0.16304486989974976,-0.05307815223932266,0.14780505001544952,-0.03842432424426079,0.06323002278804779,0.165445476770401,0.024117929860949516,-0.15605026483535767,-0.10461874306201935,0.29768726229667664,-0.07521699368953705,0.12925684452056885,0.3181597590446472,0.042146340012550354,-0.29598674178123474,-0.004528845194727182,-0.0011474228231236339,0.004648208152502775,-0.001047594239935279,-0.0005805836990475655,6.56129268463701e-05,0.00036982129677198827,-0.008376017212867737,-0.2903676927089691,0.0682939812541008,-0.22156044840812683,-0.17197082936763763,0.08021443337202072,0.11526316404342651,-0.11299476027488708,0.0073195695877075195,-0.00692301569506526,-0.09230361133813858,0.14618892967700958,0.12236077338457108,-0.18072357773780823,-0.11299476027488708,0.0073195695877075195,-0.00692301569506526,-0.09230361133813858,0.14618892967700958,0.12236077338457108,-0.18072357773780823,-0.11299476027488708,0.0073195695877075195,-0.00692301569506526,-0.09230361133813858,0.14618892967700958,0.12236077338457108,-0.18072357773780823
23.047,0.0010816650465130806,0.0010816650465130806,nan,nan,nan,nan,-0.0567343644797802,1.0,2.3283064365386963e-09,0.18524561822414398,0.0,0.0,0.0,0.0,0.0020000000949949026,0.027000000700354576,64.0,0.12457110732793808,7.8695173263549805,0.020644627511501312,21.115156173706055,0.006419079378247261,9.771226905286312e-05,-0.006321365013718605,0.00029071062454022467,0.748641848564148,0.018554288893938065,0.1837538182735443,9.0,1.0,0.0,0.0,0.0010816482827067375,-1.6763806343078613e-08,nan,0.008548342622816563,-0.055457260459661484,0.154430091381073,-0.040146611630916595,0.06606417149305344,0.17286120355129242,0.025198964402079582,-0.16304486989974976,-0.06580280512571335,0.18323898315429688,-0.04763595014810562,0.07838842272758484,0.2051084190607071,0.029899824410676956,-0.1934608519077301,-0.11228804290294647,0.3155199885368347,-0.08105633407831192,0.1358281373977661,0.3464643061161041,0.048618532717227936,-0.32495903968811035,-0.003793679177761078,-0.001155920559540391,0.003915673121809959,-0.0010448022512719035,-0.0005996712134219706,6.423553713830188e-05,0.0003824718587566167,-0.007007390260696411,-0.32390227913856506,0.04378899559378624,-0.195252925157547,-0.12355494499206543,0.03330358862876892,0.07579357922077179,-0.11929543316364288,-0.008382288739085197,-0.03726733848452568,-0.05942478030920029,0.2229093611240387,0.08192212134599686,-0.24916546046733856,-0.11929543316364288,-0.008382288739085197,-0.03726733848452568,-0.05942478030920029,0.2229093611240387,0.08192212134599686,-0.24916546046733856,-0.11929543316364288,-0.008382289670407772,-0.03726733848452568,-0.05942477658390999,0.2229093611240387,0.08192212134599686,-0.24916546046733856
23.179,0.001441395841538906,0.001441395841538906,nan,nan,nan,nan,-0.05151410773396492,0.0,3.259629011154175e-09,0.19133616983890533,0.0,0.0,0.0,0.0,0.0020000000949949026,0.017000000923871994,64.0,0.12697912752628326,9.182632446289062,0.02521369606256485,14.24736213684082,0.001851385459303856,0.0028146125841885805,0.0009632303845137358,0.0062443530187010765,0.7713029384613037,0.019675394520163536,0.20359429717063904,9.0,1.0,0.0,0.0,0.0014413772150874138,-1.862645149230957e-08,nan,0.006076701916754246,-0.05690211057662964,0.19230681657791138,-0.0388118214905262,0.07980622351169586,0.1488451510667801,0.036058299243450165,-0.13582992553710938,-0.016757912933826447,0.05663517490029335,-0.011430246755480766,0.023503270000219345,0.04383552819490433,0.010619322769343853,-0.04000249132514,-0.1001376062631607,0.3013465404510498,-0.0694815143942833,0.11990638077259064,0.2753491997718811,0.06519195437431335,-0.2652536928653717,-0.0029083960689604282,-0.0011520744301378727,0.0030287744011729956,-0.0010291298385709524,-0.0006128562963567674,6.310679600574076e-05,0.00038983492413535714,-0.018892161548137665,-0.28008177876472473,0.018525760620832443,-0.16800211369991302,-0.03812605142593384,0.028261497616767883,9.34600830078125e-05,-0.11902976781129837,0.021264754235744476,-0.05095575377345085,-0.04809573292732239,0.23722314834594727,0.09345345199108124,-0.2651602327823639,-0.11902976781129837,0.021264754235744476,-0.05095575377345085,-0.04809573292732239,0.23722314834594727,0.09345345199108124,-0.2651602327823639,-0.11902976781129837,0.021264754235744476,-0.05095575377345085,-0.04809573292732239,0.23722314834594727,0.09345345199108124,-0.2651602327823639
23.267,0.0016601299867033958,0.0016601299867033958,nan,nan,nan,nan,-0.05067009478807449,0.0,3.725290298461914e-09,0.19490355253219604,0.0,0.0,0.0,0.0,0.003000000026077032,0.017000000923871994,64.0,0.12953545153141022,10.283588409423828,0.022129155695438385,19.817190170288086,0.0001925034448504448,0.0022954847663640976,0.0021029850468039513,0.0035821949131786823,0.737098753452301,0.018921591341495514,0.22712622582912445,9.0,1.0,0.0,0.0,0.0016601113602519035,-1.862645149230957e-08,nan,0.005695723462849855,-0.05690211057662964,0.19230681657791138,-0.0388118214905262,0.07980622351169586,0.1488451510667801,0.036058299243450165,-0.13582992553710938,-0.034660063683986664,0.11713743209838867,-0.023640956729650497,0.0486113578081131,0.09066417068243027,0.021963737905025482,-0.08273637294769287,-0.09450663626194,0.3002566397190094,-0.0650700032711029,0.12194621562957764,0.2541322112083435,0.060783833265304565,-0.23912714421749115,-0.0026307401712983847,-0.0011494184145703912,0.0027507280465215445,-0.0010222631972283125,-0.0006210952997207642,6.765779835404828e-05,0.00039439983083866537,-0.01830386370420456,-0.2701937258243561,0.011712703853845596,-0.18273165822029114,-0.03570973873138428,0.05714566260576248,-0.008708372712135315,-0.11281049996614456,0.030062906444072723,-0.05335729941725731,-0.0607854500412941,0.21842247247695923,0.11792949587106705,-0.24783551692962646,-0.11281049996614456,0.030062906444072723,-0.05335729941725731,-0.0607854500412941,0.21842247247695923,0.11792949587106705,-0.24783551692962646,-0.11281049996614456,0.030062906444072723,-0.05335729941725731,-0.0607854500412941,0.21842247247695923,0.11792949587106705,-0.24783551692962646
23.366000000000003,0.0016672862693667412,0.0016672862693667412,nan,nan,nan,nan,-0.05085749179124832,0.0,0.0,0.1965181827545166,0.0,0.0,0.0,0.0,0.00800000037997961,0.0430000014603138,64.0,0.13101673126220703,3.8529727458953857,0.013046897947788239,20.52132225036621,-0.0023438725620508194,0.0007901419885456562,0.0031340145505964756,-0.00045127992052584887,0.7250720858573914,0.01839202642440796,0.21691420674324036,9.0,1.0,0.0,0.0,0.0016672750934958458,-1.1175870895385742e-08,nan,0.003163711866363883,-0.05690211057662964,0.19230681657791138,-0.0388118214905262,0.07980622351169586,0.1488451510667801,0.036058299243450165,-0.13582992553710938,-0.04557820409536362,0.15403644740581512,-0.031088005751371384,0.06392423808574677,0.119223952293396,0.028882453218102455,-0.10879884660243988,-0.0957951545715332,0.3133688271045685,-0.06567027419805527,0.1286042183637619,0.2543359100818634,0.0611904002726078,-0.2360108643770218,-0.0022355937398970127,-0.0011502675479277968,0.002356249373406172,-0.0010170616442337632,-0.0006295745843090117,6.750183092663065e-05,0.00039986768388189375,-0.012385278940200806,-0.2705645263195038,0.011239282786846161,-0.19547706842422485,-0.04993540048599243,0.07416614890098572,0.0031239688396453857,-0.10818043351173401,0.04280431196093559,-0.054430991411209106,-0.06687285006046295,0.20440050959587097,0.13535654544830322,-0.2328868955373764,-0.10818043351173401,0.04280431196093559,-0.054430991411209106,-0.06687285006046295,0.20440050959587097,0.13535654544830322,-0.2328868955373764,-0.10818043351173401,0.04280431196093559,-0.054430991411209106,-0.06687285006046295,0.20440050959587097,0.13535654544830322,-0.2328868955373764
23.434,0.001503954641520977,0.001503954641520977,nan,nan,nan,nan,-0.056082334369421005,0.0,0.0,0.19822479784488678,0.0,0.0,0.0,0.0,0.006000000052154064,0.009999999776482582,64.0,0.1326332688331604,2.5083673000335693,0.010653398931026459,11.137337684631348,-0.0018284195102751255,-0.0008680373430252075,0.000960382167249918,0.0,0.579092800617218,0.015449084341526031,0.18362464010715485,9.0,1.0,0.0,0.0,0.0015039453282952309,-9.313225746154785e-09,nan,0.0026156771928071976,-0.04989971965551376,0.24926230311393738,-0.02156958542764187,0.13320045173168182,0.03491772711277008,-0.01594965159893036,-0.07547897845506668,-0.0157923586666584,0.07888700813055038,-0.006826383527368307,0.04215553402900696,0.011050828732550144,-0.0050477758049964905,-0.02388773113489151,-0.09167700260877609,0.332949697971344,-0.053405407816171646,0.1283828318119049,0.1691717505455017,0.08299592137336731,-0.19393718242645264,-0.00038802309427410364,-0.0011598285054787993,0.0005128512857481837,-0.0010145582491531968,-0.0006518972222693264,6.772016058675945e-05,0.000415139104006812,-0.002632416784763336,-0.29854774475097656,0.011975035071372986,-0.21454554796218872,-0.03410743176937103,0.07659381628036499,0.01354728639125824,-0.09430941939353943,0.03440196067094803,-0.04143037274479866,-0.08616272360086441,0.13506431877613068,0.1595897376537323,-0.1803898960351944,-0.09430941939353943,0.03440196067094803,-0.04143037274479866,-0.08616272360086441,0.13506431877613068,0.1595897376537323,-0.1803898960351944,-0.09430941939353943,0.03440196067094803,-0.04143037274479866,-0.08616272360086441,0.13506431877613068,0.1595897376537323,-0.1803898960351944
23.555000000000003,0.0014700563624501228,0.0014700563624501228,nan,nan,nan,nan,-0.060612186789512634,0.0,-9.313225746154785e-10,0.19875504076480865,0.0,0.0,0.0,0.0,0.008999999612569809,0.020999999716877937,64.0,0.13340537250041962,29.67366600036621,0.016019679605960846,41.789512634277344,-0.0018785507418215275,-0.001077468041330576,0.0008010817691683769,-0.0009252025047317147,0.3096708059310913,0.013373056426644325,0.24837443232536316,9.0,1.0,0.0,0.0,0.0014700470492243767,-9.313225746154785e-09,nan,0.002340426202863455,-0.04989971965551376,0.24926230311393738,-0.02156958542764187,0.13320045173168182,0.03491772711277008,-0.01594965159893036,-0.07547897845506668,-0.02823673002421856,0.14104993641376495,-0.012205570936203003,0.075374074280262,0.019758878275752068,-0.009025421924889088,-0.042711254209280014,-0.08298395574092865,0.35303622484207153,-0.0426478236913681,0.16428613662719727,0.10973010212182999,0.02871760167181492,-0.1527087539434433,-0.0007743198657408357,-0.0011650079395622015,0.0008985130698420107,-0.00101316103246063,-0.0006616708124056458,6.710917659802362e-05,0.0004213061765767634,-0.0013221129775047302,-0.3225198984146118,0.008886337280273438,-0.26353150606155396,-0.0379040464758873,0.13936291635036469,0.0145149827003479,-0.08430606871843338,0.030516311526298523,-0.033761486411094666,-0.0992453545331955,0.07182605564594269,0.16808052361011505,-0.1381937712430954,-0.08430606871843338,0.030516311526298523,-0.033761486411094666,-0.0992453545331955,0.07182605564594269,0.16808052361011505,-0.1381937712430954,-0.08430606871843338,0.030516311526298523,-0.033761486411094666,-0.0992453545331955,0.07182605564594269,0.16808052361011505,-0.1381937712430954
23.636999999999997,0.0013726884499192238,0.0013726884499192238,nan,nan,nan,nan,-0.06866908818483353,1.0,-5.587935447692871e-09,0.19766508042812347,0.0,0.0,0.0,0.0,0.0020000000949949026,0.02500000037252903,64.0,0.13461436331272125,2.466559410095215,0.01034606248140335,10.835480690002441,-0.0015388880856335163,-0.0012720178347080946,0.000266864662989974,-0.00102996826171875,0.1753864884376526,0.00769300339743495,0.14884835481643677,9.0,1.0,0.0,0.0,0.00137267354875803,-1.4901161193847656e-08,nan,0.0020987929310649633,-0.06538267433643341,0.2239130735397339,-0.034514740109443665,0.04635907709598541,0.04878688603639603,0.1336820274591446,-0.10952881723642349,-0.04252500459551811,0.14563344419002533,-0.022448446601629257,0.03015202470123768,0.031731072813272476,0.08694702386856079,-0.07123773545026779,-0.09352383762598038,0.3977905511856079,-0.046083368360996246,0.1722632646560669,0.0910288393497467,0.056932345032691956,-0.15847861766815186,0.00019398159929551184,-0.001166200847364962,-7.06447463016957e-05,-0.001002004835754633,-0.0006721735117025673,5.95820092712529e-05,0.0004295401740819216,0.036186110228300095,-0.37649005651474,0.034128338098526,-0.23848199844360352,-0.12371291220188141,0.05108135938644409,0.10354919731616974,-0.05733772739768028,0.021300509572029114,-0.01195502933114767,-0.06621874123811722,-0.032684076577425,0.10801370441913605,-0.05492942035198212,-0.05733772739768028,0.021300509572029114,-0.01195502933114767,-0.06621874123811722,-0.032684076577425,0.10801370441913605,-0.05492942035198212,-0.05664615333080292,0.018787259235978127,-0.011364156380295753,-0.06693131476640701,-0.03485690429806709,0.10712404549121857,-0.0530177466571331
23.736,0.0013773320242762566,0.0013773320242762566,nan,nan,nan,nan,-0.07063678652048111,1.0,-8.469214662909508e-09,0.1959904432296753,0.0,0.0,0.0,0.0,0.004000000189989805,0.00800000037997961,64.0,0.13543352484703064,8.171636581420898,0.017191283404827118,17.082651138305664,0.00026411880389787257,-0.0008886079303920269,-0.0011527352035045624,0.0,-0.10806494206190109,0.008152493275702,0.12607990205287933,9.0,1.0,0.0,0.0,0.0013773264363408089,-5.587935447692871e-09,nan,0.003972691483795643,-0.06538267433643341,0.2239130735397339,-0.034514740109443665,0.04635907709598541,0.04878688603639603,0.1336820274591446,-0.10952881723642349,-0.06043555960059166,0.2069709151983261,-0.0319032184779644,0.042851366102695465,0.045095473527908325,0.1235671117901802,-0.10124143213033676,-0.10772345215082169,0.4038260281085968,-0.05538545921444893,0.12410449981689453,0.08994942158460617,0.1597646325826645,-0.1812722384929657,0.0007535810000263155,-0.0011645969934761524,-0.000628899724688381,-0.0009940635645762086,-0.0006727626314386725,5.3162591939326376e-05,0.0004324298643041402,0.07949113100767136,-0.4001189172267914,0.06330283731222153,-0.16412068903446198,-0.22411403059959412,-0.09104390442371368,0.20691317319869995,-0.02823232114315033,0.00370711088180542,0.007917380891740322,-0.040016189217567444,-0.13416460156440735,0.0687207281589508,0.025640927255153656,-0.02823232114315033,0.00370711088180542,0.007917380891740322,-0.040016189217567444,-0.13416460156440735,0.0687207281589508,0.025640927255153656,-0.027327878400683403,0.0005695181898772717,0.00862138345837593,-0.040882959961891174,-0.1368907392024994,0.06757747381925583,0.028045037761330605
23.852999999999998,0.0012818938121199608,0.0012818938121199608,nan,nan,nan,nan,-0.06606973707675934,1.0,-3.725290298461914e-09,0.19412167370319366,0.0,0.0,0.0,0.0,0.008999999612569809,0.01600000075995922,64.0,0.13569161295890808,4.901852607727051,0.01891516149044037,14.414239883422852,-0.0008154548704624176,-0.0007609578897245228,5.449325544759631e-05,0.001247040810994804,-0.1472710520029068,0.009618397802114487,0.0684567466378212,9.0,1.0,0.0,0.0,0.0012818807736039162,-1.30385160446167e-08,nan,0.002343343570828438,-0.038512252271175385,0.25027307868003845,-0.010683129541575909,0.14967584609985352,-0.0016004469944164157,-0.04994295910000801,-0.029433822259306908,-0.01867900788784027,0.12138611078262329,-0.005181474611163139,0.07259497791528702,-0.0007762402528896928,-0.024223066866397858,-0.014275834895670414,-0.08356443047523499,0.38197246193885803,-0.03693440556526184,0.16362664103507996,0.046327054500579834,0.05635213106870651,-0.11673559248447418,0.0010302518494427204,-0.0011657447321340442,-0.0009076789719983935,-0.0009867832995951176,-0.0006763138808310032,4.287763294996694e-05,0.0004354956327006221,0.0621531717479229,-0.3756513297557831,0.04473987966775894,-0.20433036983013153,-0.21112748980522156,0.014586985111236572,0.16335421800613403,-0.021411258727312088,0.006321139633655548,0.007805473171174526,-0.040703728795051575,-0.16480043530464172,0.07093911617994308,0.04661863297224045,-0.021411258727312088,0.006321139633655548,0.007805473171174526,-0.040703728795051575,-0.16480043530464172,0.07093911617994308,0.04661863297224045,-0.020995767787098885,0.004936065524816513,0.008097812533378601,-0.04107118025422096,-0.16600437462329865,0.07040397077798843,0.04768235608935356
23.930000000000003,0.0012881094589829445,0.0012881094589829445,nan,nan,nan,nan,-0.07597886025905609,0.0,-1.1641532182693481e-10,0.19284695386886597,0.0,0.0,0.0,0.0,0.007000000216066837,0.009999999776482582,64.0,0.1356988102197647,5.004697322845459,0.030805356800556183,13.51421070098877,-0.0015283391112461686,-0.0004441212513484061,0.0010842178016901016,0.0,-0.05457589402794838,0.011624356731772423,0.14435343444347382,9.0,1.0,0.0,0.0,0.0012880926951766014,-1.6763806343078613e-08,nan,0.0017011710442602634,-0.038512252271175385,0.25027307868003845,-0.010683129541575909,0.14967584609985352,-0.0016004469944164157,-0.04994295910000801,-0.029433822259306908,-0.04182291403412819,0.27178749442100525,-0.011601491831243038,0.16254255175590515,-0.0017380275530740619,-0.05423624813556671,-0.03196406364440918,-0.08012846857309341,0.44142261147499084,-0.028998222202062607,0.23208661377429962,0.021185964345932007,-0.022821810096502304,-0.08726706355810165,0.0008970564231276512,-0.0011615685652941465,-0.0007744288304820657,-0.0009795182850211859,-0.0006755787180736661,3.604275480029173e-05,0.00043598085176199675,0.07380112260580063,-0.4348113536834717,0.04700155183672905,-0.22099639475345612,-0.23374786972999573,0.007360641844570637,0.17725512385368347,-0.006327347364276648,0.0066112615168094635,0.018003329634666443,0.011090215295553207,-0.21256190538406372,-0.015461168251931667,0.08998806029558182,-0.006327347364276648,0.0066112615168094635,0.018003329634666443,0.011090215295553207,-0.21256190538406372,-0.015461168251931667,0.08998806029558182,-0.006327347364276648,0.0066112615168094635,0.018003329634666443,0.011090215295553207,-0.21256190538406372,-0.015461168251931667,0.08998806029558182
24.029,0.0010903282091021538,0.0010903282091021538,nan,nan,nan,nan,-0.08606881648302078,0.0,-5.820766091346741e-11,0.19255921244621277,0.0,0.0,0.0,0.0,0.010999999940395355,0.03799999877810478,64.0,0.13567791879177094,3.744875907897949,0.014560297131538391,24.258453369140625,-0.0005561654106713831,-0.001550444751046598,-0.0009942793985828757,-0.00383092206902802,-0.09121189266443253,0.012301528826355934,0.0979195311665535,9.0,1.0,0.0,0.0,0.0010903188958764076,-9.313225746154785e-09,nan,0.001444406108930707,-0.06144087389111519,0.22989681363105774,-0.027631724253296852,0.05331850424408913,0.04999997839331627,0.13362759351730347,-0.09700395911931992,-0.06616316735744476,0.24756649136543274,-0.029755474999547005,0.05741652101278305,0.0538429357111454,0.14389808475971222,-0.10445959866046906,-0.08831111341714859,0.49320968985557556,-0.030492408201098442,0.258803129196167,0.021317962557077408,-0.022761790081858635,-0.09269588440656662,0.0010723540326580405,-0.0011597531847655773,-0.0009521584142930806,-0.0009745262796059251,-0.0006746985600329936,2.518732253520284e-05,0.00043477280996739864,0.07664784044027328,-0.49093639850616455,0.04454420879483223,-0.2645319402217865,-0.24839463829994202,0.011140342801809311,0.1846781075000763,-0.011663274839520454,0.0022733062505722046,0.014051801525056362,-0.0057287998497486115,-0.2270766794681549,-0.011621447280049324,0.09198223054409027,-0.011663274839520454,0.0022733062505722046,0.014051801525056362,-0.0057287998497486115,-0.2270766794681549,-0.011621447280049324,0.09198223054409027,-0.011663274839520454,0.0022733062505722046,0.014051801525056362,-0.0057287998497486115,-0.2270766794681549,-0.011621447280049324,0.09198223054409027
24.099999999999998,0.001123332418501377,0.001123332418501377,nan,nan,nan,nan,-0.09648434817790985,1.0,-1.4901161193847656e-08,0.19275407493114471,0.0,0.0,0.0,0.0,0.004000000189989805,0.019999999552965164,64.0,0.13559481501579285,2.713223934173584,0.014467164874076843,10.631001472473145,0.0029931864701211452,-0.0002442265395075083,-0.0032374279107898474,0.0018462538719177246,-0.3079664707183838,0.015779562294483185,0.10779722034931183,9.0,1.0,0.0,0.0,0.0011233286932110786,-3.725290298461914e-09,nan,0.00519517669454217,-0.06144087389111519,0.22989681363105774,-0.027631724253296852,0.05331850424408913,0.04999997839331627,0.13362759351730347,-0.09700395911931992,-0.09952142089605331,0.3723849654197693,-0.04475763812661171,0.08636487275362015,0.08098955452442169,0.2164488583803177,-0.15712620317935944,-0.1223117858171463,0.5356879830360413,-0.05058560520410538,0.19346706569194794,0.07530470937490463,0.1630333960056305,-0.1707065850496292,0.0012965262867510319,-0.0011632521636784077,-0.0011771571589633822,-0.0009784073336049914,-0.0006743101985193789,2.3362594220088795e-05,0.0004337461432442069,0.12499254196882248,-0.5500763058662415,0.07379410415887833,-0.19658207893371582,-0.352923721075058,-0.18179824948310852,0.29981738328933716,0.002680755453184247,-0.014388322830200195,0.0232085008174181,-0.003115006722509861,-0.27761900424957275,-0.018764853477478027,0.12911079823970795,0.002680755453184247,-0.014388322830200195,0.0232085008174181,-0.003115006722509861,-0.27761900424957275,-0.018764853477478027,0.12911079823970795,0.004623912274837494,-0.021096527576446533,0.024453921243548393,-0.005154485814273357,-0.28308767080307007,-0.02117343805730343,0.13386565446853638
24.181,0.0012500705197453499,0.0012500705197453499,nan,nan,nan,nan,-0.07359005510807037,0.0,5.820766091346741e-11,0.1920381784439087,0.0,0.0,0.0,0.0,0.006000000052154064,0.01899999938905239,64.0,0.13592828810214996,3.935333251953125,0.013927929103374481,12.984625816345215,-0.0008537875837646425,0.0008523270371370018,0.001706114737316966,0.003188358386978507,-0.2917647063732147,0.01219127606600523,0.18557101488113403,9.0,1.0,0.0,0.0,0.0012500518932938576,-1.862645149230957e-08,nan,0.00215819850564003,-0.04838418960571289,0.22000429034233093,-0.019161930307745934,0.13353882730007172,0.10106464475393295,-0.042072080075740814,-0.09525315463542938,-0.035654064267873764,0.162120059132576,-0.014120330102741718,0.09840408712625504,0.0744740292429924,-0.031002704054117203,-0.07019156962633133,-0.09646168351173401,0.42950767278671265,-0.03915702924132347,0.20211346447467804,0.12132258713245392,0.03597981855273247,-0.15871936082839966,0.0011588906636461616,-0.0011600302532315254,-0.0010397958103567362,-0.000973356538452208,-0.0006729477318003774,1.6800089724711142e-05,0.0004327341739553958,0.08861912786960602,-0.42561665177345276,0.054457101970911026,-0.18878453969955444,-0.34685570001602173,-0.06020332872867584,0.2453828752040863,-0.00784255750477314,0.0038910210132598877,0.015300072729587555,0.013328932225704193,-0.22553309798240662,-0.024223512038588524,0.08666351437568665,-0.00784255750477314,0.0038910210132598877,0.015300072729587555,0.013328932225704193,-0.22553309798240662,-0.024223512038588524,0.08666351437568665,-0.00784255750477314,0.0038910210132598877,0.015300072729587555,0.013328932225704193,-0.22553309798240662,-0.024223512038588524,0.08666351437568665
24.258,0.0012806234881281853,0.0012806234881281853,nan,nan,nan,nan,-0.07532671093940735,0.0,1.1641532182693481e-10,0.19242842495441437,0.0,0.0,0.0,0.0,0.007000000216066837,0.013000000268220901,64.0,0.1362258642911911,3.2769999504089355,0.011871568858623505,12.658208847045898,-0.0011616594856604934,0.0005580176366493106,0.0017196772387251258,0.0,-0.3192142844200134,0.009354532696306705,0.14402025938034058,9.0,1.0,0.0,0.0,0.0012806085869669914,-1.4901161193847656e-08,nan,0.002031526295468211,-0.04838418960571289,0.22000429034233093,-0.019161930307745934,0.13353882730007172,0.10106464475393295,-0.042072080075740814,-0.09525315463542938,-0.05598295480012894,0.2545560896396637,-0.022171322256326675,0.15451116859912872,0.11693690717220306,-0.048679523169994354,-0.11021272093057632,-0.09803581237792969,0.4416510760784149,-0.03925776854157448,0.24156314134597778,0.16850242018699646,-0.03101213648915291,-0.17889142036437988,0.0009023103630170226,-0.0011556941317394376,-0.0007838482270017266,-0.0009676290792413056,-0.0006702133687213063,1.042476469592657e-05,0.0004306021728552878,0.08465643227100372,-0.43531376123428345,0.053664810955524445,-0.23362182080745697,-0.3411634564399719,0.004262151196599007,0.24202397465705872,-0.01337937917560339,0.006337329745292664,0.014407042413949966,0.007941314950585365,-0.17266105115413666,-0.0267499852925539,0.06313255429267883,-0.01337937917560339,0.006337329745292664,0.014407042413949966,0.007941314950585365,-0.17266105115413666,-0.0267499852925539,0.06313255429267883,-0.01337937917560339,0.006337329745292664,0.014407042413949966,0.007941314950585365,-0.17266105115413666,-0.0267499852925539,0.06313255429267883
24.348000000000003,0.0012999391183257103,0.0012999391183257103,nan,nan,nan,nan,-0.08443766087293625,0.0,0.0,0.19310206174850464,0.0,0.0,0.0,0.0,0.0020000000949949026,0.02199999988079071,64.0,0.13651800155639648,4.136331558227539,0.012907199561595917,13.181907653808594,-0.0011328859254717827,0.0004475518362596631,0.0015804377617314458,0.0,-0.2875575125217438,0.007510362658649683,0.1534680724143982,9.0,1.0,0.0,0.0,0.001299927942454815,-1.1175870895385742e-08,nan,0.002164182486012578,-0.04838418960571289,0.22000429034233093,-0.019161930307745934,0.13353882730007172,0.10106464475393295,-0.042072080075740814,-0.09525315463542938,-0.07914754003286362,0.35988613963127136,-0.03134535625576973,0.21844470500946045,0.16532298922538757,-0.06882210820913315,-0.1558164656162262,-0.10889371484518051,0.49289798736572266,-0.043361276388168335,0.2847372591495514,0.20769459009170532,-0.06514116376638412,-0.20669016242027283,0.000871865137014538,-0.001152259181253612,-0.0007543097017332911,-0.0009655046160332859,-0.0006657030899077654,4.820621143153403e-06,0.0004263963783159852,0.08869756758213043,-0.4854733347892761,0.056345757097005844,-0.27911075949668884,-0.345076322555542,0.030688967555761337,0.24956561625003815,-0.02019614353775978,0.007424637675285339,0.012984481640160084,0.005626503378152847,-0.13738174736499786,-0.03445219621062279,0.04287545382976532,-0.02019614353775978,0.007424637675285339,0.012984481640160084,0.005626503378152847,-0.13738174736499786,-0.03445219621062279,0.04287545382976532,-0.02019614353775978,0.007424637675285339,0.012984481640160084,0.005626503378152847,-0.13738174736499786,-0.03445219621062279,0.04287545382976532
24.407,0.0012689391151070595,0.0012689391151070595,nan,nan,nan,nan,-0.09686178714036942,1.0,-1.1641532182693481e-10,0.19384564459323883,0.0,0.0,0.0,0.0,0.008999999612569809,0.013000000268220901,64.0,0.1369575411081314,3.1554455757141113,0.01256261020898819,11.856860160827637,-0.0009628316620364785,-4.419893230078742e-05,0.0009186326060444117,0.0,-0.2608916759490967,0.0064400071278214455,0.18058648705482483,9.0,1.0,0.0,0.0,0.0012689298018813133,-9.313225746154785e-09,nan,0.002121896715834737,-0.058107640594244,0.2277820110321045,-0.021947037428617477,0.05659373849630356,0.05985209345817566,0.13981860876083374,-0.08901020139455795,-0.09731066226959229,0.3814578950405121,-0.03675387054681778,0.09477538615465164,0.10023202747106552,0.23414891958236694,-0.14906199276447296,-0.12660442292690277,0.5608060956001282,-0.04987215995788574,0.30185291171073914,0.23048394918441772,-0.022528402507305145,-0.23548796772956848,0.0009184004156850278,-0.0011519344989210367,-0.0008018731023184955,-0.0009667701669968665,-0.0006616217433474958,3.015662741745473e-07,0.00042269693221896887,0.10010556876659393,-0.5531765222549438,0.06151024252176285,-0.2996824383735657,-0.346120685338974,-0.01695617288351059,0.26301702857017517,-0.026498854160308838,0.007629577070474625,0.011638082563877106,0.002170473337173462,-0.11563672870397568,-0.039484575390815735,0.02752905711531639,-0.026498854160308838,0.007629577070474625,0.011638082563877106,0.002170473337173462,-0.11563672870397568,-0.039484575390815735,0.02752905711531639,-0.026498854160308838,0.007629571482539177,0.011638082563877106,0.0021704682148993015,-0.11563672870397568,-0.039484571665525436,0.02752905897796154
24.495,0.0012853024527430534,0.0012853024527430534,nan,nan,nan,nan,-0.07768229395151138,1.0,-1.30385160446167e-08,0.19443248212337494,0.0,0.0,0.0,0.0,0.003000000026077032,0.019999999552965164,64.0,0.13711190223693848,4.66020393371582,0.018469057977199554,13.434244155883789,0.0022149174474179745,0.00016381952445954084,-0.0020511108450591564,0.0009382143616676331,-0.49223172664642334,0.007388204801827669,0.1807153970003128,9.0,1.0,0.0,0.0,0.0012852950021624565,-7.450580596923828e-09,nan,0.005387258715927601,-0.05097375810146332,0.15071959793567657,-0.02463039569556713,0.09415683150291443,0.18062569200992584,-0.02662038989365101,-0.14791493117809296,-0.03121614083647728,0.09230012446641922,-0.015083563514053822,0.05766129121184349,0.11061450093984604,-0.01630222797393799,-0.09058254957199097,-0.11061452329158783,0.4344215989112854,-0.0461018905043602,0.22166231274604797,0.24167101085186005,0.015477187931537628,-0.2327771931886673,0.0007974326726980507,-0.00115045509301126,-0.0006812098436057568,-0.0009661951917223632,-0.0006592257414013147,-8.646658216093783e-07,0.0004208814352750778,0.09346839785575867,-0.4408506751060486,0.06779099255800247,-0.21063221991062164,-0.3605537712574005,-0.07189413905143738,0.272650808095932,-0.017146125435829163,-0.0064290910959243774,0.021689103916287422,0.01103009283542633,-0.11888275295495987,-0.05641695111989975,0.039873622357845306,-0.017146125435829163,-0.0064290910959243774,0.021689103916287422,0.01103009283542633,-0.11888275295495987,-0.05641695111989975,0.039873622357845306,-0.01534312590956688,-0.012688754126429558,0.02305016666650772,0.009394712746143341,-0.12386571615934372,-0.05931813642382622,0.04423617944121361
24.611,0.0013818060979247093,0.0013818060979247093,nan,nan,nan,nan,-0.0636095181107521,1.0,-1.979060471057892e-09,0.19452188909053802,0.0,0.0,0.0,0.0,0.004000000189989805,0.017000000923871994,64.0,0.137638121843338,3.6267004013061523,0.012001954019069672,31.887605667114258,-0.0019476433517411351,0.0006859635468572378,0.002633604919537902,0.0018382114358246326,0.270976185798645,0.00307332631200552,0.15607351064682007,9.0,1.0,0.0,0.0,0.001381794922053814,-1.1175870895385742e-08,nan,0.001825599349103868,-0.05097375810146332,0.15071959793567657,-0.02463039569556713,0.09415683150291443,0.18062569200992584,-0.02662038989365101,-0.14791493117809296,-0.06348929554224014,0.18772563338279724,-0.030677873641252518,0.11727506667375565,0.22497454285621643,-0.03315646946430206,-0.18423233926296234,-0.10932232439517975,0.3815435469150543,-0.04883468523621559,0.21135205030441284,0.3057694733142853,-0.0173176322132349,-0.26933249831199646,0.0007805312052369118,-0.0011479560052976012,-0.0006644506356678903,-0.0009632395231164992,-0.0006552258273586631,-5.2937630243832245e-06,0.0004181486729066819,0.06918047368526459,-0.3644660413265228,0.05200814828276634,-0.2179751694202423,-0.3309158682823181,0.010633489117026329,0.23471051454544067,-0.04014185070991516,0.0170774944126606,0.0031734637450426817,-0.006623111665248871,-0.025146406143903732,-0.006684143096208572,-0.03462198004126549,-0.04014185070991516,0.0170774944126606,0.0031734637450426817,-0.006623111665248871,-0.025146406143903732,-0.006684143096208572,-0.03462198004126549,-0.039840321987867355,0.016009720042347908,0.0034095472656190395,-0.0069045391865074635,-0.02598598226904869,-0.0071809799410402775,-0.033888474106788635
24.680000000000003,0.0012557683512568474,0.0012557683512568474,nan,nan,nan,nan,-0.0654844343662262,0.0,0.0002999408170580864,0.1941707879304886,0.0,0.0,0.0,0.0,0.012000000104308128,0.020999999716877937,64.0,0.13850723206996918,2.889984369277954,0.012789852917194366,11.64156436920166,-0.001567512284964323,-0.0008018160588108003,0.0010656369850039482,0.0,0.8037896752357483,0.005931139923632145,0.0689752995967865,9.0,1.0,0.0,0.0,0.001255757175385952,-1.1175870895385742e-08,nan,0.0011268293019384146,-0.05097375810146332,0.15071959793567657,-0.02463039569556713,0.09415683150291443,0.18062569200992584,-0.02662038989365101,-0.14791493117809296,-0.09303867816925049,0.27509745955467224,-0.044956061989068985,0.1718575656414032,0.329682856798172,-0.04858824983239174,-0.26997828483581543,-0.12503527104854584,0.39651915431022644,-0.05858175456523895,0.2352912724018097,0.40552496910095215,-0.047004081308841705,-0.3407955467700958,0.0010484422091394663,-0.0011435127817094326,-0.0009329666499979794,-0.0009587487438693643,-0.00064615230076015,-1.1956200978602283e-05,0.00041231492650695145,0.08106523752212524,-0.38014063239097595,0.0558236762881279,-0.2232033908367157,-0.3496491611003876,0.010254230350255966,0.2556875944137573,-0.04397003725171089,0.01637851819396019,-0.0027580787427723408,0.012087874114513397,0.05587581917643547,-0.03674985095858574,-0.0851079672574997,-0.04397003725171089,0.01637851819396019,-0.0027580787427723408,0.012087874114513397,0.05587581917643547,-0.03674985095858574,-0.0851079672574997,-0.04397003725171089,0.01637851819396019,-0.0027580787427723408,0.012087874114513397,0.05587581917643547,-0.03674985095858574,-0.0851079672574997
24.81,0.0009792754426598549,0.0009792754426598549,nan,nan,nan,nan,-0.060373082756996155,0.0,0.0011209765216335654,0.19322212040424347,0.0,0.0,0.0,0.0,0.007000000216066837,0.023000000044703484,64.0,0.13958248496055603,3.0717811584472656,0.015323050320148468,12.416324615478516,0.0009939869632944465,-0.0020802957005798817,-0.0019533061422407627,0.0,0.7617206573486328,0.008860248140990734,0.07245520502328873,9.0,1.0,0.0,0.0,0.0009792586788535118,-1.6763806343078613e-08,nan,0.001162928412668407,-0.05011463910341263,0.12473754584789276,-0.02770061232149601,0.06817730516195297,0.19956927001476288,0.005423278082162142,-0.16326755285263062,-0.012716216966509819,0.031651224941015244,-0.007028824649751186,0.017299484461545944,0.05063921585679054,0.0013761165319010615,-0.04142792522907257,-0.11939223110675812,0.3594766855239868,-0.05777481198310852,0.21581070125102997,0.4109957814216614,-0.044622913002967834,-0.34074994921684265,0.0018277046037837863,-0.0011468329466879368,-0.0017122930148616433,-0.000962780206464231,-0.000640248297713697,-1.1982780051766895e-05,0.000409301690524444,0.08799653500318527,-0.35708388686180115,0.05196915194392204,-0.17699357867240906,-0.3120923936367035,-0.045966751873493195,0.2364368736743927,-0.031395696103572845,0.002392794005572796,-0.005805659107863903,0.038817115128040314,0.09890339523553848,-0.09058966487646103,-0.10431307554244995,-0.031395696103572845,0.002392794005572796,-0.005805659107863903,0.038817115128040314,0.09890339523553848,-0.09058966487646103,-0.10431307554244995,-0.031395696103572845,0.002392794005572796,-0.005805659107863903,0.038817115128040314,0.09890339523553848,-0.09058966487646103,-0.10431307554244995
24.904999999999998,0.0010971566662192345,0.0010971566662192345,nan,nan,nan,nan,-0.04589976742863655,1.0,-1.7462298274040222e-09,0.19146054983139038,0.0,0.0,0.0,0.0,0.0020000000949949026,0.020999999716877937,64.0,0.14051833748817444,3.568814992904663,0.012111850082874298,12.353431701660156,-0.0003804493462666869,7.51109910197556e-05,0.0004555585910566151,0.002440419979393482,0.7968059182167053,0.010800096206367016,0.051519930362701416,9.0,1.0,0.0,0.0,0.0010971492156386375,-7.450580596923828e-09,nan,0.00169026805087924,-0.05011463910341263,0.12473754584789276,-0.02770061232149601,0.06817730516195297,0.19956927001476288,0.005423278082162142,-0.16326755285263062,-0.03460673987865448,0.08613770455121994,-0.019128700718283653,0.047079943120479584,0.13781285285949707,0.0037450529634952545,-0.11274465918540955,-0.09981933236122131,0.27925848960876465,-0.05111124739050865,0.16219159960746765,0.3656390607357025,-0.017647746950387955,-0.30136120319366455,0.0019217787776142359,-0.0011425850680097938,-0.001804744708351791,-0.0009571851696819067,-0.0006375106167979538,-1.383746257488383e-05,0.00040941211045719683,0.07437281310558319,-0.26791778206825256,0.04181805998086929,-0.10334453731775284,-0.23430345952510834,-0.08860379457473755,0.18251392245292664,-0.025446515530347824,0.011340700089931488,-0.009293187409639359,0.05884706228971481,0.13133560121059418,-0.1062515377998352,-0.11884728074073792,-0.025446515530347824,0.011340700089931488,-0.009293187409639359,0.05884706228971481,0.13133560121059418,-0.1062515377998352,-0.11884728074073792,-0.025113631039857864,0.01035338081419468,-0.009127435274422169,0.05859057232737541,0.13057026267051697,-0.10671587288379669,-0.11817797273397446
24.993,0.0010262643918395042,0.0010262643918395042,nan,nan,nan,nan,-0.04535937309265137,0.0,0.0,0.19439910352230072,0.0,0.0,0.0,0.0,0.0,0.01600000075995922,64.0,0.14111024141311646,4.557099342346191,0.01769140362739563,17.16391944885254,0.002188835758715868,-0.00031392794335260987,-0.002502763643860817,-0.0008060596301220357,0.6896452903747559,0.011471317149698734,0.124759241938591,9.0,1.0,0.0,0.0,0.0010262513533234596,-1.30385160446167e-08,nan,0.0037430105730891228,-0.05011463910341263,0.12473754584789276,-0.02770061232149601,0.06817730516195297,0.19956927001476288,0.005423278082162142,-0.16326755285263062,-0.04973794147372246,0.12379993498325348,-0.027492394670844078,0.06766483932733536,0.19806915521621704,0.00538251269608736,-0.16204030811786652,-0.09772919118404388,0.2587876617908478,-0.05197001248598099,0.1462651640176773,0.37311094999313354,-0.00377227202989161,-0.3063676059246063,0.0021606190130114555,-0.00114437413867563,-0.002043729880824685,-0.0009649956482462585,-0.0006343660061247647,-5.217321358941263e-06,0.0004066154651809484,0.09037082642316818,-0.2646876275539398,0.04632297158241272,-0.07069268822669983,-0.24378050863742828,-0.13446612656116486,0.2016415297985077,-0.007358368020504713,-0.00589996762573719,-0.005647039040923119,0.07557247579097748,0.12933044135570526,-0.13823840022087097,-0.10472606867551804,-0.007358368020504713,-0.00589996762573719,-0.005647039040923119,0.07557247579097748,0.12933044135570526,-0.13823840022087097,-0.10472606867551804,-0.007358368020504713,-0.00589996762573719,-0.005647039040923119,0.07557247579097748,0.12933044135570526,-0.13823840022087097,-0.10472606867551804
25.068,0.001164526678621769,0.001164526678621769,nan,nan,nan,nan,-0.04918067157268524,1.0,-8.847564458847046e-09,0.19642241299152374,0.0,0.0,0.0,0.0,0.006000000052154064,0.017999999225139618,64.0,0.14171934127807617,3.4790430068969727,0.01666136085987091,12.680028915405273,0.004786444827914238,0.0011782809160649776,-0.003608172759413719,0.0050332811661064625,0.615871787071228,0.012056832201778889,0.1689060628414154,9.0,1.0,0.0,0.0,0.001164519228041172,-7.450580596923828e-09,nan,0.0071541848592460155,-0.05011463910341263,0.12473754584789276,-0.02770061232149601,0.06817730516195297,0.19956927001476288,0.005423278082162142,-0.16326755285263062,-0.061211422085762024,0.15235792100429535,-0.0338343009352684,0.08327366411685944,0.24375946819782257,0.0066241431050002575,-0.1994195431470871,-0.10317325592041016,0.26506125926971436,-0.05593910068273544,0.14743609726428986,0.40231865644454956,0.003537711687386036,-0.3297351598739624,0.002068781526759267,-0.0011452509788796306,-0.0019514005398377776,-0.0009711721795611084,-0.0006330840406008065,2.8787910650862614e-06,0.00040568617987446487,0.10429534316062927,-0.28071558475494385,0.052406229078769684,-0.06304100155830383,-0.2664963901042938,-0.15546730160713196,0.22718262672424316,0.0011220835149288177,-0.0156543105840683,-0.00353286974132061,0.08439509570598602,0.13582226634025574,-0.1519295871257782,-0.10255252569913864,0.0011220835149288177,-0.0156543105840683,-0.00353286974132061,0.08439509570598602,0.13582226634025574,-0.1519295871257782,-0.10255252569913864,0.0030742944218218327,-0.021509507670998573,-0.0025520273484289646,0.08279088139533997,0.13127745687961578,-0.15446490049362183,-0.09858924150466919
25.145999999999997,0.0013592271134257317,0.0013592271134257317,nan,nan,nan,nan,-0.036668770015239716,0.0,2.3283064365386963e-10,0.19857157766819,0.0,0.0,0.0,0.0,0.0,0.013000000268220901,64.0,0.1430373340845108,3.996065855026245,0.01399219036102295,11.430721282958984,-0.001119306543841958,0.001911413506604731,0.003030720166862011,0.0,0.8419868350028992,0.012898338958621025,0.1703438013792038,9.0,1.0,0.0,0.0,0.0013592178001999855,-9.313225746154785e-09,nan,0.002411573426797986,-0.0512484610080719,0.1331266462802887,-0.02944268472492695,0.055448658764362335,0.1901664435863495,0.04861568287014961,-0.16487178206443787,-0.01796308346092701,0.04666218161582947,-0.010319946333765984,0.019435293972492218,0.06665518879890442,0.017040269449353218,-0.057789161801338196,-0.08691687881946564,0.2235582321882248,-0.04813240468502045,0.11370544135570526,0.33406269550323486,0.02989102154970169,-0.2788282334804535,0.0015637316973879933,-0.0011420324444770813,-0.001445483067072928,-0.0009738818043842912,-0.0006324921851046383,1.3744650459557306e-05,0.00040434859693050385,0.06701944023370743,-0.20915018022060394,0.03275839984416962,-0.04947192221879959,-0.1531587392091751,-0.11746794730424881,0.13327720761299133,-0.01989743858575821,0.0144080501049757,-0.01537400297820568,0.06423351913690567,0.18090395629405975,-0.08757692575454712,-0.14555102586746216,-0.01989743858575821,0.0144080501049757,-0.01537400297820568,0.06423351913690567,0.18090395629405975,-0.08757692575454712,-0.14555102586746216,-0.01989743858575821,0.0144080501049757,-0.01537400297820568,0.06423351913690567,0.18090395629405975,-0.08757692575454712,-0.14555102586746216
25.212,0.001674511469900608,0.001674511469900608,nan,nan,nan,nan,-0.03242852911353111,0.0,2.3283064365386963e-10,0.20043018460273743,0.0,0.0,0.0,0.0,0.004999999888241291,0.012000000104308128,64.0,0.14414522051811218,2.6387908458709717,0.010536983609199524,11.224889755249023,-0.002671758411452174,0.0030423603020608425,0.00571411894634366,0.0,0.914807140827179,0.013633809052407742,0.1941414177417755,9.0,1.0,0.0,0.0,0.0016744928434491158,-1.862645149230957e-08,nan,0.0027831830084323883,-0.0512484610080719,0.1331266462802887,-0.02944268472492695,0.055448658764362335,0.1901664435863495,0.04861568287014961,-0.16487178206443787,-0.02542676404118538,0.06605036556720734,-0.014607895165681839,0.02751067839562893,0.09435048699378967,0.024120518937706947,-0.08180062472820282,-0.07972679287195206,0.2060350626707077,-0.04493730142712593,0.0957157239317894,0.3013896942138672,0.05036044865846634,-0.25610846281051636,0.0011602725135162473,-0.0011383617529645562,-0.0010380364255979657,-0.000977141666226089,-0.0006303510162979364,2.7471969588077627e-05,0.00040389690548181534,0.04079703986644745,-0.18023791909217834,0.020407050848007202,-0.07127021253108978,-0.09935887157917023,-0.059214867651462555,0.08268117904663086,-0.03892975300550461,0.025797145441174507,-0.02453025057911873,0.024445507675409317,0.20203082263469696,-0.008854418992996216,-0.1734272837638855,-0.03892975300550461,0.025797145441174507,-0.02453025057911873,0.024445507675409317,0.20203082263469696,-0.008854418992996216,-0.1734272837638855,-0.03892975300550461,0.025797145441174507,-0.02453025057911873,0.024445507675409317,0.20203082263469696,-0.008854418992996216,-0.1734272837638855
25.333000000000002,0.0017164750024676323,0.0017164750024676323,nan,nan,nan,nan,-0.03295600041747093,0.0,-9.313225746154785e-10,0.20077985525131226,0.0,0.0,0.0,0.0,0.0010000000474974513,0.01899999938905239,64.0,0.1459001898765564,5.985011577606201,0.019875355064868927,18.277271270751953,-0.002904889639467001,0.0007554636104032397,0.003660352434962988,0.0,0.918796718120575,0.012478936463594437,0.1954004019498825,9.0,1.0,0.0,0.0,0.0017164619639515877,-1.30385160446167e-08,nan,0.0028035836294293404,-0.0512484610080719,0.1331266462802887,-0.02944268472492695,0.055448658764362335,0.1901664435863495,0.04861568287014961,-0.16487178206443787,-0.03407495096325874,0.0885155126452446,-0.019576353952288628,0.0368676483631134,0.1264411062002182,0.032324422150850296,-0.1096227616071701,-0.08102372288703918,0.2100093960762024,-0.04617306962609291,0.09176461398601532,0.303059458732605,0.06590179353952408,-0.26049667596817017,0.0013643032871186733,-0.0011378739727661014,-0.0012397567043080926,-0.0009802961722016335,-0.0006302185356616974,3.6849869502475485e-05,0.0004046284593641758,0.04744378477334976,-0.18460719287395477,0.0254791472107172,-0.06665432453155518,-0.11837276816368103,-0.064725361764431,0.10128816962242126,-0.03357993811368942,0.02540220506489277,-0.02069392241537571,0.025110293179750443,0.18468669056892395,0.0011764299124479294,-0.1592085063457489,-0.03357993811368942,0.02540220506489277,-0.02069392241537571,0.025110293179750443,0.18468669056892395,0.0011764299124479294,-0.1592085063457489,-0.03357993811368942,0.02540220506489277,-0.02069392241537571,0.025110293179750443,0.18468669056892395,0.0011764299124479294,-0.1592085063457489
25.456999999999997,0.0013508414849638939,0.0013508414849638939,nan,nan,nan,nan,-0.037240978330373764,0.0,2.3283064365386963e-10,0.19916267693042755,0.0,0.0,0.0,0.0,0.003000000026077032,0.010999999940395355,64.0,0.14713463187217712,3.2361745834350586,0.016670674085617065,14.569985389709473,-0.0010961780790239573,-0.0021491018123924732,-0.0010529235005378723,0.0,0.8751512765884399,0.010379565879702568,0.1674039512872696,9.0,1.0,0.0,0.0,0.0013508135452866554,-2.7939677238464355e-08,nan,0.0023675141856074333,-0.0512484610080719,0.1331266462802887,-0.02944268472492695,0.055448658764362335,0.1901664435863495,0.04861568287014961,-0.16487178206443787,-0.04570493847131729,0.11872639507055283,-0.02625788189470768,0.04945080354809761,0.16959622502326965,0.04335694760084152,-0.14703768491744995,-0.08693552017211914,0.2255917489528656,-0.04975219815969467,0.09616662561893463,0.3238256871700287,0.07684025168418884,-0.27959591150283813,0.002371924463659525,-0.0011422747047618032,-0.0022477484308183193,-0.0009868551278486848,-0.0006244397372938693,4.032944343634881e-05,0.00040145678212866187,0.07433926314115524,-0.2130919247865677,0.03318324685096741,-0.05383804813027382,-0.17033295333385468,-0.10230368375778198,0.1511256843805313,-0.012596256099641323,0.012499822303652763,-0.016568951308727264,0.04232857748866081,0.153492733836174,-0.02546343207359314,-0.12847022712230682,-0.012596256099641323,0.012499822303652763,-0.016568951308727264,0.04232857748866081,0.153492733836174,-0.02546343207359314,-0.12847022712230682,-0.012596256099641323,0.012499822303652763,-0.016568951308727264,0.04232857748866081,0.153492733836174,-0.02546343207359314,-0.12847022712230682
25.549000000000003,0.001295412890613079,0.001295412890613079,nan,nan,nan,nan,-0.04347504302859306,1.0,-1.7462298274040222e-09,0.20049673318862915,0.0,0.0,0.0,0.0,0.003000000026077032,0.010999999940395355,64.0,0.14801324903964996,3.191288471221924,0.012541189789772034,21.180301666259766,-0.0005432780599221587,-0.00038443144876509905,0.00015884486492723227,0.0036807560827583075,0.8312962055206299,0.009334523230791092,0.13699181377887726,9.0,1.0,0.0,0.0,0.0012953942641615868,-1.862645149230957e-08,nan,0.002540636109188199,-0.05551442876458168,0.1900119036436081,-0.025799928233027458,0.0639311820268631,0.136443093419075,0.10159564763307571,-0.1308525949716568,-0.029497534036636353,0.10096263140439987,-0.013708764687180519,0.03396976739168167,0.07249889522790909,0.05398274213075638,-0.06952839344739914,-0.0836816355586052,0.25215601921081543,-0.043341994285583496,0.0944884642958641,0.2581203877925873,0.11397849023342133,-0.23280279338359833,0.002603956265375018,-0.0011427233694121242,-0.0024799539241939783,-0.0009927566861733794,-0.0006210677674971521,4.8983234592014924e-05,0.00039846880827099085,0.06915231049060822,-0.2412654310464859,0.022112809121608734,-0.07929763197898865,-0.12118950486183167,-0.09083667397499084,0.10967495292425156,-0.014529322274029255,0.010890588164329529,-0.021229185163974762,0.015190832316875458,0.13693088293075562,0.02314181625843048,-0.12312784045934677,-0.014529322274029255,0.010890588164329529,-0.021229185163974762,0.015190832316875458,0.13693088293075562,0.02314181625843048,-0.12312784045934677,-0.014040013775229454,0.009557570330798626,-0.02105819061398506,0.014798345975577831,0.13585439324378967,0.022686690092086792,-0.12219379097223282
25.615,0.001379246823489666,0.001379246823489666,nan,nan,nan,nan,-0.0499594584107399,0.0,1.1641532182693481e-10,0.20099253952503204,0.0,0.0,0.0,0.0,0.007000000216066837,0.007000000216066837,64.0,0.1488230675458908,3.231639862060547,0.013451091945171356,11.11245346069336,-0.001825708313845098,0.0003916581626981497,0.0022173665929585695,0.0,0.827785313129425,0.007792618591338396,0.12442559748888016,9.0,1.0,0.0,0.0,0.001379239372909069,-7.450580596923828e-09,nan,0.0017697711009532213,-0.05551442876458168,0.1900119036436081,-0.025799928233027458,0.0639311820268631,0.136443093419075,0.10159564763307571,-0.1308525949716568,-0.04573512077331543,0.15653979778289795,-0.021255066618323326,0.05266919359564781,0.11240756511688232,0.08369876444339752,-0.10780186951160431,-0.09099547564983368,0.29350119829177856,-0.04462190344929695,0.10380636900663376,0.2511286437511444,0.14600783586502075,-0.23311521112918854,0.0025504385121166706,-0.0011430715676397085,-0.0024244231171905994,-0.0009954922134056687,-0.0006236520712263882,5.588339263340458e-05,0.0004000613116659224,0.08098017424345016,-0.2785088121891022,0.024936441332101822,-0.09488944709300995,-0.14619430899620056,-0.09862742573022842,0.13191276788711548,-0.01001529861241579,0.014992395415902138,-0.01968546211719513,0.00891692191362381,0.10493433475494385,0.04738041013479233,-0.10120243579149246,-0.01001529861241579,0.014992395415902138,-0.01968546211719513,0.00891692191362381,0.10493433475494385,0.04738041013479233,-0.10120243579149246,-0.01001529861241579,0.014992395415902138,-0.01968546211719513,0.00891692191362381,0.10493433475494385,0.04738041013479233,-0.10120243579149246
25.693,0.0013513369485735893,0.0013513369485735893,nan,nan,nan,nan,-0.06488145142793655,1.0,-3.3178366720676422e-09,0.20082341134548187,0.0,0.0,0.0,0.0,0.00800000037997961,0.017000000923871994,64.0,0.14950327575206757,3.345089912414551,0.012882985174655914,12.104717254638672,-0.0004377919831313193,-0.0001898678601719439,0.0002479208051227033,-0.001007800456136465,0.6823286414146423,0.005439660977572203,0.1415884792804718,9.0,1.0,0.0,0.0,0.0013513276353478432,-9.313225746154785e-09,nan,0.0029874821193516254,-0.046663932502269745,0.23545251786708832,-0.018337611109018326,0.0690450668334961,0.05036047101020813,0.1471504420042038,-0.055602800101041794,-0.05440470948815346,0.2745102047920227,-0.021379519253969193,0.08049850165843964,0.05871444195508957,0.17156027257442474,-0.06482638418674469,-0.1006288155913353,0.36595383286476135,-0.046433329582214355,0.12129932641983032,0.23395881056785583,0.1993451863527298,-0.22403940558433533,0.002536437939852476,-0.0011434964835643768,-0.002409423468634486,-0.0009974780259653926,-0.0006250384030863643,6.029484575265087e-05,0.0004009470867458731,0.10278068482875824,-0.3586648106575012,0.029978103935718536,-0.12423305958509445,-0.18479371070861816,-0.12192085385322571,0.1629912555217743,0.002151869237422943,0.007289007306098938,-0.01645522564649582,-0.0029337331652641296,0.04916509613394737,0.07742433249950409,-0.06104814261198044,0.002151869237422943,0.007289007306098938,-0.01645522564649582,-0.0029337331652641296,0.04916509613394737,0.07742433249950409,-0.06104814261198044,0.0032099084928631783,0.00445801205933094,-0.016115617007017136,-0.0037713763304054737,0.04684729874134064,0.07649467140436172,-0.05904071778059006
25.898,0.0012264484539628029,0.0012264484539628029,nan,nan,nan,nan,-0.0800432413816452,0.0,0.0011108112521469593,0.19795219600200653,0.0,0.0,0.0,0.0,0.008999999612569809,0.10599999874830246,64.0,0.15025675296783447,3.7633776664733887,0.010874122381210327,13.901735305786133,-0.00022916313901077956,-0.0012633681762963533,7.660617120563984e-05,-0.0012583046918734908,0.22964005172252655,0.006904365494847298,0.09202366322278976,9.0,1.0,0.0,0.0,0.0012264316901564598,-1.6763806343078613e-08,nan,0.0013765232870355248,-0.0502999983727932,0.247807115316391,-0.015310779213905334,0.08849125355482101,0.05038084462285042,0.10595053434371948,-0.06505900621414185,-0.029676394537091255,0.14620321989059448,-0.009033175185322762,0.05220877006649971,0.02972409315407276,0.06250953674316406,-0.038384031504392624,-0.1030893474817276,0.45417147874832153,-0.042878687381744385,0.14238280057907104,0.1679704636335373,0.261753648519516,-0.17142753303050995,0.002740442054346204,-0.001144069479778409,-0.002613122807815671,-0.0009986802469938993,-0.0006257144850678742,6.157212919788435e-05,0.0004013116704300046,0.12336502969264984,-0.4555004835128784,0.031583212316036224,-0.1674610674381256,-0.20879411697387695,-0.13463902473449707,0.18002693355083466,0.02027568407356739,-0.0013290178030729294,-0.011295473203063011,-0.025078270584344864,-0.040823645889759064,0.12711462378501892,0.008599398657679558,0.02027568407356739,-0.0013290178030729294,-0.011295473203063011,-0.025078270584344864,-0.040823645889759064,0.12711462378501892,0.008599398657679558,0.02027568407356739,-0.0013290178030729294,-0.011295473203063011,-0.025078270584344864,-0.040823645889759064,0.12711462378501892,0.008599398657679558
25.968999999999998,0.0011881114915013313,0.0011881114915013313,nan,nan,nan,nan,-0.0856422632932663,1.0,-3.4924596548080444e-09,0.19711190462112427,0.0,0.0,0.0,0.0,0.008999999612569809,0.007000000216066837,64.0,0.15108078718185425,5.72803258895874,0.0193743035197258,21.809650421142578,0.0016228810418397188,-0.000754471227992326,-0.0023773557040840387,0.0,-0.17940589785575867,0.009673209860920906,0.06833066046237946,9.0,1.0,0.0,0.0,0.0011880965903401375,-1.4901161193847656e-08,nan,0.004120783414691687,-0.0502999983727932,0.247807115316391,-0.015310779213905334,0.08849125355482101,0.05038084462285042,0.10595053434371948,-0.06505900621414185,-0.05147618055343628,0.25360167026519775,-0.015668796375393867,0.09056046605110168,0.05155891925096512,0.10842800885438919,-0.06658030301332474,-0.10130689293146133,0.46891653537750244,-0.0372987799346447,0.1563219279050827,0.13783633708953857,0.23845799267292023,-0.1524367332458496,0.0032526785507798195,-0.0011423269752413034,-0.0031270631588995457,-0.0009935001144185662,-0.0006248510908335447,5.4958200053079054e-05,0.00040062854532152414,0.15147024393081665,-0.4823557138442993,0.032703548669815063,-0.16673150658607483,-0.26468414068222046,-0.13450372219085693,0.2340090274810791,0.050163350999355316,-0.013439185917377472,-0.004595230333507061,-0.010409578680992126,-0.12684781849384308,0.1039542704820633,0.08157230168581009,0.050163350999355316,-0.013439185917377472,-0.004595230333507061,-0.010409578680992126,-0.12684781849384308,0.1039542704820633,0.08157230168581009,0.05140870064496994,-0.016569627448916435,-0.004292057827115059,-0.011285977438092232,-0.12946045398712158,0.10284304618835449,0.08383454382419586
26.092000000000002,0.0011055292561650276,0.0011055292561650276,nan,nan,nan,nan,-0.09067268669605255,1.0,5.820766091346741e-11,0.19744721055030823,0.0,0.0,0.0,0.0,0.003000000026077032,0.03500000014901161,64.0,0.150760218501091,6.8286590576171875,0.015019439160823822,15.673882484436035,-0.00018930615624412894,-0.0005557473050430417,-0.00036644109059125185,-0.0002059553371509537,0.012421846389770508,0.0121741509065032,0.0636206641793251,9.0,1.0,0.0,0.0,0.0011055218055844307,-7.450580596923828e-09,nan,0.0017840707441791892,-0.045853715389966965,0.23463915288448334,-0.016216745600104332,0.07005983591079712,0.052698761224746704,0.14629819989204407,-0.05907807499170303,-0.07026566565036774,0.3595581650733948,-0.02485034056007862,0.10735882818698883,0.08075492829084396,0.22418555617332458,-0.09053051471710205,-0.10417937487363815,0.504728376865387,-0.037687331438064575,0.1600557267665863,0.13200421631336212,0.28378963470458984,-0.14678823947906494,0.003220595885068178,-0.0011453140759840608,-0.0030958056449890137,-0.0009954074630513787,-0.0006312496261671185,5.3166182624408975e-05,0.00040371064096689224,0.14388108253479004,-0.5108820199966431,0.02924463152885437,-0.20683908462524414,-0.2749025225639343,-0.11641080677509308,0.23023013770580292,0.03970171511173248,-0.006153620779514313,-0.008442699909210205,-0.04678335785865784,-0.1428983211517334,0.16737882792949677,0.08344189822673798,0.03970171511173248,-0.006153620779514313,-0.008442699909210205,-0.04678335785865784,-0.1428983211517334,0.16737882792949677,0.08344189822673798,0.03971712663769722,-0.006192311178892851,-0.008438987657427788,-0.04679402709007263,-0.14293068647384644,0.16736450791358948,0.08346991240978241
26.186000000000003,0.0011502960696816444,0.0011502960696816444,nan,nan,nan,nan,-0.08404408395290375,1.0,-1.3504177331924438e-08,0.19545449316501617,0.0,0.0,0.0,0.0,0.00800000037997961,0.02500000037252903,64.0,0.1507004052400589,4.5864386558532715,0.015489757061004639,14.695847511291504,0.004023444838821888,2.5158486096188426e-05,-0.003998300060629845,-0.00016227364540100098,-0.39374426007270813,0.014781579375267029,0.15412092208862305,9.0,1.0,0.0,0.0,0.001150275580585003,-2.0489096641540527e-08,nan,0.006326446309685707,-0.04630475118756294,0.24309958517551422,-0.010665473528206348,0.1329750269651413,0.07012054324150085,-0.009035076946020126,-0.07722581923007965,-0.034985873848199844,0.18367557227611542,-0.008058372884988785,0.10047020018100739,0.05298006162047386,-0.006826514378190041,-0.05834849923849106,-0.08942164480686188,0.4493347406387329,-0.027125196531414986,0.19045871496200562,0.12313169240951538,0.12756437063217163,-0.13627998530864716,0.0029307834338396788,-0.0011451735626906157,-0.002804885618388653,-0.0009901763405650854,-0.00063742307247594,4.830820398638025e-05,0.0004083507810719311,0.1606367528438568,-0.47362828254699707,0.03200243413448334,-0.19532978534698486,-0.3379073739051819,-0.04905542731285095,0.28682976961135864,0.07121510058641434,-0.02429354190826416,0.004877238534390926,-0.004871070384979248,-0.2147756963968277,0.07850894331932068,0.15054979920387268,0.07121510058641434,-0.02429354190826416,0.004877238534390926,-0.004871070384979248,-0.2147756963968277,0.07850894331932068,0.15054979920387268,0.07522765547037125,-0.03459566459059715,0.005976799875497818,-0.007648902013897896,-0.22341802716255188,0.07454802095890045,0.15803366899490356
26.258,0.001108444295823574,0.001108444295823574,nan,nan,nan,nan,-0.09149613976478577,1.0,-1.1175870895385742e-08,0.19549506902694702,0.0,0.0,0.0,0.0,0.00800000037997961,0.017000000923871994,64.0,0.1503506898880005,6.480288505554199,0.014201737940311432,15.567984580993652,0.005836211144924164,-0.00013910344569012523,-0.005975325591862202,-0.00012172933202236891,-0.4701436758041382,0.01563764177262783,0.16185466945171356,9.0,1.0,0.0,0.0,0.0011084238067269325,-2.0489096641540527e-08,nan,0.00787662249058485,-0.04630475118756294,0.24309958517551422,-0.010665473528206348,0.1329750269651413,0.07012054324150085,-0.009035076946020126,-0.07722581923007965,-0.05728720501065254,0.30075737833976746,-0.01319508720189333,0.1645137369632721,0.08675157278776169,-0.01117799524217844,-0.0955420657992363,-0.09377007186412811,0.48137179017066956,-0.025140229612588882,0.23329275846481323,0.13533514738082886,0.06037816405296326,-0.1494128555059433,0.0030732087325304747,-0.0011475655483081937,-0.0029491994064301252,-0.0009889868088066578,-0.0006444663158617914,4.127557622268796e-05,0.0004112458263989538,0.17143364250659943,-0.5190110206604004,0.035344477742910385,-0.22600337862968445,-0.3719469904899597,-0.03534013032913208,0.31565046310424805,0.07766357064247131,-0.03763921558856964,0.010204249061644077,0.007289379835128784,-0.23661182820796967,0.025038033723831177,0.16623759269714355,0.07766357064247131,-0.03763921558856964,0.010204249061644077,0.007289379835128784,-0.23661182820796967,0.025038033723831177,0.16623759269714355,0.08065944164991379,-0.04539196193218231,0.011038893833756447,0.005252651870250702,-0.24309030175209045,0.021861042827367783,0.1718360334634781
26.373,0.0012680711224675179,0.0012680711224675179,nan,nan,nan,nan,-0.10168871283531189,0.0,-4.656612873077393e-10,0.19750037789344788,0.0,0.0,0.0,0.0,0.007000000216066837,0.04399999976158142,64.0,0.14948856830596924,13.71299934387207,0.018100254237651825,21.379199981689453,0.0019933972507715225,0.0015772709157317877,-0.00041612680070102215,0.0018258155323565006,-0.41348522901535034,0.01296936348080635,0.1849563866853714,9.0,1.0,0.0,0.0,0.0012680543586611748,-1.6763806343078613e-08,nan,0.004981332458555698,-0.04529125988483429,0.24328115582466125,-0.014341920614242554,0.078944131731987,0.038194943219423294,0.1359570324420929,-0.04880520701408386,-0.06545300781726837,0.35157960653305054,-0.020726334303617477,0.11408670246601105,0.055197712033987045,0.19647933542728424,-0.0705312192440033,-0.10626550763845444,0.5545904636383057,-0.02709469012916088,0.27546659111976624,0.14973664283752441,0.053167276084423065,-0.16690056025981903,0.0026386138051748276,-0.0011517383391037583,-0.002514532068744302,-0.0009894610848277807,-0.0006563292117789388,3.608270708355121e-05,0.00041755620623007417,0.1590568870306015,-0.5758603811264038,0.036543283611536026,-0.2800544500350952,-0.36416223645210266,-0.030073506757616997,0.29888713359832764,0.052791375666856766,-0.021269913762807846,0.00944859255105257,-0.004587864503264427,-0.21442559361457825,0.02309376932680607,0.1319865733385086,0.052791375666856766,-0.021269913762807846,0.00944859255105257,-0.004587864503264427,-0.21442559361457825,0.02309376932680607,0.1319865733385086,0.052791375666856766,-0.021269913762807846,0.00944859255105257,-0.004587864503264427,-0.21442559361457825,0.02309376932680607,0.1319865733385086
26.435,0.001428983174264431,0.001428983174264431,nan,nan,nan,nan,-0.0967935174703598,0.0,-1.1641532182693481e-10,0.19866082072257996,0.0,0.0,0.0,0.0,0.006000000052154064,0.014999999664723873,64.0,0.14857083559036255,2.269369602203369,0.008672475814819336,15.101531982421875,-0.00144736107904464,0.0019571809098124504,0.0034045418724417686,0.0,-0.3059649169445038,0.012566645629703999,0.1772882640361786,9.0,1.0,0.0,0.0,0.001428966410458088,-1.6763806343078613e-08,nan,0.002517263637855649,-0.04729185253381729,0.18395252525806427,-0.016529010608792305,0.12452727556228638,0.14085711538791656,-0.06203679367899895,-0.12023065239191055,-0.01809091679751873,0.07036878168582916,-0.006322970148175955,0.047636378556489944,0.05388316139578819,-0.02373141422867775,-0.045992761850357056,-0.1056622862815857,0.5434718728065491,-0.030242405831813812,0.2423112988471985,0.143760085105896,0.12846070528030396,-0.15739892423152924,0.0014145924942567945,-0.0011531328782439232,-0.0012890271609649062,-0.0009890507208183408,-0.0006680769147351384,3.6250788980396464e-05,0.0004237193788867444,0.13920658826828003,-0.5450751781463623,0.04452073574066162,-0.25928330421447754,-0.35267797112464905,-0.0694509744644165,0.27748167514801025,0.033544305711984634,-0.0016033351421356201,0.01427832804620266,-0.01697199046611786,-0.20891788601875305,0.05900973081588745,0.12008274346590042,0.033544305711984634,-0.0016033351421356201,0.01427832804620266,-0.01697199046611786,-0.20891788601875305,0.05900973081588745,0.12008274346590042,0.033544305711984634,-0.0016033351421356201,0.01427832804620266,-0.01697199046611786,-0.20891788601875305,0.05900973081588745,0.12008274346590042
26.516000000000002,0.001513141207396984,0.001513141207396984,nan,nan,nan,nan,-0.08202823251485825,0.0,1.2783799320459366e-05,0.19926992058753967,0.0,0.0,0.0,0.0,0.007000000216066837,0.004000000189989805,64.0,0.14770226180553436,1.88364839553833,0.01033581793308258,13.926976203918457,0.0013646925799548626,0.0013412844855338335,-1.0624295100569725e-05,0.0,-0.5339690446853638,0.009895922616124153,0.22596751153469086,9.0,1.0,0.0,0.0,0.0015131374821066856,-3.725290298461914e-09,nan,0.005827293265610933,-0.04729185253381729,0.18395252525806427,-0.016529010608792305,0.12452727556228638,0.14085711538791656,-0.06203679367899895,-0.12023065239191055,-0.04948846995830536,0.19249679148197174,-0.017296751961112022,0.13031134009361267,0.1473996639251709,-0.06491828709840775,-0.12581513822078705,-0.09781285375356674,0.4495125412940979,-0.030700942501425743,0.23883815109729767,0.20223043859004974,0.010888751596212387,-0.19069775938987732,0.0011788037372753024,-0.0011530547635629773,-0.001054499065503478,-0.0009879396529868245,-0.0006725012790411711,2.9170965717639774e-05,0.00042484182631596923,0.10445654392242432,-0.4614170491695404,0.041228100657463074,-0.28946343064308167,-0.35727983713150024,0.07468950748443604,0.2610408365726471,0.006643687374889851,-0.01190449669957161,0.010527156293392181,-0.050625283271074295,-0.1550493985414505,0.08557825535535812,0.07034308463335037,0.006643687374889851,-0.01190449669957161,0.010527156293392181,-0.050625283271074295,-0.1550493985414505,0.08557825535535812,0.07034308463335037,0.006643687374889851,-0.01190449669957161,0.010527156293392181,-0.050625283271074295,-0.1550493985414505,0.08557825535535812,0.07034308463335037
26.590999999999998,0.001534995622932911,0.001534995622932911,nan,nan,nan,nan,-0.07974137365818024,1.0,-6.51925802230835e-09,0.19853825867176056,0.0,0.0,0.0,0.0,0.006000000052154064,0.014000000432133675,64.0,0.14731013774871826,6.449618339538574,0.015832483768463135,14.576106071472168,0.0015735374763607979,0.0008587215561419725,-0.0007148224394768476,0.0015961537137627602,-0.6590524911880493,0.005643675569444895,0.2067844420671463,9.0,1.0,0.0,0.0,0.0015349825844168663,-1.30385160446167e-08,nan,0.006203809753060341,-0.04729185253381729,0.18395252525806427,-0.016529010608792305,0.12452727556228638,0.14085711538791656,-0.06203679367899895,-0.12023065239191055,-0.07066969573497772,0.27488604187965393,-0.024699818342924118,0.18608500063419342,0.21048720180988312,-0.09270352125167847,-0.17966443300247192,-0.10432544350624084,0.4406096339225769,-0.03470545634627342,0.26526832580566406,0.2658066749572754,-0.06667214632034302,-0.235999196767807,0.0011405221885070205,-0.0011506358860060573,-0.0010177860967814922,-0.0009832618525251746,-0.0006720433593727648,2.2613161490880884e-05,0.00042355828918516636,0.09824788570404053,-0.44735169410705566,0.04688356816768646,-0.2898179888725281,-0.3631764054298401,0.09324105829000473,0.2664056420326233,-0.006077561527490616,-0.006742045283317566,0.01217811368405819,-0.02454967051744461,-0.09736974537372589,0.026568911969661713,0.030406435951590538,-0.006077561527490616,-0.006742045283317566,0.01217811368405819,-0.02454967051744461,-0.09736974537372589,0.026568911969661713,0.030406435951590538,-0.004960964899510145,-0.010534696280956268,0.012919772416353226,-0.025557324290275574,-0.10039470344781876,0.024837885051965714,0.032994646579027176
26.650000000000002,0.0015095872804522514,0.0015095872804522514,nan,nan,nan,nan,-0.08140655606985092,1.0,-8.149072527885437e-10,0.19808317720890045,0.0,0.0,0.0,0.0,0.003000000026077032,0.003000000026077032,64.0,0.1466488540172577,4.593997955322266,0.018127262592315674,13.293498992919922,-0.0018186996458098292,0.0002535991370677948,0.0020722979679703712,0.0,-0.0001699146960163489,0.004010732751339674,0.14955289661884308,9.0,1.0,0.0,0.0,0.0015095742419362068,-1.30385160446167e-08,nan,0.002664142055436969,-0.04729185253381729,0.18395252525806427,-0.016529010608792305,0.12452727556228638,0.14085711538791656,-0.06203679367899895,-0.12023065239191055,-0.08934848755598068,0.347541481256485,-0.031228257343173027,0.23526935279369354,0.2661213278770447,-0.11720610409975052,-0.2271517515182495,-0.11579860746860504,0.471848726272583,-0.03939133882522583,0.2991088032722473,0.3172561824321747,-0.10871350020170212,-0.27640876173973083,0.0011170859215781093,-0.0011498468229547143,-0.0009956452995538712,-0.0009793569333851337,-0.0006725307903252542,1.596290894667618e-05,0.0004240181588102132,0.0818001925945282,-0.45691779255867004,0.03750474378466606,-0.33487170934677124,-0.33654165267944336,0.15220098197460175,0.23705528676509857,-0.03399841859936714,0.014930924400687218,-0.0018865960882976651,-0.03576291725039482,-0.01928548514842987,0.043487485498189926,-0.03935347869992256,-0.03399841859936714,0.014930924400687218,-0.0018865960882976651,-0.03576291725039482,-0.01928548514842987,0.043487485498189926,-0.03935347869992256,-0.033877115696668625,0.014521827921271324,-0.0018077702261507511,-0.035870060324668884,-0.019609451293945312,0.04329516366124153,-0.03907621651887894
26.76,0.0013622334226965904,0.0013622334226965904,nan,nan,nan,nan,-0.09360891580581665,0.0,2.840207889676094e-05,0.19626502692699432,0.0,0.0,0.0,0.0,0.003000000026077032,0.008999999612569809,64.0,0.1464492231607437,3.446765184402466,0.012537464499473572,17.007368087768555,-0.000997607596218586,-0.001010366715490818,1.5642959624528885e-05,0.0,0.6471396684646606,0.004722319543361664,0.07969372719526291,9.0,1.0,0.0,0.0,0.0013622166588902473,-1.6763806343078613e-08,nan,0.002581323729828,-0.04729185253381729,0.18395252525806427,-0.016529010608792305,0.12452727556228638,0.14085711538791656,-0.06203679367899895,-0.12023065239191055,-0.11475174874067307,0.44635331630706787,-0.04010697081685066,0.3021603524684906,0.3417840600013733,-0.15052974224090576,-0.2917347848415375,-0.13703569769859314,0.5427827835083008,-0.04740320146083832,0.35819417238235474,0.39557304978370667,-0.16010384261608124,-0.3402005732059479,0.0015829670010134578,-0.001150449737906456,-0.0014614008832722902,-0.0009759030072018504,-0.0006707394495606422,9.119547030422837e-06,0.0004240921698510647,0.10100556164979935,-0.5311843156814575,0.04659273475408554,-0.3558591902256012,-0.3711372911930084,0.114266537129879,0.27104103565216064,-0.03603013604879379,0.011598482728004456,-0.0008104685693979263,0.002334974706172943,0.024435769766569138,-0.04583730548620224,-0.06915955245494843,-0.03603013604879379,0.011598482728004456,-0.0008104685693979263,0.002334974706172943,0.024435769766569138,-0.04583730548620224,-0.06915955245494843,-0.03603013604879379,0.011598482728004456,-0.0008104685693979263,0.002334974706172943,0.024435769766569138,-0.04583730548620224,-0.06915955245494843
26.852999999999998,0.0011464869603514671,0.0011464869603514671,nan,nan,nan,nan,-0.06364832073450089,0.0,0.0004971612943336368,0.1930471807718277,0.0,0.0,0.0,0.0,0.0010000000474974513,0.017999999225139618,64.0,0.14742280542850494,3.1531527042388916,0.013180077075958252,11.550488471984863,-0.0008742670761421323,-0.0019622440449893475,-0.0005908156745135784,0.0,0.7319075465202332,0.007221521344035864,0.052950140088796616,9.0,1.0,0.0,0.0,0.0011464813724160194,-5.587935447692871e-09,nan,0.0009679358918219805,-0.04711508750915527,0.14775893092155457,-0.017862923443317413,0.1096828356385231,0.1723036915063858,-0.07011856883764267,-0.13781465590000153,-0.027189722284674644,0.08527043461799622,-0.010308543220162392,0.06329704076051712,0.09943501651287079,-0.04046483710408211,-0.07953167706727982,-0.10362138599157333,0.3814074993133545,-0.037013474851846695,0.26079195737838745,0.3262311816215515,-0.13232272863388062,-0.27281954884529114,0.0025004083290696144,-0.0011466407449916005,-0.0023797720205038786,-0.0009683833923190832,-0.0006608701660297811,8.172460752575716e-07,0.0004196127993054688,0.07235489785671234,-0.3695710301399231,0.03131849318742752,-0.2346123605966568,-0.26987460255622864,0.04053562134504318,0.18665745854377747,-0.031266484409570694,0.011836458928883076,-0.005694979801774025,0.026179593056440353,0.05635657161474228,-0.09178710728883743,-0.08616208285093307,-0.031266484409570694,0.011836458928883076,-0.005694979801774025,0.026179593056440353,0.05635657161474228,-0.09178710728883743,-0.08616208285093307,-0.031266484409570694,0.011836458928883076,-0.005694979801774025,0.026179593056440353,0.05635657161474228,-0.09178710728883743,-0.08616208285093307
26.970000000000002,0.0011986931785941124,0.0011986931785941124,nan,nan,nan,nan,-0.05519889295101166,0.0,0.0,0.19231471419334412,0.0,0.0,0.0,0.0,0.006000000052154064,0.02500000037252903,64.0,0.14822743833065033,4.5189337730407715,0.01048017293214798,12.592418670654297,-0.0015935208648443222,-0.0003247394924983382,0.001268781372345984,-0.0006779283285140991,0.7877291440963745,0.009995652362704277,0.06541090458631516,9.0,1.0,0.0,0.0,0.001198682002723217,-1.1175870895385742e-08,nan,0.001090443693101406,-0.04711508750915527,0.14775893092155457,-0.017862923443317413,0.1096828356385231,0.1723036915063858,-0.07011856883764267,-0.13781465590000153,-0.052452560514211655,0.16449792683124542,-0.01988653838634491,0.1221083477139473,0.19182325899600983,-0.07806200534105301,-0.1534270942211151,-0.09949185699224472,0.3371860980987549,-0.036707185208797455,0.24033871293067932,0.3403403162956238,-0.13830611109733582,-0.2775175869464874,0.002458924427628517,-0.001144876005128026,-0.0023370233830064535,-0.000964555365499109,-0.0006576692103408277,-1.029957957143779e-06,0.00041920412331819534,0.07348766922950745,-0.3203764259815216,0.028032967820763588,-0.1860683262348175,-0.24897758662700653,0.0059377700090408325,0.17693361639976501,-0.026004185900092125,0.016809672117233276,-0.008674217388033867,0.05427038297057152,0.09136272966861725,-0.13236834108829498,-0.10058397054672241,-0.026004185900092125,0.016809672117233276,-0.008674217388033867,0.05427038297057152,0.09136272966861725,-0.13236834108829498,-0.10058397054672241,-0.026004185900092125,0.016809672117233276,-0.008674217388033867,0.05427038297057152,0.09136272966861725,-0.13236834108829498,-0.10058397054672241
27.075999999999997,0.0011303676292300224,0.0011303676292300224,nan,nan,nan,nan,-0.05701085552573204,0.0,-2.3283064365386963e-10,0.19537979364395142,0.0,0.0,0.0,0.0,0.008999999612569809,0.019999999552965164,64.0,0.1488650143146515,5.558111667633057,0.012052245438098907,14.308513641357422,-0.0005780670326203108,-0.0004543527902569622,0.00012371400953270495,0.0,0.7702879309654236,0.012640716508030891,0.1111135333776474,9.0,1.0,0.0,0.0,0.0011303452774882317,-2.2351741790771484e-08,nan,0.0016022362979128957,-0.04711508750915527,0.14775893092155457,-0.017862923443317413,0.1096828356385231,0.1723036915063858,-0.07011856883764267,-0.13781465590000153,-0.0643279030919075,0.20174050331115723,-0.024388881400227547,0.1497538685798645,0.23525233566761017,-0.09573536366224289,-0.18816323578357697,-0.1046994999051094,0.33836302161216736,-0.03929191082715988,0.2472086250782013,0.373541921377182,-0.15193456411361694,-0.30088114738464355,0.0025577142369002104,-0.001149023650214076,-0.0024373747874051332,-0.000977580901235342,-0.0006551003316417336,9.853649316937663e-06,0.00041511846939101815,0.08722958713769913,-0.32707637548446655,0.02905675768852234,-0.16820105910301208,-0.25565990805625916,-0.025019705295562744,0.19167208671569824,-0.017469914630055428,0.011286657303571701,-0.010235152207314968,0.07900755852460861,0.11788200587034225,-0.1769542694091797,-0.10920906811952591,-0.017469914630055428,0.011286657303571701,-0.010235152207314968,0.07900755852460861,0.11788200587034225,-0.1769542694091797,-0.10920906811952591,-0.017469914630055428,0.011286657303571701,-0.010235152207314968,0.07900755852460861,0.11788200587034225,-0.1769542694091797,-0.10920906811952591
27.166,0.001143953762948513,0.001143953762948513,nan,nan,nan,nan,-0.047802433371543884,0.0,0.0,0.19737358391284943,0.0,0.0,0.0,0.0,0.003000000026077032,0.01899999938905239,64.0,0.15005220472812653,6.880727767944336,0.011727213859558105,15.309127807617188,-0.00023345556110143661,-6.632588338106871e-06,0.00022682297276332974,0.0,0.7886772751808167,0.012594045139849186,0.14040808379650116,9.0,1.0,0.0,0.0,0.0011439332738518715,-2.0489096641540527e-08,nan,0.001981915906071663,-0.0506385862827301,0.15681567788124084,-0.021765505895018578,0.10280784219503403,0.16950151324272156,-0.041457634419202805,-0.14612285792827606,-0.021076802164316177,0.0652698501944542,-0.009059242904186249,0.04279069975018501,0.07054995000362396,-0.017255503684282303,-0.06081928312778473,-0.08820722252130508,0.2800576090812683,-0.034887704998254776,0.19737093150615692,0.30820178985595703,-0.10785956680774689,-0.2542186677455902,0.0026655131950974464,-0.0011485122377052903,-0.002543092705309391,-0.000987513456493616,-0.0006464426405727863,2.3967717424966395e-05,0.00041019803029485047,0.06761269271373749,-0.2698430120944977,0.020209787413477898,-0.12830711901187897,-0.17351604998111725,-0.049914807081222534,0.1321670264005661,-0.020594527944922447,0.010214593261480331,-0.014677917584776878,0.06906381249427795,0.13468573987483978,-0.15777437388896942,-0.12205164134502411,-0.020594527944922447,0.010214593261480331,-0.014677917584776878,0.06906381249427795,0.13468573987483978,-0.15777437388896942,-0.12205164134502411,-0.020594527944922447,0.010214593261480331,-0.014677917584776878,0.06906381249427795,0.13468573987483978,-0.15777437388896942,-0.12205164134502411
27.249,0.0012984620407223701,0.0012984620407223701,nan,nan,nan,nan,-0.04843556508421898,1.0,-3.725290298461914e-09,0.19916370511054993,0.0,0.0,0.0,0.0,0.008999999612569809,0.017000000923871994,64.0,0.15082676708698273,3.2522072792053223,0.013804063200950623,12.356613159179688,0.0029097944498062134,0.0010341061279177666,-0.0018756920471787453,0.00228579412214458,0.6974158883094788,0.011434558779001236,0.1935204565525055,9.0,1.0,0.0,0.0,0.0012984434142708778,-1.862645149230957e-08,nan,0.0060460930690169334,-0.0506385862827301,0.15681567788124084,-0.021765505895018578,0.10280784219503403,0.16950151324272156,-0.041457634419202805,-0.14612285792827606,-0.03047412820160389,0.09437113255262375,-0.013098406605422497,0.061869408935308456,0.10200542956590652,-0.02494906261563301,-0.08793623745441437,-0.08406481146812439,0.263700008392334,-0.03465469181537628,0.17960603535175323,0.2877137362957001,-0.0862371176481247,-0.2424250692129135,0.002411717316135764,-0.0011477144435048103,-0.002287384355440736,-0.0009893671376630664,-0.0006456695846281946,3.043554534087889e-05,0.00040990038542076945,0.07358618825674057,-0.26990288496017456,0.022708924487233162,-0.11411832273006439,-0.17330150306224823,-0.0701143890619278,0.13885150849819183,-0.01047862134873867,-0.006202876567840576,-0.01194576732814312,0.06548771262168884,0.11441223323345184,-0.1563515067100525,-0.10357356071472168,-0.01047862134873867,-0.006202876567840576,-0.01194576732814312,0.06548771262168884,0.11441223323345184,-0.1563515067100525,-0.10357356071472168,-0.0095796724781394,-0.008699184283614159,-0.01162468921393156,0.06480664759874344,0.11243830621242523,-0.1573975533246994,-0.101883664727211
27.3,0.0014004716649651527,0.0014004716649651527,nan,nan,nan,nan,-0.04954496771097183,1.0,-3.725290298461914e-09,0.20030544698238373,0.0,0.0,0.0,0.0,0.00800000037997961,0.017999999225139618,64.0,0.1517239809036255,3.3744397163391113,0.011799857020378113,11.157308578491211,0.0025833980180323124,0.0013321943115442991,-0.0012512074317783117,0.003082988318055868,0.711747944355011,0.010891911573708057,0.20816399157047272,9.0,1.0,0.0,0.0,0.0014004586264491081,-1.30385160446167e-08,nan,0.006328713148832321,-0.0506385862827301,0.15681567788124084,-0.021765505895018578,0.10280784219503403,0.16950151324272156,-0.041457634419202805,-0.14612285792827606,-0.04028391093015671,0.12474969774484634,-0.01731485314667225,0.08178549259901047,0.13484151661396027,-0.0329802967607975,-0.11624336987733841,-0.0868581011891365,0.2708905339241028,-0.03649526834487915,0.18140831589698792,0.29432499408721924,-0.0809844583272934,-0.2505514919757843,0.002530227415263653,-0.0011490959441289306,-0.0024043163284659386,-0.000994533533230424,-0.0006430919747799635,3.702544927364215e-05,0.0004085905384272337,0.07576583325862885,-0.2745940387248993,0.023408491164445877,-0.11998607218265533,-0.1798018366098404,-0.060402289032936096,0.14549477398395538,-0.011092266999185085,-0.003703504800796509,-0.013086778111755848,0.06142224371433258,0.11452315747737885,-0.1413867473602295,-0.10505671799182892,-0.011092266999185085,-0.003703504800796509,-0.013086778111755848,0.06142224371433258,0.11452315747737885,-0.1413867473602295,-0.10505671799182892,-0.009937942959368229,-0.0069010695442557335,-0.012682023458182812,0.060529399663209915,0.11199213564395905,-0.1426672786474228,-0.10289281606674194
27.421000000000003,0.0014636078849434853,0.0014636078849434853,nan,nan,nan,nan,-0.05215001106262207,1.0,-3.259629011154175e-09,0.20171643793582916,0.0,0.0,0.0,0.0,0.0020000000949949026,0.012000000104308128,64.0,0.1526193469762802,3.837296724319458,0.012391246855258942,11.952380180358887,0.0027818181551992893,0.0011775136226788163,-0.0016043077921494842,0.0032406921964138746,0.7111660838127136,0.010533089749515057,0.22678892314434052,9.0,1.0,0.0,0.0,0.0014635948464274406,-1.30385160446167e-08,nan,0.006886459421366453,-0.0506385862827301,0.15681567788124084,-0.021765505895018578,0.10280784219503403,0.16950151324272156,-0.041457634419202805,-0.14612285792827606,-0.04621831700205803,0.14312715828418732,-0.01986558362841606,0.09383369237184525,0.15470562875270844,-0.03783877566456795,-0.13336771726608276,-0.09111618995666504,0.28319546580314636,-0.03871191293001175,0.18771719932556152,0.30692437291145325,-0.0799180269241333,-0.26287853717803955,0.0024620371405035257,-0.001147388480603695,-0.0023341241758316755,-0.0009976213332265615,-0.0006396407261490822,4.527626879280433e-05,0.00040717507363297045,0.08152535557746887,-0.2890886664390564,0.025439370423555374,-0.12871871888637543,-0.19529379904270172,-0.05376386642456055,0.15894827246665955,-0.009590836241841316,-0.005893189460039139,-0.01327254343777895,0.058998480439186096,0.11163057386875153,-0.13368189334869385,-0.10393025726079941,-0.009590836241841316,-0.005893189460039139,-0.01327254343777895,0.058998480439186096,0.11163057386875153,-0.13368189334869385,-0.10393025726079941,-0.008788449689745903,-0.008113519288599491,-0.01299321185797453,0.058362726122140884,0.10987139493227005,-0.13452298939228058,-0.1024269387125969
27.49,0.001712190918624401,0.001712190918624401,nan,nan,nan,nan,-0.04472756385803223,0.0,0.0,0.20309744775295258,0.0,0.0,0.0,0.0,0.007000000216066837,0.014000000432133675,64.0,0.1545948088169098,3.4610097408294678,0.01657102257013321,13.581482887268066,-0.003020916599780321,0.0018469940405339003,0.004867910407483578,0.0,0.8309568166732788,0.010868481360375881,0.18280504643917084,9.0,1.0,0.0,0.0,0.0017121760174632072,-1.4901161193847656e-08,nan,0.002602841006591916,-0.05777418613433838,0.19241367280483246,-0.02797706238925457,0.08679144829511642,0.1413155496120453,0.044678375124931335,-0.13913090527057648,-0.02116645872592926,0.07049369812011719,-0.010249825194478035,0.0317973792552948,0.05177311971783638,0.016368607059121132,-0.05097274109721184,-0.08503486216068268,0.2713559865951538,-0.03801402077078819,0.1574704349040985,0.25714462995529175,-0.02217308059334755,-0.23018869757652283,0.002099408069625497,-0.0011450203601270914,-0.001968228258192539,-0.0010009355610236526,-0.0006374595104716718,5.7502191339153796e-05,0.00040629124850966036,0.05488835275173187,-0.24499189853668213,0.016575578600168228,-0.11623813211917877,-0.116767019033432,-0.05088980123400688,0.09438668191432953,-0.030146511271595955,0.026364082470536232,-0.021438442170619965,0.04123229905962944,0.14037761092185974,-0.07306288182735443,-0.1358020156621933,-0.030146511271595955,0.026364082470536232,-0.021438442170619965,0.04123229905962944,0.14037761092185974,-0.07306288182735443,-0.1358020156621933,-0.030146511271595955,0.026364082470536232,-0.021438442170619965,0.04123229905962944,0.14037761092185974,-0.07306288182735443,-0.1358020156621933
27.543000000000003,0.0017841579392552376,0.0017841579392552376,nan,nan,nan,nan,-0.048964038491249084,0.0,0.00021517532877624035,0.2037419229745865,0.0,0.0,0.0,0.0,0.003000000026077032,0.013000000268220901,64.0,0.15559375286102295,4.783250331878662,0.010244548320770264,12.815889358520508,-0.0007122575771063566,0.0014217137359082699,0.002349146641790867,0.0,0.7674567103385925,0.008746116422116756,0.20331242680549622,9.0,1.0,0.0,0.0,0.0017841486260294914,-9.313225746154785e-09,nan,0.0051300060003995895,-0.05777418613433838,0.19241367280483246,-0.02797706238925457,0.08679144829511642,0.1413155496120453,0.044678375124931335,-0.13913090527057648,-0.03433794900774956,0.11436060070991516,-0.016628099605441093,0.051584284752607346,0.08399055898189545,0.02655448392033577,-0.08269211649894714,-0.08684079349040985,0.2820604145526886,-0.04014098271727562,0.14841634035110474,0.24210643768310547,0.014031154103577137,-0.22447970509529114,0.002297848928719759,-0.0011445308336988091,-0.002165069105103612,-0.001002898789010942,-0.0006352306227199733,6.288685835897923e-05,0.0004051883006468415,0.06340965628623962,-0.2694978415966034,0.020837578922510147,-0.11992375552654266,-0.13008832931518555,-0.0664859488606453,0.10869182646274567,-0.023431137204170227,0.012562580406665802,-0.019303403794765472,0.02849258854985237,0.11201810836791992,-0.05245479196310043,-0.11578787863254547,-0.023431137204170227,0.012562580406665802,-0.019303403794765472,0.02849258854985237,0.11201810836791992,-0.05245479196310043,-0.11578787863254547,-0.023431137204170227,0.012562580406665802,-0.019303403794765472,0.02849258854985237,0.11201810836791992,-0.05245479196310043,-0.11578787863254547
27.645999999999997,0.0016198577359318733,0.0016198577359318733,nan,nan,nan,nan,-0.052541617304086685,0.0,-2.3283064365386963e-10,0.20388704538345337,0.0,0.0,0.0,0.0,-0.006000000052154064,0.014000000432133675,64.0,0.15644611418247223,10.247955322265625,0.011106021702289581,22.596525192260742,-0.00270974007435143,-0.0006791359046474099,0.002030604053288698,0.0,0.8133458495140076,0.007098166272044182,0.16401275992393494,9.0,1.0,0.0,0.0,0.0016198484227061272,-9.313225746154785e-09,nan,0.0023171943612396717,-0.05777418613433838,0.19241367280483246,-0.02797706238925457,0.08679144829511642,0.1413155496120453,0.044678375124931335,-0.13913090527057648,-0.049188386648893356,0.16381914913654327,-0.023819399997591972,0.07389339804649353,0.12031469494104385,0.03803873434662819,-0.118454709649086,-0.09446118772029877,0.3114149272441864,-0.04489274322986603,0.14989005029201508,0.244254931807518,0.04942796751856804,-0.23430560529232025,0.0029738186858594418,-0.001145089976489544,-0.002841646783053875,-0.001008775201626122,-0.000627851695753634,6.818117253715172e-05,0.0004001059860456735,0.0760677233338356,-0.28929245471954346,0.023069949820637703,-0.12553995847702026,-0.1568112075328827,-0.06806628406047821,0.1330002248287201,-0.018393464386463165,0.02212248183786869,-0.021822793409228325,0.02435009554028511,0.08744372427463531,-0.018638312816619873,-0.10130537301301956,-0.018393464386463165,0.02212248183786869,-0.021822793409228325,0.02435009554028511,0.08744372427463531,-0.018638312816619873,-0.10130537301301956,-0.018393464386463165,0.02212248183786869,-0.021822793409228325,0.02435009554028511,0.08744372427463531,-0.018638312816619873,-0.10130537301301956
27.772000000000002,0.0012796102091670036,0.0012796102091670036,nan,nan,nan,nan,-0.06939002871513367,1.0,-5.0640664994716644e-09,0.20331020653247833,0.0,0.0,0.0,0.0,0.007000000216066837,0.02199999988079071,64.0,0.15727747976779938,4.160953521728516,0.014454126358032227,30.667556762695312,0.0005170018994249403,-0.0021337729413062334,-0.0026507799047976732,-0.002915801480412483,0.5713556408882141,0.003526724874973297,0.140378937125206,9.0,1.0,0.0,0.0,0.001279604621231556,-5.587935447692871e-09,nan,0.0034318154212087393,-0.04994846135377884,0.2170475572347641,-0.02214982733130455,0.030249854549765587,0.04196840897202492,0.1820574253797531,-0.06390294432640076,-0.06752116233110428,0.29340848326683044,-0.029942503198981285,0.04089225456118584,0.05673358961939812,0.24610823392868042,-0.08638505637645721,-0.1048266664147377,0.3832155168056488,-0.04888144135475159,0.13005582988262177,0.20672617852687836,0.16990166902542114,-0.21623702347278595,0.00363501557148993,-0.0011461819522082806,-0.003504555206745863,-0.001017581089399755,-0.0006165738450363278,7.423278293572366e-05,0.0003921331372112036,0.10933484137058258,-0.37761178612709045,0.024001900106668472,-0.11721836030483246,-0.17414763569831848,-0.16366341710090637,0.15575139224529266,0.004508178681135178,0.005603723227977753,-0.024879541248083115,0.012837469577789307,0.03257853910326958,0.0062382519245147705,-0.06048562750220299,0.004508178681135178,0.005603723227977753,-0.024879541248083115,0.012837469577789307,0.03257853910326958,0.0062382519245147705,-0.06048562750220299,0.00629848288372159,0.0014026705175638199,-0.02461910806596279,0.011588002555072308,0.02919059246778488,0.00489279069006443,-0.05759419873356819
27.843,0.0012640124186873436,0.0012640124186873436,nan,nan,nan,nan,-0.06383100897073746,0.0,0.00023614591918885708,0.20279580354690552,0.0,0.0,0.0,0.0,0.0020000000949949026,0.010999999940395355,64.0,0.15895996987819672,7.946661472320557,0.020090490579605103,16.524066925048828,-0.0011262742336839437,-0.0010183564154431224,0.00034406373742967844,0.0,0.4820021986961365,0.004276698920875788,0.09991591423749924,9.0,1.0,0.0,0.0,0.0012640049681067467,-7.450580596923828e-09,nan,0.0014677622821182013,-0.05544725060462952,0.23512783646583557,-0.01796475239098072,0.0758582279086113,0.060325220227241516,0.12141070514917374,-0.08475615084171295,-0.028046537190675735,0.11893324553966522,-0.00908699817955494,0.03837089240550995,0.030513931065797806,0.06141241639852524,-0.04287167638540268,-0.0931079238653183,0.3607955574989319,-0.038448166102170944,0.11996623128652573,0.15274766087532043,0.17077025771141052,-0.1734115183353424,0.003909101244062185,-0.001145044108852744,-0.0037796925753355026,-0.0010209899628534913,-0.0006088803638704121,7.742408342892304e-05,0.0003867383347824216,0.10036195069551468,-0.3516429662704468,0.010801572352647781,-0.1350747048854828,-0.154879629611969,-0.1033608615398407,0.13293440639972687,0.007254024967551231,0.00915258377790451,-0.027646593749523163,-0.015108472667634487,-0.0021319675724953413,0.06740939617156982,-0.04047710821032524,0.007254024967551231,0.00915258377790451,-0.027646593749523163,-0.015108472667634487,-0.0021319675724953413,0.06740939617156982,-0.04047710821032524,0.007254024967551231,0.00915258377790451,-0.027646593749523163,-0.015108472667634487,-0.0021319675724953413,0.06740939617156982,-0.04047710821032524
27.941,0.0013867532834410667,0.0013867532834410667,nan,nan,nan,nan,-0.07034509629011154,1.0,-2.0954757928848267e-09,0.20114223659038544,0.0,0.0,0.0,0.0,0.006000000052154064,0.026000000536441803,64.0,0.15970344841480255,4.493522644042969,0.018619932234287262,14.806340217590332,-0.0025524229276925325,0.00018276734044775367,0.0027351882308721542,0.0008620464359410107,0.20308710634708405,0.006928775925189257,0.06499442458152771,9.0,1.0,0.0,0.0,0.0013867346569895744,-1.862645149230957e-08,nan,0.0010862312046810985,-0.05544725060462952,0.23512783646583557,-0.01796475239098072,0.0758582279086113,0.060325220227241516,0.12141070514917374,-0.08475615084171295,-0.053025033324956894,0.22485625743865967,-0.017179960384964943,0.07254435122013092,0.057689908891916275,0.11610686033964157,-0.08105357736349106,-0.09851149469614029,0.4036937952041626,-0.035336337983608246,0.13171342015266418,0.12841789424419403,0.20204003155231476,-0.16341786086559296,0.003733563469722867,-0.001145617221482098,-0.003601841162890196,-0.001018549082800746,-0.0006153249996714294,7.748030475340784e-05,0.000391524430597201,0.11689858138561249,-0.3893258273601532,0.01027035154402256,-0.16080541908740997,-0.1925782859325409,-0.08791554719209671,0.1649528592824936,0.0183870829641819,0.014367975294589996,-0.025065986439585686,-0.02909199893474579,-0.06416039913892746,0.11412448436021805,0.0015349937602877617,0.0183870829641819,0.014367975294589996,-0.025065986439585686,-0.02909199893474579,-0.06416039913892746,0.11412448436021805,0.0015349937602877617,0.018851714208722115,0.0132696982473135,-0.024995245039463043,-0.029411960393190384,-0.06505562365055084,0.11377150565385818,0.002296967664733529
28.014,0.0013010231778025627,0.0013010231778025627,nan,nan,nan,nan,-0.07980156689882278,0.0,-5.820766091346741e-10,0.199820876121521,0.0,0.0,0.0,0.0,0.003000000026077032,0.013000000268220901,64.0,0.16038471460342407,3.281757354736328,0.011580996215343475,11.805479049682617,-0.0019421909237280488,-0.0006087585352361202,0.0013334318064153194,0.0,0.09326624125242233,0.011128058657050133,0.07537747919559479,9.0,1.0,0.0,0.0,0.001301000826060772,-2.2351741790771484e-08,nan,0.001193682779558003,-0.044336386024951935,0.22930589318275452,-0.0202083270996809,0.043313540518283844,0.026022711768746376,0.1739237755537033,-0.047349713742733,-0.05427812412381172,0.2807241380214691,-0.02473972737789154,0.053025923669338226,0.031857896596193314,0.21292343735694885,-0.05796714127063751,-0.09655974060297012,0.4510855972766876,-0.03964356333017349,0.1105322390794754,0.0889144018292427,0.29457545280456543,-0.12970559298992157,0.004101814702153206,-0.0011432956671342254,-0.0039708479307591915,-0.001015466870740056,-0.0006131475092843175,7.361658208537847e-05,0.00039005171856842935,0.14514702558517456,-0.4466795325279236,0.01714976504445076,-0.14432311058044434,-0.2375996708869934,-0.15883797407150269,0.20023222267627716,0.04858727753162384,0.0044060684740543365,-0.022493798285722733,-0.03379087522625923,-0.1486852616071701,0.13573747873306274,0.07052662968635559,0.04858727753162384,0.0044060684740543365,-0.022493798285722733,-0.03379087522625923,-0.1486852616071701,0.13573747873306274,0.07052662968635559,0.04858727753162384,0.0044060684740543365,-0.022493798285722733,-0.03379087522625923,-0.1486852616071701,0.13573747873306274,0.07052662968635559
28.135,0.0010123467072844505,0.0010123467072844505,nan,nan,nan,nan,-0.07784853130578995,1.0,-2.561137080192566e-09,0.19933180510997772,0.0,0.0,0.0,0.0,0.0020000000949949026,0.01600000075995922,64.0,0.15991374850273132,3.3008241653442383,0.012935139238834381,39.45989227294922,0.0023802134674042463,-0.0014622610760852695,-0.003842477221041918,-0.0005167675553821027,-0.1868843138217926,0.01514045987278223,0.07050784677267075,9.0,1.0,0.0,0.0,0.0010123448446393013,-1.862645149230957e-09,nan,0.0037240879610180855,-0.05367739871144295,0.24351496994495392,-0.012788230553269386,0.1052485927939415,0.07847016304731369,0.057751938700675964,-0.08417565375566483,-0.019981512799859047,0.09064891189336777,-0.004760443232953548,0.039178989827632904,0.029210666194558144,0.021498268470168114,-0.03133454546332359,-0.088599294424057,0.41728490591049194,-0.032356470823287964,0.1211051195859909,0.09150712192058563,0.2292039841413498,-0.12121894955635071,0.0044792513363063335,-0.0011474579805508256,-0.0043520452454686165,-0.0010222545824944973,-0.0006095965509302914,7.083336095092818e-05,0.00038581143599003553,0.1734246164560318,-0.4391993582248688,0.009077444672584534,-0.15392981469631195,-0.31110066175460815,-0.10645182430744171,0.25470107793807983,0.08482532203197479,-0.02191445231437683,-0.02327902615070343,-0.032824695110321045,-0.21959355473518372,0.12275215983390808,0.13348214328289032,0.08482532203197479,-0.02191445231437683,-0.02327902615070343,-0.032824695110321045,-0.21959355473518372,0.12275215983390808,0.13348214328289032,0.08580007404088974,-0.024045301601290703,-0.023206816986203194,-0.033417075872421265,-0.22134795784950256,0.12200590968132019,0.1349761188030243
28.187,0.0010801134631037712,0.0010801134631037712,nan,nan,nan,nan,-0.07560351490974426,0.0,0.0,0.19821137189865112,0.0,0.0,0.0,0.0,0.004999999888241291,0.017999999225139618,64.0,0.15982399880886078,2.532980442047119,0.00974256545305252,11.194232940673828,-0.0001153196208178997,-7.098785135895014e-05,4.4331769458949566e-05,0.0,-0.2375776767730713,0.014324326068162918,0.11738331615924835,9.0,1.0,0.0,0.0,0.0010800966992974281,-1.6763806343078613e-08,nan,0.001680105342529714,-0.05367739871144295,0.24351496994495392,-0.012788230553269386,0.1052485927939415,0.07847016304731369,0.057751938700675964,-0.08417565375566483,-0.04536815360188484,0.20581893622875214,-0.010808616876602173,0.08895614743232727,0.06632300466299057,0.048811957240104675,-0.07114528864622116,-0.09102174639701843,0.42157411575317383,-0.028020871803164482,0.14883548021316528,0.1116514652967453,0.17333844304084778,-0.13275718688964844,0.004110089503228664,-0.0011485759168863297,-0.003981262911111116,-0.0010165380081161857,-0.0006193088483996689,6.484413461294025e-05,0.00039280697819776833,0.17031647264957428,-0.4315347671508789,0.005944287404417992,-0.1761348843574524,-0.3228079676628113,-0.05723313242197037,0.2607712149620056,0.07929472625255585,-0.009960651397705078,-0.02207658439874649,-0.02729940414428711,-0.21115651726722717,0.11610531061887741,0.12801401317119598,0.07929472625255585,-0.009960651397705078,-0.02207658439874649,-0.02729940414428711,-0.21115651726722717,0.11610531061887741,0.12801401317119598,0.07929472625255585,-0.009960651397705078,-0.02207658439874649,-0.02729940414428711,-0.21115651726722717,0.11610531061887741,0.12801401317119598
28.273999999999997,0.0011291103437542915,0.0011291103437542915,nan,nan,nan,nan,-0.08306092023849487,0.0,4.656612873077393e-10,0.1984052211046219,0.0,0.0,0.0,0.0,0.003000000026077032,0.01899999938905239,64.0,0.1591862589120865,6.456313610076904,0.02085324376821518,18.977205276489258,-0.00010928884148597717,0.00047671457286924124,0.0005860038800165057,0.0,-0.2996878921985626,0.013692391104996204,0.14081835746765137,9.0,1.0,0.0,0.0,0.0011291010305285454,-9.313225746154785e-09,nan,0.001987519906833768,-0.05367739871144295,0.24351496994495392,-0.012788230553269386,0.1052485927939415,0.07847016304731369,0.057751938700675964,-0.08417565375566483,-0.06801861524581909,0.3085758686065674,-0.016204915940761566,0.13336829841136932,0.09943535923957825,0.07318176329135895,-0.10666520893573761,-0.10103461146354675,0.46331819891929626,-0.027707766741514206,0.18109166622161865,0.13540923595428467,0.15199241042137146,-0.1527104377746582,0.003901171963661909,-0.0011526901507750154,-0.003771282732486725,-0.0010143087711185217,-0.0006336723454296589,5.8897185226669535e-05,0.00040092316339723766,0.17465901374816895,-0.47298145294189453,0.008422449231147766,-0.20826084911823273,-0.34064868092536926,-0.04587060213088989,0.2751189172267914,0.07362440973520279,-0.009663265198469162,-0.01928531751036644,-0.027169186621904373,-0.2052394449710846,0.10612180829048157,0.12240847200155258,0.07362440973520279,-0.009663265198469162,-0.01928531751036644,-0.027169186621904373,-0.2052394449710846,0.10612180829048157,0.12240847200155258,0.07362440973520279,-0.009663265198469162,-0.01928531751036644,-0.027169186621904373,-0.2052394449710846,0.10612180829048157,0.12240847200155258
28.346999999999998,0.0012343069538474083,0.0012343069538474083,nan,nan,nan,nan,-0.09171050041913986,0.0,4.656612873077393e-10,0.1985064297914505,0.0,0.0,0.0,0.0,-0.0010000000474974513,0.01899999938905239,64.0,0.15855135023593903,16.48233413696289,0.01270044595003128,23.082204818725586,-0.00026832055300474167,0.0011329306289553642,0.0014012516476213932,0.0,-0.19456975162029266,0.01490881759673357,0.1750817447900772,9.0,1.0,0.0,0.0,0.001234288327395916,-1.862645149230957e-08,nan,0.002483436604961753,-0.041833169758319855,0.2337261587381363,-0.01659413054585457,0.05223897844552994,0.01900957152247429,0.16881535947322845,-0.041926201432943344,-0.05592496693134308,0.31245842576026917,-0.0221839789301157,0.06983604282140732,0.02541307732462883,0.22568199038505554,-0.05604933202266693,-0.10282208770513535,0.5098975896835327,-0.03232009708881378,0.16615523397922516,0.10534004867076874,0.24590687453746796,-0.13649676740169525,0.0033924393355846405,-0.001158128958195448,-0.0032603314612060785,-0.001014571636915207,-0.0006464655743911862,5.7028264563996345e-05,0.0004094126052223146,0.17894628643989563,-0.520760178565979,0.02162521705031395,-0.18853020668029785,-0.33531415462493896,-0.14816886186599731,0.2777080535888672,0.07612420618534088,-0.010862614959478378,-0.010694880038499832,-0.022374972701072693,-0.22997409105300903,0.09773802012205124,0.14121128618717194,0.07612420618534088,-0.010862614959478378,-0.010694880038499832,-0.022374972701072693,-0.22997409105300903,0.09773802012205124,0.14121128618717194,0.07612420618534088,-0.010862614959478378,-0.010694880038499832,-0.022374972701072693,-0.22997409105300903,0.09773802012205124,0.14121128618717194
28.453999999999997,0.0013802098110318184,0.0013802098110318184,nan,nan,nan,nan,-0.08839504420757294,0.0,-2.3283064365386963e-10,0.19902147352695465,0.0,0.0,0.0,0.0,0.003000000026077032,0.020999999716877937,64.0,0.15758568048477173,4.932523727416992,0.014365650713443756,17.361997604370117,-0.0009503851179033518,0.0014988764887675643,0.0024492614902555943,0.0,-0.1463368833065033,0.017356649041175842,0.18898408114910126,9.0,1.0,0.0,0.0,0.0013801967725157738,-1.30385160446167e-08,nan,0.0027003895957022905,-0.05167248472571373,0.17840303480625153,-0.019125880673527718,0.10214895009994507,0.16037432849407196,-0.01812419295310974,-0.1365785151720047,-0.021283352747559547,0.07348233461380005,-0.007877749390900135,0.04207407683134079,0.0660564973950386,-0.007465164642781019,-0.05625525489449501,-0.09915851056575775,0.4949522614479065,-0.03543347492814064,0.15046553313732147,0.10945980995893478,0.2637903392314911,-0.13808681070804596,0.0028179693035781384,-0.0011638723080977798,-0.0026835815515369177,-0.0010127474088221788,-0.0006647165864706039,5.1132919907104224e-05,0.000420477706938982,0.17245164513587952,-0.5041938424110413,0.03206254541873932,-0.1927819401025772,-0.3696480095386505,-0.12224818766117096,0.2978035807609558,0.07329312711954117,-0.009241562336683273,-0.003370929043740034,-0.04231640323996544,-0.26018819212913513,0.14154215157032013,0.15971678495407104,0.07329312711954117,-0.009241562336683273,-0.003370929043740034,-0.04231640323996544,-0.26018819212913513,0.14154215157032013,0.15971678495407104,0.07329312711954117,-0.009241562336683273,-0.003370929043740034,-0.04231640323996544,-0.26018819212913513,0.14154215157032013,0.15971678495407104
28.551,0.0013893051072955132,0.0013893051072955132,nan,nan,nan,nan,-0.06939858943223953,0.0,2.3283064365386963e-10,0.19811248779296875,0.0,0.0,0.0,0.0,0.006000000052154064,0.01600000075995922,64.0,0.1565180867910385,5.372110843658447,0.03962218761444092,13.68959903717041,-0.001039045164361596,0.0005708078388124704,0.0016098532360047102,0.0,-0.46828994154930115,0.010485891252756119,0.18841302394866943,9.0,1.0,0.0,0.0,0.0013892920687794685,-1.30385160446167e-08,nan,0.0026912996545434,-0.05167248472571373,0.17840303480625153,-0.019125880673527718,0.10214895009994507,0.16037432849407196,-0.01812419295310974,-0.1365785151720047,-0.0577339269220829,0.19933061301708221,-0.021369442343711853,0.11413154006004333,0.17918704450130463,-0.02025025337934494,-0.15259987115859985,-0.0996098741889,0.3996337950229645,-0.036405980587005615,0.18027883768081665,0.23674675822257996,0.07408741116523743,-0.21800312399864197,0.002706563798710704,-0.0011667688377201557,-0.002573220292106271,-0.0010072547011077404,-0.0006780208786949515,3.771050978684798e-05,0.0004276680701877922,0.13697931170463562,-0.4012794494628906,0.030277470126748085,-0.22041885554790497,-0.38714998960494995,0.038809940218925476,0.2926151752471924,0.03736944496631622,-0.0016456656157970428,-0.0061285109259188175,-0.040140021592378616,-0.15040323138237,0.1128973513841629,0.07461203634738922,0.03736944496631622,-0.0016456656157970428,-0.0061285109259188175,-0.040140021592378616,-0.15040323138237,0.1128973513841629,0.07461203634738922,0.03736944496631622,-0.0016456656157970428,-0.0061285109259188175,-0.040140021592378616,-0.15040323138237,0.1128973513841629,0.07461203634738922
28.615,0.0013568392023444176,0.0013568392023444176,nan,nan,nan,nan,-0.07330009341239929,0.0,0.0,0.19704046845436096,0.0,0.0,0.0,0.0,0.006000000052154064,0.01600000075995922,64.0,0.15576273202896118,3.6136162281036377,0.01264922320842743,11.926727294921875,-0.00109800323843956,4.959764191880822e-05,0.0011476008221507072,0.0,-0.5654648542404175,0.005245870910584927,0.17329618334770203,9.0,1.0,0.0,0.0,0.0013568205758929253,-1.862645149230957e-08,nan,0.002456229878589511,-0.05167248472571373,0.17840303480625153,-0.019125880673527718,0.10214895009994507,0.16037432849407196,-0.01812419295310974,-0.1365785151720047,-0.08697403967380524,0.3002842366695404,-0.032192278653383255,0.17193496227264404,0.26993870735168457,-0.030506260693073273,-0.22988608479499817,-0.11540737748146057,0.42772334814071655,-0.042473141103982925,0.2194051593542099,0.3201504349708557,0.016790810972452164,-0.28125399351119995,0.0026542136911302805,-0.0011680759489536285,-0.0025204273406416178,-0.0010053591104224324,-0.0006814859225414693,3.3416021324228495e-05,0.00043024576734751463,0.14235666394233704,-0.42593884468078613,0.03593882918357849,-0.22906622290611267,-0.40511566400527954,0.028759103268384933,0.31037604808807373,0.026949293911457062,0.0017844922840595245,-0.006534311454743147,-0.00966106541454792,-0.08496522158384323,0.0455499142408371,0.029122063890099525,0.026949293911457062,0.0017844922840595245,-0.006534311454743147,-0.00966106541454792,-0.08496522158384323,0.0455499142408371,0.029122063890099525,0.026949293911457062,0.0017844922840595245,-0.006534311454743147,-0.00966106541454792,-0.08496522158384323,0.0455499142408371,0.029122063890099525
28.681,0.001325123943388462,0.001325123943388462,nan,nan,nan,nan,-0.08279021829366684,0.0,0.00028784293681383133,0.19685611128807068,0.0,0.0,0.0,0.0,0.0,0.017999999225139618,64.0,0.15511921048164368,2.7752695083618164,0.01201871782541275,11.188455581665039,-0.0009288005530834198,-9.786611190065742e-05,0.0011187773197889328,0.0,0.3529532551765442,0.005044794641435146,0.15204817056655884,9.0,1.0,0.0,0.0,0.0013251109048724174,-1.30385160446167e-08,nan,0.0021439779084175825,-0.05167248472571373,0.17840303480625153,-0.019125880673527718,0.10214895009994507,0.16037432849407196,-0.01812419295310974,-0.1365785151720047,-0.11135389655828476,0.38445746898651123,-0.0412161611020565,0.22013038396835327,0.345605731010437,-0.03905752673745155,-0.29432588815689087,-0.13652397692203522,0.48565882444381714,-0.05041363835334778,0.2656189799308777,0.40514352917671204,-0.019907653331756592,-0.3492341935634613,0.0025563074741512537,-0.0011697692098096013,-0.0024234424345195293,-0.0010030620032921433,-0.0006867055781185627,2.693694295885507e-05,0.0004329727962613106,0.12413263320922852,-0.4761098325252533,0.03151468187570572,-0.2991184592247009,-0.3849765956401825,0.0820777639746666,0.2845492362976074,-0.012391343712806702,0.009548979811370373,-0.01889895647764206,-0.033499471843242645,0.020166920498013496,0.062170110642910004,-0.06468494981527328,-0.012391343712806702,0.009548979811370373,-0.01889895647764206,-0.033499471843242645,0.020166920498013496,0.062170110642910004,-0.06468494981527328,-0.012391343712806702,0.009548979811370373,-0.01889895647764206,-0.033499471843242645,0.020166920498013496,0.062170110642910004,-0.06468494981527328
28.779,0.0013183755800127983,0.0013183755800127983,nan,nan,nan,nan,-0.07315045595169067,1.0,-1.1292286217212677e-08,0.19600436091423035,0.0,0.0,0.0,0.0,0.0,0.019999999552965164,64.0,0.15475419163703918,2.733156204223633,0.00884663313627243,12.353555679321289,8.78180144354701e-05,-0.00015967870422173291,-0.000247507996391505,-0.00034086406230926514,0.7249446511268616,0.0057593416422605515,0.08181129395961761,9.0,1.0,0.0,0.0,0.001318364404141903,-1.1175870895385742e-08,nan,0.0034275681246072054,-0.048417601734399796,0.14195260405540466,-0.017443399876356125,0.09962667524814606,0.18224740028381348,-0.056063707917928696,-0.14463123679161072,-0.01624649204313755,0.04763209447264671,-0.00585312070325017,0.03342965990304947,0.06115298718214035,-0.018812136724591255,-0.04853091016411781,-0.12415004521608353,0.42576298117637634,-0.04571548476815224,0.2449125498533249,0.3887566030025482,-0.04527917504310608,-0.3290290832519531,0.0024391724728047848,-0.0011702874908223748,-0.0023068818263709545,-0.0010013746796175838,-0.0006913107354193926,2.379076431680005e-05,0.00043530171387828887,0.10876481235027313,-0.41580793261528015,0.027796007692813873,-0.24434557557106018,-0.3219313621520996,0.03620968014001846,0.23296236991882324,-0.015385232865810394,0.009955048561096191,-0.017919477075338364,0.0005669742822647095,0.06682522594928741,-0.009069494903087616,-0.09606672078371048,-0.015385232865810394,0.009955048561096191,-0.017919477075338364,0.0005669742822647095,0.06682522594928741,-0.009069494903087616,-0.09606672078371048,-0.013661670498549938,0.005267160478979349,-0.01734057627618313,-0.0005696862936019897,0.06312019377946854,-0.011351403780281544,-0.09294925630092621
28.851000000000003,0.00124333705753088,0.00124333705753088,nan,nan,nan,nan,-0.04950296878814697,0.0,4.656612873077393e-10,0.1941254734992981,0.0,0.0,0.0,0.0,-0.004000000189989805,0.014999999664723873,64.0,0.1553441733121872,6.385778903961182,0.01069437712430954,13.718403816223145,-0.0018129600211977959,-0.0008235668065026402,0.000989393680356443,0.0,0.8426572680473328,0.008346306160092354,0.06682029366493225,9.0,1.0,0.0,0.0,0.0012433258816599846,-1.1175870895385742e-08,nan,0.001104759518057108,-0.048417601734399796,0.14195260405540466,-0.017443399876356125,0.09962667524814606,0.18224740028381348,-0.056063707917928696,-0.14463123679161072,-0.02799304388463497,0.08207109570503235,-0.010085048153996468,0.0575999990105629,0.10536786913871765,-0.032413702458143234,-0.08361976593732834,-0.0946238785982132,0.30393919348716736,-0.03451421856880188,0.1901766061782837,0.3224519193172455,-0.0672953650355339,-0.26470237970352173,0.003200206207111478,-0.0011673783883452415,-0.003069277387112379,-0.0009980143513530493,-0.0006842957809567451,2.0720932297990657e-05,0.0004312508972361684,0.0776454359292984,-0.28672173619270325,0.015765152871608734,-0.1632601022720337,-0.21965934336185455,0.013100102543830872,0.15200859308242798,-0.016978446394205093,0.017217444255948067,-0.018749065697193146,0.026916496455669403,0.10279257595539093,-0.05419526249170303,-0.11269379407167435,-0.016978446394205093,0.017217444255948067,-0.018749065697193146,0.026916496455669403,0.10279257595539093,-0.05419526249170303,-0.11269379407167435,-0.016978446394205093,0.017217444255948067,-0.018749065697193146,0.026916496455669403,0.10279257595539093,-0.05419526249170303,-0.11269379407167435
28.962,0.001247183419764042,0.001247183419764042,nan,nan,nan,nan,-0.043214261531829834,0.0,0.0,0.19218331575393677,0.0,0.0,0.0,0.0,0.003000000026077032,0.020999999716877937,64.0,0.15637901425361633,7.616640090942383,0.016625039279460907,24.134868621826172,-0.001613108441233635,-0.0004308227216824889,0.001182285719551146,0.0026559545658528805,0.8464478254318237,0.01023897621780634,0.09208358824253082,9.0,1.0,0.0,0.0,0.0012471647933125496,-1.862645149230957e-08,nan,0.0013772048987448215,-0.048417601734399796,0.14195260405540466,-0.017443399876356125,0.09962667524814606,0.18224740028381348,-0.056063707917928696,-0.14463123679161072,-0.0416577085852623,0.12213368713855743,-0.015008014626801014,0.08571715652942657,0.15680266916751862,-0.048236291855573654,-0.1244383379817009,-0.08859027177095413,0.2699151635169983,-0.03207924962043762,0.18054987490177155,0.3205118477344513,-0.08634793758392334,-0.2577388882637024,0.003333419794216752,-0.0011664434568956494,-0.0032016667537391186,-0.0009968808153644204,-0.0006783639546483755,2.194878106820397e-05,0.0004291779769118875,0.07699140906333923,-0.2533300817012787,0.012633215636014938,-0.12970714271068573,-0.19662417471408844,-0.012031950056552887,0.14139823615550995,-0.011598863638937473,0.0165850929915905,-0.019446033984422684,0.05084272846579552,0.12388767302036285,-0.09837988764047623,-0.11634065210819244,-0.011598863638937473,0.0165850929915905,-0.019446033984422684,0.05084272846579552,0.12388767302036285,-0.09837988764047623,-0.11634065210819244,-0.011598863638937473,0.0165850929915905,-0.019446033984422684,0.05084272846579552,0.12388767302036285,-0.09837988764047623,-0.11634065210819244
29.056,0.0012877946719527245,0.0012877946719527245,nan,nan,nan,nan,-0.0469682440161705,1.0,-1.862645149230957e-09,0.19294370710849762,0.0,0.0,0.0,0.0,0.003000000026077032,0.02500000037252903,64.0,0.15750448405742645,17.756370544433594,0.014681369066238403,23.569339752197266,-0.0019010896794497967,-0.00017687241779640317,0.0017242154572159052,-0.002505481243133545,0.8788878321647644,0.012262346222996712,0.10592960566282272,9.0,1.0,0.0,0.0,0.001287783496081829,-1.1175870895385742e-08,nan,0.0013240360422059894,-0.048417601734399796,0.14195260405540466,-0.017443399876356125,0.09962667524814606,0.18224740028381348,-0.056063707917928696,-0.14463123679161072,-0.062301263213157654,0.18265725672245026,-0.02244526520371437,0.12819445133209229,0.2345065325498581,-0.07213987410068512,-0.18610398471355438,-0.09874635934829712,0.2941523790359497,-0.03564960137009621,0.20239311456680298,0.36578330397605896,-0.10693738609552383,-0.2918270528316498,0.003234503325074911,-0.0011619307333603501,-0.003100351896136999,-0.0009912779787555337,-0.0006778900278732181,2.198054062318988e-05,0.0004305593320168555,0.07107693701982498,-0.2718132734298706,0.01093500480055809,-0.16294065117835999,-0.19923585653305054,0.02428099513053894,0.14107351005077362,-0.027669424191117287,0.0223391093313694,-0.024714596569538116,0.03945246711373329,0.16654744744300842,-0.0826563909649849,-0.15075354278087616,-0.027669424191117287,0.0223391093313694,-0.024714596569538116,0.03945246711373329,0.16654744744300842,-0.0826563909649849,-0.15075354278087616,-0.027175096794962883,0.02111479826271534,-0.024609537795186043,0.03916524723172188,0.16556906700134277,-0.08324772119522095,-0.14992989599704742
29.130999999999997,0.001093483529984951,0.001093483529984951,nan,nan,nan,nan,-0.04757215082645416,1.0,-1.257285475730896e-08,0.19495423138141632,0.0,0.0,0.0,0.0,0.0010000000474974513,0.00800000037997961,64.0,0.15771356225013733,4.029666900634766,0.013766810297966003,17.930355072021484,0.004391624592244625,-0.001535334624350071,-0.005926971789449453,-0.011773546226322651,0.6499067544937134,0.012067070230841637,0.15732522308826447,9.0,1.0,0.0,0.0,0.001093476079404354,-7.450580596923828e-09,nan,0.006352053489536047,-0.05076948553323746,0.15531203150749207,-0.018462158739566803,0.10524618625640869,0.16900137066841125,-0.05138625577092171,-0.14380894601345062,-0.01136871799826622,0.034778740257024765,-0.004134197719395161,0.02356758527457714,0.03784416615962982,-0.011506831273436546,-0.03220287337899208,-0.08578160405158997,0.25716203451156616,-0.031028535217046738,0.1764669567346573,0.30887001752853394,-0.09172478318214417,-0.2507038712501526,0.0035603942815214396,-0.001165733439847827,-0.0034285932779312134,-0.0010024122893810272,-0.0006752219051122665,2.9716597055085003e-05,0.0004267888143658638,0.09783372282981873,-0.27080225944519043,0.012420017272233963,-0.09829175472259521,-0.19269080460071564,-0.07963800430297852,0.1539372056722641,0.01205211877822876,-0.013640239834785461,-0.018608517944812775,0.07817520201206207,0.1161792129278183,-0.17136278748512268,-0.09676666557788849,0.01205211877822876,-0.013640239834785461,-0.018608517944812775,0.07817520201206207,0.1161792129278183,-0.17136278748512268,-0.09676666557788849,0.014363134279847145,-0.019059808924794197,-0.018266046419739723,0.07688730210065842,0.11183752119541168,-0.1739368885755539,-0.09311158955097198
29.233999999999998,0.0010821959003806114,0.0010821959003806114,nan,nan,nan,nan,-0.040395624935626984,0.0,1.0477378964424133e-09,0.19583259522914886,0.0,0.0,0.0,0.0,0.004999999888241291,0.023000000044703484,64.0,0.15839210152626038,2.391230344772339,0.008608214557170868,10.576456069946289,0.0002858192892745137,-0.0003209069836884737,-0.000606725225225091,0.0,0.8058561086654663,0.011138919740915298,0.1527342051267624,9.0,1.0,0.0,0.0,0.0010821828618645668,-1.30385160446167e-08,nan,0.0021537276916205883,-0.05076948553323746,0.15531203150749207,-0.018462158739566803,0.10524618625640869,0.16900137066841125,-0.05138625577092171,-0.14380894601345062,-0.028291089460253716,0.08654700219631195,-0.010287963785231113,0.0586480088531971,0.094175323843956,-0.028634782880544662,-0.08013694733381271,-0.07836143672466278,0.2377278357744217,-0.02843310311436653,0.16192945837974548,0.26968666911125183,-0.08117066323757172,-0.2248910367488861,0.003965314477682114,-0.0011676704743877053,-0.003834178438410163,-0.0010137921199202538,-0.0006631086580455303,4.112144961254671e-05,0.0004185494617559016,0.07150095701217651,-0.23117747902870178,0.004659254103899002,-0.10605756938457489,-0.13597066700458527,-0.03674919158220291,0.10628273338079453,-0.006860477849841118,0.006550360471010208,-0.02377384901046753,0.05587188899517059,0.13371600210666656,-0.11791985481977463,-0.11860830336809158,-0.006860477849841118,0.006550360471010208,-0.02377384901046753,0.05587188899517059,0.13371600210666656,-0.11791985481977463,-0.11860830336809158,-0.006860477849841118,0.006550360471010208,-0.02377384901046753,0.05587188899517059,0.13371600210666656,-0.11791985481977463,-0.11860830336809158
29.327,0.001365956850349903,0.001365956850349903,nan,nan,nan,nan,-0.04443398863077164,1.0,-6.05359673500061e-09,0.1973065882921219,0.0,0.0,0.0,0.0,0.006000000052154064,0.013000000268220901,64.0,0.1596156656742096,4.132114410400391,0.016334466636180878,15.30859661102295,0.0019525215029716492,0.0018981816247105598,-5.4345931857824326e-05,0.007327072322368622,0.7512502670288086,0.010397389531135559,0.1996026486158371,9.0,1.0,0.0,0.0,0.001365932635962963,-2.421438694000244e-08,nan,0.00555709283798933,-0.05076948553323746,0.15531203150749207,-0.018462158739566803,0.10524618625640869,0.16900137066841125,-0.05138625577092171,-0.14380894601345062,-0.0371665433049202,0.11369844526052475,-0.013515493832528591,0.07704700529575348,0.12371992319822311,-0.037618063390254974,-0.10527744144201279,-0.08214681595563889,0.25029534101486206,-0.029840754345059395,0.1700320690870285,0.27790766954421997,-0.08408156782388687,-0.2341635525226593,0.0035601600538939238,-0.0011685211211442947,-0.0034256468061357737,-0.0010168513981625438,-0.0006668434361927211,4.959306897944771e-05,0.00042144200415350497,0.08069758117198944,-0.2510773539543152,0.007479993626475334,-0.11322566121816635,-0.16017857193946838,-0.03854793310165405,0.12763215601444244,-0.0014492366462945938,-0.0007820278406143188,-0.02236076071858406,0.05680640786886215,0.11772910505533218,-0.12262950092554092,-0.10653139650821686,-0.0014492366462945938,-0.0007820278406143188,-0.02236076071858406,0.05680640786886215,0.11772910505533218,-0.12262950092554092,-0.10653139650821686,-0.0002599172294139862,-0.0036779320798814297,-0.022139862179756165,0.05608116835355759,0.1153905838727951,-0.12387266010046005,-0.10456597805023193
29.425,0.0015186136588454247,0.0015186136588454247,nan,nan,nan,nan,-0.04345330595970154,0.0,-4.656612873077393e-10,0.19875243306159973,0.0,0.0,0.0,0.0,0.004000000189989805,0.04500000178813934,64.0,0.16109009087085724,3.454906940460205,0.011213123798370361,11.695561408996582,-0.002009505871683359,0.0015626492677256465,0.00357215479016304,0.0006751467590220273,0.8355497121810913,0.0111362524330616,0.21462734043598175,9.0,1.0,0.0,0.0,0.0015185875818133354,-2.60770320892334e-08,nan,0.0025130196008831263,-0.05076948553323746,0.15531203150749207,-0.018462158739566803,0.10524618625640869,0.16900137066841125,-0.05138625577092171,-0.14380894601345062,-0.05192260816693306,0.158839613199234,-0.01888148859143257,0.10763662308454514,0.17283986508846283,-0.052553385496139526,-0.14707525074481964,-0.08727192878723145,0.2662985622882843,-0.03171471506357193,0.18074052035808563,0.29352807998657227,-0.08896630257368088,-0.24820417165756226,0.0036221470218151808,-0.0011695071589201689,-0.0034820695873349905,-0.0010222934652119875,-0.0006665232358500361,6.303483678493649e-05,0.0004225361335556954,0.07805546373128891,-0.24710458517074585,0.008310636505484581,-0.11736131459474564,-0.16246090829372406,-0.026415124535560608,0.12947359681129456,-0.009216466918587685,0.01919398084282875,-0.02340407855808735,0.06337920576334,0.1310671716928482,-0.11538142710924149,-0.1187305748462677,-0.009216466918587685,0.01919398084282875,-0.02340407855808735,0.06337920576334,0.1310671716928482,-0.11538142710924149,-0.1187305748462677,-0.009216466918587685,0.01919398084282875,-0.02340407855808735,0.06337920576334,0.1310671716928482,-0.11538142710924149,-0.1187305748462677
29.489,0.0015452289953827858,0.0015452289953827858,nan,nan,nan,nan,-0.04508275166153908,1.0,-1.7462298274040222e-09,0.1992124319076538,0.0,0.0,0.0,0.0,0.006000000052154064,0.020999999716877937,64.0,0.16196873784065247,4.152817726135254,0.01755543053150177,12.615141868591309,0.00016744493041187525,0.0010873350547626615,0.0009198883781209588,0.0,0.7751573324203491,0.009568007662892342,0.18100391328334808,9.0,1.0,0.0,0.0,0.0015452196821570396,-9.313225746154785e-09,nan,0.004844816867262125,-0.05550083890557289,0.19745568931102753,-0.021074848249554634,0.1064610704779625,0.13738155364990234,-0.0019968561828136444,-0.1314348429441452,-0.019714241847395897,0.07013748586177826,-0.007485916838049889,0.037815630435943604,0.048798780888319016,-0.0007092956802807748,-0.04668647050857544,-0.0802164301276207,0.26057928800582886,-0.029660308733582497,0.16135714948177338,0.24206940829753876,-0.05106773227453232,-0.2132798135280609,0.0034465407952666283,-0.0011709175305441022,-0.0033034635707736015,-0.0010270844213664532,-0.0006668767309747636,7.135560008464381e-05,0.0004232388164382428,0.06703963875770569,-0.2519263029098511,0.005495104938745499,-0.12325422465801239,-0.12211117893457413,-0.03045298159122467,0.09654269367456436,-0.01317678764462471,0.008652998134493828,-0.024165203794836998,0.03810292109847069,0.11995822936296463,-0.08152071386575699,-0.11673711985349655,-0.01317678764462471,0.008652998134493828,-0.024165203794836998,0.03810292109847069,0.11995822936296463,-0.08152071386575699,-0.11673711985349655,-0.012780551798641682,0.007698310539126396,-0.024094076827168465,0.03784966841340065,0.11917717009782791,-0.08188071846961975,-0.11608131229877472
29.59,0.001589781604707241,0.001589781604707241,nan,nan,nan,nan,-0.04711529612541199,0.0,1.1641532182693481e-09,0.19982732832431793,0.0,0.0,0.0,0.0,0.003000000026077032,0.02500000037252903,64.0,0.16331498324871063,3.245771884918213,0.017717480659484863,19.793983459472656,-0.00239529344253242,0.0005370092112571001,0.0029323038179427385,0.0,0.7948693037033081,0.008551513776183128,0.17909660935401917,9.0,1.0,0.0,0.0,0.0015897778794169426,-3.725290298461914e-09,nan,0.002545157680287957,-0.05550083890557289,0.19745568931102753,-0.021074848249554634,0.1064610704779625,0.13738155364990234,-0.0019968561828136444,-0.1314348429441452,-0.03520652651786804,0.12525448203086853,-0.013368666172027588,0.06753275543451309,0.08714692294597626,-0.0012666902039200068,-0.08337467163801193,-0.08313107490539551,0.28481537103652954,-0.03121400624513626,0.16276299953460693,0.22496351599693298,-0.02424025721848011,-0.2071499526500702,0.003627500729635358,-0.0011692529078572989,-0.003483064007014036,-0.0010319623397663236,-0.0006605109665542841,8.175204129656777e-05,0.000419285410316661,0.06095653027296066,-0.2622075080871582,0.0046287234872579575,-0.14414489269256592,-0.1147865504026413,-0.007845355197787285,0.08871576189994812,-0.022174542769789696,0.02260785549879074,-0.026585282757878304,0.01861809939146042,0.11017696559429169,-0.032085612416267395,-0.11843419075012207,-0.022174542769789696,0.02260785549879074,-0.026585282757878304,0.01861809939146042,0.11017696559429169,-0.032085612416267395,-0.11843419075012207,-0.022174542769789696,0.02260785549879074,-0.026585282757878304,0.01861809939146042,0.11017696559429169,-0.032085612416267395,-0.11843419075012207
29.659000000000002,0.0015417532995343208,0.0015417532995343208,nan,nan,nan,nan,-0.05605218559503555,0.0,0.0004559608642011881,0.19941015541553497,0.0,0.0,0.0,0.0,0.004000000189989805,0.020999999716877937,64.0,0.1642284393310547,1.9015203714370728,0.008684583008289337,10.024032592773438,0.0011329895351082087,-0.0005061037372797728,-0.0011831324081867933,-0.0023626324255019426,0.5855317711830139,0.00576066505163908,0.20132705569267273,9.0,1.0,0.0,0.0,0.0015417495742440224,-3.725290298461914e-09,nan,0.005327732767909765,-0.05550083890557289,0.19745568931102753,-0.021074848249554634,0.1064610704779625,0.13738155364990234,-0.0019968561828136444,-0.1314348429441452,-0.04572034627199173,0.16265957057476044,-0.0173609871417284,0.0877002403140068,0.11317184567451477,-0.001644965261220932,-0.10827307403087616,-0.09117615222930908,0.3185534179210663,-0.03443378582596779,0.17665088176727295,0.23590447008609772,-0.014593078754842281,-0.22139373421669006,0.003914215136319399,-0.0011690290411934257,-0.003769053379073739,-0.0010349053191021085,-0.0006549437530338764,8.552282088203356e-05,0.0004161751421634108,0.10058820247650146,-0.31990399956703186,0.010033082216978073,-0.14058928191661835,-0.18623380362987518,-0.050735943019390106,0.15391667187213898,0.009412047453224659,-0.0013505816459655762,-0.024400703608989716,0.0360615998506546,0.049670662730932236,-0.06532902270555496,-0.06747706234455109,0.009412047453224659,-0.0013505816459655762,-0.024400703608989716,0.0360615998506546,0.049670662730932236,-0.06532902270555496,-0.06747706234455109,0.009412047453224659,-0.0013505816459655762,-0.024400703608989716,0.0360615998506546,0.049670662730932236,-0.06532902270555496,-0.06747706234455109
29.715,0.0014849966391921043,0.0014849966391921043,nan,nan,nan,nan,-0.05969914793968201,0.0,-4.656612873077393e-10,0.19921620190143585,0.0,0.0,0.0,0.0,0.006000000052154064,0.00800000037997961,64.0,0.1651340126991272,2.0354604721069336,0.00796094536781311,11.989689826965332,-0.002450544387102127,-0.0007672377396374941,0.0016833061818033457,0.0,0.779633641242981,0.005869271699339151,0.13059814274311066,9.0,1.0,0.0,0.0,0.0014849873259663582,-9.313225746154785e-09,nan,0.001850280212238431,-0.05550083890557289,0.19745568931102753,-0.021074848249554634,0.1064610704779625,0.13738155364990234,-0.0019968561828136444,-0.1314348429441452,-0.0597405731678009,0.2125394195318222,-0.022684764117002487,0.11459367722272873,0.14787618815898895,-0.0021493968088179827,-0.14147520065307617,-0.10129615664482117,0.35748615860939026,-0.03837096691131592,0.19517908990383148,0.2558180093765259,-0.009268932975828648,-0.24260704219341278,0.0042844368144869804,-0.0011667687213048339,-0.004141326993703842,-0.0010382466716691852,-0.0006453507230617106,8.901675755623728e-05,0.0004097336786799133,0.09777963906526566,-0.3371078372001648,0.008034821599721909,-0.17246145009994507,-0.19428464770317078,-0.014616410247981548,0.15566720068454742,-0.0035165187437087297,0.020378336310386658,-0.03033614531159401,0.022717636078596115,0.0615333616733551,-0.023885343223810196,-0.08693984150886536,-0.0035165187437087297,0.020378336310386658,-0.03033614531159401,0.022717636078596115,0.0615333616733551,-0.023885343223810196,-0.08693984150886536,-0.0035165187437087297,0.020378336310386658,-0.03033614531159401,0.022717636078596115,0.0615333616733551,-0.023885343223810196,-0.08693984150886536
29.794,0.0014163320884108543,0.0014163320884108543,nan,nan,nan,nan,-0.0653979629278183,0.0,0.0006540004396811128,0.19920773804187775,0.0,0.0,0.0,0.0,0.004999999888241291,0.020999999716877937,64.0,0.16593647003173828,6.101326942443848,0.01432560384273529,13.655652046203613,-0.0015100225573405623,-0.0009095250861719251,0.00125449791084975,0.0,0.617159903049469,0.0046096546575427055,0.11958274245262146,9.0,1.0,0.0,0.0,0.0014163227751851082,-9.313225746154785e-09,nan,0.0017078591044992208,-0.05599255859851837,0.25034618377685547,-0.014785753563046455,0.09841594099998474,0.04546748846769333,0.08104489743709564,-0.07517804205417633,-0.01615120843052864,0.07221304625272751,-0.0042649912647902966,0.02838834933936596,0.013115222565829754,0.02337762340903282,-0.021685315296053886,-0.09930044412612915,0.38390427827835083,-0.0356823094189167,0.17085722088813782,0.19911442697048187,0.07470642030239105,-0.20371389389038086,0.0044161551631987095,-0.00116606371011585,-0.004272754769772291,-0.0010407144436612725,-0.0006408111075870693,9.159475303022191e-05,0.0004062294028699398,0.10033062845468521,-0.3693270981311798,0.001037798821926117,-0.17304092645645142,-0.16484157741069794,-0.05390799045562744,0.12972918152809143,0.0010301866568624973,0.014577185735106468,-0.034644510596990585,-0.0021836990490555763,0.034272849559783936,0.02079843170940876,-0.07398471236228943,0.0010301866568624973,0.014577185735106468,-0.034644510596990585,-0.0021836990490555763,0.034272849559783936,0.02079843170940876,-0.07398471236228943,0.0010301866568624973,0.014577185735106468,-0.034644510596990585,-0.0021836990490555763,0.034272849559783936,0.02079843170940876,-0.07398471236228943
29.854000000000003,0.0013248929753899574,0.0013248929753899574,nan,nan,nan,nan,-0.06640059500932693,1.0,-3.259629011154175e-09,0.19845564663410187,0.0,0.0,0.0,0.0,0.003000000026077032,0.014000000432133675,64.0,0.16665072739124298,2.6176347732543945,0.010306015610694885,12.379084587097168,-0.0010173581540584564,-0.0010358745930716395,-1.851969864219427e-05,-0.0015195191372185946,0.045327115803956985,0.0038916771300137043,0.10328637808561325,9.0,1.0,0.0,0.0,0.0013248780742287636,-1.4901161193847656e-08,nan,0.0023018342908471823,-0.05599255859851837,0.25034618377685547,-0.014785753563046455,0.09841594099998474,0.04546748846769333,0.08104489743709564,-0.07517804205417633,-0.03499838337302208,0.15647993981838226,-0.00924189668148756,0.06151529774069786,0.02841964364051819,0.050657451152801514,-0.04699035361409187,-0.09084326028823853,0.38090482354164124,-0.027966730296611786,0.15812455117702484,0.12358765304088593,0.10246448218822479,-0.1515684276819229,0.004694546107202768,-0.0011675581336021423,-0.004551833029836416,-0.0010469516273587942,-0.0006369975744746625,9.486969793215394e-05,0.0004035359888803214,0.11451354622840881,-0.37192481756210327,-0.0057535916566848755,-0.1668682098388672,-0.16572383046150208,-0.05678297579288483,0.13448773324489594,0.02367028221487999,0.00897999107837677,-0.03372032195329666,-0.008743658661842346,-0.04213617742061615,0.045681506395339966,-0.01708069071173668,0.02367028221487999,0.00897999107837677,-0.03372032195329666,-0.008743658661842346,-0.04213617742061615,0.045681506395339966,-0.01708069071173668,0.024491889402270317,0.007280117366462946,-0.03370746970176697,-0.009195464663207531,-0.04355614632368088,0.04510689154267311,-0.015890279784798622
29.950999999999997,0.0012953868135809898,0.0012953868135809898,nan,nan,nan,nan,-0.07395969331264496,1.0,-1.3387762010097504e-09,0.19769786298274994,0.0,0.0,0.0,0.0,0.006000000052154064,0.017999999225139618,64.0,0.1672246903181076,3.1257383823394775,0.13492721319198608,16.055706024169922,-0.00032466178527101874,-0.0008885487914085388,-0.0005638883449137211,0.0,-0.18906797468662262,0.00687799509614706,0.0679502785205841,9.0,1.0,0.0,0.0,0.0012953756377100945,-1.1175870895385742e-08,nan,0.002829061122611165,-0.05599255859851837,0.25034618377685547,-0.014785753563046455,0.09841594099998474,0.04546748846769333,0.08104489743709564,-0.07517804205417633,-0.05121833458542824,0.22900032997131348,-0.013525040820240974,0.09002447128295898,0.04159068688750267,0.07413457334041595,-0.0687679648399353,-0.09661047905683517,0.4196079969406128,-0.027455411851406097,0.16905251145362854,0.10279437899589539,0.12565398216247559,-0.14417621493339539,0.004883059300482273,-0.001164669869467616,-0.004742213990539312,-0.0010445973603054881,-0.0006335793877951801,9.259305079467595e-05,0.0004002946079708636,0.13909481465816498,-0.41876113414764404,-0.005500610917806625,-0.18211856484413147,-0.2090221345424652,-0.06614460051059723,0.17321425676345825,0.0424843356013298,0.0008468478918075562,-0.03295602276921272,-0.013066045939922333,-0.10622776299715042,0.05950938165187836,0.029038041830062866,0.0424843356013298,0.0008468478918075562,-0.03295602276921272,-0.013066045939922333,-0.10622776299715042,0.05950938165187836,0.029038041830062866,0.0428956001996994,2.1723099052906036e-07,-0.03295176476240158,-0.013288131915032864,-0.10693667829036713,0.059218212962150574,0.029631895944476128
30.01,0.001169382594525814,0.001169382594525814,nan,nan,nan,nan,-0.07624853402376175,0.0,1.3126060366630554e-05,0.19661074876785278,0.0,0.0,0.0,0.0,0.0,0.013000000268220901,64.0,0.16735927760601044,3.347822427749634,0.012022443115711212,11.87265396118164,-0.001570968423038721,-0.0010670514311641455,0.0005170430522412062,0.0,0.06222700700163841,0.00983135960996151,0.0355730801820755,9.0,1.0,0.0,0.0,0.0011693751439452171,-7.450580596923828e-09,nan,0.000809278164524585,-0.044724009931087494,0.2187114655971527,-0.018766989931464195,0.025720274075865746,0.02504354529082775,0.18996275961399078,-0.04937911033630371,-0.05448642373085022,0.2664521038532257,-0.022863471880555153,0.0313345305621624,0.030510082840919495,0.23142807185649872,-0.060157645493745804,-0.09591853618621826,0.43915367126464844,-0.03284264728426933,0.11940651386976242,0.08127595484256744,0.2462524026632309,-0.1271355003118515,0.005032499320805073,-0.0011641635792329907,-0.004893187433481216,-0.0010444964282214642,-0.0006309900199994445,8.895468636183068e-05,0.0003987124946434051,0.14022260904312134,-0.4333181381225586,-0.0030862465500831604,-0.15894778072834015,-0.21618884801864624,-0.1298322230577469,0.17247740924358368,0.044304072856903076,0.005835525691509247,-0.03592889383435249,-0.03954126685857773,-0.1349128931760788,0.11642017960548401,0.04534190520644188,0.044304072856903076,0.005835525691509247,-0.03592889383435249,-0.03954126685857773,-0.1349128931760788,0.11642017960548401,0.04534190520644188,0.044304072856903076,0.005835525691509247,-0.03592889383435249,-0.03954126685857773,-0.1349128931760788,0.11642017960548401,0.04534190520644188
30.102,0.0011518420651555061,0.0011518420651555061,nan,nan,nan,nan,-0.08545105904340744,1.0,-5.075708031654358e-08,0.1962045580148697,0.0,0.0,0.0,0.0,0.0020000000949949026,0.012000000104308128,64.0,0.16727560758590698,3.2639904022216797,0.010343268513679504,11.287864685058594,0.005295801907777786,-0.0005726591916754842,-0.005868511740118265,0.0,-0.2762748897075653,0.018261192366480827,0.05948048084974289,9.0,1.0,0.0,0.0,0.00115183275192976,-9.313225746154785e-09,nan,0.00758975138887763,-0.055146608501672745,0.24554650485515594,-0.0105421869084239,0.11002596467733383,0.07429701834917068,0.04313552379608154,-0.0840725526213646,-0.014613746665418148,0.06506936252117157,-0.0027936596889048815,0.029156673699617386,0.019688570871949196,0.0114308325573802,-0.02227906882762909,-0.09632028639316559,0.45193666219711304,-0.03459727764129639,0.10077023506164551,0.07502510398626328,0.2961690127849579,-0.12089839577674866,0.005261702928692102,-0.0011659330921247602,-0.005123547278344631,-0.0010472581489011645,-0.0006289942539297044,8.79989966051653e-05,0.0003964057541452348,0.2193240523338318,-0.4857121706008911,-0.00511544942855835,-0.10786721110343933,-0.33885061740875244,-0.22718581557273865,0.2837579846382141,0.1230037659406662,-0.03377552330493927,-0.039712727069854736,-0.007096976041793823,-0.26382550597190857,0.06898319721221924,0.16285958886146545,0.1230037659406662,-0.03377552330493927,-0.039712727069854736,-0.007096976041793823,-0.26382550597190857,0.06898319721221924,0.16285958886146545,0.13389341533184052,-0.04407408460974693,-0.039681751281023026,-0.0006786510348320007,-0.27881768345832825,0.05282321199774742,0.17723917961120605
30.218,0.0011549433693289757,0.0011549433693289757,nan,nan,nan,nan,-0.07666965574026108,1.0,-7.916241884231567e-09,0.19488030672073364,0.0,0.0,0.0,0.0,-0.006000000052154064,0.01899999938905239,64.0,0.1670512557029724,6.359620094299316,0.018524937331676483,24.367582321166992,0.0012405780144035816,-0.0002041964908130467,-0.0014447823632508516,0.0,-0.2402932345867157,0.015865415334701538,0.10498062521219254,9.0,1.0,0.0,0.0,0.0011549340561032295,-9.313225746154785e-09,nan,0.003586974460631609,-0.055146608501672745,0.24554650485515594,-0.0105421869084239,0.11002596467733383,0.07429701834917068,0.04313552379608154,-0.0840725526213646,-0.043789323419332504,0.19497691094875336,-0.008371054194867611,0.08736643940210342,0.05899576470255852,0.03425188735127449,-0.06675805896520615,-0.09384822845458984,0.42926111817359924,-0.025935422629117966,0.1420890986919403,0.09939538687467575,0.18249467015266418,-0.13025785982608795,0.0051520811393857,-0.0011695462744683027,-0.005013132467865944,-0.0010430495021864772,-0.0006422063452191651,7.966091652633622e-05,0.00040536484448239207,0.18892285227775574,-0.4435546398162842,-0.012675072997808456,-0.17833396792411804,-0.3321763873100281,-0.06051625311374664,0.26192736625671387,0.0950746238231659,-0.01429351419210434,-0.03861049562692642,-0.03624486178159714,-0.23278099298477173,0.12197841703891754,0.1316695213317871,0.0950746238231659,-0.01429351419210434,-0.03861049562692642,-0.03624486178159714,-0.23278099298477173,0.12197841703891754,0.1316695213317871,0.09684309363365173,-0.01784462109208107,-0.03862937167286873,-0.03711242973804474,-0.2357497215270996,0.12059910595417023,0.13415014743804932
30.31,0.0011225538328289986,0.0011225538328289986,nan,nan,nan,nan,-0.08825726807117462,1.0,-8.149072527885437e-09,0.19593185186386108,0.0,0.0,0.0,0.0,0.0020000000949949026,0.01899999938905239,64.0,0.1661689281463623,3.3785645961761475,0.01577381044626236,11.313946723937988,7.748766802251339e-05,4.480825737118721e-05,-3.2687559723854065e-05,-0.0010080832289531827,-0.2551366090774536,0.014372145757079124,0.1378762423992157,9.0,1.0,0.0,0.0,0.001122533343732357,-2.0489096641540527e-08,nan,0.0021951606031507254,-0.055146608501672745,0.24554650485515594,-0.0105421869084239,0.11002596467733383,0.07429701834917068,0.04313552379608154,-0.0840725526213646,-0.07832374423742294,0.34874534606933594,-0.014972880482673645,0.1562679260969162,0.10552273690700531,0.06126461550593376,-0.11940675973892212,-0.111234650015831,0.5007972121238708,-0.025133047252893448,0.2000807821750641,0.13677625358104706,0.13979493081569672,-0.16337846219539642,0.004861463792622089,-0.0011785752139985561,-0.004720467142760754,-0.0010456664022058249,-0.0006607032846659422,7.628171442775056e-05,0.00041556655196473,0.17541128396987915,-0.505821943283081,-0.010574858635663986,-0.264111191034317,-0.3344486951828003,0.015516653656959534,0.256742000579834,0.06417663395404816,-0.005024723708629608,-0.035707905888557434,-0.06403040885925293,-0.19767242670059204,0.15531158447265625,0.09336352348327637,0.06417663395404816,-0.005024723708629608,-0.035707905888557434,-0.06403040885925293,-0.19767242670059204,0.15531158447265625,0.09336352348327637,0.06548245996236801,-0.007715677376836538,-0.03568177670240402,-0.06467749923467636,-0.19991600513458252,0.1542205959558487,0.09523498266935349
30.379,0.00120540801435709,0.00120540801435709,nan,nan,nan,nan,-0.09276697039604187,1.0,-1.0244548320770264e-08,0.193795308470726,0.0,0.0,0.0,0.0,0.010999999940395355,0.017999999225139618,64.0,0.16552993655204773,2.365328311920166,0.0765584409236908,10.54639720916748,0.0032556760124862194,0.0005028492887504399,-0.002752837026491761,0.0001888515253085643,-0.21530567109584808,0.0174652561545372,0.18731364607810974,9.0,1.0,0.0,0.0,0.001205391250550747,-1.6763806343078613e-08,nan,0.005944603122770786,-0.041223738342523575,0.2257927656173706,-0.015123091638088226,0.03649419918656349,0.015707507729530334,0.18377016484737396,-0.04170728474855423,-0.056199245154857635,0.30781736969947815,-0.020616913214325905,0.049751587212085724,0.021413633599877357,0.25052905082702637,-0.056858450174331665,-0.10321405529975891,0.5101896524429321,-0.02989632822573185,0.14302723109722137,0.08731433004140854,0.2790960371494293,-0.13026995956897736,0.0046882014721632,-0.0011841129744425416,-0.004544946830719709,-0.0010407451773062348,-0.0006764265126548707,6.688751454930753e-05,0.00042609687079675496,0.20660701394081116,-0.5390841960906982,9.975023567676544e-05,-0.17814967036247253,-0.3536962568759918,-0.1760113537311554,0.2861051559448242,0.10339296609163284,-0.028894536197185516,-0.029796577990055084,-0.03512243926525116,-0.2663819193840027,0.10308468341827393,0.15583521127700806,0.10339296609163284,-0.028894536197185516,-0.029796577990055084,-0.03512243926525116,-0.2663819193840027,0.10308468341827393,0.15583521127700806,0.1049802303314209,-0.0322251133620739,-0.029731571674346924,-0.03588850423693657,-0.2691516578197479,0.10164321213960648,0.1581425964832306
30.482000000000003,0.001241627149283886,0.001241627149283886,nan,nan,nan,nan,-0.08452069759368896,0.0,0.0001369989477097988,0.19272032380104065,0.0,0.0,0.0,0.0,0.004999999888241291,0.006000000052154064,64.0,0.16520816087722778,12.454565048217773,0.019651837646961212,20.5789794921875,-0.00018153106793761253,0.0005473977071233094,0.0008659277227707207,0.0,-0.07169876247644424,0.017622964456677437,0.18413156270980835,9.0,1.0,0.0,0.0,0.001241619698703289,-7.450580596923828e-09,nan,0.0026236316189169884,-0.05344599857926369,0.1831015646457672,-0.015463322401046753,0.10573246330022812,0.15465502440929413,-0.024916408583521843,-0.13289044797420502,-0.029752999544143677,0.10193131119012833,-0.008608318865299225,0.05886048823595047,0.08609532564878464,-0.0138707822188735,-0.07397914677858353,-0.1001497432589531,0.487142413854599,-0.03095976635813713,0.1344747543334961,0.10187414288520813,0.2704496681690216,-0.13735583424568176,0.004335466306656599,-0.0011893970659002662,-0.0041894447058439255,-0.0010374636622145772,-0.0006903899484314024,5.9339014114812016e-05,0.0004360102757345885,0.17868837714195251,-0.49744942784309387,-5.2172690629959106e-05,-0.20912432670593262,-0.34874290227890015,-0.08706651628017426,0.26714640855789185,0.07853862643241882,-0.010307010263204575,-0.03101193904876709,-0.07464957237243652,-0.2468687742948532,0.18338315188884735,0.12979058921337128,0.07853862643241882,-0.010307010263204575,-0.03101193904876709,-0.07464957237243652,-0.2468687742948532,0.18338315188884735,0.12979058921337128,0.07853862643241882,-0.010307010263204575,-0.03101193904876709,-0.07464957237243652,-0.2468687742948532,0.18338315188884735,0.12979058921337128
30.569,0.001241886056959629,0.001241886056959629,nan,nan,nan,nan,-0.07051294296979904,0.0,-3.4924596548080444e-10,0.19198912382125854,0.0,0.0,0.0,0.0,0.0010000000474974513,0.017999999225139618,64.0,0.1643303781747818,3.391587257385254,0.017191283404827118,29.384967803955078,-0.0004739513387903571,0.0003706851275637746,0.0008446361171081662,0.0,-0.4663718044757843,0.013632316142320633,0.17538738250732422,9.0,1.0,0.0,0.0,0.0012418730184435844,-1.30385160446167e-08,nan,0.002488108351826668,-0.05344599857926369,0.1831015646457672,-0.015463322401046753,0.10573246330022812,0.15465502440929413,-0.024916408583521843,-0.13289044797420502,-0.05577782168984413,0.1910901963710785,-0.016137978062033653,0.1103455126285553,0.16140253841876984,-0.02600349672138691,-0.13868838548660278,-0.1012382060289383,0.4155314564704895,-0.03023703023791313,0.16992168128490448,0.20331989228725433,0.10406023263931274,-0.19846726953983307,0.004373160190880299,-0.0011933970963582397,-0.004228118807077408,-0.0010338888969272375,-0.0007022056961432099,4.968197026755661e-05,0.00044260802678763866,0.18224972486495972,-0.4237617552280426,0.0034370142966508865,-0.1992940902709961,-0.4119575619697571,-0.004233434796333313,0.3108484745025635,0.08101152628660202,-0.008230306208133698,-0.026800015941262245,-0.029372410848736763,-0.20863766968250275,0.09982679784297943,0.112381212413311,0.08101152628660202,-0.008230306208133698,-0.026800015941262245,-0.029372410848736763,-0.20863766968250275,0.09982679784297943,0.112381212413311,0.08101152628660202,-0.008230306208133698,-0.026800015941262245,-0.029372410848736763,-0.20863766968250275,0.09982679784297943,0.112381212413311
30.622000000000003,0.001241401769220829,0.001241401769220829,nan,nan,nan,nan,-0.07393930852413177,0.0,-1.1641532182693481e-10,0.19138343632221222,0.0,0.0,0.0,0.0,0.0020000000949949026,0.009999999776482582,64.0,0.16319429874420166,3.817894458770752,0.015437602996826172,11.709273338317871,-0.00012737896759063005,0.0001643358264118433,0.00029171467758715153,0.0,-0.5231590270996094,0.009392601437866688,0.19561408460140228,9.0,1.0,0.0,0.0,0.0012413924559950829,-9.313225746154785e-09,nan,0.0028467958327382803,-0.05344599857926369,0.1831015646457672,-0.015463322401046753,0.10573246330022812,0.15465502440929413,-0.024916408583521843,-0.13289044797420502,-0.08988253772258759,0.3079301118850708,-0.02600536309182644,0.1778150200843811,0.26009029150009155,-0.041903041303157806,-0.22348782420158386,-0.11614309996366501,0.4389593005180359,-0.0341687835752964,0.21162034571170807,0.28250518441200256,0.03626524657011032,-0.2569506764411926,0.0038594757206737995,-0.0011986030731350183,-0.003712265519425273,-0.001035600434988737,-0.0007118589710444212,5.069916005595587e-05,0.0004489365965127945,0.16518428921699524,-0.44340500235557556,0.006156669929623604,-0.25368109345436096,-0.4153077304363251,0.06495384126901627,0.3062261939048767,0.04904118925333023,-0.004445694386959076,-0.028012113645672798,-0.04206075146794319,-0.1328025460243225,0.10121908783912659,0.04927550256252289,0.04904118925333023,-0.004445694386959076,-0.028012113645672798,-0.04206075146794319,-0.1328025460243225,0.10121908783912659,0.04927550256252289,0.04904118925333023,-0.004445694386959076,-0.028012113645672798,-0.04206075146794319,-0.1328025460243225,0.10121908783912659,0.04927550256252289
30.715,0.0012212200090289116,0.0012212200090289116,nan,nan,nan,nan,-0.08381541818380356,1.0,-1.932494342327118e-08,0.1914987713098526,0.0,0.0,0.0,0.0,0.0020000000949949026,0.01899999938905239,64.0,0.16289502382278442,10.164366722106934,0.016287900507450104,18.543630599975586,0.0008832721505314112,1.2277509085834026e-05,-0.0008710139663890004,0.0,-0.4136609733104706,0.003876934526488185,0.1182020828127861,9.0,1.0,0.0,0.0,0.0012212125584483147,-7.450580596923828e-09,nan,0.0037284474819898605,-0.05344599857926369,0.1831015646457672,-0.015463322401046753,0.10573246330022812,0.15465502440929413,-0.024916408583521843,-0.13289044797420502,-0.11094251275062561,0.38007986545562744,-0.03209856525063515,0.2194780707359314,0.3210308849811554,-0.051721155643463135,-0.2758522629737854,-0.13892467319965363,0.49458515644073486,-0.04045127332210541,0.26659777760505676,0.3776814341545105,-0.023723622784018517,-0.3309777081012726,0.004101929254829884,-0.0012021987931802869,-0.003955016378313303,-0.0010338237043470144,-0.0007214499055407941,4.066674591740593e-05,0.0004542030510492623,0.16626036167144775,-0.4952548146247864,0.010616952553391457,-0.28525131940841675,-0.42282962799072266,0.06142155081033707,0.31252121925354004,0.02733568288385868,-0.0006696656346321106,-0.02983432076871395,-0.018653541803359985,-0.04514820873737335,0.0376979261636734,-0.018456485122442245,0.02733568288385868,-0.0006696656346321106,-0.02983432076871395,-0.018653541803359985,-0.04514820873737335,0.0376979261636734,-0.018456485122442245,0.029266897588968277,-0.004989897832274437,-0.02961767092347145,-0.019552845507860184,-0.04866352677345276,0.035516515374183655,-0.01554857101291418
30.831999999999997,0.0012519946321845055,0.0012519946321845055,nan,nan,nan,nan,-0.0636923611164093,1.0,-7.566995918750763e-09,0.18877437710762024,0.0,0.0,0.0,0.0,0.004999999888241291,0.02199999988079071,64.0,0.16250787675380707,5.78239631652832,0.020779669284820557,14.469375610351562,-0.0010708101326599717,6.495203706435859e-05,0.001135754631832242,0.0007588585722260177,0.6832606792449951,0.004996511619538069,0.09608768671751022,9.0,1.0,0.0,0.0,0.0012519760057330132,-1.862645149230957e-08,nan,0.002034805016592145,-0.050867851823568344,0.14268341660499573,-0.015134105458855629,0.09884780645370483,0.1812700480222702,-0.05615631863474846,-0.14505727589130402,-0.022193582728505135,0.062252599745988846,-0.006602991838008165,0.04312717914581299,0.07908790558576584,-0.024500934407114983,-0.06328831613063812,-0.11818884313106537,0.3944942057132721,-0.03454000502824783,0.22938963770866394,0.35149258375167847,-0.05675210431218147,-0.2985534965991974,0.0038883602246642113,-0.0012034585233777761,-0.003740902990102768,-0.0010281323920935392,-0.0007295987452380359,3.4612472518347204e-05,0.0004594848142005503,0.1192689761519432,-0.3810245096683502,0.0026753097772598267,-0.22998832166194916,-0.30915406346321106,0.053422119468450546,0.21308964490890503,0.001080131158232689,0.013469688594341278,-0.03186469525098801,-0.0005986839532852173,0.04233852028846741,-0.0033299848437309265,-0.08546384423971176,0.001080131158232689,0.013469688594341278,-0.03186469525098801,-0.0005986839532852173,0.04233852028846741,-0.0033299848437309265,-0.08546384423971176,0.0017736672889441252,0.011915170587599277,-0.031781382858753204,-0.0009056129492819309,0.04107188060879707,-0.00414779270067811,-0.08441544324159622
30.930000000000003,0.0011760098859667778,0.0011760098859667778,nan,nan,nan,nan,-0.050046730786561966,1.0,-5.9371814131736755e-09,0.18628297746181488,0.0,0.0,0.0,0.0,0.004999999888241291,0.017999999225139618,64.0,0.16288471221923828,17.558420181274414,0.008888542652130127,27.035009384155273,-0.001610131817869842,-0.0008669539820402861,0.0007431718986481428,-0.0018945171032100916,0.8187465071678162,0.007515291683375835,0.07759284973144531,9.0,1.0,0.0,0.0,0.0011759987100958824,-1.1175870895385742e-08,nan,0.0010828617960214615,-0.050867851823568344,0.14268341660499573,-0.015134105458855629,0.09884780645370483,0.1812700480222702,-0.05615631863474846,-0.14505727589130402,-0.042147696018218994,0.11822353303432465,-0.012539701536297798,0.08190255612134933,0.15019534528255463,-0.04652957245707512,-0.12019044905900955,-0.10361004620790482,0.3214293122291565,-0.03052097000181675,0.20120182633399963,0.33513590693473816,-0.07831963896751404,-0.2766371965408325,0.004284601658582687,-0.0012036033440381289,-0.004136906936764717,-0.0010234744986519217,-0.0007282762671820819,2.7421259801485576e-05,0.0004599296662490815,0.097740538418293,-0.3028554320335388,-0.001629682257771492,-0.18155086040496826,-0.24892538785934448,0.037338752299547195,0.16660159826278687,-0.00586951058357954,0.01857386715710163,-0.03215065225958824,0.019650958478450775,0.08621051162481308,-0.04098088666796684,-0.11003559082746506,-0.00586951058357954,0.01857386715710163,-0.03215065225958824,0.019650958478450775,0.08621051162481308,-0.04098088666796684,-0.11003559082746506,-0.005183790344744921,0.017118332907557487,-0.03210977837443352,0.01937612146139145,0.08502162992954254,-0.04176456108689308,-0.10905240476131439
30.977,0.0010939156636595726,0.0010939156636595726,nan,nan,nan,nan,-0.04845614731311798,0.0,2.3283064365386963e-10,0.18551473319530487,0.0,0.0,0.0,0.0,0.0020000000949949026,0.012000000104308128,64.0,0.1640581339597702,2.343210458755493,0.009067356586456299,13.005455017089844,-0.0008396322373300791,-0.0010291963117197156,-0.00018956384155899286,0.0,0.6801424622535706,0.009796759113669395,0.09052000939846039,9.0,1.0,0.0,0.0,0.0010939044877886772,-1.1175870895385742e-08,nan,0.0013594722840934992,-0.050867851823568344,0.14268341660499573,-0.015134105458855629,0.09884780645370483,0.1812700480222702,-0.05615631863474846,-0.14505727589130402,-0.05594403296709061,0.15692201256752014,-0.01664436049759388,0.10871198028326035,0.19935926795005798,-0.06176024302840233,-0.15953277051448822,-0.1036229282617569,0.3094831109046936,-0.030643397942185402,0.20127978920936584,0.34843945503234863,-0.09236115962266922,-0.2839953601360321,0.005177594721317291,-0.0011973562650382519,-0.005034441594034433,-0.0010244211880490184,-0.0007106462144292891,2.7560932721826248e-05,0.0004478019545786083,0.12730875611305237,-0.2990947961807251,-0.0008557122200727463,-0.12680676579475403,-0.27227336168289185,-0.04250205308198929,0.19917893409729004,0.023685835301876068,0.010388307273387909,-0.03149911016225815,0.07447301596403122,0.0761660784482956,-0.1348632127046585,-0.08481643348932266,0.023685835301876068,0.010388307273387909,-0.03149911016225815,0.07447301596403122,0.0761660784482956,-0.1348632127046585,-0.08481643348932266,0.023685835301876068,0.010388307273387909,-0.03149911016225815,0.07447301596403122,0.0761660784482956,-0.1348632127046585,-0.08481643348932266
31.108999999999998,0.0011593932285904884,0.0011593932285904884,nan,nan,nan,nan,0.018765639513731003,1.0,-6.05359673500061e-09,0.2287527471780777,0.0,0.0,0.0,0.0,0.004000000189989805,0.019999999552965164,64.0,0.16484810411930084,26.287353515625,0.023840926587581635,28.1724910736084,0.0005298950709402561,-0.002693149261176586,-0.0032230503857135773,0.000658910721540451,0.8588148951530457,0.011629362590610981,0.05702703818678856,9.0,1.0,0.0,0.0,0.0011593354865908623,-5.774199962615967e-08,nan,0.002057289471849799,-0.050867851823568344,0.14268341660499573,-0.015134105458855629,0.09884780645370483,0.1812700480222702,-0.05615631863474846,-0.14505727589130402,-0.07627693563699722,0.21395543217658997,-0.02269376814365387,0.14822342991828918,0.27181655168533325,-0.08420705050230026,-0.21751506626605988,-0.11162347346544266,0.32202985882759094,-0.033121638000011444,0.21687038242816925,0.3878975510597229,-0.11277677118778229,-0.31285592913627625,0.005073644686490297,-0.0011965192388743162,-0.004928005393594503,-0.0010229862527921796,-0.0007084960816428065,2.783362833724823e-05,0.0004480039933696389,0.10264928638935089,-0.3007347583770752,-0.0024061501026153564,-0.16738757491111755,-0.2443051040172577,0.016059376299381256,0.1717858910560608,-0.008974185213446617,0.021295085549354553,-0.0355277881026268,0.049482814967632294,0.1435924470424652,-0.09671739488840103,-0.14107003808021545,-0.008974185213446617,0.021295085549354553,-0.0355277881026268,0.049482814967632294,0.1435924470424652,-0.09671739488840103,-0.14107003808021545,-0.008213101886212826,0.021219953894615173,-0.03547229617834091,0.050696246325969696,0.14279897511005402,-0.09857328981161118,-0.14015226066112518
31.191999999999997,0.0010081538930535316,0.0010081538930535316,nan,nan,nan,nan,-0.04123855009675026,0.0,-3.4924596548080444e-10,0.1866385042667389,0.0,0.0,0.0,0.0,0.0010000000474974513,0.027000000700354576,64.0,0.16530796885490417,4.681196212768555,0.01529790461063385,14.052570343017578,-0.00016567984130233526,-0.0009054025867953897,-0.0007397230947390199,0.0,0.8221842050552368,0.012032526545226574,0.10004844516515732,9.0,1.0,0.0,0.0,0.0010081371292471886,-1.6763806343078613e-08,nan,0.0014693193370476365,-0.0527961440384388,0.14733372628688812,-0.015452561900019646,0.10123833268880844,0.17653332650661469,-0.05480264872312546,-0.14439533650875092,-0.027924463152885437,0.07792643457651138,-0.00817303080111742,0.05354607105255127,0.09337042272090912,-0.028985725715756416,-0.07637228816747665,-0.09155315160751343,0.2602049708366394,-0.026998154819011688,0.17682266235351562,0.31269001960754395,-0.09364962577819824,-0.25378358364105225,0.005449960008263588,-0.0011991977225989103,-0.0053072101436555386,-0.001038376591168344,-0.000700071919709444,4.119232835364528e-05,0.00044088211143389344,0.09048127382993698,-0.24908572435379028,-0.009057912975549698,-0.11803682893514633,-0.16926804184913635,-0.0266120582818985,0.11962258815765381,-0.0010718752164393663,0.011119253933429718,-0.036056067794561386,0.05878583341836929,0.1434219777584076,-0.12026168406009674,-0.13416099548339844,-0.0010718752164393663,0.011119253933429718,-0.036056067794561386,0.05878583341836929,0.1434219777584076,-0.12026168406009674,-0.13416099548339844,-0.0010718752164393663,0.011119253933429718,-0.036056067794561386,0.05878583341836929,0.1434219777584076,-0.12026168406009674,-0.13416099548339844
31.285,0.0009606564417481422,0.0009606564417481422,nan,nan,nan,nan,-0.040569137781858444,0.0,5.8002653531730175e-05,0.18853554129600525,0.0,0.0,0.0,0.0,0.004999999888241291,0.012000000104308128,64.0,0.16578979790210724,6.08085823059082,0.018563121557235718,23.36128044128418,0.0007093859603628516,-0.0006011897930875421,-0.0012525730999186635,0.0,0.830578625202179,0.011711465194821358,0.13747596740722656,9.0,1.0,0.0,0.0,0.0009606508538126945,-5.587935447692871e-09,nan,0.0019420972093939781,-0.0527961440384388,0.14733372628688812,-0.015452561900019646,0.10123833268880844,0.17653332650661469,-0.05480264872312546,-0.14439533650875092,-0.03532565385103226,0.09858030825853348,-0.010339236818253994,0.06773809343576431,0.11811761558055878,-0.03666819632053375,-0.09661424160003662,-0.08835496753454208,0.24884244799613953,-0.02595764398574829,0.17003530263900757,0.2986021041870117,-0.0910448357462883,-0.24328453838825226,0.005509570706635714,-0.0012006580363959074,-0.00536754447966814,-0.0010462698992341757,-0.0006975961150601506,4.8332378355553374e-05,0.000438136252341792,0.0791066437959671,-0.24174797534942627,-0.0104619599878788,-0.1282777488231659,-0.14870768785476685,-0.006081089377403259,0.10273022949695587,-0.009248326532542706,0.0070944782346487045,-0.03641960397362709,0.04175756126642227,0.14989441633224487,-0.09712592512369156,-0.1405543088912964,-0.009248326532542706,0.0070944782346487045,-0.03641960397362709,0.04175756126642227,0.14989441633224487,-0.09712592512369156,-0.1405543088912964,-0.009248326532542706,0.0070944782346487045,-0.03641960397362709,0.04175756126642227,0.14989441633224487,-0.09712592512369156,-0.1405543088912964
31.371,0.00115130003541708,0.00115130003541708,nan,nan,nan,nan,-0.04216975346207619,0.0,1.0477378964424133e-09,0.1884058117866516,0.0,0.0,0.0,0.0,0.0010000000474974513,0.017000000923871994,64.0,0.1672651171684265,3.619652271270752,0.012053176760673523,23.50191307067871,-0.0006948549998924136,0.0008977059624157846,0.0015925620682537556,0.0,0.8456866145133972,0.012131958268582821,0.1260376274585724,9.0,1.0,0.0,0.0,0.0011512739583849907,-2.60770320892334e-08,nan,0.0017906241118907928,-0.0527961440384388,0.14733372628688812,-0.015452561900019646,0.10123833268880844,0.17653332650661469,-0.05480264872312546,-0.14439533650875092,-0.05525815114378929,0.15420423448085785,-0.01617315039038658,0.10595931112766266,0.18476547300815582,-0.05735822394490242,-0.1511288285255432,-0.09557444602251053,0.26787564158439636,-0.028022948652505875,0.18357978761196136,0.3211911618709564,-0.09886530041694641,-0.2622290849685669,0.0053439014591276646,-0.0011994729284197092,-0.005197521764785051,-0.0010469817789271474,-0.0006973509443923831,5.7233024563174695e-05,0.0004395339637994766,0.08825154602527618,-0.25279471278190613,-0.008296322077512741,-0.1290677785873413,-0.16913574934005737,-0.00982898473739624,0.12306535243988037,-0.007322896271944046,0.01508093997836113,-0.036319270730018616,0.054512009024620056,0.15205541253089905,-0.10869428515434265,-0.13916373252868652,-0.007322896271944046,0.01508093997836113,-0.036319270730018616,0.054512009024620056,0.15205541253089905,-0.10869428515434265,-0.13916373252868652,-0.007322896271944046,0.01508093997836113,-0.036319270730018616,0.054512009024620056,0.15205541253089905,-0.10869428515434265,-0.13916373252868652
31.464000000000002,0.0011731954291462898,0.0011731954291462898,nan,nan,nan,nan,-0.045827433466911316,1.0,-3.306195139884949e-08,0.18891309201717377,0.0,0.0,0.0,0.0,-0.003000000026077032,0.013000000268220901,64.0,0.16805022954940796,5.627031326293945,0.02804584801197052,14.366416931152344,0.003691455814987421,0.00017961941193789244,-0.0035118693485856056,-0.003248596331104636,0.6300097107887268,0.012238562107086182,0.17064829170703888,9.0,1.0,0.0,0.0,0.0011731786653399467,-1.6763806343078613e-08,nan,0.006301132496446371,-0.055956270545721054,0.17090514302253723,-0.017312996089458466,0.10017348825931549,0.16244064271450043,-0.024806618690490723,-0.14256061613559723,-0.008835124783217907,0.026984792202711105,-0.002733607543632388,0.01581673137843609,0.02564830146729946,-0.003916800953447819,-0.02250937931239605,-0.09231600910425186,0.26232853531837463,-0.027305038645863533,0.17522002756595612,0.30274155735969543,-0.0864425003528595,-0.2500399649143219,0.00537252239882946,-0.0012001910945400596,-0.00522269494831562,-0.0010480503551661968,-0.0006974109564907849,6.13152515143156e-05,0.0004406669468153268,0.11856744438409805,-0.26905208826065063,-0.010481512174010277,-0.08923813700675964,-0.18971487879753113,-0.08279746770858765,0.1500348299741745,0.026251433417201042,-0.006723567843437195,-0.03778655081987381,0.08598189055919647,0.1130266785621643,-0.16923996806144714,-0.1000051349401474,0.026251433417201042,-0.006723567843437195,-0.03778655081987381,0.08598189055919647,0.1130266785621643,-0.16923996806144714,-0.1000051349401474,0.030230961740016937,-0.014355373568832874,-0.037966884672641754,0.0844489261507988,0.10664840042591095,-0.17283141613006592,-0.0947420746088028
31.534000000000002,0.0011465409770607948,0.0011465409770607948,nan,nan,nan,nan,-0.04323768988251686,0.0,0.00018814345821738243,0.18956874310970306,0.0,0.0,0.0,0.0,0.0020000000949949026,0.013000000268220901,64.0,0.1690063625574112,5.580333232879639,0.014347024261951447,25.75008201599121,0.0029597138054668903,-0.00011392449960112572,-0.0028854948468506336,0.0,0.6577985286712646,0.010978072881698608,0.16713081300258636,9.0,1.0,0.0,0.0,0.0011465353891253471,-5.587935447692871e-09,nan,0.005198232363909483,-0.055956270545721054,0.17090514302253723,-0.017312996089458466,0.10017348825931549,0.16244064271450043,-0.024806618690490723,-0.14256061613559723,-0.024771399796009064,0.07565835863351822,-0.007664327044039965,0.04434601590037346,0.07191119343042374,-0.010981693863868713,-0.06311046332120895,-0.08560272306203842,0.2502237558364868,-0.025766130536794662,0.15894201397895813,0.26838359236717224,-0.0639893040060997,-0.2265840768814087,0.005677870474755764,-0.0011978534748777747,-0.005530091468244791,-0.0010549332946538925,-0.0006868946948088706,6.907555507496e-05,0.000432822183938697,0.10722321271896362,-0.2596105933189392,-0.012376662343740463,-0.09050553292036057,-0.16057856380939484,-0.07714033871889114,0.1267143040895462,0.0216204896569252,-0.009386852383613586,-0.038142792880535126,0.06843648105859756,0.1078050285577774,-0.14112964272499084,-0.09986977279186249,0.0216204896569252,-0.009386852383613586,-0.038142792880535126,0.06843648105859756,0.1078050285577774,-0.14112964272499084,-0.09986977279186249,0.0216204896569252,-0.009386852383613586,-0.038142792880535126,0.06843648105859756,0.1078050285577774,-0.14112964272499084,-0.09986977279186249
31.717000000000002,0.0015658056363463402,0.0015658056363463402,nan,nan,nan,nan,-0.04497627168893814,0.0,-9.313225746154785e-10,0.1916176974773407,0.0,0.0,0.0,0.0,0.008999999612569809,0.024000000208616257,64.0,0.17054548859596252,3.693124294281006,0.012744218111038208,25.20796012878418,-0.001266417559236288,0.0025155285838991404,0.003781945211812854,0.0034715826623141766,0.823492169380188,0.01070728711783886,0.14502808451652527,9.0,1.0,0.0,0.0,0.001565788872539997,-1.6763806343078613e-08,nan,0.003729426534846425,-0.055956270545721054,0.17090514302253723,-0.017312996089458466,0.10017348825931549,0.16244064271450043,-0.024806618690490723,-0.14256061613559723,-0.0555032342672348,0.16952145099639893,-0.01717282645404339,0.09936246275901794,0.16112548112869263,-0.024605777114629745,-0.14140641689300537,-0.09463650733232498,0.28297796845436096,-0.02889201231300831,0.17249608039855957,0.285469114780426,-0.0560225285589695,-0.2456950694322586,0.005230922717601061,-0.001207129331305623,-0.005073232110589743,-0.0010627596639096737,-0.0007021047058515251,8.444795821560547e-05,0.00044351303949952126,0.08371324092149734,-0.26440948247909546,-0.00842050276696682,-0.1343885064125061,-0.14666561782360077,-0.015126604586839676,0.1107083410024643,-0.010923268273472786,0.018568482249975204,-0.03731251507997513,0.038107577711343765,0.13880349695682526,-0.07114913314580917,-0.1349867284297943,-0.010923268273472786,0.018568482249975204,-0.03731251507997513,0.038107577711343765,0.13880349695682526,-0.07114913314580917,-0.1349867284297943,-0.010923268273472786,0.018568482249975204,-0.03731251507997513,0.038107577711343765,0.13880349695682526,-0.07114913314580917,-0.1349867284297943
31.805000000000003,0.0013664355501532555,0.0013664355501532555,nan,nan,nan,nan,-0.0479874461889267,0.0,4.656612873077393e-10,0.1931220144033432,0.0,0.0,0.0,0.0,0.006000000052154064,0.027000000700354576,64.0,0.17152801156044006,3.406904697418213,0.012315809726715088,11.364547729492188,-0.0015129703097045422,-0.0005439590313471854,0.0009690117440186441,0.0,0.7922379970550537,0.00968404021114111,0.15591345727443695,9.0,1.0,0.0,0.0,0.0013664262369275093,-9.313225746154785e-09,nan,0.0021992013789713383,-0.060436055064201355,0.2089536190032959,-0.017982371151447296,0.09705498814582825,0.12715771794319153,0.02691839262843132,-0.126685231924057,-0.014420144259929657,0.04985668510198593,-0.004290624056011438,0.023157484829425812,0.0303400456905365,0.006422773934900761,-0.030227310955524445,-0.096488356590271,0.29926612973213196,-0.02943427860736847,0.17080017924308777,0.2704126238822937,-0.033061228692531586,-0.2396027147769928,0.005709696561098099,-0.0012066137278452516,-0.005553066730499268,-0.0010766307823359966,-0.0006906428025104105,9.879070421447977e-05,0.00043454821570776403,0.09321368485689163,-0.2803061604499817,-0.010203119367361069,-0.1320832371711731,-0.14954543113708496,-0.03039614111185074,0.11536003649234772,-0.003274674993008375,0.018959980458021164,-0.03963739797472954,0.03871694579720497,0.12086720019578934,-0.06345736980438232,-0.12424267828464508,-0.003274674993008375,0.018959980458021164,-0.03963739797472954,0.03871694579720497,0.12086720019578934,-0.06345736980438232,-0.12424267828464508,-0.003274674993008375,0.018959980458021164,-0.03963739797472954,0.03871694579720497,0.12086720019578934,-0.06345736980438232,-0.12424267828464508
31.873,0.0012766895815730095,0.0012766895815730095,nan,nan,nan,nan,-0.047588370740413666,0.0,2.3283064365386963e-10,0.19295719265937805,0.0,0.0,0.0,0.0,0.007000000216066837,0.02500000037252903,64.0,0.1726488173007965,3.1619277000427246,0.026212073862552643,20.27688980102539,-0.0013058825861662626,-0.000750421080738306,0.0005554617382586002,0.0,0.7383431196212769,0.0075379665940999985,0.13053879141807556,9.0,1.0,0.0,0.0,0.0012766765430569649,-1.30385160446167e-08,nan,0.0018494973191991448,-0.060436055064201355,0.2089536190032959,-0.017982371151447296,0.09705498814582825,0.12715771794319153,0.02691839262843132,-0.126685231924057,-0.02812235988676548,0.0972311794757843,-0.008367632515728474,0.04516203701496124,0.05916956439614296,0.012525780126452446,-0.05894970893859863,-0.08933945745229721,0.2935716211795807,-0.026905640959739685,0.1505395770072937,0.2180308997631073,0.005879825912415981,-0.2039278745651245,0.005896511487662792,-0.0012055975385010242,-0.005740690510720015,-0.0010848351521417499,-0.0006777850794605911,0.00010618366650305688,0.0004264276067260653,0.0882827639579773,-0.2765968143939972,-0.013744354248046875,-0.1327093243598938,-0.126847505569458,-0.028478723019361496,0.09602265059947968,-0.0010566920973360538,0.0169747956097126,-0.04064999520778656,0.017830248922109604,0.09118340164422989,-0.02259889617562294,-0.10790522396564484,-0.0010566920973360538,0.0169747956097126,-0.04064999520778656,0.017830248922109604,0.09118340164422989,-0.02259889617562294,-0.10790522396564484,-0.0010566920973360538,0.0169747956097126,-0.04064999520778656,0.017830248922109604,0.09118340164422989,-0.02259889617562294,-0.10790522396564484
31.962,0.0013287300243973732,0.0013287300243973732,nan,nan,nan,nan,-0.052592191845178604,0.0,-2.3283064365386963e-10,0.19239677488803864,0.0,0.0,0.0,0.0,0.0020000000949949026,0.01899999938905239,64.0,0.1736619919538498,17.542936325073242,0.015084631741046906,21.64093589782715,-0.0016014871653169394,-8.532579522579908e-05,0.0015161611372604966,0.0,0.6884950399398804,0.005595420487225056,0.13383065164089203,9.0,1.0,0.0,0.0,0.001328720711171627,-9.313225746154785e-09,nan,0.001893156091682613,-0.060436055064201355,0.2089536190032959,-0.017982371151447296,0.09705498814582825,0.12715771794319153,0.02691839262843132,-0.126685231924057,-0.045975007116794586,0.15895551443099976,-0.01367957703769207,0.07383182644844055,0.09673161059617996,0.020477401092648506,-0.09637218713760376,-0.09595245867967606,0.3251388669013977,-0.028689589351415634,0.15714235603809357,0.2148604393005371,0.028098709881305695,-0.20832395553588867,0.0060392264276742935,-0.0012005070457234979,-0.0058846306055784225,-0.001082682516425848,-0.0006710459711030126,0.00010732926602941006,0.00042092130752280354,0.10452430695295334,-0.30819788575172424,-0.014271464198827744,-0.14714430272579193,-0.15989477932453156,-0.02643897943198681,0.12350951880216599,0.008571846410632133,0.016940977424383163,-0.04296105355024338,0.009998053312301636,0.054965656250715256,0.0016597304493188858,-0.08481443673372269,0.008571846410632133,0.016940977424383163,-0.04296105355024338,0.009998053312301636,0.054965656250715256,0.0016597304493188858,-0.08481443673372269,0.008571846410632133,0.016940977424383163,-0.04296105355024338,0.009998053312301636,0.054965656250715256,0.0016597304493188858,-0.08481443673372269
32.040000000000006,0.0013949470594525337,0.0013949470594525337,nan,nan,nan,nan,-0.05739177018404007,0.0,0.0001433813013136387,0.19108767807483673,0.0,0.0,0.0,0.0,0.0,0.014000000432133675,64.0,0.17470955848693848,2.8473548889160156,0.010856427252292633,10.899306297302246,-0.002063825260847807,0.00019474572036415339,0.002401952166110277,0.0,0.6485705375671387,0.0054267956875264645,0.12163961678743362,9.0,1.0,0.0,0.0,0.0013949265703558922,-2.0489096641540527e-08,nan,0.0017340203048661351,-0.060436055064201355,0.2089536190032959,-0.017982371151447296,0.09705498814582825,0.12715771794319153,0.02691839262843132,-0.126685231924057,-0.06162763014435768,0.21307341754436493,-0.018336918205022812,0.09896856546401978,0.12966479361057281,0.027449125424027443,-0.12918300926685333,-0.10507282614707947,0.35950055718421936,-0.03134358674287796,0.17048324644565582,0.22849716246128082,0.038425013422966,-0.22436538338661194,0.0062250858172774315,-0.0011967651080340147,-0.006070212461054325,-0.0010801088064908981,-0.0006665929104201496,0.00010833000123966485,0.00041864163358695805,0.11288455128669739,-0.33983150124549866,-0.013725358992815018,-0.1713571399450302,-0.18487346172332764,-0.012312941253185272,0.14241839945316315,0.007811723276972771,0.019669068977236748,-0.04506894573569298,-0.0008738941978663206,0.04362369328737259,0.02611207216978073,-0.08194698393344879,0.007811723276972771,0.019669068977236748,-0.04506894573569298,-0.0008738941978663206,0.04362369328737259,0.02611207216978073,-0.08194698393344879,0.007811723276972771,0.019669068977236748,-0.04506894573569298,-0.0008738941978663206,0.04362369328737259,0.02611207216978073,-0.08194698393344879
32.114000000000004,0.0012928294017910957,0.0012928294017910957,nan,nan,nan,nan,-0.06630274653434753,1.0,-1.3271346688270569e-08,0.18940697610378265,0.0,0.0,0.0,0.0,0.004999999888241291,0.012000000104308128,64.0,0.17559334635734558,3.4773731231689453,0.010054558515548706,13.12600040435791,-0.000629224581643939,-0.0009408094920217991,-0.00031159818172454834,-0.005218666046857834,0.18457818031311035,0.004240118898451328,0.12082424759864807,9.0,1.0,0.0,0.0,0.0012928182259202003,-1.1175870895385742e-08,nan,0.0027157976292073727,-0.04213317483663559,0.20890246331691742,-0.012865337543189526,0.013876422308385372,0.028390483930706978,0.20262527465820312,-0.0486154668033123,-0.05181464925408363,0.256904661655426,-0.01582157053053379,0.017064984887838364,0.034914128482341766,0.24918507039546967,-0.059786465018987656,-0.09971171617507935,0.39890965819358826,-0.03000914491713047,0.11318501085042953,0.16043509542942047,0.20345690846443176,-0.17603206634521484,0.006444515660405159,-0.0011981608113273978,-0.006289398297667503,-0.0010861981427296996,-0.0006628273986279964,0.00011115155211882666,0.0004168188606854528,0.1427655816078186,-0.389288991689682,-0.02205800451338291,-0.10989470779895782,-0.17928194999694824,-0.16963446140289307,0.14452271163463593,0.04305386170744896,0.009620659053325653,-0.05206714943051338,0.00329030305147171,-0.01884685456752777,0.0338224396109581,-0.03150935471057892,0.04305386170744896,0.009620659053325653,-0.05206714943051338,0.00329030305147171,-0.01884685456752777,0.0338224396109581,-0.03150935471057892,0.04490772262215614,0.006467237137258053,-0.052348338067531586,0.0026248395442962646,-0.021575096994638443,0.032610878348350525,-0.029269857332110405
32.215,0.0012230472639203072,0.0012230472639203072,nan,nan,nan,nan,-0.06558951735496521,1.0,-4.0745362639427185e-09,0.1887146681547165,0.0,0.0,0.0,0.0,0.0020000000949949026,0.01899999938905239,64.0,0.17621369659900665,2.5238144397735596,0.011228024959564209,10.452445030212402,-0.0018958112923428416,-0.000693631824105978,0.0012021753937005997,-0.0002582214365247637,0.10275360941886902,0.006655667908489704,0.04989035055041313,9.0,1.0,0.0,0.0,0.0012230472639203072,0.0,nan,0.001030371175147593,-0.0587201863527298,0.2539249658584595,-0.006415183190256357,0.10164039582014084,0.04845268651843071,0.06745350360870361,-0.06931442022323608,-0.041464537382125854,0.1793060004711151,-0.004530002828687429,0.07177212089300156,0.03421426936984062,0.04763146489858627,-0.04894552752375603,-0.09693718701601028,0.4016491770744324,-0.020977642387151718,0.13550911843776703,0.12245780974626541,0.1596701443195343,-0.14612269401550293,0.006885398644953966,-0.0011908803135156631,-0.006735467817634344,-0.0010862171184271574,-0.0006465308251790702,0.00010848931560758501,0.00040505657671019435,0.1431460976600647,-0.38859811425209045,-0.0319637656211853,-0.1606309413909912,-0.17924170196056366,-0.06682460755109787,0.1376708596944809,0.04620891064405441,0.013051055371761322,-0.05294140800833702,-0.02512183040380478,-0.05678389221429825,0.09284553676843643,-0.008451840840280056,0.04620891064405441,0.013051055371761322,-0.05294140800833702,-0.02512183040380478,-0.05678389221429825,0.09284553676843643,-0.008451840840280056,0.04677318036556244,0.012104327790439129,-0.053032491356134415,-0.025318851694464684,-0.05760561674833298,0.0924791768193245,-0.007777318358421326
32.291,0.0011911718174815178,0.0011911718174815178,nan,nan,nan,nan,-0.0727434977889061,1.0,-5.471520125865936e-09,0.18838101625442505,0.0,0.0,0.0,0.0,0.004999999888241291,0.012000000104308128,64.0,0.17619022727012634,4.590456485748291,0.00976957380771637,12.816279411315918,-0.001848116866312921,-0.000561437220312655,0.0012866741744801402,0.0,-0.03766123577952385,0.008810949511826038,0.04430041089653969,9.0,1.0,0.0,0.0,0.001191149465739727,-2.2351741790771484e-08,nan,0.0008871872560121119,-0.0587201863527298,0.2539249658584595,-0.006415183190256357,0.10164039582014084,0.04845268651843071,0.06745350360870361,-0.06931442022323608,-0.06183687224984169,0.2674025297164917,-0.0067556812427937984,0.10703516006469727,0.051024407148361206,0.07103373110294342,-0.07299342006444931,-0.1048547774553299,0.44360244274139404,-0.017273353412747383,0.1634146124124527,0.1103084534406662,0.1475115418434143,-0.14152581989765167,0.007075828034430742,-0.0011926067527383566,-0.006927262991666794,-0.0010895088780671358,-0.0006462626624852419,0.00010757838754216209,0.0004042366344947368,0.15971554815769196,-0.43266522884368896,-0.035972513258457184,-0.20000404119491577,-0.2095036804676056,-0.032114796340465546,0.16109441220760345,0.05486077442765236,0.010937213897705078,-0.053245868533849716,-0.03658943623304367,-0.09919522702693939,0.11539674550294876,0.01956859603524208,0.05486077442765236,0.010937213897705078,-0.053245868533849716,-0.03658943623304367,-0.09919522702693939,0.11539674550294876,0.01956859603524208,0.05555466189980507,0.009781410917639732,-0.053362030535936356,-0.03682618960738182,-0.10020013153553009,0.11494161188602448,0.020392950624227524
32.413,0.0009796181693673134,0.0009796181693673134,nan,nan,nan,nan,-0.07560908794403076,1.0,-1.2834789231419563e-08,0.18663732707500458,0.0,0.0,0.0,0.0,0.0,0.03500000014901161,64.0,0.17608721554279327,4.159790515899658,0.01916196197271347,12.812753677368164,-7.8297482104972e-05,-0.0011516441591084003,-0.0010733595117926598,-0.0018955873092636466,0.02070767432451248,0.012552215717732906,0.09218819439411163,9.0,1.0,0.0,0.0,0.0009796032682061195,-1.4901161193847656e-08,nan,0.0013783953618258238,-0.04003681614995003,0.21172748506069183,-0.013764642179012299,0.013234296813607216,0.011916416697204113,0.2034004032611847,-0.041111886501312256,-0.054792456328868866,0.289760023355484,-0.01883762516081333,0.0181118194013834,0.01630823314189911,0.278363972902298,-0.056263744831085205,-0.09695415943861008,0.45102885365486145,-0.02288784272968769,0.103674978017807,0.07286053895950317,0.2782796621322632,-0.11839145421981812,0.0073265074752271175,-0.0011949834879487753,-0.007180548273026943,-0.0010931609431281686,-0.0006479147705249488,0.00010355991980759427,0.0004034469893667847,0.18168753385543823,-0.45345237851142883,-0.03680219501256943,-0.14873634278774261,-0.23631222546100616,-0.14424563944339752,0.18639633059501648,0.08473336696624756,-0.0024235211312770844,-0.05969003587961197,-0.045061368495225906,-0.163451686501503,0.13403402268886566,0.06800486892461777,0.08473336696624756,-0.0024235211312770844,-0.05969003587961197,-0.045061368495225906,-0.163451686501503,0.13403402268886566,0.06800486892461777,0.08613697439432144,-0.004662788473069668,-0.05996743217110634,-0.04548894613981247,-0.1654077172279358,0.1330869495868683,0.0696084126830101
32.516000000000005,0.0010057752951979637,0.0010057752951979637,nan,nan,nan,nan,-0.07528453320264816,0.0,0.000620509497821331,0.18456150591373444,0.0,0.0,0.0,0.0,0.003000000026077032,0.007000000216066837,64.0,0.1753545105457306,3.4823882579803467,0.01195911318063736,14.049564361572266,0.0023579085245728493,-0.00019347912166267633,-0.0019308781484141946,0.0,-0.22221173346042633,0.015611534006893635,0.14430131018161774,9.0,1.0,0.0,0.0,0.0010057566687464714,-1.862645149230957e-08,nan,0.003409456927329302,-0.05908839777112007,0.2336580902338028,-0.007017550058662891,0.10786926001310349,0.09810271859169006,0.022328894585371017,-0.10052219778299332,-0.04822464659810066,0.19069865345954895,-0.00572733161970973,0.08803685009479523,0.08006595075130463,0.01822359301149845,-0.08204059302806854,-0.09929955750703812,0.44481444358825684,-0.020567452535033226,0.12436886131763458,0.09983571618795395,0.22333766520023346,-0.1349276602268219,0.007212725467979908,-0.0012026969343423843,-0.00706406170502305,-0.001090874313376844,-0.0006680566584691405,9.62572667049244e-05,0.0004162089026067406,0.22287604212760925,-0.4683566391468048,-0.04727637767791748,-0.1599857360124588,-0.32155779004096985,-0.10905429720878601,0.25141698122024536,0.12357648462057114,-0.023542184382677078,-0.06784383207559586,-0.03561687469482422,-0.2217220813035965,0.11428336799144745,0.11648932844400406,0.12357648462057114,-0.023542184382677078,-0.06784383207559586,-0.03561687469482422,-0.2217220813035965,0.11428336799144745,0.11648932844400406,0.12357648462057114,-0.023542184382677078,-0.06784383207559586,-0.03561687469482422,-0.2217220813035965,0.11428336799144745,0.11648932844400406
32.602999999999994,0.001031295396387577,0.001031295396387577,nan,nan,nan,nan,-0.08146721869707108,1.0,-2.1886080503463745e-07,0.18359051644802094,0.0,0.0,0.0,0.0,0.0,0.024000000208616257,64.0,0.17520584166049957,5.456860065460205,0.01625344157218933,12.98317813873291,0.004872229881584644,0.00023362692445516586,-0.004638821817934513,0.0016600049566477537,-0.47871264815330505,0.01736319437623024,0.15653280913829803,9.0,1.0,0.0,0.0,0.0010312749072909355,-2.0489096641540527e-08,nan,0.006728281732648611,-0.05908839777112007,0.2336580902338028,-0.007017550058662891,0.10786926001310349,0.09810271859169006,0.022328894585371017,-0.10052219778299332,-0.07330534607172012,0.289877325296402,-0.008706005290150642,0.13382309675216675,0.12170669436454773,0.027701329439878464,-0.12470830231904984,-0.11232882738113403,0.4687018096446991,-0.017464835196733475,0.17831362783908844,0.155930295586586,0.12978756427764893,-0.1751132309436798,0.007526495028287172,-0.0012055722763761878,-0.007379457354545593,-0.0010935313766822219,-0.0006679671350866556,9.207083348883316e-05,0.00041596515802666545,0.25093820691108704,-0.47961413860321045,-0.05268370732665062,-0.17415650188922882,-0.38394081592559814,-0.07357004284858704,0.3011164665222168,0.138609379529953,-0.010912314057350159,-0.0701485425233841,0.004157125949859619,-0.22801052033901215,0.05621752142906189,0.126003235578537,0.138609379529953,-0.010912314057350159,-0.0701485425233841,0.004157125949859619,-0.22801052033901215,0.05621752142906189,0.126003235578537,0.15762697160243988,-0.04171653464436531,-0.07362379878759384,-0.001113004982471466,-0.2548580765724182,0.041786570101976395,0.14793694019317627
32.666,0.001119372434914112,0.001119372434914112,nan,nan,nan,nan,-0.09178579598665237,1.0,-1.1594966053962708e-07,0.18239827454090118,0.0,0.0,0.0,0.0,0.006000000052154064,0.013000000268220901,64.0,0.17505450546741486,3.3057620525360107,0.012892298400402069,14.887638092041016,0.005988670513033867,0.0008313063299283385,-0.005157480016350746,0.0032537542283535004,-0.5367414951324463,0.017803939059376717,0.17022721469402313,9.0,1.0,0.0,0.0,0.0011193575337529182,-1.4901161193847656e-08,nan,0.008424906991422176,-0.05908839777112007,0.2336580902338028,-0.007017550058662891,0.10786926001310349,0.09810271859169006,0.022328894585371017,-0.10052219778299332,-0.10072271525859833,0.3982960879802704,-0.011962191201746464,0.18387509882450104,0.16722695529460907,0.03806207329034805,-0.17135120928287506,-0.13074374198913574,0.5303071737289429,-0.017764903604984283,0.22416947782039642,0.20048870146274567,0.09678629785776138,-0.2137533724308014,0.007183713372796774,-0.001212929142639041,-0.007031015586107969,-0.0010869615944102407,-0.0006905141635797918,8.547351171728224e-05,0.00043184368405491114,0.28892526030540466,-0.5647892951965332,-0.0552668422460556,-0.2029239982366562,-0.4477528929710388,-0.09468800574541092,0.35450279712677,0.15818151831626892,-0.03448212146759033,-0.07303174585103989,0.021245479583740234,-0.24726419150829315,0.002098292112350464,0.14074942469596863,0.15818151831626892,-0.03448212146759033,-0.07303174585103989,0.021245479583740234,-0.24726419150829315,0.002098292112350464,0.14074942469596863,0.16711072623729706,-0.04923850670456886,-0.07451797276735306,0.018845882266759872,-0.260088175535202,-0.005117310211062431,0.1512003242969513
32.72,0.0011772708967328072,0.0011772708967328072,nan,nan,nan,nan,-0.08486808836460114,0.0,0.0005474244244396687,0.1823330521583557,0.0,0.0,0.0,0.0,0.006000000052154064,0.007000000216066837,64.0,0.17473070323467255,2.1807003021240234,0.009756535291671753,24.309778213500977,5.294568836688995e-07,0.0010332107776775956,0.0015801057452335954,0.0,-0.37815964221954346,0.014962445013225079,0.1596134454011917,9.0,1.0,0.0,0.0,0.0011772485449910164,-2.2351741790771484e-08,nan,0.002252721693366766,-0.03976712375879288,0.21616122126579285,-0.00973199401050806,0.021897131577134132,0.017922643572092056,0.19753624498844147,-0.04215346276760101,-0.04609400033950806,0.25055211782455444,-0.01128033734858036,0.025380926206707954,0.020774105563759804,0.2289639264345169,-0.04886000603437424,-0.1216796338558197,0.5254327654838562,-0.01883763074874878,0.18231016397476196,0.16265614330768585,0.18660396337509155,-0.18620312213897705,0.006775515154004097,-0.001222688122652471,-0.006618819665163755,-0.0010848595993593335,-0.0007099727517925203,8.118800178635865e-05,0.00044479453936219215,0.26146477460861206,-0.5364029407501221,-0.0504394993185997,-0.1600903868675232,-0.3876318335533142,-0.173151895403862,0.3036833107471466,0.13978512585163116,-0.01097017526626587,-0.06927713006734848,0.02221977710723877,-0.22497567534446716,0.013452067971229553,0.11748018860816956,0.13978512585163116,-0.01097017526626587,-0.06927713006734848,0.02221977710723877,-0.22497567534446716,0.013452067971229553,0.11748018860816956,0.13978512585163116,-0.01097017526626587,-0.06927713006734848,0.02221977710723877,-0.22497567534446716,0.013452067971229553,0.11748018860816956
32.786,0.001313905231654644,0.001313905231654644,nan,nan,nan,nan,-0.07042218744754791,0.0,-1.1641532182693481e-10,0.1825801134109497,0.0,0.0,0.0,0.0,0.003000000026077032,0.009999999776482582,64.0,0.17435549199581146,8.781380653381348,0.012200325727462769,16.42179298400879,-0.000930449110455811,0.001660072011873126,0.0025905210059136152,0.0,-0.3342326283454895,0.014303162693977356,0.1900222897529602,9.0,1.0,0.0,0.0,0.0013138959184288979,-9.313225746154785e-09,nan,0.0027169561944901943,-0.057554252445697784,0.17182201147079468,-0.011749028228223324,0.10119039565324783,0.16415934264659882,-0.035091038793325424,-0.13640929758548737,-0.028525186702609062,0.08515886962413788,-0.005823084153234959,0.0501522459089756,0.0813610777258873,-0.017391910776495934,-0.06760752946138382,-0.10405053198337555,0.4404319226741791,-0.019299065694212914,0.1417166292667389,0.1575695276260376,0.18098114430904388,-0.1699187457561493,0.006103488616645336,-0.0012408390175551176,-0.005938275717198849,-0.0010861977934837341,-0.0007465022499673069,7.927157275844365e-05,0.0004681777209043503,0.22439594566822052,-0.44587501883506775,-0.04242073744535446,-0.15246236324310303,-0.3730815649032593,-0.10486894100904465,0.27554160356521606,0.12034541368484497,-0.0054430849850177765,-0.061719805002212524,-0.010745739564299583,-0.21551202237606049,0.07611220329999924,0.10562285780906677,0.12034541368484497,-0.0054430849850177765,-0.061719805002212524,-0.010745739564299583,-0.21551202237606049,0.07611220329999924,0.10562285780906677,0.12034541368484497,-0.0054430849850177765,-0.061719805002212524,-0.010745739564299583,-0.21551202237606049,0.07611220329999924,0.10562285780906677
32.902,0.0014419285580515862,0.0014419285580515862,nan,nan,nan,nan,-0.06237214058637619,0.0,0.0004493221640586853,0.18258927762508392,0.0,0.0,0.0,0.0,0.004999999888241291,0.017000000923871994,64.0,0.17394469678401947,7.492086887359619,0.021792016923427582,14.314435958862305,0.002912177238613367,0.0016156737692654133,-0.0008471813052892685,-0.00018407315656077117,-0.63312828540802,0.008393576368689537,0.2328876405954361,9.0,1.0,0.0,0.0,0.0014419080689549446,-2.0489096641540527e-08,nan,0.006910176947712898,-0.057554252445697784,0.17182201147079468,-0.011749028228223324,0.10119039565324783,0.16415934264659882,-0.035091038793325424,-0.13640929758548737,-0.06997362524271011,0.20889869332313538,-0.014284297823905945,0.1230258047580719,0.1995825320482254,-0.042663175612688065,-0.16584444046020508,-0.11127081513404846,0.3795473575592041,-0.022006191313266754,0.1805926263332367,0.266579270362854,0.021339938044548035,-0.23574043810367584,0.005941407289355993,-0.0012586947996169329,-0.005766754969954491,-0.0010889646364375949,-0.0007838081801310182,7.366319914581254e-05,0.0004929914721287787,0.18746209144592285,-0.4017333686351776,-0.027121420949697495,-0.2050851583480835,-0.38673460483551025,0.034029554575681686,0.27271294593811035,0.07619127631187439,-0.022186003625392914,-0.04912761226296425,-0.024492532014846802,-0.12015534192323685,0.05536949262022972,0.03697250410914421,0.07619127631187439,-0.022186003625392914,-0.04912761226296425,-0.024492532014846802,-0.12015534192323685,0.05536949262022972,0.03697250410914421,0.07619127631187439,-0.022186003625392914,-0.04912761226296425,-0.024492532014846802,-0.12015534192323685,0.05536949262022972,0.03697250410914421
33.010000000000005,0.00154899712651968,0.00154899712651968,nan,nan,nan,nan,-0.06680819392204285,0.0,0.00038118252996355295,0.1801537275314331,0.0,0.0,0.0,0.0,0.004999999888241291,0.01899999938905239,64.0,0.17268016934394836,6.615248680114746,0.01906510442495346,15.02376651763916,-0.0011480966350063682,0.0010286334436386824,0.0025579126086086035,-0.00019097015319857746,0.18774202466011047,0.005591615103185177,0.18283255398273468,9.0,1.0,0.0,0.0,0.00154899712651968,0.0,nan,0.00364810973405838,-0.057554252445697784,0.17182201147079468,-0.011749028228223324,0.10119039565324783,0.16415934264659882,-0.035091038793325424,-0.13640929758548737,-0.12129718065261841,0.3621196448802948,-0.02476140484213829,0.21326155960559845,0.34597036242485046,-0.07395533472299576,-0.28748640418052673,-0.14094506204128265,0.4440368711948395,-0.02842434123158455,0.24041879177093506,0.37706437706947327,-0.042133674025535583,-0.32031044363975525,0.005302687641233206,-0.0012740219244733453,-0.005120853427797556,-0.001082051545381546,-0.000817680440377444,6.12321455264464e-05,0.0005149631761014462,0.1540069282054901,-0.43086686730384827,-0.01547708734869957,-0.2747749984264374,-0.3744667172431946,0.11334874480962753,0.25725236535072327,0.01306186243891716,0.013169992715120316,-0.04390142858028412,-0.034356214106082916,0.002597664948552847,0.07121507078409195,-0.06305807083845139,0.01306186243891716,0.013169992715120316,-0.04390142858028412,-0.034356214106082916,0.002597664948552847,0.07121507078409195,-0.06305807083845139,0.01306186243891716,0.013169992715120316,-0.04390142858028412,-0.034356214106082916,0.002597664948552847,0.07121507078409195,-0.06305807083845139
33.116,0.0013884948566555977,0.0013884948566555977,nan,nan,nan,nan,-0.07703740149736404,0.0,0.0002900514518842101,0.1781974583864212,0.0,0.0,0.0,0.0,0.00800000037997961,0.013000000268220901,64.0,0.17281830310821533,23.677640914916992,0.021187588572502136,40.92015838623047,-0.00023834698367863894,-0.0009586818050593138,-0.00043028336949646473,0.0,0.6152902841567993,0.005782761611044407,0.10928700864315033,9.0,1.0,0.0,0.0,0.0013884836807847023,-1.1175870895385742e-08,nan,0.0036947575863450766,-0.057554252445697784,0.17182201147079468,-0.011749028228223324,0.10119039565324783,0.16415934264659882,-0.035091038793325424,-0.13640929758548737,-0.1470450758934021,0.43898719549179077,-0.030017536133527756,0.2585308253765106,0.4194098711013794,-0.08965392410755157,-0.3485114574432373,-0.16699177026748657,0.511311411857605,-0.03389831632375717,0.2895433306694031,0.46260133385658264,-0.07775849848985672,-0.388238787651062,0.006449591834098101,-0.001271429006010294,-0.006272527854889631,-0.0010854832362383604,-0.0008096243254840374,5.6954198953462765e-05,0.0005092110950499773,0.1802949756383896,-0.5014820694923401,-0.013845164328813553,-0.2908245027065277,-0.4169042110443115,0.07835948467254639,0.29478883743286133,0.013303199782967567,0.009829346090555191,-0.047743480652570724,-0.0012811794877052307,0.04569713771343231,0.0006009899079799652,-0.09344995021820068,0.013303199782967567,0.009829346090555191,-0.047743480652570724,-0.0012811794877052307,0.04569713771343231,0.0006009899079799652,-0.09344995021820068,0.013303199782967567,0.009829346090555191,-0.047743480652570724,-0.0012811794877052307,0.04569713771343231,0.0006009899079799652,-0.09344995021820068
33.159000000000006,0.0012632953003048897,0.0012632953003048897,nan,nan,nan,nan,-0.053673047572374344,0.0,0.0007258213590830564,0.17624592781066895,0.0,0.0,0.0,0.0,0.012000000104308128,0.007000000216066837,64.0,0.17335183918476105,3.0933759212493896,0.011920928955078125,11.573148727416992,0.0014846150297671556,-0.001677569467574358,-0.002436363138258457,0.0,0.6441500782966614,0.0077229756861925125,0.10278981924057007,9.0,1.0,0.0,0.0,0.001263282261788845,-1.30385160446167e-08,nan,0.00424824096262455,-0.055779002606868744,0.14100798964500427,-0.012014049105346203,0.09480060636997223,0.18504296243190765,-0.05701820179820061,-0.14276549220085144,-0.024118226021528244,0.06097030267119408,-0.0051947422325611115,0.040990740060806274,0.0800105407834053,-0.024654041975736618,-0.06173022463917732,-0.12261074781417847,0.35491669178009033,-0.02536516636610031,0.21127471327781677,0.3606724739074707,-0.07846742868423462,-0.29406648874282837,0.006821063347160816,-0.0012645170791074634,-0.006649989169090986,-0.0010832264088094234,-0.0007959149079397321,5.277746822685003e-05,0.0004989081644453108,0.14872002601623535,-0.3555642366409302,-0.02681626006960869,-0.17810258269309998,-0.29389795660972595,0.006609231233596802,0.1954268217086792,0.026109278202056885,-0.0006475523114204407,-0.052181426435709,0.0331721268594265,0.06677450984716415,-0.07185819745063782,-0.09863967448472977,0.026109278202056885,-0.0006475523114204407,-0.052181426435709,0.0331721268594265,0.06677450984716415,-0.07185819745063782,-0.09863967448472977,0.026109278202056885,-0.0006475523114204407,-0.052181426435709,0.0331721268594265,0.06677450984716415,-0.07185819745063782,-0.09863967448472977
33.218,0.0012405244633555412,0.0012405244633555412,nan,nan,nan,nan,-0.04175172746181488,0.0,-1.1641532182693481e-09,0.1755826473236084,0.0,0.0,0.0,0.0,0.0,0.01600000075995922,64.0,0.17382632195949554,6.132235527038574,0.024347566068172455,16.6649169921875,-0.002184415003284812,-0.0012524473713710904,0.0009319664677605033,0.0,0.8409948348999023,0.010214773938059807,0.07401537150144577,9.0,1.0,0.0,0.0,0.0012405170127749443,-7.450580596923828e-09,nan,0.0011792979203164577,-0.055779002606868744,0.14100798964500427,-0.012014049105346203,0.09480060636997223,0.18504296243190765,-0.05701820179820061,-0.14276549220085144,-0.03898834064602852,0.0985615998506546,-0.008397565223276615,0.06626361608505249,0.12934111058712006,-0.0398545116186142,-0.0997900515794754,-0.10786407440900803,0.2976241707801819,-0.022653451189398766,0.18492582440376282,0.33226341009140015,-0.08425553888082504,-0.26511576771736145,0.007063344586640596,-0.0012635174207389355,-0.0068950108252465725,-0.0010871493723243475,-0.0007861839840188622,5.3138799557927996e-05,0.0004919680650345981,0.09512250125408173,-0.27034759521484375,-0.023894229903817177,-0.16641369462013245,-0.20435208082199097,0.04889579862356186,0.12120801210403442,-0.012741576880216599,0.02727658674120903,-0.04654768109321594,0.018512126058340073,0.12791132926940918,-0.035359740257263184,-0.14390775561332703,-0.012741576880216599,0.02727658674120903,-0.04654768109321594,0.018512126058340073,0.12791132926940918,-0.035359740257263184,-0.14390775561332703,-0.012741576880216599,0.02727658674120903,-0.04654768109321594,0.018512126058340073,0.12791132926940918,-0.035359740257263184,-0.14390775561332703
33.337999999999994,0.0013380004093050957,0.0013380004093050957,nan,nan,nan,nan,-0.03907839208841324,1.0,-3.5390257835388184e-08,0.17458194494247437,0.0,0.0,0.0,0.0,0.0010000000474974513,0.012000000104308128,64.0,0.17421185970306396,27.74870491027832,0.021675601601600647,45.59475326538086,-0.0018058349378407001,-0.0001197821693494916,0.0016860173782333732,0.003450860735028982,0.8589745163917542,0.01092531718313694,0.06445763260126114,9.0,1.0,0.0,0.0,0.0013379910960793495,-9.313225746154785e-09,nan,0.002192154759541154,-0.055779002606868744,0.14100798964500427,-0.012014049105346203,0.09480060636997223,0.18504296243190765,-0.05701820179820061,-0.14276549220085144,-0.050998616963624954,0.12892329692840576,-0.010984417982399464,0.0866759791970253,0.1691843569278717,-0.05213161185383797,-0.13053016364574432,-0.1052820235490799,0.27998828887939453,-0.02235514670610428,0.17982375621795654,0.3350829780101776,-0.09319595992565155,-0.2633877992630005,0.006972512695938349,-0.0012616986641660333,-0.006802357267588377,-0.0010807140497490764,-0.0007867935346439481,4.906593312625773e-05,0.0004940450307913125,0.09700211882591248,-0.25263193249702454,-0.023621566593647003,-0.14178618788719177,-0.195427805185318,0.024455823004245758,0.12097097933292389,-0.00827990286052227,0.027356348931789398,-0.04597671329975128,0.03803757578134537,0.13965517282485962,-0.06874013692140579,-0.1424168199300766,-0.00827990286052227,0.027356348931789398,-0.04597671329975128,0.03803757578134537,0.13965517282485962,-0.06874013692140579,-0.1424168199300766,-0.006607770454138517,0.024549636989831924,-0.046224355697631836,0.03772663697600365,0.13725967705249786,-0.07041828334331512,-0.1404973864555359
33.431,0.001169486902654171,0.001169486902654171,nan,nan,nan,nan,-0.04211597517132759,0.0,-2.3283064365386963e-10,0.1754365712404251,0.0,0.0,0.0,0.0,0.003000000026077032,0.014000000432133675,64.0,0.1754029542207718,3.9904377460479736,0.020347535610198975,17.804128646850586,-0.0013633791822940111,-0.001044183038175106,0.0003191959112882614,0.0,0.8434991836547852,0.012195916846394539,0.10764896869659424,9.0,1.0,0.0,0.0,0.0011694738641381264,-1.30385160446167e-08,nan,0.0015600003534927964,-0.055779002606868744,0.14100798964500427,-0.012014049105346203,0.09480060636997223,0.18504296243190765,-0.05701820179820061,-0.14276549220085144,-0.07413675636053085,0.1874159574508667,-0.015968061983585358,0.12600098550319672,0.24594353139400482,-0.07578379660844803,-0.18975187838077545,-0.11469542980194092,0.2974497973918915,-0.02452971413731575,0.19541551172733307,0.37280458211898804,-0.10942265391349792,-0.2902647852897644,0.007376819383352995,-0.001253140508197248,-0.007211076561361551,-0.0010906056268140674,-0.0007653089123778045,6.169957487145439e-05,0.00047891150461509824,0.118399977684021,-0.2757854759693146,-0.02522103860974312,-0.1360454261302948,-0.22546331584453583,-1.9982457160949707e-05,0.15124797821044922,0.003704549977555871,0.0216643288731575,-0.04975075274705887,0.059370093047618866,0.1473412662744522,-0.10944263637065887,-0.13901680707931519,0.003704549977555871,0.0216643288731575,-0.04975075274705887,0.059370093047618866,0.1473412662744522,-0.10944263637065887,-0.13901680707931519,0.003704549977555871,0.0216643288731575,-0.04975075274705887,0.059370093047618866,0.1473412662744522,-0.10944263637065887,-0.13901680707931519
33.542,0.0010916730388998985,0.0010916730388998985,nan,nan,nan,nan,-0.03740249574184418,0.0,0.0,0.1767718344926834,0.0,0.0,0.0,0.0,0.008999999612569809,0.023000000044703484,64.0,0.17675307393074036,4.150473594665527,0.020019710063934326,22.929336547851562,-0.00034663639962673187,-0.0004215594381093979,-7.492303848266602e-05,0.0,0.7705827355384827,0.012724155560135841,0.14585967361927032,9.0,1.0,0.0,0.0,0.0010916506871581078,-2.2351741790771484e-08,nan,0.002057024510577321,-0.05755680054426193,0.15053273737430573,-0.010940620675683022,0.0997503399848938,0.17442236840724945,-0.056085895746946335,-0.14278826117515564,-0.026780981570482254,0.07004236429929733,-0.005090632941573858,0.046413492411375046,0.0811581239104271,-0.02609657496213913,-0.06643888354301453,-0.09854884445667267,0.25641104578971863,-0.02017264813184738,0.1690186858177185,0.3119637072086334,-0.09479419887065887,-0.24750487506389618,0.007956866174936295,-0.0012497236020863056,-0.007793402764946222,-0.0011112416395917535,-0.0007426372030749917,7.991520396899432e-05,0.0004628795140888542,0.12172926962375641,-0.2428484708070755,-0.034592777490615845,-0.08948716521263123,-0.17607127130031586,-0.05093534290790558,0.12498326599597931,0.023180421441793442,0.013562576845288277,-0.054765425622463226,0.07953152060508728,0.13589243590831757,-0.14572954177856445,-0.12252160906791687,0.023180421441793442,0.013562576845288277,-0.054765425622463226,0.07953152060508728,0.13589243590831757,-0.14572954177856445,-0.12252160906791687,0.023180421441793442,0.013562576845288277,-0.054765425622463226,0.07953152060508728,0.13589243590831757,-0.14572954177856445,-0.12252160906791687
33.673,0.0012724222615361214,0.0012724222615361214,nan,nan,nan,nan,-0.035946089774370193,0.0,1.8802471458911896e-05,0.17805953323841095,0.0,0.0,0.0,0.0,0.003000000026077032,0.0430000014603138,64.0,0.17768917977809906,9.538652420043945,0.025299377739429474,15.821073532104492,-0.0009627402760088444,0.0008759592892602086,0.0018575020367279649,0.0010695048840716481,0.8174588084220886,0.012248927727341652,0.1774405986070633,9.0,1.0,0.0,0.0,0.0012724092230200768,-1.30385160446167e-08,nan,0.002519607776775956,-0.05755680054426193,0.15053273737430573,-0.010940620675683022,0.0997503399848938,0.17442236840724945,-0.056085895746946335,-0.14278826117515564,-0.04097248241305351,0.10715848952531815,-0.0077882083132863045,0.07100844383239746,0.12416459619998932,-0.03992540016770363,-0.10164549201726913,-0.09562515467405319,0.2494288682937622,-0.018898246809840202,0.16483698785305023,0.29645782709121704,-0.09256210178136826,-0.2387433499097824,0.00764324190095067,-0.0012576649896800518,-0.0074734254740178585,-0.0011149310739710927,-0.0007559226942248642,8.77932325238362e-05,0.00047193909995257854,0.10587497055530548,-0.23106975853443146,-0.031680576503276825,-0.09801748394966125,-0.15281128883361816,-0.029485002160072327,0.1082838624715805,0.010249815881252289,0.01835910975933075,-0.05057882145047188,0.06681950390338898,0.14364653825759888,-0.12204710394144058,-0.1304594874382019,0.010249815881252289,0.01835910975933075,-0.05057882145047188,0.06681950390338898,0.14364653825759888,-0.12204710394144058,-0.1304594874382019,0.010249815881252289,0.01835910975933075,-0.05057882145047188,0.06681950390338898,0.14364653825759888,-0.12204710394144058,-0.1304594874382019
33.769999999999996,0.0013644630089402199,0.0013644630089402199,nan,nan,nan,nan,-0.041329581290483475,1.0,-4.21423465013504e-08,0.17865325510501862,0.0,0.0,0.0,0.0,0.004000000189989805,0.014000000432133675,64.0,0.17982374131679535,8.415826797485352,0.5858736038208008,19.371427536010742,0.0015740909148007631,0.00043938530143350363,-0.0011347477557137609,-0.0003367396129760891,0.7971624135971069,0.011443356983363628,0.19859091937541962,9.0,1.0,0.0,0.0,0.001364448107779026,-1.4901161193847656e-08,nan,0.005635695066303015,-0.05755680054426193,0.15053273737430573,-0.010940620675683022,0.0997503399848938,0.17442236840724945,-0.056085895746946335,-0.14278826117515564,-0.05743449553847313,0.1502128541469574,-0.010917372070252895,0.09953837096691132,0.17405171692371368,-0.05596671253442764,-0.1424848437309265,-0.10261860489845276,0.2679876983165741,-0.01993737556040287,0.1773146688938141,0.31496721506118774,-0.09962594509124756,-0.2554837465286255,0.00804052222520113,-0.0012560866307467222,-0.007869263179600239,-0.0011214518453925848,-0.000747323501855135,9.735786443343386e-05,0.00046597779146395624,0.10612396150827408,-0.2615949809551239,-0.029558001086115837,-0.13215085864067078,-0.17095670104026794,0.0012455284595489502,0.12002161145210266,0.003505358472466469,0.006392713636159897,-0.04949537664651871,0.04516381397843361,0.1440105140209198,-0.09838041663169861,-0.13546213507652283,0.003505358472466469,0.006392713636159897,-0.04949537664651871,0.04516381397843361,0.1440105140209198,-0.09838041663169861,-0.13546213507652283,0.005349710118025541,0.003608951810747385,-0.04993455484509468,0.0448051393032074,0.141582652926445,-0.09981633722782135,-0.13352353870868683
33.855000000000004,0.0013174405321478844,0.0013174405321478844,nan,nan,nan,nan,-0.03797022998332977,1.0,-2.3632310330867767e-08,0.17885540425777435,0.0,0.0,0.0,0.0,0.007000000216066837,0.014000000432133675,64.0,0.181108295917511,7.658787250518799,0.02146512269973755,38.9754638671875,0.0009800345869734883,-1.927826087921858e-05,-0.0009993364801630378,0.0026364410296082497,0.778552234172821,0.01042150054126978,0.22337381541728973,9.0,1.0,0.0,0.0,0.0013174237683415413,-1.6763806343078613e-08,nan,0.004742676392197609,-0.06294367462396622,0.18097232282161713,-0.012285454198718071,0.09830953180789948,0.15573501586914062,-0.020068123936653137,-0.13716883957386017,-0.01790219359099865,0.05147143825888634,-0.003494180738925934,0.02796081081032753,0.04429354518651962,-0.005707697011530399,-0.03901302441954613,-0.09047631174325943,0.24741482734680176,-0.017616121098399162,0.14932075142860413,0.2525620460510254,-0.0602971576154232,-0.21214208006858826,0.008450714871287346,-0.0012484020553529263,-0.00828385166823864,-0.001139735453762114,-0.000720349489711225,0.00011573700612643734,0.0004454699228517711,0.08807917684316635,-0.23818150162696838,-0.030165595933794975,-0.11951984465122223,-0.1169586181640625,-0.007585626095533371,0.07890722155570984,-0.0023971362970769405,0.009233333170413971,-0.04778171703219414,0.029800910502672195,0.1356034278869629,-0.06788278371095657,-0.13323485851287842,-0.0023971362970769405,0.009233333170413971,-0.04778171703219414,0.029800910502672195,0.1356034278869629,-0.06788278371095657,-0.13323485851287842,-0.001347869634628296,0.007696296088397503,-0.0480523407459259,0.02959594503045082,0.13424785435199738,-0.06863328814506531,-0.13215187191963196
33.955,0.0013959864154458046,0.0013959864154458046,nan,nan,nan,nan,-0.03774990886449814,0.0,2.3283064365386963e-10,0.17855557799339294,0.0,0.0,0.0,0.0,0.0010000000474974513,0.02199999988079071,64.0,0.1820174753665924,5.121378421783447,0.01758430153131485,38.65153121948242,-0.0015517796855419874,0.00039012031629681587,0.001941900234669447,0.0017295506549999118,0.8043079972267151,0.009470067918300629,0.18953943252563477,9.0,1.0,0.0,0.0,0.0013959752395749092,-1.1175870895385742e-08,nan,0.002709245076403022,-0.06294367462396622,0.18097232282161713,-0.012285454198718071,0.09830953180789948,0.15573501586914062,-0.020068123936653137,-0.13716883957386017,-0.03510410338640213,0.10092945396900177,-0.006851678714156151,0.05482787266373634,0.08685445040464401,-0.011192125268280506,-0.07649996876716614,-0.09293921291828156,0.262183278799057,-0.018122944980859756,0.14832650125026703,0.2413046658039093,-0.04207209497690201,-0.2084588259458542,0.00834865402430296,-0.0012433049269020557,-0.008181125856935978,-0.0011347851250320673,-0.0007172847981564701,0.00011807188275270164,0.00044485650141723454,0.08390188962221146,-0.23880675435066223,-0.027347926050424576,-0.12799355387687683,-0.11834563314914703,0.007038027048110962,0.08032834529876709,-0.009037325158715248,0.023376528173685074,-0.04547087103128433,0.02033294178545475,0.12295903265476227,-0.035034067928791046,-0.1281304806470871,-0.009037325158715248,0.023376528173685074,-0.04547087103128433,0.02033294178545475,0.12295903265476227,-0.035034067928791046,-0.1281304806470871,-0.009037325158715248,0.023376528173685074,-0.04547087103128433,0.02033294178545475,0.12295903265476227,-0.035034067928791046,-0.1281304806470871
34.105000000000004,0.001471356488764286,0.001471356488764286,nan,nan,nan,nan,-0.041067276149988174,0.0,2.3283064365386963e-10,0.17667216062545776,0.0,0.0,0.0,0.0,-0.0020000000949949026,0.03099999949336052,64.0,0.1843668669462204,12.279467582702637,0.01747068017721176,25.626041412353516,-0.002483144635334611,3.663427196443081e-05,0.0025197791401296854,-0.00039596229908056557,0.7655972838401794,0.008654499426484108,0.162575364112854,9.0,1.0,0.0,0.0,0.0014713509008288383,-5.587935447692871e-09,nan,0.0022960288915783167,-0.06294367462396622,0.18097232282161713,-0.012285454198718071,0.09830953180789948,0.15573501586914062,-0.020068123936653137,-0.13716883957386017,-0.05783877149224281,0.16629496216773987,-0.01128907036036253,0.09033635258674622,0.14310447871685028,-0.018440542742609978,-0.12604406476020813,-0.10284923017024994,0.29311349987983704,-0.02006547898054123,0.16226963698863983,0.26032230257987976,-0.03920387104153633,-0.22718529403209686,0.009105214849114418,-0.0012290176237002015,-0.008942332118749619,-0.0011407898273319006,-0.0006871303776279092,0.00012687865819316357,0.0004239581467118114,0.1201348751783371,-0.26618334650993347,-0.035178620368242264,-0.11542049795389175,-0.16575585305690765,-0.02400963380932808,0.12350050359964371,0.01728564128279686,0.02693016454577446,-0.05524409934878349,0.04684913903474808,0.0945664495229721,-0.06321350485086441,-0.10368479043245316,0.01728564128279686,0.02693016454577446,-0.05524409934878349,0.04684913903474808,0.0945664495229721,-0.06321350485086441,-0.10368479043245316,0.01728564128279686,0.02693016454577446,-0.05524409934878349,0.04684913903474808,0.0945664495229721,-0.06321350485086441,-0.10368479043245316
34.185,0.0012750448659062386,0.0012750448659062386,nan,nan,nan,nan,-0.04613535478711128,0.0,2.3283064365386963e-10,0.17689551413059235,0.0,0.0,0.0,0.0,0.004999999888241291,0.014000000432133675,64.0,0.18628187477588654,6.916147708892822,0.01238752156496048,14.728782653808594,-0.001548189902678132,-0.0013864892534911633,0.00016170088201761246,0.0,0.6019411683082581,0.006545726675540209,0.17171069979667664,9.0,1.0,0.0,0.0,0.0012750281020998955,-1.6763806343078613e-08,nan,0.001998452004045248,-0.06594672054052353,0.2412118762731552,-0.004592115059494972,0.10375579446554184,0.08446630835533142,0.03356779366731644,-0.09176139533519745,-0.030409865081310272,0.11122949421405792,-0.0021175516303628683,0.04784467816352844,0.03894975781440735,0.015479042194783688,-0.042313724756240845,-0.09744526445865631,0.314385324716568,-0.013315020129084587,0.1535431146621704,0.18987983465194702,0.00327196903526783,-0.17813415825366974,0.010589533485472202,-0.0011978188995271921,-0.010446376167237759,-0.0011553318472579122,-0.0006211837753653526,0.00013457678142003715,0.000376491661882028,0.1233368068933487,-0.2942683696746826,-0.04671212285757065,-0.12650978565216064,-0.12898969650268555,-0.03352166339755058,0.09383238852024078,0.025891542434692383,0.02011694945394993,-0.060027141124010086,0.027033329010009766,0.06089014187455177,-0.030249694362282753,-0.08430176973342896,0.025891542434692383,0.02011694945394993,-0.060027141124010086,0.027033329010009766,0.06089014187455177,-0.030249694362282753,-0.08430176973342896,0.025891542434692383,0.02011694945394993,-0.060027141124010086,0.027033329010009766,0.06089014187455177,-0.030249694362282753,-0.08430176973342896
34.256,0.0011938652023673058,0.0011938652023673058,nan,nan,nan,nan,-0.054592207074165344,0.0,5.820766091346741e-10,0.1768677532672882,0.0,0.0,0.0,0.0,0.00800000037997961,0.02199999988079071,64.0,0.18700766563415527,3.168363094329834,0.011111609637737274,12.196331024169922,-0.0012399250408634543,-0.0010111755691468716,0.0002287500537931919,0.0,0.4005277454853058,0.00507571455091238,0.12676231563091278,9.0,1.0,0.0,0.0,0.001193842850625515,-2.2351741790771484e-08,nan,0.0018000382697209716,-0.06594672054052353,0.2412118762731552,-0.004592115059494972,0.10375579446554184,0.08446630835533142,0.03356779366731644,-0.09176139533519745,-0.05244207754731178,0.19181624054908752,-0.0036517365369945765,0.08250857144594193,0.0671692043542862,0.026693744584918022,-0.07297039031982422,-0.1053379699587822,0.36465781927108765,-0.010540135204792023,0.1658439338207245,0.16685928404331207,0.030877649784088135,-0.1674552857875824,0.01031581498682499,-0.0011984665179625154,-0.010173085145652294,-0.0011687263613566756,-0.00061088427901268,0.00014227004430722445,0.0003673080063890666,0.12835687398910522,-0.3471643328666687,-0.04863663390278816,-0.17368827760219574,-0.1426640897989273,-0.002352362498641014,0.10032273083925247,0.02301890030503273,0.01749350130558014,-0.059176769107580185,-0.007844343781471252,0.024195190519094467,0.02852528728544712,-0.06713255494832993,0.02301890030503273,0.01749350130558014,-0.059176769107580185,-0.007844343781471252,0.024195190519094467,0.02852528728544712,-0.06713255494832993,0.02301890030503273,0.01749350130558014,-0.059176769107580185,-0.007844343781471252,0.024195190519094467,0.02852528728544712,-0.06713255494832993
34.343,0.001208835281431675,0.001208835281431675,nan,nan,nan,nan,-0.06733059138059616,1.0,-8.42846930027008e-08,0.17519597709178925,0.0,0.0,0.0,0.0,0.0010000000474974513,0.02500000037252903,64.0,0.1876356452703476,7.9192399978637695,0.01237913966178894,16.483366012573242,-0.0004908060654997826,-0.00034462905023247004,0.00014609273057430983,0.000514984130859375,-0.09759754687547684,0.005968629848212004,0.11302763968706131,9.0,1.0,0.0,0.0,0.0012088203802704811,-1.4901161193847656e-08,nan,0.002684598555788398,-0.06594672054052353,0.2412118762731552,-0.004592115059494972,0.10375579446554184,0.08446630835533142,0.03356779366731644,-0.09176139533519745,-0.07904964685440063,0.28913813829421997,-0.005504520144313574,0.1243709921836853,0.10124887526035309,0.040237363427877426,-0.10999342054128647,-0.12398295104503632,0.4452727437019348,-0.00990969967097044,0.1951107382774353,0.17151951789855957,0.05405328422784805,-0.18083171546459198,0.010481427423655987,-0.001193370670080185,-0.010341260582208633,-0.0011696242727339268,-0.0006027953349985182,0.00014294787251856178,0.00036086139152757823,0.17510443925857544,-0.4298393726348877,-0.062258828431367874,-0.21021392941474915,-0.21387718617916107,-0.00032489001750946045,0.15532119572162628,0.051121484488248825,0.01543337106704712,-0.07216852903366089,-0.015103191137313843,-0.0423576720058918,0.05372839421033859,-0.02551051415503025,0.051121484488248825,0.01543337106704712,-0.07216852903366089,-0.015103191137313843,-0.0423576720058918,0.05372839421033859,-0.02551051415503025,0.05576939135789871,0.009604932740330696,-0.07385997474193573,-0.015842515975236893,-0.04766073077917099,0.051152534782886505,-0.021282650530338287
34.44500000000001,0.0012205438688397408,0.0012205438688397408,nan,nan,nan,nan,-0.06770285218954086,1.0,-1.1874362826347351e-08,0.17283028364181519,0.0,0.0,0.0,0.0,0.004999999888241291,0.02199999988079071,64.0,0.18856686353683472,4.439305305480957,0.01248624175786972,12.147038459777832,0.001521931728348136,-0.00021452514920383692,-0.0017364687519147992,0.0,-0.11304932087659836,0.013884041458368301,0.08636029064655304,9.0,1.0,0.0,0.0,0.001220538280904293,-5.587935447692871e-09,nan,0.004829585552215576,-0.03865174949169159,0.1932721734046936,-0.009295087307691574,-0.012002824805676937,0.010566550306975842,0.22120314836502075,-0.04334692284464836,-0.05031868815422058,0.2516109049320221,-0.01210078690201044,-0.01562584936618805,0.013756038621068,0.2879728078842163,-0.05643108859658241,-0.10011846572160721,0.43157410621643066,-0.01620791107416153,0.061256300657987595,0.08177348226308823,0.3138573467731476,-0.12879906594753265,0.010974292643368244,-0.0011777825420722365,-0.010840178467333317,-0.0011664576595649123,-0.000581899774260819,0.0001379445311613381,0.0003471174568403512,0.24839624762535095,-0.44299575686454773,-0.09553384780883789,-0.07585550844669342,-0.2542206346988678,-0.23305952548980713,0.2023608684539795,0.14827777445316315,-0.011421650648117065,-0.11174175888299942,-0.014599204063415527,-0.17244715988636017,0.08079782128334045,0.07356180250644684,0.14827777445316315,-0.011421650648117065,-0.11174175888299942,-0.014599204063415527,-0.17244715988636017,0.08079782128334045,0.07356180250644684,0.149002805352211,-0.012317373417317867,-0.11201304942369461,-0.014703795313835144,-0.1732642501592636,0.08038841933012009,0.07421208918094635
34.536,0.0011433428153395653,0.0011433428153395653,nan,nan,nan,nan,-0.06639724969863892,0.0,0.0009865013416856527,0.170395165681839,0.0,0.0,0.0,0.0,0.00800000037997961,0.004999999888241291,64.0,0.18880057334899902,3.2897143363952637,0.02043880522251129,11.075563430786133,0.002118578879162669,-0.00045181612949818373,-0.0015838936669752002,0.0,-0.20225422084331512,0.01637033186852932,0.08312002569437027,9.0,1.0,0.0,0.0,0.0011433223262429237,-2.0489096641540527e-08,nan,0.004018091131001711,-0.0666256844997406,0.25452667474746704,0.004250864032655954,0.10336686670780182,0.059906184673309326,0.04391830414533615,-0.0675044134259224,-0.053566962480545044,0.20463912189006805,0.0034176891203969717,0.08310683071613312,0.0481644943356514,0.03531026095151901,-0.05427346006035805,-0.1051645502448082,0.4321801960468292,-0.007292925845831633,0.10486067086458206,0.08944717049598694,0.22292311489582062,-0.12350676953792572,0.011698384769260883,-0.0011587581830099225,-0.011579091660678387,-0.0011696983128786087,-0.0005465938593260944,0.00013343387399800122,0.00031987953116185963,0.2739783525466919,-0.4504607021808624,-0.11305555701255798,-0.12986497581005096,-0.29659605026245117,-0.11993356049060822,0.2221788465976715,0.1688138097524643,-0.018280502408742905,-0.1203484833240509,-0.0250043086707592,-0.20714887976646423,0.1029895544052124,0.09867206960916519,0.1688138097524643,-0.018280502408742905,-0.1203484833240509,-0.0250043086707592,-0.20714887976646423,0.1029895544052124,0.09867206960916519,0.1688138097524643,-0.018280502408742905,-0.1203484833240509,-0.0250043086707592,-0.20714887976646423,0.1029895544052124,0.09867206960916519
34.628,0.001178189180791378,0.001178189180791378,nan,nan,nan,nan,-0.07398276776075363,0.0,-8.149072527885437e-10,0.16902481019496918,0.0,0.0,0.0,0.0,0.0,0.017999999225139618,64.0,0.18873193860054016,2.9261093139648438,0.011369585990905762,20.781450271606445,-0.0012003796873614192,0.0002065358276013285,0.0014069146709516644,0.0,-0.2560284435749054,0.017474815249443054,0.13714909553527832,9.0,1.0,0.0,0.0,0.0011781780049204826,-1.1175870895385742e-08,nan,0.001937683206051588,-0.0666256844997406,0.25452667474746704,0.004250864032655954,0.10336686670780182,0.059906184673309326,0.04391830414533615,-0.0675044134259224,-0.08868366479873657,0.33879366517066956,0.005658211652189493,0.13758887350559235,0.0797395184636116,0.05845848098397255,-0.08985331654548645,-0.12878237664699554,0.5039674043655396,0.002700019860640168,0.17683301866054535,0.11378052830696106,0.14540432393550873,-0.13716067373752594,0.011653879657387733,-0.0011666700011119246,-0.011529125273227692,-0.0011700744507834315,-0.0005625060293823481,0.00012987598893232644,0.0003322285192552954,0.3068888783454895,-0.501975953578949,-0.1260772943496704,-0.18079082667827606,-0.3457713723182678,-0.060333073139190674,0.25602030754089355,0.17810648679733276,0.001991473138332367,-0.12337727844715118,-0.003957808017730713,-0.23199085891246796,0.08507125079631805,0.11885963380336761,0.17810648679733276,0.001991473138332367,-0.12337727844715118,-0.003957808017730713,-0.23199085891246796,0.08507125079631805,0.11885963380336761,0.17810648679733276,0.001991473138332367,-0.12337727844715118,-0.003957808017730713,-0.23199085891246796,0.08507125079631805,0.11885963380336761
34.68600000000001,0.001185576431453228,0.001185576431453228,nan,nan,nan,nan,-0.07394393533468246,1.0,9.84093639999628e-06,0.1687784045934677,0.0,0.0,0.0,0.0,0.0,0.01600000075995922,64.0,0.1882941573858261,2.784367561340332,0.01294165849685669,10.886312484741211,-0.0008013768820092082,0.00038452661829069257,0.0011957443784922361,0.0,-0.07270254194736481,0.017366819083690643,0.16818465292453766,9.0,1.0,0.0,0.0,0.0011855727061629295,-3.725290298461914e-09,nan,0.0023791748099029064,-0.0383307971060276,0.19853085279464722,-0.006717605981975794,-0.005900579504668713,0.009736443869769573,0.21735037863254547,-0.04123493656516075,-0.042898960411548615,0.2221912443637848,-0.007518192753195763,-0.006603795103728771,0.010896808467805386,0.24325363337993622,-0.04614920914173126,-0.12037964165210724,0.5006029009819031,-0.001045361626893282,0.13203120231628418,0.09059556573629379,0.23698139190673828,-0.12665298581123352,0.011304093524813652,-0.0011845370754599571,-0.011170969344675541,-0.00117283605504781,-0.0005971119971945882,0.00013244006549939513,0.0003550457477103919,0.25241178274154663,-0.4992141127586365,-0.10325978696346283,-0.1980440318584442,-0.3127245008945465,-0.06497853994369507,0.22175633907318115,0.1320321261882782,0.0013887807726860046,-0.10430514812469482,-0.06601282954216003,-0.22212892770767212,0.1720028519630432,0.09510334581136703,0.1320321261882782,0.0013887807726860046,-0.10430514812469482,-0.06601282954216003,-0.22212892770767212,0.1720028519630432,0.09510334581136703,0.1320321261882782,0.0013887831009924412,-0.10430514812469482,-0.06601282954216003,-0.22212892770767212,0.1720028519630432,0.09510334581136703
34.787000000000006,0.0011580241844058037,0.0011580241844058037,nan,nan,nan,nan,-0.06281717866659164,0.0,8.149072527885437e-10,0.16757044196128845,0.0,0.0,0.0,0.0,0.004999999888241291,0.02199999988079071,64.0,0.1878054291009903,3.817319869995117,0.012497417628765106,12.59877872467041,-0.00036818732041865587,0.00011530745541676879,0.00048349559074267745,0.0,-0.14678531885147095,0.02050110511481762,0.187714621424675,9.0,1.0,0.0,0.0,0.001158001832664013,-2.2351741790771484e-08,nan,0.0026802022475749254,-0.0666671171784401,0.19522729516029358,-0.0018924077739939094,0.10064597427845001,0.1470247507095337,-0.02217925898730755,-0.12328995019197464,-0.01699998788535595,0.049782585352659225,-0.0004825603391509503,0.02566453069448471,0.03749103099107742,-0.005655668675899506,-0.03143870085477829,-0.1016472727060318,0.4270009398460388,-0.005561463534832001,0.08647461980581284,0.08977428823709488,0.25465309619903564,-0.12194487452507019,0.011615692637860775,-0.0012005341704934835,-0.011476670391857624,-0.0011797328479588032,-0.0006214320892468095,0.00012602622155100107,0.00037091440754011273,0.29587340354919434,-0.43385788798332214,-0.12370728701353073,-0.11773374676704407,-0.3624166250228882,-0.12033987045288086,0.2643715441226959,0.19422611594200134,-0.006856940686702728,-0.12926875054836273,-0.03125912696123123,-0.2726423442363739,0.13431322574615479,0.14242666959762573,0.19422611594200134,-0.006856940686702728,-0.12926875054836273,-0.03125912696123123,-0.2726423442363739,0.13431322574615479,0.14242666959762573,0.19422611594200134,-0.006856940686702728,-0.12926875054836273,-0.03125912696123123,-0.2726423442363739,0.13431322574615479,0.14242666959762573
34.89,0.001220756210386753,0.001220756210386753,nan,nan,nan,nan,-0.05610651150345802,1.0,-6.239861249923706e-08,0.16625246405601501,0.0,0.0,0.0,0.0,0.010999999940395355,0.020999999716877937,64.0,0.18694175779819489,4.885119438171387,0.020616687834262848,13.538816452026367,-0.0012692422606050968,0.00041041558142751455,0.0016795954434201121,0.0,-0.29549548029899597,0.01459142193198204,0.1562633216381073,9.0,1.0,0.0,0.0,0.0012207506224513054,-5.587935447692871e-09,nan,0.0022042347118258476,-0.0666671171784401,0.19522729516029358,-0.0018924077739939094,0.10064597427845001,0.1470247507095337,-0.02217925898730755,-0.12328995019197464,-0.07235924899578094,0.21189606189727783,-0.002053984208032489,0.10923926532268524,0.15957792103290558,-0.024072956293821335,-0.13381661474704742,-0.11815585941076279,0.4005148112773895,-0.0044817873276770115,0.15014925599098206,0.20393651723861694,0.08226419985294342,-0.19068004190921783,0.01139682438224554,-0.0012257674243301153,-0.01124902069568634,-0.0011768745025619864,-0.0006676647462882102,0.00011815151810878888,0.0004006293893326074,0.21725711226463318,-0.3908239006996155,-0.0869130790233612,-0.2271680235862732,-0.35818904638290405,0.10299885272979736,0.23681236803531647,0.09910125285387039,0.0096909049898386,-0.09139486402273178,-0.07701876759529114,-0.1542525440454483,0.18526305258274078,0.04613232985138893,0.09910125285387039,0.0096909049898386,-0.09139486402273178,-0.07701876759529114,-0.1542525440454483,0.18526305258274078,0.04613232985138893,0.1007927730679512,0.007664963603019714,-0.09205137938261032,-0.07714453339576721,-0.15608146786689758,0.18410982191562653,0.047567181289196014
