{
  "duration_s": 41.294000000000004,
  "cycles": 591,
  "pct_dummy_selection": 0.338409475465313,
  "min_h": -0.01925312727689743,
  "min_h_corr": 0.0037727237213402987,
  "pct_cbf_active": 42.78438030560272,
  "pct_escape": 0.0,
  "pct_cap_active": 0.0,
  "pct_recovery": 0.0,
  "pct_repair": 52.46179966044142,
  "worst_final_constraint": -0.09365607053041458,
  "mean_total_ms": 7.855484952781406,
  "p99_total_ms": 27.07489204406749,
  "accel_rms_in_before": 3.9493788221172905,
  "accel_rms_in_after": 1.3634682132133888,
  "accel_rms_in_reduction": 2.896568312956479,
  "accel_rms_out_before": 1.4028500993978812,
  "accel_rms_out_after": 0.1342146288401079,
  "accel_rms_out_reduction": 10.45228907997145,
  "hdot_execution_ratio": 0.07817204789223053,
  "mean_alignment_active": 0.931940439585892,
  "mean_active_constraints": 1.0,
  "monitor_only": false,
  "contact_time_s": null
}