{
  "duration_s": 37.826,
  "cycles": 542,
  "pct_dummy_selection": 0.36900369003690037,
  "min_h": -0.0005927002057433128,
  "min_h_corr": 0.022433150559663773,
  "pct_cbf_active": 28.703703703703702,
  "pct_escape": 0.0,
  "pct_cap_active": 0.0,
  "pct_recovery": 0.0,
  "pct_repair": 21.48148148148148,
  "worst_final_constraint": -0.0016427761875092983,
  "mean_total_ms": 8.070669901327014,
  "p99_total_ms": 30.71227365493781,
  "accel_rms_in_before": 2.0677990268239146,
  "accel_rms_in_after": 0.8650556995329769,
  "accel_rms_in_reduction": 2.390365184508085,
  "accel_rms_out_before": 0.8741919645928874,
  "accel_rms_out_after": 0.3328717745408448,
  "accel_rms_out_reduction": 2.6262123479791173,
  "min_h_real": 0.007358767217791773,
  "median_abs_gap_h_real_soft": 0.011647701892150385,
  "p95_abs_gap_h_real_soft": 0.01431027120505071,
  "max_abs_gap_h_real_soft": 0.01818149143192127,
  "hdot_execution_ratio": -0.5102235503280782,
  "mean_alignment_active": 0.9871661393873153,
  "mean_active_constraints": 1.0,
  "monitor_only": false,
  "contact_time_s": null
}