{
  "duration_s": 38.51445770263672,
  "cycles": 429,
  "pct_dummy_selection": 0.4662004662004662,
  "min_h": -0.0009272852912545204,
  "min_h_corr": 0.022098565474152565,
  "pct_cbf_active": 35.831381733021075,
  "pct_escape": 0.0,
  "pct_cap_active": 0.0,
  "pct_recovery": 0.0,
  "pct_repair": 25.292740046838407,
  "worst_final_constraint": -0.0012113744160160422,
  "mean_total_ms": 9.876771218848951,
  "p99_total_ms": 30.46042411804198,
  "accel_rms_in_before": 1.4125631221007884,
  "accel_rms_in_after": 0.5514306887622329,
  "accel_rms_in_reduction": 2.561633131575418,
  "accel_rms_out_before": 0.5606745383293837,
  "accel_rms_out_after": 0.22732769291187382,
  "accel_rms_out_reduction": 2.466371479636384,
  "hdot_execution_ratio": -0.2629458258618161,
  "mean_alignment_active": 0.9854127277735791,
  "mean_active_constraints": 1.0,
  "monitor_only": false,
  "contact_time_s": null
}