{
  "duration_s": 32.922999999999995,
  "cycles": 426,
  "pct_dummy_selection": 0.4694835680751174,
  "min_h": -0.0010418025776743889,
  "min_h_corr": 0.021984048187732697,
  "pct_cbf_active": 32.075471698113205,
  "pct_escape": 0.0,
  "pct_cap_active": 0.0,
  "pct_recovery": 0.0,
  "pct_repair": 30.89622641509434,
  "worst_final_constraint": -0.00862913392484188,
  "mean_total_ms": 9.080547071958371,
  "p99_total_ms": 33.01020431518555,
  "accel_rms_in_before": 2.2154287705830518,
  "accel_rms_in_after": 0.910928105242955,
  "accel_rms_in_reduction": 2.432056665978235,
  "accel_rms_out_before": 0.916175054272022,
  "accel_rms_out_after": 0.09888821601754938,
  "accel_rms_out_reduction": 9.264754600380607,
  "hdot_execution_ratio": -0.6343358037340368,
  "mean_alignment_active": 0.9930676480426508,
  "mean_active_constraints": 1.0,
  "monitor_only": false,
  "contact_time_s": null
}