{
  "duration_s": 43.46717810630798,
  "cycles": 464,
  "pct_dummy_selection": 0.0,
  "min_h": -0.0008377162739634514,
  "min_h_corr": -0.0008377162739634514,
  "pct_cbf_active": 100.0,
  "pct_escape": 30.81896551724138,
  "pct_cap_active": 0.0,
  "pct_recovery": 0.0,
  "pct_repair": 21.336206896551722,
  "worst_final_constraint": -2.2351741790771484e-08,
  "mean_total_ms": 8.207853572121982,
  "p99_total_ms": 25.63399412155152,
  "reflex_L_configured": 5.0,
  "reflex_L_emp_median": 1.0724517107009888,
  "reflex_L_emp_p95": 5.050312519073486,
  "reflex_L_emp_p99": 13.081205368041992,
  "reflex_L_emp_max": 27.583852767944336,
  "reflex_L_exceed_pct": 6.174819566960705,
  "reflex_alpha_min": 0.0,
  "reflex_alpha_braking_pct": 47.364217252396166,
  "reflex_mean_compute_ms": 0.4935638395092282,
  "reflex_p99_compute_ms": 4.0246948506683395,
  "reflex_median_period_ms": 1.2462697923183441,
  "reflex_achieved_rate_hz": 802.3944784377494,
  "rms_meas_vs_cmd_radps": 0.08245083155014384,
  "accel_rms_in_before": 3.453886937596473,
  "accel_rms_in_after": 1.21630090055437,
  "accel_rms_in_reduction": 2.839664869130861,
  "accel_rms_out_before": 1.4451071586878073,
  "accel_rms_out_after": 0.6245594056602501,
  "accel_rms_out_reduction": 2.313802571206367,
  "hdot_execution_ratio": 0.8661998580679908,
  "mean_alignment_active": 0.8407062179567533,
  "mean_active_constraints": 9.0,
  "monitor_only": false,
  "contact_time_s": null
}