{
  "duration_s": 50.76479887962341,
  "cycles": 569,
  "pct_dummy_selection": 0.35149384885764495,
  "min_h": -0.019315559417009354,
  "min_h_corr": 0.0037102915812283754,
  "pct_cbf_active": 59.78835978835979,
  "pct_escape": 0.0,
  "pct_cap_active": 0.0,
  "pct_recovery": 0.0,
  "pct_repair": 56.08465608465608,
  "worst_final_constraint": -0.09065458923578262,
  "mean_total_ms": 9.741684687787075,
  "p99_total_ms": 33.1484358215333,
  "accel_rms_in_before": 3.2328468393116383,
  "accel_rms_in_after": 1.2520991358476734,
  "accel_rms_in_reduction": 2.5819415945231805,
  "accel_rms_out_before": 1.3074997349210251,
  "accel_rms_out_after": 0.13134517674224802,
  "accel_rms_out_reduction": 9.954684042086027,
  "hdot_execution_ratio": 0.011768388274905818,
  "mean_alignment_active": 0.9362630506532382,
  "mean_active_constraints": 1.0,
  "monitor_only": false,
  "contact_time_s": null
}