{
  "duration_s": 45.23723340034485,
  "cycles": 588,
  "pct_dummy_selection": 0.0,
  "min_h": -0.0002954527735710144,
  "min_h_corr": 0.0020071323961019516,
  "pct_cbf_active": 3.9115646258503403,
  "pct_escape": 0.0,
  "pct_cap_active": 0.0,
  "pct_recovery": 0.0,
  "pct_repair": 2.7210884353741496,
  "worst_final_constraint": -0.01187063753604889,
  "mean_total_ms": 9.871142161946718,
  "p99_total_ms": 30.688807849884032,
  "accel_rms_in_before": 1.506222996036712,
  "accel_rms_in_after": 0.5891097336065692,
  "accel_rms_in_reduction": 2.556778321783132,
  "accel_rms_out_before": 0.8852011015162308,
  "accel_rms_out_after": 0.32852079148118823,
  "accel_rms_out_reduction": 2.6945055669845455,
  "hdot_execution_ratio": 1.006638271249313,
  "mean_alignment_active": 0.9967258987219437,
  "mean_active_constraints": 8.0,
  "monitor_only": false,
  "contact_time_s": null
}