{
  "duration_s": 91.42401432991028,
  "cycles": 643,
  "pct_dummy_selection": 0.15552099533437014,
  "min_h": 3.8992613554000854e-05,
  "min_h_corr": 3.8992613554000854e-05,
  "pct_cbf_active": 100.0,
  "pct_escape": 0.0,
  "pct_cap_active": 0.0,
  "pct_recovery": 0.0,
  "pct_repair": 17.289719626168225,
  "worst_final_constraint": -1.8795253708958626e-07,
  "mean_total_ms": 15.120755548610658,
  "p99_total_ms": 40.42750183105472,
  "reflex_L_configured": 5.0,
  "reflex_L_emp_median": 0.9583722651004791,
  "reflex_L_emp_p95": 9.64753246307373,
  "reflex_L_emp_p99": 15.212089538574219,
  "reflex_L_emp_max": 15.212089538574219,
  "reflex_L_exceed_pct": 14.583333333333334,
  "reflex_alpha_min": 0.0,
  "reflex_alpha_braking_pct": 93.19290465631929,
  "reflex_mean_compute_ms": 0.01678689869063471,
  "reflex_p99_compute_ms": 0.04734349999999991,
  "reflex_median_period_ms": 1.0,
  "reflex_achieved_rate_hz": 1000.0,
  "rms_meas_vs_cmd_radps": 0.1766136922431821,
  "accel_rms_in_before": 1.9872262863021368,
  "accel_rms_in_after": 0.6545569485851517,
  "accel_rms_in_reduction": 3.0359868466717796,
  "accel_rms_out_before": 0.25242474035081597,
  "accel_rms_out_after": 0.25242474035081597,
  "accel_rms_out_reduction": 1.0,
  "hdot_execution_ratio": 0.00010777800918803058,
  "mean_alignment_active": 0.6147427658864236,
  "mean_active_constraints": 9.0,
  "monitor_only": false,
  "contact_time_s": null
}