{
  "duration_s": 61.03623580932617,
  "cycles": 414,
  "pct_dummy_selection": 0.4830917874396135,
  "min_h": -0.0006179297342896461,
  "min_h_corr": 0.001684655318967998,
  "pct_cbf_active": 99.75728155339806,
  "pct_escape": 0.0,
  "pct_cap_active": 0.0,
  "pct_recovery": 0.0,
  "pct_repair": 13.592233009708737,
  "worst_final_constraint": -0.11773458868265152,
  "mean_total_ms": 18.46355832486913,
  "p99_total_ms": 49.41074291229249,
  "accel_rms_in_before": 3.105274256034976,
  "accel_rms_in_after": 1.5872972709073276,
  "accel_rms_in_reduction": 1.956328101200568,
  "accel_rms_out_before": 1.9006034048181701,
  "accel_rms_out_after": 0.9735942113865171,
  "accel_rms_out_reduction": 1.9521515047952869,
  "hdot_execution_ratio": 0.8088653565035204,
  "mean_alignment_active": 0.8730337767274892,
  "mean_active_constraints": 9.0,
  "monitor_only": false,
  "contact_time_s": null
}