{
  "duration_s": 24.049,
  "cycles": 302,
  "pct_dummy_selection": 0.6622516556291391,
  "min_h": 0.0038066403940320015,
  "min_h_corr": 0.0061092255637049675,
  "pct_cbf_active": 100.0,
  "pct_escape": 0.0,
  "pct_cap_active": 0.0,
  "pct_recovery": 0.0,
  "pct_repair": 10.666666666666668,
  "worst_final_constraint": -0.006123244762420654,
  "mean_total_ms": 9.967902652475217,
  "p99_total_ms": 36.777422409057635,
  "reflex_mean_compute_ms": 0.24581929016429158,
  "reflex_p99_compute_ms": 1.4670932292938192,
  "reflex_median_period_ms": 1.1885585263371468,
  "reflex_achieved_rate_hz": 841.3552869640849,
  "rms_meas_vs_cmd_radps": 0.025159192730617664,
  "accel_rms_in_before": 3.9255306670058796,
  "accel_rms_in_after": 1.4450310516331268,
  "accel_rms_in_reduction": 2.716571842916021,
  "accel_rms_out_before": 2.1397575502722135,
  "accel_rms_out_after": 0.8788063384316981,
  "accel_rms_out_reduction": 2.434845376844671,
  "hdot_execution_ratio": 0.6067961722053193,
  "mean_alignment_active": 0.9316700244446595,
  "mean_active_constraints": 9.0,
  "monitor_only": false,
  "contact_time_s": null
}