{
  "duration_s": 40.78099999999999,
  "cycles": 413,
  "pct_dummy_selection": 0.24213075060532688,
  "min_h": 0.0007075658068060875,
  "min_h_corr": 0.009917906485497952,
  "pct_cbf_active": 99.75728155339806,
  "pct_escape": 29.126213592233007,
  "pct_cap_active": 0.0,
  "pct_recovery": 0.0,
  "pct_repair": 1.9417475728155338,
  "worst_final_constraint": -2.514570951461792e-08,
  "mean_total_ms": 8.42962430464442,
  "p99_total_ms": 28.720762710571286,
  "accel_rms_in_before": 4.316213851128515,
  "accel_rms_in_after": 1.6469532906458404,
  "accel_rms_in_reduction": 2.6207263288177067,
  "accel_rms_out_before": 2.8637124003553693,
  "accel_rms_out_after": 0.8731879900783099,
  "accel_rms_out_reduction": 3.2796058041276352,
  "hdot_execution_ratio": 0.627885736430998,
  "mean_alignment_active": 0.705950509629908,
  "mean_active_constraints": 9.0,
  "monitor_only": false,
  "contact_time_s": null
}