t,h,h_corr,lam,cap_active,recovery_used,grad_degenerate,constr_pre,repair_applied,constr_final,grad_h_norm,escape_active,ema_applied,velocity_filter_active,vel_source,velocity_age,dt,selected_count,min_obs_dist,cbf_ms,q_cmd_ms,total_ms,cmd_hdot,real_hdot,real_constr,h_rate,alignment,q_lead,dq_real_norm,active_constraints,solver_mode,monitor_only,contact_stop,h_hard,softmin_gap,h_food,sampled_margin,dq_ff_0,dq_ff_1,dq_ff_2,dq_ff_3,dq_ff_4,dq_ff_5,dq_ff_6,dq_fb_0,dq_fb_1,dq_fb_2,dq_fb_3,dq_fb_4,dq_fb_5,dq_fb_6,dq_base_0,dq_base_1,dq_base_2,dq_base_3,dq_base_4,dq_base_5,dq_base_6,dq_escape_0,dq_escape_1,dq_escape_2,dq_escape_3,dq_escape_4,dq_escape_5,dq_escape_6,dq_cbf_delta_0,dq_cbf_delta_1,dq_cbf_delta_2,dq_cbf_delta_3,dq_cbf_delta_4,dq_cbf_delta_5,dq_cbf_delta_6,dq_pre_filter_0,dq_pre_filter_1,dq_pre_filter_2,dq_pre_filter_3,dq_pre_filter_4,dq_pre_filter_5,dq_pre_filter_6,dq_post_filter_0,dq_post_filter_1,dq_post_filter_2,dq_post_filter_3,dq_post_filter_4,dq_post_filter_5,dq_post_filter_6,dq_final_0,dq_final_1,dq_final_2,dq_final_3,dq_final_4,dq_final_5,dq_final_6
0.0,0.0076838089153170586,0.0076838089153170586,nan,nan,nan,nan,0.04283084347844124,0.0,0.04772834852337837,0.1780339479446411,0.0,0.0,0.0,0.0,0.0010000000474974513,0.014999999664723873,64.0,0.19764479994773865,0.8500143885612488,0.010236166417598724,11.522184371948242,0.004897505510598421,0.001486989320255816,0.044317834079265594,0.0,1.0,0.006527750287204981,0.041349124163389206,9.0,1.0,0.0,0.0,0.007683794014155865,-1.4901161193847656e-08,nan,0.0007421099580824375,0.0,0.0,0.0,0.0,0.0,0.0,0.0,0.0,0.0,0.0,0.0,0.0,0.0,0.0,0.0,0.0,0.0,0.0,0.0,0.0,0.0,0.11881862580776215,4.162337791058235e-05,-0.12841852009296417,4.9785998271545395e-05,0.02601664513349533,-3.700663728523068e-05,-0.017120040953159332,0.08729268610477448,1.3881377526558936e-05,-0.09434542059898376,3.150076372548938e-05,0.019112976267933846,-2.7403842977946624e-05,-0.012578902766108513,0.08729268610477448,1.3881377526558936e-05,-0.09434542059898376,3.150076372548938e-05,0.019112976267933846,-2.7403842977946624e-05,-0.012578902766108513,0.08729268610477448,1.3881377526558936e-05,-0.09434542059898376,3.150076372548938e-05,0.019112976267933846,-2.7403842977946624e-05,-0.012578902766108513,0.08729268610477448,1.3881377526558936e-05,-0.09434542059898376,3.150076372548938e-05,0.019112976267933846,-2.7403842977946624e-05,-0.012578902766108513
0.08300000000000196,0.00797006580978632,0.00797006580978632,nan,nan,nan,nan,0.044624947011470795,0.0,0.05019853636622429,0.17823392152786255,0.0,0.0,0.0,0.0,0.004999999888241291,0.010999999940395355,64.0,0.19760556519031525,1.6056159734725952,0.01580454409122467,12.113844871520996,0.005573589820414782,0.002785775111988187,0.04741072282195091,0.0,1.0,0.0074216704815626144,0.07601208984851837,9.0,1.0,0.0,0.0,0.007970043458044529,-2.2351741790771484e-08,nan,0.0007321175071410835,0.0,0.0,0.0,0.0,0.0,0.0,0.0,0.0,0.0,0.0,0.0,0.0,0.0,0.0,0.0,0.0,0.0,0.0,0.0,0.0,0.0,0.11801549047231674,0.00022951082792133093,-0.1275503933429718,8.838577923597768e-05,0.025839703157544136,-4.2722786020021886e-05,-0.01701253652572632,0.09924658387899399,6.311622564680874e-05,-0.10726511478424072,4.6926175855332986e-05,0.021730471402406693,-3.238853969378397e-05,-0.014302454888820648,0.09924658387899399,6.311622564680874e-05,-0.10726511478424072,4.6926175855332986e-05,0.021730471402406693,-3.238853969378397e-05,-0.014302454888820648,0.09924658387899399,6.311622564680874e-05,-0.10726511478424072,4.6926175855332986e-05,0.021730471402406693,-3.238853969378397e-05,-0.014302454888820648,0.09924658387899399,6.311622564680874e-05,-0.10726511478424072,4.6926175855332986e-05,0.021730471402406693,-3.238853969378397e-05,-0.014302454888820648
0.15800000000000125,0.00853907410055399,0.00853907410055399,nan,nan,nan,nan,0.04819071665406227,0.0,0.054222144186496735,0.17866671085357666,0.0,0.0,0.0,0.0,0.0,0.017999999225139618,64.0,0.19763748347759247,1.025496006011963,0.014661811292171478,7.993849754333496,0.006031426135450602,0.004528092686086893,0.052718810737133026,0.0,1.0,0.00801596324890852,0.11888398230075836,9.0,1.0,0.0,0.0,0.008539057336747646,-1.6763806343078613e-08,nan,0.0007118287030607462,0.0,0.0,0.0,0.0,0.0,0.0,0.0,0.0,0.0,0.0,0.0,0.0,0.0,0.0,0.0,0.0,0.0,0.0,0.0,0.0,0.0,0.11636774241924286,0.0003884918405674398,-0.12577128410339355,1.5566420188406482e-05,0.02548254281282425,-7.51655752537772e-05,-0.016769038513302803,0.10719335079193115,0.00018615204317029566,-0.11585443466901779,4.408392123878002e-05,0.023471394553780556,-4.68671896669548e-05,-0.015448234044015408,0.10719335079193115,0.00018615204317029566,-0.11585443466901779,4.408392123878002e-05,0.023471394553780556,-4.68671896669548e-05,-0.015448234044015408,0.10719335079193115,0.00018615204317029566,-0.11585443466901779,4.408392123878002e-05,0.023471394553780556,-4.68671896669548e-05,-0.015448234044015408,0.10719335079193115,0.00018615204317029566,-0.11585443466901779,4.408392123878002e-05,0.023471394553780556,-4.68671896669548e-05,-0.015448234044015408
0.20599999999999952,0.008943208493292332,0.008943208493292332,nan,nan,nan,nan,0.05071571096777916,0.0,0.056945040822029114,0.17898736894130707,0.0,0.0,0.0,0.0,0.0,0.010999999940395355,64.0,0.19769161939620972,0.5867695212364197,0.009260140359401703,7.136648654937744,0.00622932892292738,0.006174569483846426,0.056890279054641724,0.018749047070741653,1.0,0.008268543519079685,0.1609959453344345,9.0,1.0,0.0,0.0,0.008943195454776287,-1.30385160446167e-08,nan,0.000704656820744276,0.0,0.0,0.0,0.0,0.0,0.0,0.0,0.0,0.0,0.0,0.0,0.0,0.0,0.0,0.0,0.0,0.0,0.0,0.0,0.0,0.0,0.11578001081943512,0.0003919276932720095,-0.12513606250286102,2.217770816059783e-05,0.025353947654366493,-7.639355317223817e-05,-0.016684431582689285,0.11057062447071075,0.00026482230168767273,-0.11950504034757614,3.4807075280696154e-05,0.02421179972589016,-5.8060431911144406e-05,-0.015934450551867485,0.11057062447071075,0.00026482230168767273,-0.11950504034757614,3.4807075280696154e-05,0.02421179972589016,-5.8060431911144406e-05,-0.015934450551867485,0.11057062447071075,0.00026482230168767273,-0.11950504034757614,3.4807075280696154e-05,0.02421179972589016,-5.8060431911144406e-05,-0.015934450551867485,0.11057062447071075,0.00026482230168767273,-0.11950504034757614,3.4807075280696154e-05,0.02421179972589016,-5.8060431911144406e-05,-0.015934450551867485
0.26399999999999935,0.009151690639555454,0.009151690639555454,nan,nan,nan,nan,0.05202868953347206,0.0,0.05835815146565437,0.17915691435337067,0.0,0.0,0.0,0.0,0.004000000189989805,0.009999999776482582,64.0,0.19771699607372284,0.9946404099464417,0.016087666153907776,21.636817932128906,0.006329461000859737,0.005150792188942432,0.05717948079109192,0.0,1.0,0.008394326083362103,0.13457676768302917,9.0,1.0,0.0,0.0,0.00915167573839426,-1.4901161193847656e-08,nan,0.0006904525798745453,0.0,0.0,0.0,0.0,0.0,0.0,0.0,0.0,0.0,0.0,0.0,0.0,0.0,0.0,0.0,0.0,0.0,0.0,0.0,0.0,0.0,0.11460275202989578,0.0007150547462515533,-0.1238684207201004,0.0001541142992209643,0.02510649524629116,-0.0001567932777106762,-0.016519414260983467,0.11225127428770065,0.0004049368144478649,-0.1213231161236763,6.709653098369017e-05,0.024583274498581886,-8.779360359767452e-05,-0.016177663579583168,0.11225127428770065,0.0004049368144478649,-0.1213231161236763,6.709653098369017e-05,0.024583274498581886,-8.779360359767452e-05,-0.016177663579583168,0.11225127428770065,0.0004049368144478649,-0.1213231161236763,6.709653098369017e-05,0.024583274498581886,-8.779360359767452e-05,-0.016177663579583168,0.11225127428770065,0.0004049368144478649,-0.1213231161236763,6.709653098369017e-05,0.024583274498581886,-8.779360359767452e-05,-0.016177663579583168
0.3230000000000004,0.009574410505592823,0.009574410505592823,nan,nan,nan,nan,0.05467727407813072,0.0,0.061056703329086304,0.17950516939163208,0.0,0.0,0.0,0.0,0.010999999940395355,0.017999999225139618,64.0,0.1977485865354538,0.4356950521469116,0.012816861271858215,20.8615779876709,0.0063794273883104324,0.00567649444565177,0.06035376712679863,0.0,1.0,0.008448866195976734,0.14911213517189026,9.0,1.0,0.0,0.0,0.009574397467076778,-1.30385160446167e-08,nan,0.0006751617765985429,0.0,0.0,0.0,0.0,0.0,0.0,0.0,0.0,0.0,0.0,0.0,0.0,0.0,0.0,0.0,0.0,0.0,0.0,0.0,0.0,0.0,0.11332641541957855,0.0007184169953688979,-0.12248915433883667,0.00016642524860799313,0.024827273562550545,-0.00015841460844967514,-0.01633574441075325,0.11297906190156937,0.0005428669392131269,-0.12211146950721741,0.00010857920278795063,0.024746380746364594,-0.00011869591980939731,-0.016283882781863213,0.11297906190156937,0.0005428669392131269,-0.12211146950721741,0.00010857920278795063,0.024746380746364594,-0.00011869591980939731,-0.016283882781863213,0.11297906190156937,0.0005428669392131269,-0.12211146950721741,0.00010857920278795063,0.024746380746364594,-0.00011869591980939731,-0.016283882781863213,0.11297906190156937,0.0005428669392131269,-0.12211146950721741,0.00010857920278795063,0.024746380746364594,-0.00011869591980939731,-0.016283882781863213
0.3930000000000007,0.010006322525441647,0.010006322525441647,nan,nan,nan,nan,0.057370856404304504,0.0,0.06376180797815323,0.17987366020679474,0.0,0.0,0.0,0.0,0.0010000000474974513,0.013000000268220901,64.0,0.1977645456790924,0.9943330883979797,0.016097910702228546,7.649661064147949,0.006390951573848724,0.006485990714281797,0.06385684758424759,0.016823839396238327,1.0,0.008451336994767189,0.17144709825515747,9.0,1.0,0.0,0.0,0.010006311349570751,-1.1175870895385742e-08,nan,0.0006718175718560815,0.0,0.0,0.0,0.0,0.0,0.0,0.0,0.0,0.0,0.0,0.0,0.0,0.0,0.0,0.0,0.0,0.0,0.0,0.0,0.0,0.0,0.11273109167814255,0.0009518325095996261,-0.12185271829366684,0.00014061338151805103,0.02471204102039337,-0.00018902879673987627,-0.016258692368865013,0.11300845444202423,0.0007256900426000357,-0.12214737385511398,0.00012154092109994963,0.024761715903878212,-0.00015001301653683186,-0.01629280485212803,0.11300845444202423,0.0007256900426000357,-0.12214737385511398,0.00012154092109994963,0.024761715903878212,-0.00015001301653683186,-0.01629280485212803,0.11300845444202423,0.0007256900426000357,-0.12214737385511398,0.00012154092109994963,0.024761715903878212,-0.00015001301653683186,-0.01629280485212803,0.11300845444202423,0.0007256900426000357,-0.12214737385511398,0.00012154092109994963,0.024761715903878212,-0.00015001301653683186,-0.01629280485212803
0.45200000000000173,0.010432801209390163,0.010432801209390163,nan,nan,nan,nan,0.06003221124410629,0.0,0.0663985088467598,0.18024809658527374,0.0,0.0,0.0,0.0,-0.0010000000474974513,0.020999999716877937,64.0,0.1977730244398117,0.7979534864425659,0.014287419617176056,7.61050271987915,0.006366294343024492,0.006799756083637476,0.06683196872472763,0.01015478651970625,1.0,0.00840673502534628,0.18009282648563385,9.0,1.0,0.0,0.0,0.010432791896164417,-9.313225746154785e-09,nan,0.0006665977998636663,0.0,0.0,0.0,0.0,0.0,0.0,0.0,0.0,0.0,0.0,0.0,0.0,0.0,0.0,0.0,0.0,0.0,0.0,0.0,0.0,0.0,0.11148472130298615,0.001234440947882831,-0.12051549553871155,0.0001719573192531243,0.024462183937430382,-0.00022909166000317782,-0.01609198935329914,0.11240825802087784,0.0008796909241937101,-0.12150280177593231,0.00013825974019709975,0.024639470502734184,-0.000175294786458835,-0.01621132157742977,0.11240825802087784,0.0008796909241937101,-0.12150280177593231,0.00013825974019709975,0.024639470502734184,-0.000175294786458835,-0.01621132157742977,0.11240825802087784,0.0008796909241937101,-0.12150280177593231,0.00013825974019709975,0.024639470502734184,-0.000175294786458835,-0.01621132157742977,0.11240825802087784,0.0008796909241937101,-0.12150280177593231,0.00013825974019709975,0.024639470502734184,-0.000175294786458835,-0.01621132157742977
0.4989999999999988,0.010652766562998295,0.010652766562998295,nan,nan,nan,nan,0.06140966713428497,0.0,0.06774745881557465,0.18044358491897583,0.0,0.0,0.0,0.0,0.004000000189989805,0.008999999612569809,64.0,0.19778521358966827,1.0504443645477295,0.01225154846906662,7.371333599090576,0.0063377912156283855,0.0057517969980835915,0.06716146320104599,0.0,1.0,0.008362092077732086,0.152135968208313,9.0,1.0,0.0,0.0,0.010652751661837101,-1.4901161193847656e-08,nan,0.0006590331322513521,0.0,0.0,0.0,0.0,0.0,0.0,0.0,0.0,0.0,0.0,0.0,0.0,0.0,0.0,0.0,0.0,0.0,0.0,0.0,0.0,0.0,0.1101558580994606,0.001230976777151227,-0.11907937377691269,0.00018383999122306705,0.024171315133571625,-0.00022972015722189099,-0.01590072177350521,0.11180779337882996,0.0010017856257036328,-0.1208576038479805,0.0001524692925158888,0.024516645818948746,-0.000194058011402376,-0.01612960360944271,0.11180779337882996,0.0010017856257036328,-0.1208576038479805,0.0001524692925158888,0.024516645818948746,-0.000194058011402376,-0.01612960360944271,0.11180779337882996,0.0010017856257036328,-0.1208576038479805,0.0001524692925158888,0.024516645818948746,-0.000194058011402376,-0.01612960360944271,0.11180779337882996,0.0010017856257036328,-0.1208576038479805,0.0001524692925158888,0.024516645818948746,-0.000194058011402376,-0.01612960360944271
0.5629999999999988,0.011079317890107632,0.011079317890107632,nan,nan,nan,nan,0.0640774741768837,0.0,0.0703679621219635,0.18083621561527252,0.0,0.0,0.0,0.0,0.008999999612569809,0.00800000037997961,64.0,0.19780127704143524,2.125777244567871,0.01189298927783966,13.387480735778809,0.0062904865480959415,0.005850323010236025,0.06992779672145844,0.0,1.0,0.008287239819765091,0.15442630648612976,9.0,1.0,0.0,0.0,0.011079308576881886,-9.313225746154785e-09,nan,0.000647350971121341,0.0,0.0,0.0,0.0,0.0,0.0,0.0,0.0,0.0,0.0,0.0,0.0,0.0,0.0,0.0,0.0,0.0,0.0,0.0,0.0,0.0,0.10888703167438507,0.0014236972201615572,-0.11771843582391739,0.00014635056140832603,0.023919373750686646,-0.0002840179658960551,-0.015745984390378,0.1108001172542572,0.0011744453804567456,-0.1197754442691803,0.00015156167501118034,0.02431260608136654,-0.00022947211982682347,-0.015998536720871925,0.1108001172542572,0.0011744453804567456,-0.1197754442691803,0.00015156167501118034,0.02431260608136654,-0.00022947211982682347,-0.015998536720871925,0.1108001172542572,0.0011744453804567456,-0.1197754442691803,0.00015156167501118034,0.02431260608136654,-0.00022947211982682347,-0.015998536720871925,0.1108001172542572,0.0011744453804567456,-0.1197754442691803,0.00015156167501118034,0.02431260608136654,-0.00022947211982682347,-0.015998536720871925
0.6170000000000009,0.01150462869554758,0.01150462869554758,nan,nan,nan,nan,0.06673547625541687,0.0,0.07298365980386734,0.18123818933963776,0.0,0.0,0.0,0.0,0.00800000037997961,0.010999999940395355,64.0,0.19780811667442322,0.767883837223053,0.01353491097688675,7.535340309143066,0.006248181685805321,0.0070791845209896564,0.07381466031074524,0.019361348822712898,1.0,0.008221415802836418,0.1863262802362442,9.0,1.0,0.0,0.0,0.011504615657031536,-1.30385160446167e-08,nan,0.0006375022931024432,0.0,0.0,0.0,0.0,0.0,0.0,0.0,0.0,0.0,0.0,0.0,0.0,0.0,0.0,0.0,0.0,0.0,0.0,0.0,0.0,0.0,0.10822667926549911,0.0014204467879608274,-0.11700478196144104,0.00015212369908113033,0.02377474121749401,-0.00028390137595124543,-0.015650806948542595,0.10991596430540085,0.0012656603939831257,-0.11882379651069641,0.00015118689043447375,0.02412848174571991,-0.0002495931985322386,-0.015879666432738304,0.10991596430540085,0.0012656603939831257,-0.11882379651069641,0.00015118689043447375,0.02412848174571991,-0.0002495931985322386,-0.015879666432738304,0.10991596430540085,0.0012656603939831257,-0.11882379651069641,0.00015118689043447375,0.02412848174571991,-0.0002495931985322386,-0.015879666432738304,0.10991596430540085,0.0012656603939831257,-0.11882379651069641,0.00015118689043447375,0.02412848174571991,-0.0002495931985322386,-0.015879666432738304
0.7050000000000018,0.011927076615393162,0.011927076615393162,nan,nan,nan,nan,0.06938101351261139,0.0,0.07554949074983597,0.181646928191185,0.0,0.0,0.0,0.0,0.009999999776482582,0.020999999716877937,64.0,0.1978408694267273,0.6041964292526245,0.029267743229866028,9.063619613647461,0.006168474908918142,0.00578659400343895,0.07516761124134064,0.0,1.0,0.008103352971374989,0.1520031839609146,9.0,1.0,0.0,0.0,0.011927072890102863,-3.725290298461914e-09,nan,0.0006220397772267461,0.0,0.0,0.0,0.0,0.0,0.0,0.0,0.0,0.0,0.0,0.0,0.0,0.0,0.0,0.0,0.0,0.0,0.0,0.0,0.0,0.0,0.10631588101387024,0.0016711477655917406,-0.11495613306760788,0.00017796229803934693,0.02339218556880951,-0.0003180376661475748,-0.015392156317830086,0.1083270013332367,0.0014681878965348005,-0.11711777746677399,0.0001617240923224017,0.023806003853678703,-0.00028442006441764534,-0.015666456893086433,0.1083270013332367,0.0014681878965348005,-0.11711777746677399,0.0001617240923224017,0.023806003853678703,-0.00028442006441764534,-0.015666456893086433,0.1083270013332367,0.0014681878965348005,-0.11711777746677399,0.0001617240923224017,0.023806003853678703,-0.00028442006441764534,-0.015666456893086433,0.1083270013332367,0.0014681878965348005,-0.11711777746677399,0.0001617240923224017,0.023806003853678703,-0.00028442006441764534,-0.015666456893086433
0.7950000000000017,0.01256693247705698,0.01256693247705698,nan,nan,nan,nan,0.07337936758995056,0.0,0.07948771119117737,0.18228091299533844,0.0,0.0,0.0,0.0,0.00800000037997961,0.013000000268220901,64.0,0.19785048067569733,0.624588668346405,0.12478604912757874,8.140203475952148,0.00610834127292037,0.007047064136713743,0.08042643219232559,0.0,1.0,0.008009546436369419,0.18477840721607208,9.0,1.0,0.0,0.0,0.012566925026476383,-7.450580596923828e-09,nan,0.0006069393130019307,0.0,0.0,0.0,0.0,0.0,0.0,0.0,0.0,0.0,0.0,0.0,0.0,0.0,0.0,0.0,0.0,0.0,0.0,0.0,0.0,0.0,0.10438456386327744,0.0019016392761841416,-0.11288399249315262,0.00020156994287390262,0.02300952933728695,-0.00035162121639586985,-0.015147705562412739,0.10706329345703125,0.00162634311709553,-0.11576170474290848,0.00017446822312194854,0.023552941158413887,-0.0003090888203587383,-0.015501344576478004,0.10706329345703125,0.00162634311709553,-0.11576170474290848,0.00017446822312194854,0.023552941158413887,-0.0003090888203587383,-0.015501344576478004,0.10706329345703125,0.00162634311709553,-0.11576170474290848,0.00017446822312194854,0.023552941158413887,-0.0003090888203587383,-0.015501344576478004,0.10706329345703125,0.00162634311709553,-0.11576170474290848,0.00017446822312194854,0.023552941158413887,-0.0003090888203587383,-0.015501344576478004
0.8490000000000002,0.01297477725893259,0.01297477725893259,nan,nan,nan,nan,0.07593273371458054,0.0,0.08198243379592896,0.18269066512584686,0.0,0.0,0.0,0.0,0.003000000026077032,0.010999999940395355,64.0,0.19787566363811493,1.3284869194030762,0.012473203241825104,8.244295120239258,0.00604970334097743,0.006866598501801491,0.08279933035373688,0.018774446099996567,1.0,0.007921677082777023,0.180064857006073,9.0,1.0,0.0,0.0,0.012974766083061695,-1.1175870895385742e-08,nan,0.000592358410358429,0.0,0.0,0.0,0.0,0.0,0.0,0.0,0.0,0.0,0.0,0.0,0.0,0.0,0.0,0.0,0.0,0.0,0.0,0.0,0.0,0.0,0.10382970422506332,0.002144615864381194,-0.11230573803186417,0.00023100471298675984,0.0229346863925457,-0.00040228263242170215,-0.015097199007868767,0.10587778687477112,0.0017845553811639547,-0.11449162662029266,0.00019112235167995095,0.023319825530052185,-0.0003360991249792278,-0.01534928660839796,0.10587778687477112,0.0017845553811639547,-0.11449162662029266,0.00019112235167995095,0.023319825530052185,-0.0003360991249792278,-0.01534928660839796,0.10587778687477112,0.0017845553811639547,-0.11449162662029266,0.00019112235167995095,0.023319825530052185,-0.0003360991249792278,-0.01534928660839796,0.10587778687477112,0.0017845553811639547,-0.11449162662029266,0.00019112235167995095,0.023319825530052185,-0.0003360991249792278,-0.01534928660839796
0.8859999999999992,0.0131798991933465,0.0131798991933465,nan,nan,nan,nan,0.07721907645463943,0.0,0.08322696387767792,0.18289953470230103,0.0,0.0,0.0,0.0,0.0020000000949949026,0.009999999776482582,64.0,0.1978844553232193,0.5793823003768921,0.010833144187927246,7.144688606262207,0.006007889751344919,0.006841069553047419,0.08406014740467072,0.02051219344139099,1.0,0.007860193960368633,0.17932400107383728,9.0,1.0,0.0,0.0,0.013179882429540157,-1.6763806343078613e-08,nan,0.0005828088615089655,0.0,0.0,0.0,0.0,0.0,0.0,0.0,0.0,0.0,0.0,0.0,0.0,0.0,0.0,0.0,0.0,0.0,0.0,0.0,0.0,0.0,0.10317520797252655,0.0021360020618885756,-0.11159811913967133,0.000235599436564371,0.022790709510445595,-0.0004012119898106903,-0.015002469532191753,0.10504787415266037,0.0018924783216789365,-0.11360307782888412,0.00020478045917116106,0.02315734326839447,-0.00035609412589110434,-0.015242784284055233,0.10504787415266037,0.0018924783216789365,-0.11360307782888412,0.00020478045917116106,0.02315734326839447,-0.00035609412589110434,-0.015242784284055233,0.10504787415266037,0.0018924783216789365,-0.11360307782888412,0.00020478045917116106,0.02315734326839447,-0.00035609412589110434,-0.015242784284055233,0.10504787415266037,0.0018924783216789365,-0.11360307782888412,0.00020478045917116106,0.02315734326839447,-0.00035609412589110434,-0.015242784284055233
0.9570000000000007,0.013587535358965397,0.013587535358965397,nan,nan,nan,nan,0.0797705128788948,0.0,0.0857129693031311,0.18332023918628693,0.0,0.0,0.0,0.0,-0.0010000000474974513,0.010999999940395355,64.0,0.19790196418762207,0.595227837562561,0.011540018022060394,9.287394523620605,0.005942452698945999,0.0067495605908334255,0.08652007579803467,0.018494203686714172,1.0,0.007762928493320942,0.17669247090816498,9.0,1.0,0.0,0.0,0.013587520457804203,-1.4901161193847656e-08,nan,0.0005685793003067374,0.0,0.0,0.0,0.0,0.0,0.0,0.0,0.0,0.0,0.0,0.0,0.0,0.0,0.0,0.0,0.0,0.0,0.0,0.0,0.0,0.0,0.10195858776569366,0.002336767502129078,-0.11030110716819763,0.0002247151714982465,0.022571776062250137,-0.00042588217183947563,-0.014856081455945969,0.10373444110155106,0.0020566217135638,-0.11219702661037445,0.00021691640722565353,0.02290230244398117,-0.00038325274363160133,-0.015074771828949451,0.10373444110155106,0.0020566217135638,-0.11219702661037445,0.00021691640722565353,0.02290230244398117,-0.00038325274363160133,-0.015074771828949451,0.10373444110155106,0.0020566217135638,-0.11219702661037445,0.00021691640722565353,0.02290230244398117,-0.00038325274363160133,-0.015074771828949451,0.10373444110155106,0.0020566217135638,-0.11219702661037445,0.00021691640722565353,0.02290230244398117,-0.00038325274363160133,-0.015074771828949451
1.001999999999999,0.013790049590170383,0.013790049590170383,nan,nan,nan,nan,0.08104047924280167,0.0,0.08693434298038483,0.18353180587291718,0.0,0.0,0.0,0.0,0.004999999888241291,0.012000000104308128,64.0,0.19791816174983978,0.5395561456680298,0.010049901902675629,7.873443126678467,0.00589386560022831,0.00554917985573411,0.08658965677022934,0.0,1.0,0.007692835293710232,0.14514070749282837,9.0,1.0,0.0,0.0,0.013790030963718891,-1.862645149230957e-08,nan,0.0005590331857092679,0.0,0.0,0.0,0.0,0.0,0.0,0.0,0.0,0.0,0.0,0.0,0.0,0.0,0.0,0.0,0.0,0.0,0.0,0.0,0.0,0.0,0.10066382586956024,0.0023164148442447186,-0.10890109091997147,0.0002333511074539274,0.022286394611001015,-0.00042326233233325183,-0.014668346382677555,0.10278953611850739,0.0021495651453733444,-0.11118380725383759,0.00022181341773830354,0.022715341299772263,-0.00039751629810780287,-0.014951340854167938,0.10278953611850739,0.0021495651453733444,-0.11118380725383759,0.00022181341773830354,0.022715341299772263,-0.00039751629810780287,-0.014951340854167938,0.10278953611850739,0.0021495651453733444,-0.11118380725383759,0.00022181341773830354,0.022715341299772263,-0.00039751629810780287,-0.014951340854167938,0.10278953611850739,0.0021495651453733444,-0.11118380725383759,0.00022181341773830354,0.022715341299772263,-0.00039751629810780287,-0.014951340854167938
1.0670000000000002,0.013991299085319042,0.013991299085319042,nan,nan,nan,nan,0.08230467885732651,0.0,0.08814631402492523,0.18374241888523102,0.0,0.0,0.0,0.0,0.0,0.010999999940395355,64.0,0.1979266256093979,0.8232332468032837,0.014559365808963776,8.343164443969727,0.00584163423627615,0.0045713637955486774,0.0868760421872139,0.0,1.0,0.007617488503456116,0.11946193873882294,9.0,1.0,0.0,0.0,0.013991282321512699,-1.6763806343078613e-08,nan,0.0005473803030326962,0.0,0.0,0.0,0.0,0.0,0.0,0.0,0.0,0.0,0.0,0.0,0.0,0.0,0.0,0.0,0.0,0.0,0.0,0.0,0.0,0.0,0.10010483115911484,0.002532141050323844,-0.10832133889198303,0.0002794258762151003,0.02221863903105259,-0.0004967324784956872,-0.014625328592956066,0.10177184641361237,0.0022594735492020845,-0.11009474843740463,0.0002361137158004567,0.022518165409564972,-0.0004226415476296097,-0.014821618795394897,0.10177184641361237,0.0022594735492020845,-0.11009474843740463,0.0002361137158004567,0.022518165409564972,-0.0004226415476296097,-0.014821618795394897,0.10177184641361237,0.0022594735492020845,-0.11009474843740463,0.0002361137158004567,0.022518165409564972,-0.0004226415476296097,-0.014821618795394897,0.10177184641361237,0.0022594735492020845,-0.11009474843740463,0.0002361137158004567,0.022518165409564972,-0.0004226415476296097,-0.014821618795394897
1.126999999999999,0.01439740415662527,0.01439740415662527,nan,nan,nan,nan,0.08484040945768356,0.0,0.09064105898141861,0.18417298793792725,0.0,0.0,0.0,0.0,0.006000000052154064,0.010999999940395355,64.0,0.19793498516082764,0.6491793394088745,0.011115334928035736,7.410322189331055,0.005800650455057621,0.005105806514620781,0.0899462178349495,0.0,1.0,0.007555317599326372,0.1330825537443161,9.0,1.0,0.0,0.0,0.014397398568689823,-5.587935447692871e-09,nan,0.0005390437436290085,0.0,0.0,0.0,0.0,0.0,0.0,0.0,0.0,0.0,0.0,0.0,0.0,0.0,0.0,0.0,0.0,0.0,0.0,0.0,0.0,0.0,0.09880713373422623,0.0025084028020501137,-0.10691789537668228,0.00028699045651592314,0.021931961178779602,-0.0004930143477395177,-0.01443672925233841,0.10093136131763458,0.002350993687286973,-0.10919615626335144,0.00025286944583058357,0.022356726229190826,-0.00044804238132201135,-0.014715681783854961,0.10093136131763458,0.002350993687286973,-0.10919615626335144,0.00025286944583058357,0.022356726229190826,-0.00044804238132201135,-0.014715681783854961,0.10093136131763458,0.002350993687286973,-0.10919615626335144,0.00025286944583058357,0.022356726229190826,-0.00044804238132201135,-0.014715681783854961,0.10093136131763458,0.002350993687286973,-0.10919615626335144,0.00025286944583058357,0.022356726229190826,-0.00044804238132201135,-0.014715681783854961
1.1750000000000007,0.014800620265305042,0.014800620265305042,nan,nan,nan,nan,0.08736098557710648,0.0,0.09310867637395859,0.18459999561309814,0.0,0.0,0.0,0.0,0.0020000000949949026,0.009999999776482582,64.0,0.1979493647813797,1.1879513263702393,0.01587904989719391,8.296340942382812,0.005747689865529537,0.006421234458684921,0.0937822163105011,0.0,1.0,0.007476858329027891,0.1673312783241272,9.0,1.0,0.0,0.0,0.0148005997762084,-2.0489096641540527e-08,nan,0.0005278869648464024,0.0,0.0,0.0,0.0,0.0,0.0,0.0,0.0,0.0,0.0,0.0,0.0,0.0,0.0,0.0,0.0,0.0,0.0,0.0,0.0,0.0,0.09757588803768158,0.0026273063849657774,-0.10560113191604614,0.0002909777977038175,0.021699264645576477,-0.000510793412104249,-0.014279755763709545,0.09986991435289383,0.0024688211269676685,-0.10806196928024292,0.0002666518557816744,0.022156285122036934,-0.0004743903991766274,-0.014582430943846703,0.09986991435289383,0.0024688211269676685,-0.10806196928024292,0.0002666518557816744,0.022156285122036934,-0.0004743903991766274,-0.014582430943846703,0.09986991435289383,0.0024688211269676685,-0.10806196928024292,0.0002666518557816744,0.022156285122036934,-0.0004743903991766274,-0.014582430943846703,0.09986991435289383,0.0024688211269676685,-0.10806196928024292,0.0002666518557816744,0.022156285122036934,-0.0004743903991766274,-0.014582430943846703
1.2340000000000018,0.015020699240267277,0.015020699240267277,nan,nan,nan,nan,0.0887412428855896,0.0,0.09443634003400803,0.18483534455299377,0.0,0.0,0.0,0.0,0.0020000000949949026,0.009999999776482582,64.0,0.1979566067457199,0.6089750528335571,0.009094364941120148,20.424800872802734,0.005695096682757139,0.005523622501641512,0.09426486492156982,0.0,1.0,0.007402998395264149,0.1438933163881302,9.0,1.0,0.0,0.0,0.015020688064396381,-1.1175870895385742e-08,nan,0.0005172417149879038,0.0,0.0,0.0,0.0,0.0,0.0,0.0,0.0,0.0,0.0,0.0,0.0,0.0,0.0,0.0,0.0,0.0,0.0,0.0,0.0,0.0,0.0968681201338768,0.0026130496989935637,-0.10483554005622864,0.0002947724424302578,0.0215426217764616,-0.0005085264565423131,-0.014176735654473305,0.09887582063674927,0.002525606658309698,-0.1069943904876709,0.00027649448020383716,0.021955294534564018,-0.000487623387016356,-0.014449454843997955,0.09887582063674927,0.002525606658309698,-0.1069943904876709,0.00027649448020383716,0.021955294534564018,-0.000487623387016356,-0.014449454843997955,0.09887582063674927,0.002525606658309698,-0.1069943904876709,0.00027649448020383716,0.021955294534564018,-0.000487623387016356,-0.014449454843997955,0.09887582063674927,0.002525606658309698,-0.1069943904876709,0.00027649448020383716,0.021955294534564018,-0.000487623387016356,-0.014449454843997955
1.2899999999999991,0.015412039123475552,0.015412039123475552,nan,nan,nan,nan,0.09118809551000595,0.0,0.09682480990886688,0.1852518767118454,0.0,0.0,0.0,0.0,0.004000000189989805,0.012000000104308128,64.0,0.1979725956916809,0.661602258682251,0.012514181435108185,8.038137435913086,0.005636715795844793,0.005334772169589996,0.09652286767959595,0.0,1.0,0.007317806594073772,0.13877813518047333,9.0,1.0,0.0,0.0,0.015412022359669209,-1.6763806343078613e-08,nan,0.000505851989146322,0.0,0.0,0.0,0.0,0.0,0.0,0.0,0.0,0.0,0.0,0.0,0.0,0.0,0.0,0.0,0.0,0.0,0.0,0.0,0.0,0.0,0.09569650888442993,0.002796037355437875,-0.10359512269496918,0.00029464447288773954,0.021345408633351326,-0.0005424642586149275,-0.014052141457796097,0.09772147238254547,0.002648591762408614,-0.10576309263706207,0.00028319930424913764,0.021740788593888283,-0.0005123532610014081,-0.014310045167803764,0.09772147238254547,0.002648591762408614,-0.10576309263706207,0.00028319930424913764,0.021740788593888283,-0.0005123532610014081,-0.014310045167803764,0.09772147238254547,0.002648591762408614,-0.10576309263706207,0.00028319930424913764,0.021740788593888283,-0.0005123532610014081,-0.014310045167803764,0.09772147238254547,0.002648591762408614,-0.10576309263706207,0.00028319930424913764,0.021740788593888283,-0.0005123532610014081,-0.014310045167803764
1.3449999999999989,0.01579943299293518,0.01579943299293518,nan,nan,nan,nan,0.09361021220684052,0.0,0.09919260442256927,0.18566325306892395,0.0,0.0,0.0,0.0,0.0020000000949949026,0.009999999776482582,64.0,0.19798652827739716,0.6485627889633179,0.012263655662536621,7.608503341674805,0.005582392681390047,0.005291200242936611,0.0989014133810997,0.0,1.0,0.007238904479891062,0.13747771084308624,9.0,1.0,0.0,0.0,0.015799421817064285,-1.1175870895385742e-08,nan,0.0004946617409586906,0.0,0.0,0.0,0.0,0.0,0.0,0.0,0.0,0.0,0.0,0.0,0.0,0.0,0.0,0.0,0.0,0.0,0.0,0.0,0.0,0.0,0.09457477927207947,0.003014280693605542,-0.10240831226110458,0.0003263758553657681,0.021168475970625877,-0.0005542478756979108,-0.013937490060925484,0.09665337949991226,0.002752855187281966,-0.10462230443954468,0.00029422511579468846,0.021540407091379166,-0.0005272174603305757,-0.014179483987390995,0.09665337949991226,0.002752855187281966,-0.10462230443954468,0.00029422511579468846,0.021540407091379166,-0.0005272174603305757,-0.014179483987390995,0.09665337949991226,0.002752855187281966,-0.10462230443954468,0.00029422511579468846,0.021540407091379166,-0.0005272174603305757,-0.014179483987390995,0.09665337949991226,0.002752855187281966,-0.10462230443954468,0.00029422511579468846,0.021540407091379166,-0.0005272174603305757,-0.014179483987390995
1.3910000000000018,0.01599167287349701,0.01599167287349701,nan,nan,nan,nan,0.09481451660394669,0.0,0.10035727918148041,0.1858690232038498,0.0,0.0,0.0,0.0,0.0020000000949949026,0.009999999776482582,64.0,0.19799615442752838,0.5821688175201416,0.00794045627117157,7.639777660369873,0.005542764440178871,0.00527517544105649,0.10008969157934189,0.0,1.0,0.007181535009294748,0.13694162666797638,9.0,1.0,0.0,0.0,0.015991665422916412,-7.450580596923828e-09,nan,0.00048671779222786427,0.0,0.0,0.0,0.0,0.0,0.0,0.0,0.0,0.0,0.0,0.0,0.0,0.0,0.0,0.0,0.0,0.0,0.0,0.0,0.0,0.0,0.09395705163478851,0.0029986039735376835,-0.10173985362052917,0.0003291634493507445,0.021030951291322708,-0.0005518318503163755,-0.013846999034285545,0.09587641060352325,0.0028315773233771324,-0.10379260033369064,0.0003048660000786185,0.021395890042185783,-0.0005351952277123928,-0.014085249044001102,0.09587641060352325,0.0028315773233771324,-0.10379260033369064,0.0003048660000786185,0.021395890042185783,-0.0005351952277123928,-0.014085249044001102,0.09587641060352325,0.0028315773233771324,-0.10379260033369064,0.0003048660000786185,0.021395890042185783,-0.0005351952277123928,-0.014085249044001102,0.09587641060352325,0.0028315773233771324,-0.10379260033369064,0.0003048660000786185,0.021395890042185783,-0.0005351952277123928,-0.014085249044001102
1.4540000000000006,0.016372673213481903,0.016372673213481903,nan,nan,nan,nan,0.09719473123550415,0.0,0.10268416255712509,0.18627004325389862,0.0,0.0,0.0,0.0,0.007000000216066837,0.02500000037252903,64.0,0.19801226258277893,0.8003097176551819,0.010431744158267975,7.570940971374512,0.005489432252943516,0.005174035672098398,0.10236876457929611,0.007607489824295044,1.0,0.007103842217475176,0.13419833779335022,9.0,1.0,0.0,0.0,0.01637265458703041,-1.862645149230957e-08,nan,0.0004777268914040178,0.0,0.0,0.0,0.0,0.0,0.0,0.0,0.0,0.0,0.0,0.0,0.0,0.0,0.0,0.0,0.0,0.0,0.0,0.0,0.0,0.0,0.09344600886106491,0.0032015652395784855,-0.10121653228998184,0.00036691006971523166,0.020987484604120255,-0.0005994860548526049,-0.013809850439429283,0.09482259303331375,0.0029457565397024155,-0.10266915708780289,0.0003237794735468924,0.021203596144914627,-0.00055193982552737,-0.013957860879600048,0.09482259303331375,0.0029457565397024155,-0.10266915708780289,0.0003237794735468924,0.021203596144914627,-0.00055193982552737,-0.013957860879600048,0.09482259303331375,0.0029457565397024155,-0.10266915708780289,0.0003237794735468924,0.021203596144914627,-0.00055193982552737,-0.013957860879600048,0.09482259303331375,0.0029457565397024155,-0.10266915708780289,0.0003237794735468924,0.021203596144914627,-0.00055193982552737,-0.013957860879600048
1.501999999999999,0.01675041764974594,0.01675041764974594,nan,nan,nan,nan,0.09955627471208572,0.0,0.10500118136405945,0.1866675466299057,0.0,0.0,0.0,0.0,0.006000000052154064,0.00800000037997961,64.0,0.19802743196487427,0.48267003893852234,0.009714625775814056,7.261764049530029,0.005444906651973724,0.006225878838449717,0.105782151222229,0.02357456646859646,1.0,0.007039394695311785,0.16129282116889954,9.0,1.0,0.0,0.0,0.016750406473875046,-1.1175870895385742e-08,nan,0.0004671486676670611,0.0,0.0,0.0,0.0,0.0,0.0,0.0,0.0,0.0,0.0,0.0,0.0,0.0,0.0,0.0,0.0,0.0,0.0,0.0,0.0,0.0,0.09222540259361267,0.0031674648635089397,-0.09989526867866516,0.00037157328915782273,0.020714854821562767,-0.0005939780967310071,-0.013630569912493229,0.09394944459199905,0.0030282102525234222,-0.1017376184463501,0.0003408704942557961,0.021041743457317352,-0.000567519455216825,-0.013849287293851376,0.09394944459199905,0.0030282102525234222,-0.1017376184463501,0.0003408704942557961,0.021041743457317352,-0.000567519455216825,-0.013849287293851376,0.09394944459199905,0.0030282102525234222,-0.1017376184463501,0.0003408704942557961,0.021041743457317352,-0.000567519455216825,-0.013849287293851376,0.09394944459199905,0.0030282102525234222,-0.1017376184463501,0.0003408704942557961,0.021041743457317352,-0.000567519455216825,-0.013849287293851376
1.568999999999999,0.01694365218281746,0.01694365218281746,nan,nan,nan,nan,0.10076939314603806,0.0,0.10615063458681107,0.18687042593955994,0.0,0.0,0.0,0.0,0.006000000052154064,0.017999999225139618,64.0,0.1980443298816681,0.8530924320220947,0.01260172575712204,7.972464084625244,0.005381238181143999,0.004294292069971561,0.10506368428468704,0.0,1.0,0.006948466878384352,0.1110636293888092,9.0,1.0,0.0,0.0,0.016943633556365967,-1.862645149230957e-08,nan,0.0004566745483316481,0.0,0.0,0.0,0.0,0.0,0.0,0.0,0.0,0.0,0.0,0.0,0.0,0.0,0.0,0.0,0.0,0.0,0.0,0.0,0.0,0.0,0.09108474105596542,0.003304457990452647,-0.09868435561656952,0.0003459595609456301,0.020525246858596802,-0.0006115746218711138,-0.013506823219358921,0.09271594882011414,0.003147181821987033,-0.10042281448841095,0.0003456211416050792,0.020818721503019333,-0.0005868931184522808,-0.013701203279197216,0.09271594882011414,0.003147181821987033,-0.10042281448841095,0.0003456211416050792,0.020818721503019333,-0.0005868931184522808,-0.013701203279197216,0.09271594882011414,0.003147181821987033,-0.10042281448841095,0.0003456211416050792,0.020818721503019333,-0.0005868931184522808,-0.013701203279197216,0.09271594882011414,0.003147181821987033,-0.10042281448841095,0.0003456211416050792,0.020818721503019333,-0.0005868931184522808,-0.013701203279197216
1.625,0.01731637492775917,0.01731637492775917,nan,nan,nan,nan,0.10309799760580063,0.0,0.10843870043754578,0.18725793063640594,0.0,0.0,0.0,0.0,0.006000000052154064,0.010999999940395355,64.0,0.19805066287517548,0.5480200052261353,0.008537434041500092,7.817024230957031,0.005340700503438711,0.0056539494544267654,0.10875194519758224,0.01691247895359993,1.0,0.006890993565320969,0.14608007669448853,9.0,1.0,0.0,0.0,0.017316363751888275,-1.1175870895385742e-08,nan,0.0004479022463783622,0.0,0.0,0.0,0.0,0.0,0.0,0.0,0.0,0.0,0.0,0.0,0.0,0.0,0.0,0.0,0.0,0.0,0.0,0.0,0.0,0.0,0.0904841423034668,0.003286360064521432,-0.09803403168916702,0.00034819377469830215,0.020390670746564865,-0.0006086543435230851,-0.013418320566415787,0.09193864464759827,0.0032012094743549824,-0.09959157556295395,0.0003463629982434213,0.020671574398875237,-0.0005953496438451111,-0.013603916391730309,0.09193864464759827,0.0032012094743549824,-0.09959157556295395,0.0003463629982434213,0.020671574398875237,-0.0005953496438451111,-0.013603916391730309,0.09193864464759827,0.0032012094743549824,-0.09959157556295395,0.0003463629982434213,0.020671574398875237,-0.0005953496438451111,-0.013603916391730309,0.09193864464759827,0.0032012094743549824,-0.09959157556295395,0.0003463629982434213,0.020671574398875237,-0.0005953496438451111,-0.013603916391730309
1.6679999999999993,0.01750067248940468,0.01750067248940468,nan,nan,nan,nan,0.10425276309251785,0.0,0.10955578833818436,0.18744845688343048,0.0,0.0,0.0,0.0,0.0020000000949949026,0.006000000052154064,64.0,0.19806510210037231,0.5669873356819153,0.009980052709579468,7.685457229614258,0.005303021986037493,0.004718270152807236,0.10897102952003479,0.0,1.0,0.006835589651018381,0.12190032005310059,9.0,1.0,0.0,0.0,0.01750066503882408,-7.450580596923828e-09,nan,0.00044022523798048496,0.0,0.0,0.0,0.0,0.0,0.0,0.0,0.0,0.0,0.0,0.0,0.0,0.0,0.0,0.0,0.0,0.0,0.0,0.0,0.0,0.0,0.08940819650888443,0.0034761179704219103,-0.09690465778112411,0.0004296505358070135,0.020229339599609375,-0.0006717300275340676,-0.013307861052453518,0.09118208289146423,0.003301354357972741,-0.09879093617200851,0.0003751066396944225,0.02054572105407715,-0.0006227379781194031,-0.013519318774342537,0.09118208289146423,0.003301354357972741,-0.09879093617200851,0.0003751066396944225,0.02054572105407715,-0.0006227379781194031,-0.013519318774342537,0.09118208289146423,0.003301354357972741,-0.09879093617200851,0.0003751066396944225,0.02054572105407715,-0.0006227379781194031,-0.013519318774342537,0.09118208289146423,0.003301354357972741,-0.09879093617200851,0.0003751066396944225,0.02054572105407715,-0.0006227379781194031,-0.013519318774342537
1.7530000000000001,0.017867594957351685,0.017867594957351685,nan,nan,nan,nan,0.10654420405626297,0.0,0.11179891973733902,0.187822625041008,0.0,0.0,0.0,0.0,0.0,0.01600000075995922,64.0,0.19806931912899017,0.6121946573257446,0.008043833076953888,15.517311096191406,0.005254712421447039,0.0058803195133805275,0.11242452263832092,0.01147622149437666,1.0,0.006767620798200369,0.15172547101974487,9.0,1.0,0.0,0.0,0.017867576330900192,-1.862645149230957e-08,nan,0.00043270023888908327,0.0,0.0,0.0,0.0,0.0,0.0,0.0,0.0,0.0,0.0,0.0,0.0,0.0,0.0,0.0,0.0,0.0,0.0,0.0,0.0,0.0,0.0888199657201767,0.003456783015280962,-0.09626755863428116,0.0004311386146582663,0.020097030326724052,-0.0006683764513581991,-0.013220878317952156,0.0902615338563919,0.003368353471159935,-0.09780850261449814,0.0003983233473263681,0.020373135805130005,-0.0006421536090783775,-0.013404413126409054,0.0902615338563919,0.003368353471159935,-0.09780850261449814,0.0003983233473263681,0.020373135805130005,-0.0006421536090783775,-0.013404413126409054,0.0902615338563919,0.003368353471159935,-0.09780850261449814,0.0003983233473263681,0.020373135805130005,-0.0006421536090783775,-0.013404413126409054,0.0902615338563919,0.003368353471159935,-0.09780850261449814,0.0003983233473263681,0.020373135805130005,-0.0006421536090783775,-0.013404413126409054
1.8070000000000022,0.018231432884931564,0.018231432884931564,nan,nan,nan,nan,0.10881739109754562,0.0,0.1140235960483551,0.18818803131580353,0.0,0.0,0.0,0.0,0.008999999612569809,0.012000000104308128,64.0,0.19809262454509735,0.6584245562553406,0.012531876564025879,7.547318935394287,0.00520620821043849,0.004834812134504318,0.11365219950675964,0.0,1.0,0.00669960118830204,0.1246536523103714,9.0,1.0,0.0,0.0,0.018231425434350967,-7.450580596923828e-09,nan,0.0004243649891577661,0.0,0.0,0.0,0.0,0.0,0.0,0.0,0.0,0.0,0.0,0.0,0.0,0.0,0.0,0.0,0.0,0.0,0.0,0.0,0.0,0.0,0.08715099841356277,0.003562391269952059,-0.09448535740375519,0.00041214795783162117,0.01979133114218712,-0.0006874357932247221,-0.013019969686865807,0.08933906257152557,0.003437604522332549,-0.0968247801065445,0.0004026595561299473,0.020205244421958923,-0.0006580671179108322,-0.013293382711708546,0.08933906257152557,0.003437604522332549,-0.0968247801065445,0.0004026595561299473,0.020205244421958923,-0.0006580671179108322,-0.013293382711708546,0.08933906257152557,0.003437604522332549,-0.0968247801065445,0.0004026595561299473,0.020205244421958923,-0.0006580671179108322,-0.013293382711708546,0.08933906257152557,0.003437604522332549,-0.0968247801065445,0.0004026595561299473,0.020205244421958923,-0.0006580671179108322,-0.013293382711708546
1.8710000000000022,0.018593478947877884,0.018593478947877884,nan,nan,nan,nan,0.1110839769244194,0.0,0.11622350662946701,0.18854297697544098,0.0,0.0,0.0,0.0,0.00800000037997961,0.008999999612569809,64.0,0.1981077939271927,0.9118411540985107,0.011426396667957306,7.260152339935303,0.005139530636370182,0.004861235152930021,0.11594521254301071,0.0,1.0,0.006605048663914204,0.12518185377120972,9.0,1.0,0.0,0.0,0.01859346777200699,-1.1175870895385742e-08,nan,0.000411693355999887,0.0,0.0,0.0,0.0,0.0,0.0,0.0,0.0,0.0,0.0,0.0,0.0,0.0,0.0,0.0,0.0,0.0,0.0,0.0,0.0,0.0,0.08610405027866364,0.003724280744791031,-0.09338414669036865,0.00044070271542295814,0.019637037068605423,-0.0007101017981767654,-0.012919464148581028,0.0880524218082428,0.0035570766776800156,-0.09545709192752838,0.00041700052679516375,0.019981276243925095,-0.0006804736913181841,-0.013145866803824902,0.0880524218082428,0.0035570766776800156,-0.09545709192752838,0.00041700052679516375,0.019981276243925095,-0.0006804736913181841,-0.013145866803824902,0.0880524218082428,0.0035570766776800156,-0.09545709192752838,0.00041700052679516375,0.019981276243925095,-0.0006804736913181841,-0.013145866803824902,0.0880524218082428,0.0035570766776800156,-0.09545709192752838,0.00041700052679516375,0.019981276243925095,-0.0006804736913181841,-0.013145866803824902
1.9280000000000008,0.01895003393292427,0.01895003393292427,nan,nan,nan,nan,0.11331134289503098,0.0,0.1183997169137001,0.18888556957244873,0.0,0.0,0.0,0.0,0.003000000026077032,0.019999999552965164,64.0,0.19811436533927917,0.8969987034797668,0.020145438611507416,10.380782127380371,0.0050883726216852665,0.005815161392092705,0.11912650614976883,0.008872337639331818,1.0,0.006534532643854618,0.14991332590579987,9.0,1.0,0.0,0.0,0.018950026482343674,-7.450580596923828e-09,nan,0.00040423194877803326,0.0,0.0,0.0,0.0,0.0,0.0,0.0,0.0,0.0,0.0,0.0,0.0,0.0,0.0,0.0,0.0,0.0,0.0,0.0,0.0,0.0,0.08553030341863632,0.00370273576118052,-0.09276234358549118,0.00044174568029120564,0.019506989046931267,-0.0007063602097332478,-0.012833964079618454,0.08709724247455597,0.0036174855194985867,-0.0944373682141304,0.00042681198101490736,0.01980377733707428,-0.0006912011886015534,-0.013029136694967747,0.08709724247455597,0.0036174855194985867,-0.0944373682141304,0.00042681198101490736,0.01980377733707428,-0.0006912011886015534,-0.013029136694967747,0.08709724247455597,0.0036174855194985867,-0.0944373682141304,0.00042681198101490736,0.01980377733707428,-0.0006912011886015534,-0.013029136694967747,0.08709724247455597,0.0036174855194985867,-0.0944373682141304,0.00042681198101490736,0.01980377733707428,-0.0006912011886015534,-0.013029136694967747
1.9830000000000005,0.019314352422952652,0.019314352422952652,nan,nan,nan,nan,0.11558899283409119,0.0,0.12062891572713852,0.18922698497772217,0.0,0.0,0.0,0.0,0.007000000216066837,0.013000000268220901,64.0,0.1981292963027954,0.6155893206596375,0.012053176760673523,7.357529163360596,0.005039924290031195,0.005822561215609312,0.12141155451536179,0.013966112397611141,1.0,0.006466416642069817,0.1496402621269226,9.0,1.0,0.0,0.0,0.019314348697662354,-3.725290298461914e-09,nan,0.0003950376994907856,0.0,0.0,0.0,0.0,0.0,0.0,0.0,0.0,0.0,0.0,0.0,0.0,0.0,0.0,0.0,0.0,0.0,0.0,0.0,0.0,0.0,0.08446777611970901,0.0038319251034408808,-0.0916438177227974,0.0004339836596045643,0.019342441111803055,-0.0007200770196504891,-0.012725508771836758,0.08616815507411957,0.0037069967947900295,-0.09345276653766632,0.0004294609243515879,0.019646672531962395,-0.0007034207228571177,-0.012925720773637295,0.08616815507411957,0.0037069967947900295,-0.09345276653766632,0.0004294609243515879,0.019646672531962395,-0.0007034207228571177,-0.012925720773637295,0.08616815507411957,0.0037069967947900295,-0.09345276653766632,0.0004294609243515879,0.019646672531962395,-0.0007034207228571177,-0.012925720773637295,0.08616815507411957,0.0037069967947900295,-0.09345276653766632,0.0004294609243515879,0.019646672531962395,-0.0007034207228571177,-0.012925720773637295
2.030999999999999,0.019483983516693115,0.019483983516693115,nan,nan,nan,nan,0.11665353924036026,0.0,0.12164290994405746,0.18938152492046356,0.0,0.0,0.0,0.0,0.00800000037997961,0.012000000104308128,64.0,0.19813834130764008,0.9508169889450073,0.009047798812389374,7.9267377853393555,0.004989371635019779,0.004727744497358799,0.12138128280639648,0.0,1.0,0.0063980091363191605,0.12163423746824265,9.0,1.0,0.0,0.0,0.019483979791402817,-3.725290298461914e-09,nan,0.00038682157173752785,0.0,0.0,0.0,0.0,0.0,0.0,0.0,0.0,0.0,0.0,0.0,0.0,0.0,0.0,0.0,0.0,0.0,0.0,0.0,0.0,0.0,0.08334466069936752,0.0037871620152145624,-0.09042615443468094,0.00043572881259024143,0.01908683404326439,-0.0007123776013031602,-0.012557461857795715,0.0852438285946846,0.003743362845852971,-0.09246376901865005,0.0004316194972489029,0.01946774311363697,-0.0007078413036651909,-0.012808010913431644,0.0852438285946846,0.003743362845852971,-0.09246376901865005,0.0004316194972489029,0.01946774311363697,-0.0007078413036651909,-0.012808010913431644,0.0852438285946846,0.003743362845852971,-0.09246376901865005,0.0004316194972489029,0.01946774311363697,-0.0007078413036651909,-0.012808010913431644,0.0852438285946846,0.003743362845852971,-0.09246376901865005,0.0004316194972489029,0.01946774311363697,-0.0007078413036651909,-0.012808010913431644
2.1030000000000015,0.019831661134958267,0.019831661134958267,nan,nan,nan,nan,0.11882758140563965,0.0,0.12376037240028381,0.18969374895095825,0.0,0.0,0.0,0.0,0.0,0.014999999664723873,64.0,0.19815099239349365,4.331269264221191,0.021073035895824432,7.384697914123535,0.004932790994644165,0.005635575391352177,0.12446315586566925,0.0,1.0,0.006320242304354906,0.14471279084682465,9.0,1.0,0.0,0.0,0.019831646233797073,-1.4901161193847656e-08,nan,0.00037795063690282404,0.0,0.0,0.0,0.0,0.0,0.0,0.0,0.0,0.0,0.0,0.0,0.0,0.0,0.0,0.0,0.0,0.0,0.0,0.0,0.0,0.0,0.08232249319553375,0.003886184189468622,-0.08934305608272552,0.0004334736440796405,0.018924683332443237,-0.0007578806253150105,-0.012448234483599663,0.08418735861778259,0.003814909840002656,-0.09133876115083694,0.000432129338150844,0.0192806925624609,-0.0007313555106520653,-0.012683828361332417,0.08418735861778259,0.003814909840002656,-0.09133876115083694,0.000432129338150844,0.0192806925624609,-0.0007313555106520653,-0.012683828361332417,0.08418735861778259,0.003814909840002656,-0.09133876115083694,0.000432129338150844,0.0192806925624609,-0.0007313555106520653,-0.012683828361332417,0.08418735861778259,0.003814909840002656,-0.09133876115083694,0.000432129338150844,0.0192806925624609,-0.0007313555106520653,-0.012683828361332417
2.16,0.020175300538539886,0.020175300538539886,nan,nan,nan,nan,0.12097842246294022,0.0,0.12585414946079254,0.18999417126178741,0.0,0.0,0.0,0.0,0.007000000216066837,0.006000000052154064,64.0,0.198163703083992,0.5502486824989319,0.00981893390417099,8.112740516662598,0.004875721875578165,0.005553777329623699,0.1265321969985962,0.0,1.0,0.006243124604225159,0.14255620539188385,9.0,1.0,0.0,0.0,0.02017529308795929,-7.450580596923828e-09,nan,0.0003673466853797436,0.0,0.0,0.0,0.0,0.0,0.0,0.0,0.0,0.0,0.0,0.0,0.0,0.0,0.0,0.0,0.0,0.0,0.0,0.0,0.0,0.0,0.08127754926681519,0.003960775677114725,-0.08824136853218079,0.00037454336415976286,0.01875491812825203,-0.0007574505871161819,-0.012343070469796658,0.08313943445682526,0.00387418526224792,-0.09022393077611923,0.00041457448969595134,0.019093772396445274,-0.0007439288892783225,-0.012562218122184277,0.08313943445682526,0.00387418526224792,-0.09022393077611923,0.00041457448969595134,0.019093772396445274,-0.0007439288892783225,-0.012562218122184277,0.08313943445682526,0.00387418526224792,-0.09022393077611923,0.00041457448969595134,0.019093772396445274,-0.0007439288892783225,-0.012562218122184277,0.08313943445682526,0.00387418526224792,-0.09022393077611923,0.00041457448969595134,0.019093772396445274,-0.0007439288892783225,-0.012562218122184277
2.213000000000001,0.02051500976085663,0.02051500976085663,nan,nan,nan,nan,0.12310103327035904,0.0,0.1279304027557373,0.19027915596961975,0.0,0.0,0.0,0.0,0.00800000037997961,0.010999999940395355,64.0,0.1981758177280426,0.5268678069114685,0.009002164006233215,7.304548263549805,0.004829363897442818,0.005522425752133131,0.12862345576286316,0.01540305931121111,1.0,0.006182495970278978,0.14163126051425934,9.0,1.0,0.0,0.0,0.02051500231027603,-7.450580596923828e-09,nan,0.00036079908022657037,0.0,0.0,0.0,0.0,0.0,0.0,0.0,0.0,0.0,0.0,0.0,0.0,0.0,0.0,0.0,0.0,0.0,0.0,0.0,0.0,0.0,0.08073575049638748,0.00393723975867033,-0.08765357732772827,0.0003755131328944117,0.01863069273531437,-0.0007532706367783248,-0.01226136926561594,0.08231847733259201,0.003903185250237584,-0.0893477201461792,0.00039930068305693567,0.018939536064863205,-0.0007483623921871185,-0.012462212704122066,0.08231847733259201,0.003903185250237584,-0.0893477201461792,0.00039930068305693567,0.018939536064863205,-0.0007483623921871185,-0.012462212704122066,0.08231847733259201,0.003903185250237584,-0.0893477201461792,0.00039930068305693567,0.018939536064863205,-0.0007483623921871185,-0.012462212704122066,0.08231847733259201,0.003903185250237584,-0.0893477201461792,0.00039930068305693567,0.018939536064863205,-0.0007483623921871185,-0.012462212704122066
2.271000000000001,0.020683594048023224,0.020683594048023224,nan,nan,nan,nan,0.1241590827703476,0.0,0.1289382129907608,0.19041529297828674,0.0,0.0,0.0,0.0,0.004999999888241291,0.013000000268220901,64.0,0.19818945229053497,1.0812199115753174,0.011650845408439636,8.222012519836426,0.004779126029461622,0.004541999660432339,0.1287010759115219,0.0,1.0,0.006113024894148111,0.11641541123390198,9.0,1.0,0.0,0.0,0.020683586597442627,-7.450580596923828e-09,nan,0.0003529957903083414,0.0,0.0,0.0,0.0,0.0,0.0,0.0,0.0,0.0,0.0,0.0,0.0,0.0,0.0,0.0,0.0,0.0,0.0,0.0,0.0,0.0,0.07979640364646912,0.004098338074982166,-0.08667319267988205,0.00044475283357314765,0.018507270142436028,-0.0007929165149107575,-0.012180805206298828,0.08137258142232895,0.0039678532630205154,-0.08834313601255417,0.00041119768866337836,0.018773803487420082,-0.0007628377643413842,-0.012354345060884953,0.08137258142232895,0.0039678532630205154,-0.08834313601255417,0.00041119768866337836,0.018773803487420082,-0.0007628377643413842,-0.012354345060884953,0.08137258142232895,0.0039678532630205154,-0.08834313601255417,0.00041119768866337836,0.018773803487420082,-0.0007628377643413842,-0.012354345060884953,0.08137258142232895,0.0039678532630205154,-0.08834313601255417,0.00041119768866337836,0.018773803487420082,-0.0007628377643413842,-0.012354345060884953
2.344999999999999,0.021017763763666153,0.021017763763666153,nan,nan,nan,nan,0.1262478083372116,0.0,0.130977600812912,0.19068071246147156,0.0,0.0,0.0,0.0,0.004999999888241291,0.028999999165534973,64.0,0.19819442927837372,0.8618868589401245,0.015750527381896973,8.660726547241211,0.004729794804006815,0.004749417770653963,0.13099722564220428,0.005748123396188021,1.0,0.006045206915587187,0.12163735926151276,9.0,1.0,0.0,0.0,0.021017752587795258,-1.1175870895385742e-08,nan,0.0003462044696789235,0.0,0.0,0.0,0.0,0.0,0.0,0.0,0.0,0.0,0.0,0.0,0.0,0.0,0.0,0.0,0.0,0.0,0.0,0.0,0.0,0.0,0.07932870090007782,0.004176615737378597,-0.08618693053722382,0.000432268570875749,0.018451889976859093,-0.0007994869374670088,-0.012138630263507366,0.08044715225696564,0.0040433695539832115,-0.08736272901296616,0.0004242576251272112,0.018617890775203705,-0.0007778428844176233,-0.012251337990164757,0.08044715225696564,0.0040433695539832115,-0.08736272901296616,0.0004242576251272112,0.018617890775203705,-0.0007778428844176233,-0.012251337990164757,0.08044715225696564,0.0040433695539832115,-0.08736272901296616,0.0004242576251272112,0.018617890775203705,-0.0007778428844176233,-0.012251337990164757,0.08044715225696564,0.0040433695539832115,-0.08736272901296616,0.0004242576251272112,0.018617890775203705,-0.0007778428844176233,-0.012251337990164757
2.4030000000000022,0.021353773772716522,0.021353773772716522,nan,nan,nan,nan,0.12835046648979187,0.0,0.13303053379058838,0.19093193113803864,0.0,0.0,0.0,0.0,0.007000000216066837,0.010999999940395355,64.0,0.19820836186408997,0.6442209482192993,0.014720484614372253,7.274077415466309,0.004680068232119083,0.005052939988672733,0.13340340554714203,0.015016306191682816,1.0,0.005979772657155991,0.12931346893310547,9.0,1.0,0.0,0.0,0.02135375887155533,-1.4901161193847656e-08,nan,0.0003373118524905294,0.0,0.0,0.0,0.0,0.0,0.0,0.0,0.0,0.0,0.0,0.0,0.0,0.0,0.0,0.0,0.0,0.0,0.0,0.0,0.0,0.0,0.07826193422079086,0.004125878680497408,-0.08502883464097977,0.0004329989606048912,0.01820535585284233,-0.000790386984590441,-0.011976566165685654,0.07956039160490036,0.004082574509084225,-0.0864168107509613,0.000428031082265079,0.01845332235097885,-0.0007838909514248371,-0.012141592800617218,0.07956039160490036,0.004082574509084225,-0.0864168107509613,0.000428031082265079,0.01845332235097885,-0.0007838909514248371,-0.012141592800617218,0.07956039160490036,0.004082574509084225,-0.0864168107509613,0.000428031082265079,0.01845332235097885,-0.0007838909514248371,-0.012141592800617218,0.07956039160490036,0.004082574509084225,-0.0864168107509613,0.000428031082265079,0.01845332235097885,-0.0007838909514248371,-0.012141592800617218
2.4750000000000014,0.02152246981859207,0.02152246981859207,nan,nan,nan,nan,0.12940847873687744,0.0,0.1340426504611969,0.19105195999145508,0.0,0.0,0.0,0.0,0.003000000026077032,0.012000000104308128,64.0,0.198220357298851,0.9434437155723572,0.014633871614933014,8.717279434204102,0.004634179174900055,0.004257900640368462,0.13366638123989105,0.0,1.0,0.005918414331972599,0.1090870052576065,9.0,1.0,0.0,0.0,0.021522454917430878,-1.4901161193847656e-08,nan,0.000330662471242249,0.0,0.0,0.0,0.0,0.0,0.0,0.0,0.0,0.0,0.0,0.0,0.0,0.0,0.0,0.0,0.0,0.0,0.0,0.0,0.0,0.0,0.07729432731866837,0.004222568590193987,-0.08401135355234146,0.00041395192965865135,0.018060848116874695,-0.0007942071533761919,-0.011882582679390907,0.07872879505157471,0.004114727955311537,-0.08552950620651245,0.0004262479778844863,0.018298394978046417,-0.0007863965583965182,-0.012039129622280598,0.07872879505157471,0.004114727955311537,-0.08552950620651245,0.0004262479778844863,0.018298394978046417,-0.0007863965583965182,-0.012039129622280598,0.07872879505157471,0.004114727955311537,-0.08552950620651245,0.0004262479778844863,0.018298394978046417,-0.0007863965583965182,-0.012039129622280598,0.07872879505157471,0.004114727955311537,-0.08552950620651245,0.0004262479778844863,0.018298394978046417,-0.0007863965583965182,-0.012039129622280598
2.5390000000000015,0.02202456444501877,0.02202456444501877,nan,nan,nan,nan,0.13254345953464508,0.0,0.13712827861309052,0.19139464199543,0.0,0.0,0.0,0.0,-0.0010000000474974513,0.019999999552965164,64.0,0.19822543859481812,0.8746031522750854,0.015526078641414642,10.114290237426758,0.004584812093526125,0.0052671474404633045,0.1378106027841568,0.008132867515087128,1.0,0.005857020150870085,0.1346622258424759,9.0,1.0,0.0,0.0,0.022024549543857574,-1.4901161193847656e-08,nan,0.0003251990710850805,0.0,0.0,0.0,0.0,0.0,0.0,0.0,0.0,0.0,0.0,0.0,0.0,0.0,0.0,0.0,0.0,0.0,0.0,0.0,0.0,0.0,0.0762258991599083,0.004169458989053965,-0.08285099267959595,0.0004145537386648357,0.017812805250287056,-0.0007848308305256069,-0.01171951461583376,0.0778980404138565,0.004140417091548443,-0.08464212715625763,0.0004218181420583278,0.018141228705644608,-0.0007867338717915118,-0.011935662478208542,0.0778980404138565,0.004140417091548443,-0.08464212715625763,0.0004218181420583278,0.018141228705644608,-0.0007867338717915118,-0.011935662478208542,0.0778980404138565,0.004140417091548443,-0.08464212715625763,0.0004218181420583278,0.018141228705644608,-0.0007867338717915118,-0.011935662478208542,0.0778980404138565,0.004140417091548443,-0.08464212715625763,0.0004218181420583278,0.018141228705644608,-0.0007867338717915118,-0.011935662478208542
2.600999999999999,0.022346235811710358,0.022346235811710358,nan,nan,nan,nan,0.1345587968826294,0.0,0.1390870064496994,0.19159455597400665,0.0,0.0,0.0,0.0,0.004999999888241291,0.009999999776482582,64.0,0.1982455849647522,0.504417359828949,0.010399147868156433,7.136471748352051,0.004528214689344168,0.005171129014343023,0.13972993195056915,0.01604035496711731,1.0,0.005780601873993874,0.13223399221897125,9.0,1.0,0.0,0.0,0.02234623208642006,-3.725290298461914e-09,nan,0.00031532757566310465,0.0,0.0,0.0,0.0,0.0,0.0,0.0,0.0,0.0,0.0,0.0,0.0,0.0,0.0,0.0,0.0,0.0,0.0,0.0,0.0,0.0,0.07532647997140884,0.00428761076182127,-0.08190681785345078,0.00043929379899054766,0.01769023761153221,-0.0008177621639333665,-0.011644382029771805,0.07685520499944687,0.004214094486087561,-0.0835358053445816,0.0004297715495340526,0.017965754494071007,-0.0008020598324947059,-0.011822684668004513,0.07685520499944687,0.004214094486087561,-0.0835358053445816,0.0004297715495340526,0.017965754494071007,-0.0008020598324947059,-0.011822684668004513,0.07685520499944687,0.004214094486087561,-0.0835358053445816,0.0004297715495340526,0.017965754494071007,-0.0008020598324947059,-0.011822684668004513,0.07685520499944687,0.004214094486087561,-0.0835358053445816,0.0004297715495340526,0.017965754494071007,-0.0008020598324947059,-0.011822684668004513
2.6630000000000003,0.022663496434688568,0.022663496434688568,nan,nan,nan,nan,0.1365438550710678,0.0,0.14101533591747284,0.19177599251270294,0.0,0.0,0.0,0.0,0.008999999612569809,0.023000000044703484,64.0,0.19825895130634308,1.4475080966949463,0.02050492912530899,8.527194023132324,0.004471485037356615,0.005126696079969406,0.14167055487632751,0.006877371575683355,1.0,0.005705738440155983,0.1311161369085312,9.0,1.0,0.0,0.0,0.022663481533527374,-1.4901161193847656e-08,nan,0.0003085918724536896,0.0,0.0,0.0,0.0,0.0,0.0,0.0,0.0,0.0,0.0,0.0,0.0,0.0,0.0,0.0,0.0,0.0,0.0,0.0,0.0,0.0,0.07441025972366333,0.004382864572107792,-0.08094783127307892,0.00039435591315850616,0.017569664865732193,-0.0008402633247897029,-0.011557805351912975,0.07583609223365784,0.004268468823283911,-0.08245279639959335,0.0004216916859149933,0.017789704725146294,-0.0008144149323925376,-0.011706195771694183,0.07583609223365784,0.004268468823283911,-0.08245279639959335,0.0004216916859149933,0.017789704725146294,-0.0008144149323925376,-0.011706195771694183,0.07583609223365784,0.004268468823283911,-0.08245279639959335,0.0004216916859149933,0.017789704725146294,-0.0008144149323925376,-0.011706195771694183,0.07583609223365784,0.004268468823283911,-0.08245279639959335,0.0004216916859149933,0.017789704725146294,-0.0008144149323925376,-0.011706195771694183
2.7300000000000004,0.0228206105530262,0.0228206105530262,nan,nan,nan,nan,0.13753116130828857,0.0,0.14195924997329712,0.19186118245124817,0.0,0.0,0.0,0.0,0.010999999940395355,0.009999999776482582,64.0,0.1982656866312027,0.576511025428772,0.009522773325443268,14.008796691894531,0.004428083077073097,0.004239133093506098,0.14177028834819794,0.0,1.0,0.005647803656756878,0.10843657702207565,9.0,1.0,0.0,0.0,0.022820599377155304,-1.1175870895385742e-08,nan,0.0003011174267157912,0.0,0.0,0.0,0.0,0.0,0.0,0.0,0.0,0.0,0.0,0.0,0.0,0.0,0.0,0.0,0.0,0.0,0.0,0.0,0.0,0.0,0.07342430204153061,0.004329437389969826,-0.07987608760595322,0.0003946924989577383,0.01733839139342308,-0.0008305514347739518,-0.011405778117477894,0.07504943013191223,0.004299893509596586,-0.08161506056785583,0.00041121774120256305,0.017649387940764427,-0.000822080357465893,-0.011612510308623314,0.07504943013191223,0.004299893509596586,-0.08161506056785583,0.00041121774120256305,0.017649387940764427,-0.000822080357465893,-0.011612510308623314,0.07504943013191223,0.004299893509596586,-0.08161506056785583,0.00041121774120256305,0.017649387940764427,-0.000822080357465893,-0.011612510308623314,0.07504943013191223,0.004299893509596586,-0.08161506056785583,0.00041121774120256305,0.017649387940764427,-0.000822080357465893,-0.011612510308623314
2.809000000000001,0.023292388767004013,0.023292388767004013,nan,nan,nan,nan,0.1404794603586197,0.0,0.14486292004585266,0.19208380579948425,0.0,0.0,0.0,0.0,0.004000000189989805,0.009999999776482582,64.0,0.19828373193740845,0.4371628165245056,0.008101575076580048,7.2630486488342285,0.004383459687232971,0.005000332836061716,0.14547979831695557,0.0,1.0,0.005593684036284685,0.12805801630020142,9.0,1.0,0.0,0.0,0.023292381316423416,-7.450580596923828e-09,nan,0.0002958807453978807,0.0,0.0,0.0,0.0,0.0,0.0,0.0,0.0,0.0,0.0,0.0,0.0,0.0,0.0,0.0,0.0,0.0,0.0,0.0,0.0,0.0,0.07205566018819809,0.004381434991955757,-0.0784134492278099,0.0004392925766296685,0.01708175800740719,-0.0008403653046116233,-0.011240079067647457,0.07431339472532272,0.004337694030255079,-0.08083174377679825,0.00042022543493658304,0.01751960627734661,-0.0008300550980493426,-0.011527429334819317,0.07431339472532272,0.004337694030255079,-0.08083174377679825,0.00042022543493658304,0.01751960627734661,-0.0008300550980493426,-0.011527429334819317,0.07431339472532272,0.004337694030255079,-0.08083174377679825,0.00042022543493658304,0.01751960627734661,-0.0008300550980493426,-0.011527429334819317,0.07431339472532272,0.004337694030255079,-0.08083174377679825,0.00042022543493658304,0.01751960627734661,-0.0008300550980493426,-0.011527429334819317
3.4250000000000007,0.023959282785654068,0.023959282785654068,nan,nan,nan,nan,0.1439312994480133,0.0,0.1488298922777176,0.1923481822013855,0.0,0.0,0.0,0.0,0.0020000000949949026,0.5740000009536743,64.0,0.19829368591308594,2.8394553661346436,0.009315088391304016,10.378294944763184,0.0042735435999929905,4.052220538142137e-05,0.1445968598127365,0.0008920902037061751,0.05406912416219711,0.005541064776480198,0.0006663111271336675,9.0,1.0,0.0,0.0,0.023959271609783173,-1.1175870895385742e-08,nan,0.00038046567351557314,-0.00524995569139719,-0.016731539741158485,-0.006154707632958889,-0.20366394519805908,-0.013021295890212059,0.21595367789268494,-0.037014443427324295,-0.0053541469387710094,-0.017063595354557037,-0.006276854779571295,-0.20770587027072906,-0.013279718346893787,0.220239520072937,-0.0377490371465683,-0.001178233535028994,-0.003755014855414629,-0.0013812846736982465,-0.04570775479078293,-0.0029223349411040545,0.04846591129899025,-0.00830705277621746,0.0717291459441185,0.004563606344163418,-0.07810240238904953,0.0004744715988636017,0.017118660733103752,-0.0008859226363711059,-0.01125943474471569,0.07455860078334808,0.007793415803462267,-0.07869714498519897,0.0419822596013546,0.02003098651766777,-0.04489798843860626,-0.003879498690366745,0.07338036596775055,0.004038400948047638,-0.08007843047380447,-0.0037254951894283295,0.017108650878071785,0.0035679228603839874,-0.012186551466584206,0.07338036596775055,0.004038400948047638,-0.08007843047380447,-0.0037254951894283295,0.017108650878071785,0.0035679228603839874,-0.012186551466584206,0.07338036596775055,0.004038400948047638,-0.08007843047380447,-0.0037254951894283295,0.017108650878071785,0.0035679228603839874,-0.012186551466584206
3.493000000000002,0.024063747376203537,0.024063747376203537,nan,nan,nan,nan,0.13997820019721985,0.0,0.1465359330177307,0.19233249127864838,0.0,0.0,0.0,0.0,0.0,0.012000000104308128,64.0,0.19830861687660217,2.66096830368042,0.012087635695934296,10.175415992736816,0.0028974926099181175,0.0009717365610413253,0.1446101814508438,0.00621844083070755,0.8002470135688782,0.009032455272972584,0.029739299789071083,9.0,1.0,0.0,0.0,0.02406373620033264,-1.1175870895385742e-08,nan,0.0019516582833603024,-0.00524995569139719,-0.016731539741158485,-0.006154707632958889,-0.20366394519805908,-0.013021295890212059,0.21595367789268494,-0.037014443427324295,-0.007152372971177101,-0.022794516757130623,-0.008384978398680687,-0.27746525406837463,-0.017739800736308098,0.29420843720436096,-0.05042729899287224,-0.006886698305606842,-0.021947817876935005,-0.008073518052697182,-0.2671588361263275,-0.01708085648715496,0.28328007459640503,-0.048554182052612305,0.07014937698841095,0.004624742548912764,-0.07642588764429092,0.0004602793778758496,0.016838839277625084,-0.0008849809528328478,-0.01107857283204794,0.0762612447142601,0.01831326261162758,-0.07316353172063828,0.16934768855571747,0.027884000912308693,-0.17994515597820282,0.019456254318356514,0.06937454640865326,-0.0036345552653074265,-0.08123704791069031,-0.09781114757061005,0.010803144425153732,0.10333491861820221,-0.02909792773425579,0.06937454640865326,-0.0036345552653074265,-0.08123704791069031,-0.09781114757061005,0.010803144425153732,0.10333491861820221,-0.02909792773425579,0.06937454640865326,-0.0036345552653074265,-0.08123704791069031,-0.09781114757061005,0.010803144425153732,0.10333491861820221,-0.02909792773425579
3.596,0.024187680333852768,0.024187680333852768,nan,nan,nan,nan,0.15015320479869843,0.0,0.1498178243637085,0.19190064072608948,0.0,0.0,0.0,0.0,0.0010000000474974513,0.00800000037997961,64.0,0.19827039539813995,2.155748128890991,0.030535273253917694,13.02961254119873,0.0047668274492025375,0.0012906629126518965,0.14634166657924652,0.0,0.9428898692131042,0.017172135412693024,0.08740411698818207,9.0,1.0,0.0,0.0,0.024187661707401276,-1.862645149230957e-08,nan,0.0013244767906144261,-0.0349980890750885,0.02174755558371544,0.0018162260530516505,-0.18495577573776245,0.041661087423563004,0.15855300426483154,-0.16497132182121277,-0.04734453558921814,0.0294195469468832,0.0024569451343268156,-0.25020352005958557,0.05635807663202286,0.2144865244626999,-0.22316905856132507,-0.013834452256560326,0.08336342871189117,-0.00676650321111083,-0.35789477825164795,0.044616200029850006,0.3707055449485779,0.02598121017217636,0.06924477964639664,0.004569581244140863,-0.07544083148241043,0.00045959471026435494,0.016623184084892273,-0.0008748436230234802,-0.010936439037322998,0.07902096956968307,-0.05838221311569214,-0.07604210823774338,0.1343715488910675,-0.020725689828395844,-0.1349492073059082,-0.03640781342983246,0.0651865154504776,0.024981215596199036,-0.08280861377716064,-0.22352322936058044,0.023890510201454163,0.23575633764266968,-0.010426601395010948,0.0651865154504776,0.024981215596199036,-0.08280861377716064,-0.22352322936058044,0.023890510201454163,0.23575633764266968,-0.010426601395010948,0.0651865154504776,0.024981215596199036,-0.08280861377716064,-0.22352322936058044,0.023890510201454163,0.23575633764266968,-0.010426601395010948
3.6640000000000015,0.024271156638860703,0.024271156638860703,nan,nan,nan,nan,0.14657831192016602,0.0,0.1501464545726776,0.19129374623298645,0.0,0.0,0.0,0.0,0.0,0.014000000432133675,64.0,0.19672884047031403,1.9739792346954346,0.01195073127746582,8.539538383483887,0.005627211183309555,0.0011081310221925378,0.14562736451625824,0.0,0.9628943800926208,0.019851079210639,0.16911709308624268,9.0,1.0,0.0,0.0,0.024271149188280106,-7.450580596923828e-09,nan,0.002393139759078622,-0.01318657398223877,0.007810158189386129,-0.0034192807506769896,-0.204362154006958,0.022602315992116928,0.213654562830925,-0.04278312996029854,-0.0038026957772672176,0.0022522646468132734,-0.0009860396385192871,-0.05893320590257645,0.006517972331494093,0.061612918972969055,-0.01233764085918665,-0.015049831941723824,0.0505451038479805,-0.00566318491473794,-0.3127090334892273,0.037373002618551254,0.32501021027565,-0.009580247104167938,0.06899859011173248,0.004617598373442888,-0.07509295642375946,0.0004520439251791686,0.016544360667467117,-0.0008773379377089441,-0.010889969766139984,0.07618028670549393,-0.010398298501968384,-0.07657559216022491,0.050429344177246094,-0.001225106418132782,-0.05058187246322632,-0.0006929226219654083,0.061130452901124954,0.040146805346012115,-0.08223877847194672,-0.2622796893119812,0.03614789620041847,0.2744283378124237,-0.010273169726133347,0.061130452901124954,0.040146805346012115,-0.08223877847194672,-0.2622796893119812,0.03614789620041847,0.2744283378124237,-0.010273169726133347,0.061130452901124954,0.040146805346012115,-0.08223877847194672,-0.2622796893119812,0.03614789620041847,0.2744283378124237,-0.010273169726133347
3.7890000000000015,0.024831127375364304,0.024831127375364304,nan,nan,nan,nan,0.14580614864826202,0.0,0.15151618421077728,0.19201886653900146,0.0,0.0,0.0,0.0,0.003000000026077032,0.020999999716877937,64.0,0.1907285898923874,2.7739367485046387,0.017473474144935608,9.768390655517578,0.005058689974248409,0.0035838244948536158,0.15004131197929382,0.0,0.9643521308898926,0.020373141393065453,0.28871357440948486,9.0,1.0,0.0,0.0,0.024831119924783707,-7.450580596923828e-09,nan,0.003936592489480972,-0.006709188688546419,-0.014844563789665699,-0.0067253923043608665,-0.20320522785186768,-0.012105385772883892,0.2158391922712326,-0.040791284292936325,-0.0009530264069326222,-0.002108639804646373,-0.0009553281124681234,-0.02886488288640976,-0.0017195451073348522,0.0306595116853714,-0.00579431839287281,-0.011909203603863716,0.016122695058584213,-0.006181657314300537,-0.26522737741470337,0.014323176816105843,0.27805420756340027,-0.03069007582962513,0.06862103939056396,0.0046332660131156445,-0.07451437413692474,0.0004510661819949746,0.01644996739923954,-0.000894075317773968,-0.010831382125616074,0.07029632478952408,0.019845888018608093,-0.07529988884925842,-0.004969775676727295,0.023859059438109398,0.004206031560897827,0.007252460345625877,0.05838711932301521,0.035968583077192307,-0.08148154616355896,-0.27019715309143066,0.03818223625421524,0.2822602391242981,-0.023437615483999252,0.05838711932301521,0.035968583077192307,-0.08148154616355896,-0.27019715309143066,0.03818223625421524,0.2822602391242981,-0.023437615483999252,0.05838711932301521,0.035968583077192307,-0.08148154616355896,-0.27019715309143066,0.03818223625421524,0.2822602391242981,-0.023437615483999252
3.849999999999998,0.025755055248737335,0.025755055248737335,nan,nan,nan,nan,0.15565693378448486,0.0,0.157928466796875,0.1934347003698349,0.0,0.0,0.0,0.0,0.0010000000474974513,0.013000000268220901,64.0,0.17907162010669708,2.5815134048461914,0.012870877981185913,8.73740291595459,0.0054909768514335155,0.00646787928417325,0.15890537202358246,0.0,0.9592453241348267,0.01955115981400013,0.3564206659793854,9.0,1.0,0.0,0.0,0.02575504407286644,-1.1175870895385742e-08,nan,0.0036957315169274807,0.00014621933223679662,0.10354500263929367,-0.002320342930033803,-0.17619788646697998,0.04490732029080391,0.18722864985466003,0.10562245547771454,0.0,0.0,-0.0,-0.0,0.0,0.0,0.0,-0.007005874998867512,0.04692523926496506,-0.004764100071042776,-0.22738085687160492,0.02401951141655445,0.2395174354314804,0.019982296973466873,0.0679406002163887,0.004806909244507551,-0.07355618476867676,0.00044459308264777064,0.016803357750177383,-0.0009313907357864082,-0.011112865060567856,0.06591055542230606,-0.010028209537267685,-0.07593826204538345,-0.03093738853931427,0.013337874785065651,0.030804142355918884,-0.03884194791316986,0.058904677629470825,0.03689702972769737,-0.08070236444473267,-0.2583182454109192,0.0373573862016201,0.2703215777873993,-0.018859650939702988,0.058904677629470825,0.03689702972769737,-0.08070236444473267,-0.2583182454109192,0.0373573862016201,0.2703215777873993,-0.018859650939702988,0.058904677629470825,0.03689702972769737,-0.08070236444473267,-0.2583182454109192,0.0373573862016201,0.2703215777873993,-0.018859650939702988
3.9220000000000006,0.026304401457309723,0.026304401457309723,nan,nan,nan,nan,0.15658807754516602,0.0,0.16189433634281158,0.1938665807247162,0.0,0.0,0.0,0.0,0.004999999888241291,0.009999999776482582,64.0,0.17450745403766632,3.3789443969726562,0.0149458646774292,20.482406616210938,0.005456661339849234,0.008074464276432991,0.16451214253902435,0.0,0.9410689473152161,0.017971258610486984,0.4386201500892639,9.0,1.0,0.0,0.0,0.026304390281438828,-1.1175870895385742e-08,nan,0.003118176246061921,-0.03525824844837189,0.02062401920557022,0.0022172739263623953,-0.18361851572990417,0.04494556412100792,0.16093148291110992,-0.16337621212005615,-0.0,0.0,0.0,-0.0,0.0,0.0,-0.0,-0.0215250626206398,0.033408768475055695,-0.0011762992944568396,-0.2048909217119217,0.034773629158735275,0.1991313099861145,-0.07424754649400711,0.06781911849975586,0.005209700204432011,-0.07314459979534149,0.00048813040484674275,0.01783229410648346,-0.0010414216667413712,-0.011881054379045963,0.07667261362075806,0.005811367183923721,-0.07729215174913406,-0.03210987150669098,0.00800773873925209,0.04384632408618927,0.03666336089372635,0.055147551000118256,0.039220135658979416,-0.0784684494137764,-0.23700079321861267,0.042781367897987366,0.24297763407230377,-0.03758418560028076,0.055147551000118256,0.039220135658979416,-0.0784684494137764,-0.23700079321861267,0.042781367897987366,0.24297763407230377,-0.03758418560028076,0.055147551000118256,0.039220135658979416,-0.0784684494137764,-0.23700079321861267,0.042781367897987366,0.24297763407230377,-0.03758418560028076
3.982000000000003,0.026745539158582687,0.026745539158582687,nan,nan,nan,nan,0.15862111747264862,0.0,0.16424956917762756,0.19401854276657104,0.0,0.0,0.0,0.0,0.0020000000949949026,0.007000000216066837,64.0,0.17087674140930176,3.5655312538146973,0.021027401089668274,10.111680030822754,0.00468610180541873,0.007364961318671703,0.16692842543125153,0.0,0.9436159133911133,0.017019541934132576,0.42297661304473877,9.0,1.0,0.0,0.0,0.026745527982711792,-1.1175870895385742e-08,nan,0.0027456870302557945,-0.049879539757966995,0.07287836074829102,-0.02476371079683304,-0.18617862462997437,0.025506673380732536,0.19816523790359497,-0.0836959183216095,-0.0024716816842556,0.0036113427486270666,-0.0012271166779100895,-0.009225713089108467,0.0012639326741918921,0.009819685481488705,-0.004147385247051716,-0.03771849721670151,0.05604788661003113,-0.01417254563421011,-0.20042069256305695,0.030667457729578018,0.20425041019916534,-0.08154670149087906,0.0673382356762886,0.005314116831868887,-0.07246210426092148,0.0004726805491372943,0.018106525763869286,-0.0010806552600115538,-0.012092243880033493,0.0832611545920372,-0.009463515132665634,-0.06663835793733597,-0.020397141575813293,0.015170276165008545,0.020216047763824463,0.019544411450624466,0.04554265737533569,0.046584371477365494,-0.08081090450286865,-0.22081783413887024,0.04583773389458656,0.2244664579629898,-0.06200229004025459,0.04554265737533569,0.046584371477365494,-0.08081090450286865,-0.22081783413887024,0.04583773389458656,0.2244664579629898,-0.06200229004025459,0.04554265737533569,0.046584371477365494,-0.08081090450286865,-0.22081783413887024,0.04583773389458656,0.2244664579629898,-0.06200229004025459
4.035999999999998,0.02709600329399109,0.02709600329399109,nan,nan,nan,nan,0.16416974365711212,0.0,0.16705448925495148,0.19416585564613342,0.0,0.0,0.0,0.0,0.006000000052154064,0.012000000104308128,64.0,0.16920123994350433,2.260209083557129,0.013739801943302155,9.694911003112793,0.00514942267909646,0.006225201301276684,0.16813026368618011,0.013596689328551292,0.9471216201782227,0.016492292284965515,0.39779597520828247,9.0,1.0,0.0,0.0,0.027095995843410492,-7.450580596923828e-09,nan,0.0025908176321536303,0.014520618133246899,0.03608794882893562,0.0006127483211457729,-0.1868252009153366,-0.014505849219858646,0.22630281746387482,0.04646926373243332,0.0,0.0,0.0,-0.0,-0.0,0.0,0.0,-0.013624501414597034,0.04709240794181824,-0.007374239154160023,-0.19529707729816437,0.009820661507546902,0.2157464176416397,-0.022437013685703278,0.0669485330581665,0.0052842446602880955,-0.07204323261976242,0.00047090486623346806,0.01800220087170601,-0.0010746201733127236,-0.012022891081869602,0.059692226350307465,0.002727542072534561,-0.07367758452892303,-0.015762463212013245,0.031180668622255325,0.003541231155395508,-0.03509526327252388,0.046067725867033005,0.0498199500143528,-0.08105182647705078,-0.2110595405101776,0.0410013310611248,0.21928764879703522,-0.05753227695822716,0.046067725867033005,0.0498199500143528,-0.08105182647705078,-0.2110595405101776,0.0410013310611248,0.21928764879703522,-0.05753227695822716,0.046067725867033005,0.0498199500143528,-0.08105182647705078,-0.2110595405101776,0.0410013310611248,0.21928764879703522,-0.05753227695822716
4.089000000000002,0.027405496686697006,0.027405496686697006,nan,nan,nan,nan,0.16732612252235413,0.0,0.17047059535980225,0.19448457658290863,0.0,0.0,0.0,0.0,0.003000000026077032,0.009999999776482582,64.0,0.16586339473724365,1.994057536125183,0.009658746421337128,10.134725570678711,0.006492397282272577,0.005360039416700602,0.16933824121952057,0.01563839614391327,0.9457747340202332,0.016070682555437088,0.37803804874420166,9.0,1.0,0.0,0.0,0.02740548923611641,-7.450580596923828e-09,nan,0.0024440258275717497,-0.03397266939282417,0.014096654020249844,0.007208933588117361,-0.15964587032794952,0.062474701553583145,0.19490161538124084,-0.1456661969423294,-0.0,0.0,0.0,-0.0,0.0,0.0,-0.0,-0.00386240822263062,0.03936886042356491,-0.002396063879132271,-0.19066277146339417,0.005249211564660072,0.22134274244308472,-0.0065255966037511826,0.067005455493927,0.005520068574696779,-0.07189065963029861,0.000526437652297318,0.01855342648923397,-0.0011744423536583781,-0.012423280626535416,0.05783042311668396,0.009678609669208527,-0.07629327476024628,-0.012124866247177124,0.02614648826420307,-0.0014206916093826294,-0.029841380193829536,0.05396801605820656,0.04904747009277344,-0.0786893367767334,-0.2027876377105713,0.031395699828863144,0.2199220508337021,-0.03636697679758072,0.05396801605820656,0.04904747009277344,-0.0786893367767334,-0.2027876377105713,0.031395699828863144,0.2199220508337021,-0.03636697679758072,0.05396801605820656,0.04904747009277344,-0.0786893367767334,-0.2027876377105713,0.031395699828863144,0.2199220508337021,-0.03636697679758072
4.1690000000000005,0.027583230286836624,0.027583230286836624,nan,nan,nan,nan,0.16554827988147736,0.0,0.17132562398910522,0.19465428590774536,0.0,0.0,0.0,0.0,0.0020000000949949026,0.014000000432133675,64.0,0.16411854326725006,2.169217824935913,0.011338852345943451,8.660843849182129,0.006130405701696873,0.004399039316922426,0.16959425806999207,0.0,0.9348058104515076,0.015665186569094658,0.30704739689826965,9.0,1.0,0.0,0.0,0.027583226561546326,-3.725290298461914e-09,nan,0.0023336049634963274,-0.03397266939282417,0.014096654020249844,0.007208933588117361,-0.15964587032794952,0.062474701553583145,0.19490161538124084,-0.1456661969423294,-0.0008100222330540419,0.000336111435899511,0.00017188511264976114,-0.0038064923137426376,0.0014896061038598418,0.004647106863558292,-0.003473169868811965,-0.01866663619875908,0.027094664052128792,0.0023135144729167223,-0.17610397934913635,0.03337768465280533,0.2091405987739563,-0.07489626109600067,0.06644587218761444,0.005475085228681564,-0.07129126787185669,0.0005232412368059158,0.018399203196167946,-0.0011649366933852434,-0.012320784851908684,0.0718269869685173,0.016421301290392876,-0.07756000012159348,-0.016801610589027405,0.0033741071820259094,0.007018163800239563,0.025000404566526413,0.053160350769758224,0.04351596534252167,-0.07524648308753967,-0.19290558993816376,0.03675179183483124,0.21615876257419586,-0.04989585652947426,0.053160350769758224,0.04351596534252167,-0.07524648308753967,-0.19290558993816376,0.03675179183483124,0.21615876257419586,-0.04989585652947426,0.053160350769758224,0.04351596534252167,-0.07524648308753967,-0.19290558993816376,0.03675179183483124,0.21615876257419586,-0.04989585652947426
4.226000000000003,0.028015073388814926,0.028015073388814926,nan,nan,nan,nan,0.1683468520641327,0.0,0.17346902191638947,0.1950177252292633,0.0,0.0,0.0,0.0,0.0,0.012000000104308128,64.0,0.16080930829048157,2.2356715202331543,0.011635012924671173,8.86198902130127,0.005512044299393892,0.005501518025994301,0.1734585016965866,0.0,0.9365372061729431,0.01545402966439724,0.3335955739021301,9.0,1.0,0.0,0.0,0.02801506221294403,-1.1175870895385742e-08,nan,0.0022617874201387167,-0.01838153973221779,0.0953642800450325,0.0061017172411084175,-0.14553581178188324,0.12093774974346161,0.2008725255727768,0.0661374181509018,-0.0,0.0,0.0,-0.0,0.0,0.0,0.0,-0.02349075675010681,0.032258108258247375,0.004329499322921038,-0.16865725815296173,0.054020993411540985,0.2055806815624237,-0.07887478917837143,0.06612689048051834,0.005695747211575508,-0.07076019793748856,0.0005307858227752149,0.018921220675110817,-0.0012287988793104887,-0.012706081382930279,0.07315574586391449,0.007121913135051727,-0.07671532034873962,-0.016456827521324158,-0.007354922592639923,0.0067339688539505005,0.009947873651981354,0.04966499283909798,0.0393800213932991,-0.07238581776618958,-0.1851140856742859,0.04666607081890106,0.2123146504163742,-0.06892691552639008,0.04966499283909798,0.0393800213932991,-0.07238581776618958,-0.1851140856742859,0.04666607081890106,0.2123146504163742,-0.06892691552639008,0.04966499283909798,0.0393800213932991,-0.07238581776618958,-0.1851140856742859,0.04666607081890106,0.2123146504163742,-0.06892691552639008
4.3039999999999985,0.02851315215229988,0.02851315215229988,nan,nan,nan,nan,0.17082715034484863,0.0,0.17673856019973755,0.1951816827058792,0.0,0.0,0.0,0.0,0.004000000189989805,0.023000000044703484,64.0,0.1581360548734665,4.779228210449219,0.013126060366630554,10.057462692260742,0.0056108469143509865,0.005344511941075325,0.17647221684455872,0.01109520997852087,0.9367195963859558,0.01518154889345169,0.2827703356742859,9.0,1.0,0.0,0.0,0.028513144701719284,-7.450580596923828e-09,nan,0.002199954353272915,0.012113925069570541,-0.07696976512670517,0.007032939698547125,-0.19874761998653412,0.017034579068422318,0.20970873534679413,-0.010530802421271801,0.0013010812690481544,-0.008266842924058437,0.0007553642499260604,-0.02134624496102333,0.0018295780755579472,0.022523511201143265,-0.0011310478439554572,-0.009527487680315971,0.0048610735684633255,0.005960003472864628,-0.18274515867233276,0.056571971625089645,0.21518529951572418,-0.02405877597630024,0.0661211684346199,0.005968676880002022,-0.0705656185746193,0.0005688160890713334,0.01960485428571701,-0.001311170170083642,-0.013194321654736996,0.05933520197868347,0.03191216289997101,-0.07480020821094513,0.004230380058288574,0.008568134158849716,-0.004758238792419434,-0.03276084363460541,0.04980771243572235,0.036773234605789185,-0.06884020566940308,-0.1785147786140442,0.06514010578393936,0.21042706072330475,-0.0568196177482605,0.04980771243572235,0.036773234605789185,-0.06884020566940308,-0.1785147786140442,0.06514010578393936,0.21042706072330475,-0.0568196177482605,0.04980771243572235,0.036773234605789185,-0.06884020566940308,-0.1785147786140442,0.06514010578393936,0.21042706072330475,-0.0568196177482605
4.379999999999999,0.029014457017183304,0.029014457017183304,nan,nan,nan,nan,0.17373371124267578,0.0,0.1792265772819519,0.19503353536128998,0.0,0.0,0.0,0.0,0.0,0.032999999821186066,64.0,0.15610486268997192,8.3087158203125,0.015291385352611542,11.22560977935791,0.005031180568039417,0.005771228577941656,0.17996662855148315,0.007525312248617411,0.9445030689239502,0.015246713533997536,0.2831050455570221,9.0,1.0,0.0,0.0,0.02901444584131241,-1.1175870895385742e-08,nan,0.002269112505018711,-0.03989247605204582,0.05826640501618385,-0.014780529774725437,-0.18020778894424438,0.02684781886637211,0.21158960461616516,-0.08263979107141495,-0.003468610579147935,0.005066205281764269,-0.0012851521605625749,-0.01566888578236103,0.002334390766918659,0.018397502601146698,-0.007185446098446846,-0.023915961384773254,0.029992010444402695,-0.003684269730001688,-0.18424631655216217,0.043457817286252975,0.21666771173477173,-0.05190107226371765,0.06491594016551971,0.005861104931682348,-0.06928025186061859,0.000559742096811533,0.019248267635703087,-0.0012875780230388045,-0.01295498013496399,0.07202080637216568,0.003584824502468109,-0.06577250361442566,0.004301920533180237,0.022110115736722946,-0.004968300461769104,-0.00486735999584198,0.048104844987392426,0.033576834946870804,-0.06945677101612091,-0.17994439601898193,0.06556793302297592,0.21169941127300262,-0.05676843225955963,0.048104844987392426,0.033576834946870804,-0.06945677101612091,-0.17994439601898193,0.06556793302297592,0.21169941127300262,-0.05676843225955963,0.048104844987392426,0.033576834946870804,-0.06945677101612091,-0.17994439601898193,0.06556793302297592,0.21169941127300262,-0.05676843225955963
4.422000000000001,0.029455535113811493,0.029455535113811493,nan,nan,nan,nan,0.18061812222003937,0.0,0.18267491459846497,0.1947399228811264,0.0,0.0,0.0,0.0,0.004000000189989805,0.007000000216066837,64.0,0.1545080691576004,5.231581687927246,0.1406325101852417,8.92230224609375,0.005717626307159662,0.0067270677536726,0.1836843639612198,0.0,0.9415729641914368,0.015329012647271156,0.3441826403141022,9.0,1.0,0.0,0.0,0.029455523937940598,-1.1175870895385742e-08,nan,0.0022713057696819305,0.008159257471561432,0.07416380196809769,0.005123388487845659,-0.1732916682958603,0.01713760383427143,0.2285981923341751,0.042732566595077515,0.0,0.0,0.0,-0.0,0.0,0.0,0.0,-0.011095074005424976,0.0485263429582119,-0.0001234955561812967,-0.18232512474060059,0.033269915729761124,0.224584698677063,-0.013814320787787437,0.06344568729400635,0.005859769880771637,-0.06758736819028854,0.0005323642981238663,0.0192269217222929,-0.0013208534801378846,-0.012959585525095463,0.0597069226205349,-0.00957263633608818,-0.06931742280721664,0.001508668065071106,0.028902467340230942,-0.009613871574401855,-0.03634154796600342,0.048611849546432495,0.03895370662212372,-0.06944091618061066,-0.18081645667552948,0.062172383069992065,0.21497082710266113,-0.050155870616436005,0.048611849546432495,0.03895370662212372,-0.06944091618061066,-0.18081645667552948,0.062172383069992065,0.21497082710266113,-0.050155870616436005,0.048611849546432495,0.03895370662212372,-0.06944091618061066,-0.18081645667552948,0.062172383069992065,0.21497082710266113,-0.050155870616436005
4.488000000000003,0.029849451035261154,0.029849451035261154,nan,nan,nan,nan,0.18328429758548737,0.0,0.18672914803028107,0.19453468918800354,0.0,0.0,0.0,0.0,0.00800000037997961,0.017000000923871994,64.0,0.15303567051887512,3.0622828006744385,0.12509432435035706,10.269954681396484,0.0072618816047906876,0.006229966413229704,0.18569722771644592,0.01184050552546978,0.9462376236915588,0.015365002676844597,0.3388431668281555,9.0,1.0,0.0,0.0,0.029849443584680557,-7.450580596923828e-09,nan,0.002228440484032035,-0.037137288600206375,0.03189970925450325,0.012670469470322132,-0.14830897748470306,0.06308547407388687,0.19305498898029327,-0.15555426478385925,-0.0,0.0,0.0,-0.0,0.0,0.0,-0.0,-0.0142305176705122,0.05020292103290558,0.004829004406929016,-0.17206275463104248,0.0384502112865448,0.21852490305900574,-0.041802871972322464,0.06354715675115585,0.0061264643445611,-0.06743239611387253,0.0005586490733548999,0.02001565881073475,-0.0014800445642322302,-0.013516729697585106,0.06521499902009964,-0.001975923776626587,-0.07208994776010513,-0.007234439253807068,0.019460074603557587,7.997453212738037e-05,0.0006438493728637695,0.05098447948694229,0.04822699725627899,-0.06726094335317612,-0.17929719388484955,0.057910285890102386,0.21860487759113312,-0.041159022599458694,0.05098447948694229,0.04822699725627899,-0.06726094335317612,-0.17929719388484955,0.057910285890102386,0.21860487759113312,-0.041159022599458694,0.05098447948694229,0.04822699725627899,-0.06726094335317612,-0.17929719388484955,0.057910285890102386,0.21860487759113312,-0.041159022599458694
4.562999999999999,0.029141567647457123,0.029141567647457123,nan,nan,nan,nan,0.13600187003612518,0.0,0.13656847178936005,0.7931985259056091,0.0,0.0,0.0,0.0,0.004999999888241291,0.024000000208616257,64.0,0.15151634812355042,2.3204879760742188,0.01231953501701355,8.758647918701172,-0.016786858439445496,-0.02027880772948265,0.1330765187740326,-0.025009427219629288,0.9576496481895447,0.014808290638029575,0.33831456303596497,9.0,1.0,0.0,0.0,0.029141563922166824,-3.725290298461914e-09,nan,0.008949504233896732,-0.037137288600206375,0.03189970925450325,0.012670469470322132,-0.14830897748470306,0.06308547407388687,0.19305498898029327,-0.15555426478385925,-0.0,0.0,0.0,-0.0,0.0,0.0,-0.0,-0.026478147134184837,0.04072820767760277,0.009021409787237644,-0.16030743718147278,0.051739126443862915,0.2060924470424652,-0.10247664153575897,-0.00031045626383274794,-1.6862579286680557e-05,0.0004133284091949463,2.5617662686272524e-05,-0.00011722127965185791,-1.516838437964907e-06,0.00016114237951114774,0.053326524794101715,0.0061733536422252655,-0.052355919033288956,-0.01177150011062622,0.004986822605133057,0.008251786231994629,0.038103118538856506,0.026848379522562027,0.04690156131982803,-0.043334510177373886,-0.172078937292099,0.05672594904899597,0.21434423327445984,-0.06437352299690247,0.026848379522562027,0.04690156131982803,-0.043334510177373886,-0.172078937292099,0.05672594904899597,0.21434423327445984,-0.06437352299690247,0.026848379522562027,0.04690156131982803,-0.043334510177373886,-0.172078937292099,0.05672594904899597,0.21434423327445984,-0.06437352299690247
4.623999999999999,0.02793271467089653,0.02793271467089653,nan,nan,nan,nan,0.13622541725635529,0.0,0.1309358924627304,0.7894299030303955,0.0,0.0,0.0,0.0,0.004999999888241291,0.009999999776482582,64.0,0.15021707117557526,2.355534553527832,0.013402663171291351,9.12987995147705,-0.015634972602128983,-0.020292935892939568,0.12627792358398438,-0.06431713700294495,0.9868192672729492,0.014435392804443836,0.3372116684913635,9.0,1.0,0.0,0.0,0.02793271094560623,-3.725290298461914e-09,nan,0.008272857405245304,0.026112522929906845,-0.052572354674339294,0.005140089429914951,-0.19650433957576752,-0.009914481081068516,0.2170034945011139,0.026927663013339043,0.0015769039746373892,-0.0031747815664857626,0.00031040384783409536,-0.01186666265130043,-0.0005987236509099603,0.013104582205414772,0.0016261293785646558,-0.014465664513409138,0.03303815796971321,0.009893370792269707,-0.16579629480838776,0.058227721601724625,0.2125180959701538,-0.04475958272814751,-0.00014052473125047982,-1.1971732192250784e-06,0.0002375732728978619,2.7213658540858887e-05,-6.740746175637469e-05,-4.691950380220078e-06,0.00013257411774247885,0.02334512770175934,0.013760250061750412,-0.03334283083677292,-0.0011731237173080444,0.002375256270170212,-0.00040671229362487793,-0.01840539649128914,0.008879464119672775,0.04679840803146362,-0.023449460044503212,-0.1669694185256958,0.060602977871894836,0.21211138367652893,-0.06316497921943665,0.008879464119672775,0.04679840803146362,-0.023449460044503212,-0.1669694185256958,0.060602977871894836,0.21211138367652893,-0.06316497921943665,0.008879464119672775,0.04679840803146362,-0.023449460044503212,-0.1669694185256958,0.060602977871894836,0.21211138367652893,-0.06316497921943665
4.675000000000001,0.027320493012666702,0.027320493012666702,nan,nan,nan,nan,0.12093652784824371,0.0,0.1256558895111084,0.7875930070877075,0.0,0.0,0.0,0.0,0.0,0.009999999776482582,64.0,0.14923565089702606,2.3437552452087402,0.01425761729478836,8.950996398925781,-0.016896869987249374,-0.016395460814237595,0.12615729868412018,0.0,0.9951099753379822,0.014412473887205124,0.27569687366485596,9.0,1.0,0.0,0.0,0.027320485562086105,-7.450580596923828e-09,nan,0.008510488085448742,-0.04107996076345444,0.06585206091403961,-0.0026522765401750803,-0.16523514688014984,0.05192582309246063,0.21250498294830322,-0.09387007355690002,-0.0033523545134812593,0.005373896565288305,-0.0002164405887015164,-0.013484112918376923,0.004237437155097723,0.017341595143079758,-0.007660322822630405,-0.027631394565105438,0.0495467409491539,0.003990597557276487,-0.1685340404510498,0.05622948706150055,0.21636971831321716,-0.06938184797763824,5.287898602546193e-05,1.78387708729133e-05,3.844939055852592e-05,2.889454844989814e-05,-6.3986663008108735e-06,-8.96090114110848e-06,9.66190273175016e-05,0.023272309452295303,-0.0035433396697044373,-0.01563378795981407,0.0013885647058486938,0.0027541667222976685,-0.0031562745571136475,0.006610065698623657,-0.004359085112810135,0.04600340127944946,-0.011643189936876297,-0.1671454757452011,0.05898365378379822,0.21321344375610352,-0.06277178227901459,-0.004359085112810135,0.04600340127944946,-0.011643189936876297,-0.1671454757452011,0.05898365378379822,0.21321344375610352,-0.06277178227901459,-0.004359085112810135,0.04600340127944946,-0.011643189936876297,-0.1671454757452011,0.05898365378379822,0.21321344375610352,-0.06277178227901459
4.763000000000002,0.02625146135687828,0.02625146135687828,nan,nan,nan,nan,0.12371335178613663,0.0,0.11868494749069214,0.7843326330184937,0.0,0.0,0.0,0.0,0.00800000037997961,0.017999999225139618,64.0,0.14803044497966766,2.776063919067383,0.015461817383766174,18.80465316772461,-0.017124485224485397,-0.015664618462324142,0.1201448142528534,0.0,0.9895969033241272,0.014512657187879086,0.2731761634349823,9.0,1.0,0.0,0.0,0.026251457631587982,-3.725290298461914e-09,nan,0.00865387823432684,0.00740441307425499,0.10925672203302383,0.015087100677192211,-0.14971283078193665,0.044068142771720886,0.22679714858531952,0.04458305984735489,0.0005624208133667707,0.008298869244754314,0.0011459786910563707,-0.011371814645826817,0.0033473067451268435,0.017226947471499443,0.003386418567970395,-0.013666048645973206,0.07992978394031525,0.00849491823464632,-0.16390931606292725,0.05165346339344978,0.22634664177894592,-0.02142013981938362,-0.00040600422653369606,-2.936541204690002e-05,0.0005279077449813485,2.573780875536613e-05,-0.00016307416080962867,2.8216311420692364e-06,0.00020797796605620533,0.001707085408270359,-0.02340417355298996,-0.011707108467817307,-0.002459585666656494,0.00458863377571106,-0.009110972285270691,-0.032102543860673904,-0.011958963237702847,0.05652561038732529,-0.003212190233170986,-0.16636890172958374,0.05624209716916084,0.21723566949367523,-0.053522683680057526,-0.011958963237702847,0.05652561038732529,-0.003212190233170986,-0.16636890172958374,0.05624209716916084,0.21723566949367523,-0.053522683680057526,-0.011958963237702847,0.05652561038732529,-0.003212190233170986,-0.16636890172958374,0.05624209716916084,0.21723566949367523,-0.053522683680057526
4.854000000000003,0.023925166577100754,0.023925166577100754,nan,nan,nan,nan,0.10752031207084656,0.0,0.10522117465734482,0.7786604762077332,0.0,0.0,0.0,0.0,0.006000000052154064,0.013000000268220901,64.0,0.14686651527881622,2.0471577644348145,0.0107521191239357,8.378557205200195,-0.016532808542251587,-0.021080035716295242,0.10067394375801086,-0.04472038894891739,0.9948113560676575,0.0145121980458498,0.3361790180206299,9.0,1.0,0.0,0.0,0.023925162851810455,-3.725290298461914e-09,nan,0.008311787620186806,-0.03889865428209305,0.04940715804696083,0.022108709439635277,-0.13459636270999908,0.06647118180990219,0.19141677021980286,-0.16242553293704987,-0.0,0.0,0.0,-0.0,0.0,0.0,-0.0,-0.023935766890645027,0.06820522248744965,0.01404387503862381,-0.15328021347522736,0.05800008773803711,0.21390539407730103,-0.07841186225414276,-0.0006837021210230887,-5.929586768615991e-05,0.0008272029226645827,2.4309290893143043e-05,-0.00026576872915029526,1.0840942195500247e-05,0.00028562283841893077,0.008822488598525524,-0.006556142121553421,-0.011815015226602554,-0.009848922491073608,-0.0018506869673728943,0.003585636615753174,0.022365961223840714,-0.015113278292119503,0.061649080365896225,0.0022288598120212555,-0.16312913596630096,0.056149400770664215,0.2174910306930542,-0.05604590103030205,-0.015113278292119503,0.061649080365896225,0.0022288598120212555,-0.16312913596630096,0.056149400770664215,0.2174910306930542,-0.05604590103030205,-0.015113278292119503,0.061649080365896225,0.0022288598120212555,-0.16312913596630096,0.056149400770664215,0.2174910306930542,-0.05604590103030205
4.927000000000003,0.02335713803768158,0.02335713803768158,nan,nan,nan,nan,0.10738149285316467,0.0,0.10336480289697647,0.7768590450286865,0.0,0.0,0.0,0.0,0.00800000037997961,0.014999999664723873,64.0,0.14540547132492065,5.429922580718994,0.042339786887168884,12.856531143188477,-0.01498628593981266,-0.015750862658023834,0.10260022431612015,0.0,0.9905785322189331,0.014408252201974392,0.24602781236171722,9.0,1.0,0.0,0.0,0.02335713431239128,-3.725290298461914e-09,nan,0.008209549821913242,-0.03099711239337921,0.10946797579526901,0.02921411581337452,-0.10919969528913498,0.15695980191230774,0.19901448488235474,0.005895120557397604,-0.0015044418396428227,0.005313017871230841,0.001417904393747449,-0.005299997050315142,0.007618028670549393,0.009659149684011936,0.000286119116935879,-0.029945751652121544,0.0798521339893341,0.021318696439266205,-0.1360461711883545,0.09564606100320816,0.20709730684757233,-0.06748878210783005,-0.00020697129366453737,-9.713399776956066e-06,0.0003292018373031169,2.9594173611258157e-05,-0.00010757072595879436,-1.4150334664009279e-06,0.00018355342035647482,0.00808870978653431,-0.013554602861404419,-0.011025196872651577,-0.01721242070198059,-0.029287241399288177,0.00575430691242218,-0.002243123948574066,-0.021857041865587234,0.06629753112792969,0.010293499566614628,-0.15325859189033508,0.06635881960391998,0.2128516137599945,-0.06973190605640411,-0.021857041865587234,0.06629753112792969,0.010293499566614628,-0.15325859189033508,0.06635881960391998,0.2128516137599945,-0.06973190605640411,-0.021857041865587234,0.06629753112792969,0.010293499566614628,-0.15325859189033508,0.06635881960391998,0.2128516137599945,-0.06973190605640411
4.986999999999998,0.022114776074886322,0.022114776074886322,nan,nan,nan,nan,0.0862305536866188,0.0,0.09234541654586792,0.7736367583274841,0.0,0.0,0.0,0.0,0.004000000189989805,0.014000000432133675,64.0,0.1439743936061859,2.561560869216919,0.011463649570941925,9.161845207214355,-0.017712831497192383,-0.016118407249450684,0.09393984079360962,0.0,0.996533989906311,0.014539539813995361,0.2569364309310913,9.0,1.0,0.0,0.0,0.022114776074886322,0.0,nan,0.008818174712359905,-0.052359241992235184,0.07962921261787415,0.006613447796553373,-0.14627152681350708,0.07530619949102402,0.20057284832000732,-0.11652515083551407,-0.0031657451763749123,0.0048145423643291,0.00039986235788092017,-0.008843870833516121,0.004553164355456829,0.012127038091421127,-0.007045344915241003,-0.04298970475792885,0.08146458119153976,0.013651149347424507,-0.1446572244167328,0.08647859841585159,0.2079913169145584,-0.0960693210363388,-0.00020198425045236945,-9.379920811625198e-06,0.00032903440296649933,3.067802754230797e-05,-0.00011060212273150682,-1.3141315093889716e-06,0.00019131737644784153,0.01296382024884224,-0.008446194231510162,-0.0007125837728381157,-0.0034412145614624023,-0.009820573031902313,0.0023528635501861572,0.01792989671230316,-0.03002588450908661,0.0730183869600296,0.012938565574586391,-0.1480984389781952,0.07665802538394928,0.21034418046474457,-0.07813942432403564,-0.03002588450908661,0.0730183869600296,0.012938565574586391,-0.1480984389781952,0.07665802538394928,0.21034418046474457,-0.07813942432403564,-0.03002588450908661,0.0730183869600296,0.012938565574586391,-0.1480984389781952,0.07665802538394928,0.21034418046474457,-0.07813942432403564
5.067000000000004,0.020819634199142456,0.020819634199142456,nan,nan,nan,nan,0.0894186943769455,0.0,0.08404754847288132,0.7703765034675598,0.0,0.0,0.0,0.0,0.008999999612569809,0.013000000268220901,64.0,0.14285726845264435,2.259650230407715,0.016442500054836273,9.015829086303711,-0.018041417002677917,-0.01549779437482357,0.08659116923809052,0.0,0.9907588362693787,0.01465942058712244,0.26628369092941284,9.0,1.0,0.0,0.0,0.020819630473852158,-3.725290298461914e-09,nan,0.00877433642745018,0.001106319366954267,0.13786332309246063,0.024316638708114624,-0.12106949090957642,0.0650535449385643,0.22505797445774078,0.029330946505069733,9.743074770085514e-05,0.012141273356974125,0.002141504781320691,-0.01066228374838829,0.0057291011326014996,0.019820285961031914,0.0025831020902842283,-0.02503315731883049,0.10949482768774033,0.0182600449770689,-0.13837793469429016,0.07821979373693466,0.2213190644979477,-0.04362746700644493,-0.0008235991699621081,-7.712374645052478e-05,0.0009848442859947681,2.586903065093793e-05,-0.00034402645542286336,1.7877779100672342e-05,0.0003561026824172586,-0.006531096994876862,-0.02516605705022812,-0.0036656204611063004,-0.006511196494102478,0.00020779669284820557,-0.008656024932861328,-0.028963956981897354,-0.03156425431370735,0.08432877063751221,0.0145944245159626,-0.14488913118839264,0.07842759042978287,0.21266303956508636,-0.07259142398834229,-0.03156425431370735,0.08432877063751221,0.0145944245159626,-0.14488913118839264,0.07842759042978287,0.21266303956508636,-0.07259142398834229,-0.03156425431370735,0.08432877063751221,0.0145944245159626,-0.14488913118839264,0.07842759042978287,0.21266303956508636,-0.07259142398834229
5.145999999999997,0.018969297409057617,0.018969297409057617,nan,nan,nan,nan,0.07761166244745255,0.0,0.07448500394821167,0.7647253274917603,0.0,0.0,0.0,0.0,0.003000000026077032,0.01899999938905239,64.0,0.14098194241523743,2.8618462085723877,0.028526410460472107,11.932068824768066,-0.016508180648088455,-0.02038818784058094,0.07060499489307404,-0.03326468542218208,0.9951367974281311,0.014618437737226486,0.3284495174884796,9.0,1.0,0.0,0.0,0.01896929368376732,-3.725290298461914e-09,nan,0.008446801453828812,-0.04117535054683685,0.06262033432722092,0.03074580430984497,-0.11901241540908813,0.06860366463661194,0.19492168724536896,-0.1630125641822815,-0.0,0.0,0.0,-0.0,0.0,0.0,-0.0,-0.03328854218125343,0.08552244305610657,0.02464546635746956,-0.12847407162189484,0.07330194115638733,0.20781901478767395,-0.10468297451734543,-0.0005580537836067379,-4.959489524480887e-05,0.0007105861441232264,2.925505214079749e-05,-0.000257911131484434,1.117734245781321e-05,0.00030346473795361817,0.0017877928912639618,0.0022273361682891846,-0.006144095212221146,-0.010348394513130188,0.003370732069015503,0.004343211650848389,0.025428853929042816,-0.03150074928998947,0.08774977922439575,0.018501371145248413,-0.13882246613502502,0.07667267322540283,0.21216222643852234,-0.07925412058830261,-0.03150074928998947,0.08774977922439575,0.018501371145248413,-0.13882246613502502,0.07667267322540283,0.21216222643852234,-0.07925412058830261,-0.03150074928998947,0.08774977922439575,0.018501371145248413,-0.13882246613502502,0.07667267322540283,0.21216222643852234,-0.07925412058830261
5.221999999999998,0.01759817823767662,0.01759817823767662,nan,nan,nan,nan,0.07101131975650787,0.0,0.06752565503120422,0.7607355713844299,0.0,0.0,0.0,0.0,0.010999999940395355,0.019999999552965164,64.0,0.13967005908489227,2.6905956268310547,0.011621974408626556,9.131183624267578,-0.015054961666464806,-0.017875920981168747,0.06470470130443573,-0.03762040287256241,0.9957562685012817,0.014554916881024837,0.27249425649642944,9.0,1.0,0.0,0.0,0.01759817823767662,0.0,nan,0.008389604277908802,-0.0441393181681633,0.11622287333011627,0.04461190104484558,-0.08035743981599808,0.18189242482185364,0.18049100041389465,-0.0208462905138731,-0.0,0.0,0.0,-0.0,0.0,0.0,-0.0,-0.038719065487384796,0.08334176242351532,0.031153660267591476,-0.11599947512149811,0.09366405755281448,0.1986725926399231,-0.11113797128200531,9.470068471273407e-05,2.3476924980059266e-05,3.6316996556706727e-05,3.66592503269203e-05,-7.2959419412654825e-06,-1.063069976225961e-05,0.000138236689963378,0.004313468933105469,0.00015906989574432373,-0.007511589676141739,-0.014422833919525146,-0.015873320400714874,0.00836692750453949,0.010656990110874176,-0.03440559655427933,0.08350083231925964,0.023642070591449738,-0.13042230904102325,0.07779073715209961,0.20703952014446259,-0.10048098117113113,-0.03440559655427933,0.08350083231925964,0.023642070591449738,-0.13042230904102325,0.07779073715209961,0.20703952014446259,-0.10048098117113113,-0.03440559655427933,0.08350083231925964,0.023642070591449738,-0.13042230904102325,0.07779073715209961,0.20703952014446259,-0.10048098117113113
5.288,0.01637464016675949,0.01637464016675949,nan,nan,nan,nan,0.06908880919218063,0.0,0.06429195404052734,0.7568162679672241,0.0,0.0,0.0,0.0,0.003000000026077032,0.014000000432133675,64.0,0.13745202124118805,2.8645787239074707,0.011178664863109589,11.399846076965332,-0.011337865144014359,-0.017291607335209846,0.0583382174372673,0.0,0.9907056093215942,0.013860045000910759,0.27101758122444153,9.0,1.0,0.0,0.0,0.01637464016675949,0.0,nan,0.007791273295879364,-0.0634438693523407,0.09108566492795944,0.02093411609530449,-0.11939836293458939,0.09679483622312546,0.18709246814250946,-0.1364230066537857,-0.0,0.0,0.0,-0.0,0.0,0.0,-0.0,-0.02198898419737816,0.07611969113349915,0.025196988135576248,-0.11292200535535812,0.08299899846315384,0.1868351846933365,-0.039258137345314026,-0.000271250115474686,-2.1300775188137777e-05,0.00042436871444806457,3.23508502333425e-05,-0.000168265076354146,4.197052021481795e-06,0.00025773182278499007,-0.01000693067908287,0.00746425986289978,0.0019233599305152893,-0.007210679352283478,0.005519531667232513,0.012063264846801758,-0.039902687072753906,-0.03199591487646103,0.08358395099639893,0.027120348066091537,-0.1201326847076416,0.08851853013038635,0.19889844954013824,-0.07916082441806793,-0.03199591487646103,0.08358395099639893,0.027120348066091537,-0.1201326847076416,0.08851853013038635,0.19889844954013824,-0.07916082441806793,-0.03199591487646103,0.08358395099639893,0.027120348066091537,-0.1201326847076416,0.08851853013038635,0.19889844954013824,-0.07916082441806793
5.364999999999998,0.015291844494640827,0.015291844494640827,nan,nan,nan,nan,0.05701718479394913,0.0,0.056657712906599045,0.7535205483436584,0.0,0.0,0.0,0.0,0.004000000189989805,0.020999999716877937,64.0,0.13695494830608368,2.4467687606811523,0.011849217116832733,8.569771766662598,-0.012740378268063068,-0.015272947028279305,0.05412514507770538,0.0,0.9976425170898438,0.013597186654806137,0.20951049029827118,9.0,1.0,0.0,0.0,0.015291842631995678,-1.862645149230957e-09,nan,0.00733792781829834,-0.005388799123466015,0.15677472949028015,0.037025898694992065,-0.09331341832876205,0.08227957785129547,0.22016414999961853,0.008494044654071331,-0.00028292398201301694,0.008231022395193577,0.0019439422758296132,-0.004899162799119949,0.004319861065596342,0.011559109203517437,0.00044595630606636405,-0.0327594019472599,0.09971410036087036,0.02660423517227173,-0.11207626760005951,0.08846097439527512,0.19625625014305115,-0.06243324652314186,-0.0008825899567455053,-9.475294791627675e-05,0.001061311922967434,2.4601491531939246e-05,-0.0004313079989515245,2.8915748771396466e-05,0.00044225231977179646,-0.0007110908627510071,-0.01416805386543274,-0.00017943978309631348,-0.005083553493022919,-0.0004406869411468506,-0.001458778977394104,-0.011030126363039017,-0.03347049281001091,0.08554604649543762,0.026424795389175415,-0.11715982109308243,0.08802028745412827,0.19479747116565704,-0.07346337288618088,-0.03347049281001091,0.08554604649543762,0.026424795389175415,-0.11715982109308243,0.08802028745412827,0.19479747116565704,-0.07346337288618088,-0.03347049281001091,0.08554604649543762,0.026424795389175415,-0.11715982109308243,0.08802028745412827,0.19479747116565704,-0.07346337288618088
5.452000000000002,0.01533124316483736,0.01533124316483736,nan,nan,nan,nan,0.0661725327372551,0.0,0.0606851652264595,0.7533636689186096,0.0,0.0,0.0,0.0,0.0020000000949949026,0.029999999329447746,64.0,0.13625836372375488,2.5430023670196533,0.012228265404701233,9.062806129455566,-0.00923085119575262,-0.0039060404524207115,0.06600997596979141,0.00655787717550993,0.9953447580337524,0.014245828613638878,0.11791472136974335,9.0,1.0,0.0,0.0,0.01533124316483736,0.0,nan,0.007070161402225494,-0.045458849519491196,0.07359351217746735,0.042723964899778366,-0.10107076168060303,0.0751831978559494,0.19457310438156128,-0.1642122119665146,-0.00946057215332985,0.015315757133066654,0.008891407400369644,-0.021034127101302147,0.015646591782569885,0.04049316421151161,-0.03417467325925827,-0.02417796477675438,0.13848714530467987,0.037530794739723206,-0.11466168612241745,0.09440845251083374,0.23290219902992249,-0.04665519669651985,-4.136488314543385e-06,8.839778274705168e-06,0.00015384118887595832,3.520530663081445e-05,-5.9042078646598384e-05,-6.015172402840108e-06,0.00018907074991147965,-0.004644773900508881,-0.03093002736568451,-0.007575409486889839,-0.0003793686628341675,-0.004254139959812164,-0.024914249777793884,-0.010440021753311157,-0.02882273867726326,0.10755711793899536,0.029955385252833366,-0.11504105478525162,0.09015431255102158,0.2079879492521286,-0.05709521844983101,-0.02882273867726326,0.10755711793899536,0.029955385252833366,-0.11504105478525162,0.09015431255102158,0.2079879492521286,-0.05709521844983101,-0.02882273867726326,0.10755711793899536,0.029955385252833366,-0.11504105478525162,0.09015431255102158,0.2079879492521286,-0.05709521844983101
5.5169999999999995,0.015346853993833065,0.015346853993833065,nan,nan,nan,nan,0.057731274515390396,0.0,0.05737150460481644,0.7535003423690796,0.0,0.0,0.0,0.0,0.004999999888241291,0.007000000216066837,64.0,0.13644421100616455,2.0123002529144287,0.010523945093154907,10.017422676086426,-0.008533194661140442,-0.0024694176390767097,0.06343527883291245,0.0,0.9912824630737305,0.01516371313482523,0.20292559266090393,9.0,1.0,0.0,0.0,0.015346850268542767,-3.725290298461914e-09,nan,0.011175627820193768,-0.045458849519491196,0.07359351217746735,0.042723964899778366,-0.10107076168060303,0.0751831978559494,0.19457310438156128,-0.1642122119665146,-0.012411973439157009,0.02009379304945469,0.011665248312056065,-0.027596116065979004,0.020527837797999382,0.053125765174627304,-0.044836100190877914,-0.04079679772257805,0.11503200978040695,0.04564373567700386,-0.120737224817276,0.09430712461471558,0.23843173682689667,-0.1273108422756195,-0.0003412092919461429,-3.260778612457216e-05,0.0005004400154575706,3.049469341931399e-05,-0.00021127992658875883,9.003803825180512e-06,0.00029294739942997694,0.008625481277704239,-0.0016259923577308655,-0.009670887142419815,0.004043608903884888,-0.0024729520082473755,-0.017991766333580017,0.04895106703042984,-0.03217131644487381,0.11340601742267609,0.035972848534584045,-0.11669361591339111,0.0918341726064682,0.22043997049331665,-0.07835977524518967,-0.03217131644487381,0.11340601742267609,0.035972848534584045,-0.11669361591339111,0.0918341726064682,0.22043997049331665,-0.07835977524518967,-0.03217131644487381,0.11340601742267609,0.035972848534584045,-0.11669361591339111,0.0918341726064682,0.22043997049331665,-0.07835977524518967
5.605,0.014735274948179722,0.014735274948179722,nan,nan,nan,nan,0.053847651928663254,0.0,0.051846347749233246,0.7516829371452332,0.0,0.0,0.0,0.0,0.004000000189989805,0.020999999716877937,64.0,0.1359691172838211,3.7836358547210693,0.02001877874135971,10.617497444152832,-0.00899442657828331,-0.006683625280857086,0.05415714904665947,-0.016703758388757706,0.991249680519104,0.0163378044962883,0.2389005869626999,9.0,1.0,0.0,0.0,0.014735271222889423,-3.725290298461914e-09,nan,0.012462622486054897,-0.054351162165403366,0.1220119297504425,0.06031162664294243,-0.05427761748433113,0.19565391540527344,0.16253358125686646,-0.029628872871398926,-0.01729879155755043,0.03883373737335205,0.019195877015590668,-0.017275381833314896,0.06227238103747368,0.05173090100288391,-0.00943022407591343,-0.056223221123218536,0.12712892889976501,0.06015322357416153,-0.10656534135341644,0.15320494771003723,0.2345784306526184,-0.11740237474441528,0.00011314121366012841,2.243289418402128e-05,3.316182846901938e-05,3.615169407567009e-05,-1.0528038728807587e-05,-1.0259291229886003e-05,0.00015624549996573478,0.014265399426221848,-0.011723145842552185,-0.014709215611219406,-0.009738713502883911,-0.04605354368686676,-0.004610836505889893,0.009091652929782867,-0.04195782169699669,0.11540578305721283,0.04544400796294212,-0.11630405485630035,0.10715140402317047,0.22996759414672852,-0.10831072181463242,-0.04195782169699669,0.11540578305721283,0.04544400796294212,-0.11630405485630035,0.10715140402317047,0.22996759414672852,-0.10831072181463242,-0.04195782169699669,0.11540578305721283,0.04544400796294212,-0.11630405485630035,0.10715140402317047,0.22996759414672852,-0.10831072181463242
5.680000000000003,0.01404233556240797,0.01404233556240797,nan,nan,nan,nan,0.04864715039730072,0.0,0.04918106272816658,0.7488160133361816,0.0,0.0,0.0,0.0,0.0010000000474974513,0.013000000268220901,64.0,0.13523322343826294,2.409454345703125,0.01374911516904831,20.519330978393555,-0.009226295165717602,-0.009685761295258999,0.04872159659862518,0.0,0.9989540576934814,0.01640382967889309,0.2564196288585663,9.0,1.0,0.0,0.0,0.014042333699762821,-1.862645149230957e-09,nan,0.010636839084327221,-0.054302114993333817,0.1071460023522377,0.04223879799246788,-0.09646136313676834,0.10002578049898148,0.19470542669296265,-0.12871187925338745,-0.0,0.0,0.0,-0.0,0.0,0.0,-0.0,-0.049083780497312546,0.12179028242826462,0.05042605102062225,-0.10222185403108597,0.1202293336391449,0.2197795808315277,-0.11055608093738556,-0.0013540516374632716,-0.0001596693618921563,0.0015446897596120834,1.4258136616263073e-05,-0.0006919834413565695,5.9170630265725777e-05,0.0006270972080528736,0.004483062773942947,-0.0025283843278884888,-0.001830410212278366,-0.009110309183597565,-0.00621853768825531,0.008605942130088806,0.003286324441432953,-0.0446007177233696,0.11926189810037613,0.04859564080834389,-0.11133216321468353,0.11401079595088959,0.22838552296161652,-0.1072697564959526,-0.0446007177233696,0.11926189810037613,0.04859564080834389,-0.11133216321468353,0.11401079595088959,0.22838552296161652,-0.1072697564959526,-0.0446007177233696,0.11926189810037613,0.04859564080834389,-0.11133216321468353,0.11401079595088959,0.22838552296161652,-0.1072697564959526
5.742000000000001,0.013146587647497654,0.013146587647497654,nan,nan,nan,nan,0.04831146076321602,0.0,0.04366762936115265,0.7458146214485168,0.0,0.0,0.0,0.0,0.004000000189989805,0.010999999940395355,64.0,0.13386204838752747,2.0056087970733643,0.00973232090473175,8.914379119873047,-0.009601340629160404,-0.011013029143214226,0.042255938053131104,0.0,0.9889922142028809,0.01599022187292576,0.2826463282108307,9.0,1.0,0.0,0.0,0.013146587647497654,0.0,nan,0.010251836851239204,-0.003742252243682742,0.21471130847930908,0.04757487773895264,-0.011097467504441738,0.09345915168523788,0.17555487155914307,0.044095344841480255,-2.228737503173761e-05,0.0012787356972694397,0.00028333719819784164,-6.609213596675545e-05,0.0005566057516261935,0.0010455354349687696,0.00026261445600539446,-0.03716570883989334,0.14570759236812592,0.04827237129211426,-0.07552783936262131,0.10932548344135284,0.2031838595867157,-0.06992514431476593,-0.0009966115467250347,-0.00012115289428038523,0.0011764299124479294,1.8121172615792602e-05,-0.0005617461865767837,4.745375190395862e-05,0.0005430931923910975,-0.007311593741178513,-0.021566137671470642,0.0005586110055446625,-0.027023814618587494,0.004117466509342194,0.017777487635612488,-0.03151722997426987,-0.044477302581071854,0.12414145469665527,0.04883098229765892,-0.1025516539812088,0.11344294995069504,0.22096134722232819,-0.1014423742890358,-0.044477302581071854,0.12414145469665527,0.04883098229765892,-0.1025516539812088,0.11344294995069504,0.22096134722232819,-0.1014423742890358,-0.044477302581071854,0.12414145469665527,0.04883098229765892,-0.1025516539812088,0.11344294995069504,0.22096134722232819,-0.1014423742890358
5.815999999999999,0.012032012455165386,0.012032012455165386,nan,nan,nan,nan,0.0464496873319149,0.0,0.04185713827610016,0.7419351935386658,0.0,0.0,0.0,0.0,0.0020000000949949026,0.028999999165534973,64.0,0.13301019370555878,2.324472188949585,0.01167692244052887,9.504083633422852,-0.005562329664826393,-0.012808077037334442,0.03461139276623726,-0.01098119281232357,0.9931500554084778,0.015016432851552963,0.29686006903648376,9.0,1.0,0.0,0.0,0.012032010592520237,-1.862645149230957e-09,nan,0.00923223327845335,-0.06030859798192978,0.10956119745969772,0.06144583225250244,-0.06711160391569138,0.0883062332868576,0.1605689525604248,-0.1802755743265152,-0.0,0.0,0.0,-0.0,0.0,0.0,-0.0,-0.03290089964866638,0.15932108461856842,0.051925670355558395,-0.05322791635990143,0.09949211776256561,0.18455937504768372,-0.06329252570867538,-0.0003588857944123447,-4.2585026676533744e-05,0.0005265221698209643,2.8374444809742272e-05,-0.00026607298059388995,1.6534289898118004e-05,0.0003454764955677092,-0.004250217229127884,-0.014624536037445068,-0.002116590738296509,-0.02486477792263031,0.008227348327636719,0.021104946732521057,-0.010187394917011261,-0.037151116877794266,0.14469654858112335,0.04980907961726189,-0.07809269428253174,0.10771946609020233,0.20566432178020477,-0.07347992062568665,-0.037151116877794266,0.14469654858112335,0.04980907961726189,-0.07809269428253174,0.10771946609020233,0.20566432178020477,-0.07347992062568665,-0.037151116877794266,0.14469654858112335,0.04980907961726189,-0.07809269428253174,0.10771946609020233,0.20566432178020477,-0.07347992062568665
5.876000000000001,0.01188445184379816,0.01188445184379816,nan,nan,nan,nan,0.04258355870842934,0.0,0.04247515648603439,0.7409228086471558,0.0,0.0,0.0,0.0,0.008999999612569809,0.014000000432133675,64.0,0.13264261186122894,7.982851028442383,0.018524937331676483,15.033849716186523,-0.0047972071915864944,-0.00907315593212843,0.03819920867681503,0.0,0.9891631603240967,0.014589284546673298,0.1746850311756134,9.0,1.0,0.0,0.0,0.011884449981153011,-1.862645149230957e-09,nan,0.008482386358082294,-0.06030859798192978,0.10956119745969772,0.06144583225250244,-0.06711160391569138,0.0883062332868576,0.1605689525604248,-0.1802755743265152,-0.0,0.0,0.0,-0.0,0.0,0.0,-0.0,-0.04607164114713669,0.13540901243686676,0.056500568985939026,-0.0598997101187706,0.09411674737930298,0.1730308085680008,-0.11950859427452087,-0.0008407376008108258,-0.00010579720401437953,0.0010176937794312835,2.0288121959310956e-05,-0.0005181280430406332,4.426646773936227e-05,0.0005199835286475718,0.006476365029811859,0.008229359984397888,-0.004083257168531418,-0.009888604283332825,0.008424632251262665,0.020535767078399658,0.03384760022163391,-0.03959527611732483,0.14363837242126465,0.05241731181740761,-0.06978831440210342,0.10254137963056564,0.19356657564640045,-0.08566099405288696,-0.03959527611732483,0.14363837242126465,0.05241731181740761,-0.06978831440210342,0.10254137963056564,0.19356657564640045,-0.08566099405288696,-0.03959527611732483,0.14363837242126465,0.05241731181740761,-0.06978831440210342,0.10254137963056564,0.19356657564640045,-0.08566099405288696
5.959,0.012042154558002949,0.012042154558002949,nan,nan,nan,nan,0.05111377313733101,0.0,0.04511481523513794,0.7419618368148804,0.0,0.0,0.0,0.0,0.0010000000474974513,0.02800000086426735,64.0,0.13258028030395508,2.544611692428589,0.013971701264381409,15.242172241210938,-0.0032917922362685204,-0.0028516906313598156,0.04555491730570793,0.0,0.9449867010116577,0.013608809560537338,0.14073601365089417,9.0,1.0,0.0,0.0,0.0120421526953578,-1.862645149230957e-09,nan,0.008307804353535175,0.09778635948896408,-0.02134273201227188,-0.04283272475004196,-0.09696891158819199,-0.11335988342761993,0.12739403545856476,0.19916073977947235,0.03445620834827423,-0.007520370185375214,-0.015092629939317703,-0.034168168902397156,-0.03994372859597206,0.04488883167505264,0.07017669826745987,-0.005035124719142914,0.09026414901018143,0.031492725014686584,-0.07708059251308441,0.051019977778196335,0.1771892011165619,-0.01068667322397232,-0.00010697497054934502,-1.075463842425961e-05,0.00027186996885575354,3.31590163114015e-05,-0.00013986037811264396,1.9691774468810763e-06,0.0002611393865663558,-0.030038733035326004,0.038551442325115204,0.01850876957178116,0.008281007409095764,0.04161641374230385,0.008014783263206482,-0.06767784804105759,-0.03507385775446892,0.12881559133529663,0.05000149458646774,-0.06879958510398865,0.09263639152050018,0.18520398437976837,-0.07836452126502991,-0.03507385775446892,0.12881559133529663,0.05000149458646774,-0.06879958510398865,0.09263639152050018,0.18520398437976837,-0.07836452126502991,-0.03507385775446892,0.12881559133529663,0.05000149458646774,-0.06879958510398865,0.09263639152050018,0.18520398437976837,-0.07836452126502991
6.028000000000002,0.012017359025776386,0.012017359025776386,nan,nan,nan,nan,0.04906737059354782,0.0,0.04939889907836914,0.7429145574569702,0.0,0.0,0.0,0.0,0.003000000026077032,0.013000000268220901,64.0,0.13259093463420868,4.129622936248779,0.014617107808589935,9.965744018554688,-0.0012604454532265663,-0.0026880018413066864,0.047971341758966446,-0.006440166849642992,0.9558922648429871,0.0119903814047575,0.24239517748355865,9.0,1.0,0.0,0.0,0.012017357163131237,-1.862645149230957e-09,nan,0.005876281764358282,-0.07779860496520996,0.09834439307451248,0.047236356884241104,-0.09133635461330414,0.12054655700922012,0.16605113446712494,-0.14696156978607178,-0.0,0.0,0.0,-0.0,0.0,0.0,-0.0,0.002638593316078186,0.07071155309677124,0.018520385026931763,-0.09402891993522644,0.030068419873714447,0.17783164978027344,0.008304258808493614,-0.0003918943402823061,-4.9125312216347083e-05,0.0005594762042164803,2.7217804017709568e-05,-0.00029779886244796216,2.0541316189337522e-05,0.0003690806042868644,-0.018258780241012573,0.03449693322181702,0.018041599541902542,0.015909627079963684,0.033128462731838226,0.00524236261844635,-0.04360324889421463,-0.015620185993611813,0.10520848631858826,0.036561984568834305,-0.07811929285526276,0.06319688260555267,0.1830740123987198,-0.035298991948366165,-0.015620185993611813,0.10520848631858826,0.036561984568834305,-0.07811929285526276,0.06319688260555267,0.1830740123987198,-0.035298991948366165,-0.015620185993611813,0.10520848631858826,0.036561984568834305,-0.07811929285526276,0.06319688260555267,0.1830740123987198,-0.035298991948366165
6.116000000000003,0.011582599021494389,0.011582599021494389,nan,nan,nan,nan,0.0423787385225296,0.0,0.04323272407054901,0.741232693195343,0.0,0.0,0.0,0.0,0.003000000026077032,0.012000000104308128,64.0,0.1322985291481018,2.4602646827697754,0.011724419891834259,15.39858627319336,-0.004698439501225948,-0.00538336206227541,0.0425478033721447,-0.029407598078250885,0.9995145797729492,0.01183406263589859,0.2579711377620697,9.0,1.0,0.0,0.0,0.011582593433558941,-5.587935447692871e-09,nan,0.005929263774305582,-0.0026073239278048277,0.17033056914806366,0.049987565726041794,-0.066009521484375,0.08237165212631226,0.21738074719905853,0.009230888448655605,-0.0,0.0,0.0,-0.0,0.0,0.0,0.0,-0.020004665479063988,0.10542534291744232,0.03475317731499672,-0.08560381829738617,0.06831572204828262,0.18561728298664093,-0.03235994279384613,0.00012140760372858495,1.90119280887302e-05,4.0271082980325446e-05,3.642595402197912e-05,-2.1904794266447425e-05,-1.0726129403337836e-05,0.00018049975915346295,0.0013463739305734634,-0.007676377892494202,-0.000701073557138443,0.0018104016780853271,-0.005943112075328827,-0.004602327942848206,-0.003366675227880478,-0.018658291548490524,0.09774896502494812,0.034052103757858276,-0.08379341661930084,0.062372609972953796,0.18101495504379272,-0.03572661802172661,-0.018658291548490524,0.09774896502494812,0.034052103757858276,-0.08379341661930084,0.062372609972953796,0.18101495504379272,-0.03572661802172661,-0.018658291548490524,0.09774896502494812,0.034052103757858276,-0.08379341661930084,0.062372609972953796,0.18101495504379272,-0.03572661802172661
6.190000000000001,0.011019147001206875,0.011019147001206875,nan,nan,nan,nan,0.03830539435148239,0.0,0.03846602514386177,0.7380800843238831,0.0,0.0,0.0,0.0,0.0020000000949949026,0.014000000432133675,64.0,0.13189440965652466,3.0930023193359375,0.0330628827214241,9.870492935180664,-0.005162845365703106,-0.004941174760460854,0.03868769854307175,-0.0059560732915997505,0.9854170680046082,0.012234039604663849,0.26685595512390137,9.0,1.0,0.0,0.0,0.011019145138561726,-1.862645149230957e-09,nan,0.00678879301995039,-0.059730030596256256,0.09156971424818039,0.06773539632558823,-0.06905199587345123,0.08914618194103241,0.17634184658527374,-0.17218467593193054,-0.0,0.0,0.0,-0.0,0.0,0.0,-0.0,-0.03698262572288513,0.10307344049215317,0.050649888813495636,-0.07690123468637466,0.07862459123134613,0.18333381414413452,-0.09331055730581284,0.00012924829206895083,1.874459303508047e-05,3.733717312570661e-05,3.5925153497373685e-05,-2.098952973028645e-05,-1.1099402399850078e-05,0.00018497637938708067,0.012722235172986984,-0.0015419870615005493,-0.010972440242767334,-0.0048080384731292725,-0.010572187602519989,-0.00038108229637145996,0.04214807599782944,-0.024260390549898148,0.10153145343065262,0.0396774485707283,-0.08170927315950394,0.06805240362882614,0.18295273184776306,-0.0511624813079834,-0.024260390549898148,0.10153145343065262,0.0396774485707283,-0.08170927315950394,0.06805240362882614,0.18295273184776306,-0.0511624813079834,-0.024260390549898148,0.10153145343065262,0.0396774485707283,-0.08170927315950394,0.06805240362882614,0.18295273184776306,-0.0511624813079834
6.279,0.010699178092181683,0.010699178092181683,nan,nan,nan,nan,0.046261660754680634,0.0,0.038401685655117035,0.7365922331809998,0.0,0.0,0.0,0.0,0.00800000037997961,0.026000000536441803,64.0,0.13179050385951996,3.045466661453247,0.010985881090164185,10.514485359191895,-0.0036784475669264793,-0.0038017919287085533,0.03827834129333496,0.0,0.9907000660896301,0.012671477161347866,0.22397980093955994,9.0,1.0,0.0,0.0,0.010699176229536533,-1.862645149230957e-09,nan,0.006374920252710581,0.09049021452665329,0.11011213809251785,0.0015840793494135141,-0.0794796347618103,-0.0584646612405777,0.20839811861515045,0.1285279095172882,0.016460547223687172,0.020029855892062187,0.0002881506225094199,-0.014457675628364086,-0.010634965263307095,0.037908487021923065,0.02337976172566414,-0.010024366900324821,0.10549212992191315,0.0449543334543705,-0.07819996774196625,0.04625077545642853,0.19621458649635315,-0.0621020533144474,-0.0013752294471487403,-0.00019245092698838562,0.0015440053539350629,-1.1501366969923765e-07,-0.0009329831227660179,0.00010020533227361739,0.0008120333659462631,-0.018823562189936638,-0.004110418260097504,0.002149932086467743,-0.00021395832300186157,0.021763622760772705,-0.011220604181289673,-0.014706652611494064,-0.02884792909026146,0.10138171166181564,0.04710426554083824,-0.07841392606496811,0.06801439821720123,0.18499398231506348,-0.07680870592594147,-0.02884792909026146,0.10138171166181564,0.04710426554083824,-0.07841392606496811,0.06801439821720123,0.18499398231506348,-0.07680870592594147,-0.02884792909026146,0.10138171166181564,0.04710426554083824,-0.07841392606496811,0.06801439821720123,0.18499398231506348,-0.07680870592594147
6.361000000000001,0.010123956017196178,0.010123956017196178,nan,nan,nan,nan,0.03102516010403633,0.0,0.03340872749686241,0.7341820597648621,0.0,0.0,0.0,0.0,0.004999999888241291,0.024000000208616257,64.0,0.13132217526435852,3.1030633449554443,0.016403384506702423,9.193065643310547,-0.004064958542585373,-0.006189316511154175,0.03128436952829361,-0.00771305849775672,0.9920400381088257,0.013016629964113235,0.28733086585998535,9.0,1.0,0.0,0.0,0.01012395229190588,-3.725290298461914e-09,nan,0.007446486037224531,-0.07396183162927628,0.14583319425582886,0.07166372984647751,-0.038835905492305756,0.11969345062971115,0.1637222021818161,-0.12444647401571274,-0.0,0.0,0.0,-0.0,0.0,0.0,-0.0,-0.049429915845394135,0.1303548961877823,0.06141570210456848,-0.05393935367465019,0.09151452779769897,0.17618907988071442,-0.10052578896284103,-0.0008257775916717947,-0.00011918065865756944,0.0009913850808516145,1.0259262126055546e-05,-0.0006300581735558808,6.43228559056297e-05,0.0006077169673517346,0.014426227658987045,-0.016574978828430176,-0.008410856127738953,-0.014397043734788895,-0.01696912944316864,0.006709039211273193,0.016186729073524475,-0.03500368818640709,0.11377991735935211,0.05300484597682953,-0.06833639740943909,0.07454539835453033,0.1828981190919876,-0.08433905988931656,-0.03500368818640709,0.11377991735935211,0.05300484597682953,-0.06833639740943909,0.07454539835453033,0.1828981190919876,-0.08433905988931656,-0.03500368818640709,0.11377991735935211,0.05300484597682953,-0.06833639740943909,0.07454539835453033,0.1828981190919876,-0.08433905988931656
6.418000000000003,0.009991045109927654,0.009991045109927654,nan,nan,nan,nan,0.043298058211803436,0.0,0.03453628718852997,0.7334945797920227,0.0,0.0,0.0,0.0,0.006000000052154064,0.019999999552965164,64.0,0.13073796033859253,5.085655689239502,0.02641230821609497,10.099762916564941,-0.0006772521883249283,-0.004569331184029579,0.030644210055470467,0.0,0.9736490845680237,0.013506883755326271,0.2100221812725067,9.0,1.0,0.0,0.0,0.009991041384637356,-3.725290298461914e-09,nan,0.008893126621842384,-0.002220381051301956,0.21202649176120758,0.06631860882043839,0.0008677014266140759,0.0928603783249855,0.17641957104206085,0.02990008145570755,-0.00048770909779705107,0.046571847051382065,0.014566954225301743,0.00019059155602008104,0.02039688266813755,0.038750749081373215,0.006567585282027721,-0.025990959256887436,0.18999001383781433,0.06973395496606827,-0.02642369642853737,0.10039867460727692,0.1919027864933014,-0.032584939152002335,-0.00034345235326327384,-5.211534517002292e-05,0.0005109415506012738,2.1375168216763996e-05,-0.00034170516300946474,2.8821496016462334e-05,0.0004124554106965661,-0.007920924574136734,-0.050821512937545776,-0.010536938905715942,-0.027074772864580154,-0.015992194414138794,-0.007337585091590881,-0.03742796555161476,-0.03391188383102417,0.13916850090026855,0.059197016060352325,-0.05349846929311752,0.08440648019313812,0.1845652014017105,-0.0700129047036171,-0.03391188383102417,0.13916850090026855,0.059197016060352325,-0.05349846929311752,0.08440648019313812,0.1845652014017105,-0.0700129047036171,-0.03391188383102417,0.13916850090026855,0.059197016060352325,-0.05349846929311752,0.08440648019313812,0.1845652014017105,-0.0700129047036171
6.498999999999999,0.009484580717980862,0.009484580717980862,nan,nan,nan,nan,0.04105808585882187,0.0,0.03525805473327637,0.7323862910270691,0.0,0.0,0.0,0.0,0.006000000052154064,0.035999998450279236,64.0,0.13043731451034546,5.929390907287598,0.01383759081363678,13.029372215270996,0.0032813306897878647,-0.004608366638422012,0.02736835554242134,-0.003238208591938019,0.9958814382553101,0.014157420955598354,0.28163206577301025,9.0,1.0,0.0,0.0,0.009484578855335712,-1.862645149230957e-09,nan,0.008992246352136135,-0.06715463846921921,0.1089407280087471,0.08899283409118652,-0.043963056057691574,0.09581036865711212,0.1660085767507553,-0.1644117534160614,-0.0,0.0,0.0,-0.0,0.0,0.0,-0.0,-0.030895767733454704,0.18564876914024353,0.07697100937366486,-0.02464790642261505,0.10224226117134094,0.1909671425819397,-0.04945214092731476,0.0001493786257924512,1.877293652796652e-05,2.568246600276325e-05,3.485155320959166e-05,-1.9827271898975596e-05,-1.1798274499597028e-05,0.00019355413678567857,0.00048059411346912384,-0.023104563355445862,-0.011537767946720123,-0.01624225080013275,-0.010635420680046082,-0.0022915154695510864,-0.004248712211847305,-0.03041517361998558,0.16254420578479767,0.06543324142694473,-0.0408901572227478,0.09160684049129486,0.1886756271123886,-0.053700853139162064,-0.03041517361998558,0.16254420578479767,0.06543324142694473,-0.0408901572227478,0.09160684049129486,0.1886756271123886,-0.053700853139162064,-0.03041517361998558,0.16254420578479767,0.06543324142694473,-0.0408901572227478,0.09160684049129486,0.1886756271123886,-0.053700853139162064
6.587,0.009647523052990437,0.009647523052990437,nan,nan,nan,nan,0.038381945341825485,0.0,0.037601061165332794,0.7325480580329895,0.0,0.0,0.0,0.0,0.004000000189989805,0.014999999664723873,64.0,0.1305301934480667,4.680307388305664,0.016683712601661682,10.735454559326172,0.004013422876596451,-0.0015200944617390633,0.032067544758319855,0.0,0.9919779896736145,0.01433805376291275,0.24608011543750763,9.0,1.0,0.0,0.0,0.009647521190345287,-1.862645149230957e-09,nan,0.00839567743241787,-0.07012840360403061,0.138091579079628,0.09940089285373688,0.002516810316592455,0.19180387258529663,0.13754956424236298,-0.02042652666568756,-0.005363780073821545,0.010561952367424965,0.007602690253406763,0.00019249855540692806,0.014670142903923988,0.010520496405661106,-0.0015623255167156458,-0.053266558796167374,0.1473773866891861,0.08679548650979996,-0.02849426120519638,0.11598068475723267,0.1736421287059784,-0.09371760487556458,0.00014099705731496215,1.802661790861748e-05,3.365816883160733e-05,3.5739209124585614e-05,-2.7434638468548656e-05,-1.1717388588294853e-05,0.0001991472381632775,0.014273695647716522,0.010856807231903076,-0.012201458215713501,-0.007407806813716888,-0.01829986274242401,0.010366380214691162,0.020094655454158783,-0.03899286314845085,0.15823419392108917,0.07459402829408646,-0.03590206801891327,0.09768082201480865,0.18400850892066956,-0.07362294942140579,-0.03899286314845085,0.15823419392108917,0.07459402829408646,-0.03590206801891327,0.09768082201480865,0.18400850892066956,-0.07362294942140579,-0.03899286314845085,0.15823419392108917,0.07459402829408646,-0.03590206801891327,0.09768082201480865,0.18400850892066956,-0.07362294942140579
6.641000000000002,0.01004397589713335,0.01004397589713335,nan,nan,nan,nan,0.030605152249336243,0.0,0.03697223588824272,0.7329392433166504,0.0,0.0,0.0,0.0,0.0020000000949949026,0.014000000432133675,64.0,0.13087967038154602,2.0452001094818115,0.010860152542591095,8.777241706848145,0.0010503148660063744,0.0019886456429958344,0.03791056573390961,0.01014968566596508,0.9919444918632507,0.01441868208348751,0.29218393564224243,9.0,1.0,0.0,0.0,0.010043974034488201,-1.862645149230957e-09,nan,0.008529449813067913,-0.08888863772153854,0.16621248424053192,0.08080992102622986,-0.010443395003676414,0.12393953651189804,0.13898177444934845,-0.11469948291778564,-0.0,0.0,0.0,-0.0,0.0,0.0,-0.0,-0.07050967961549759,0.15649466216564178,0.0838981345295906,-0.019756611436605453,0.11983322352170944,0.15686452388763428,-0.10387404263019562,-0.0004303965251892805,-6.64908584440127e-05,0.0005897639784961939,1.817353222577367e-05,-0.00044289135257713497,4.230286504025571e-05,0.00048391835298389196,0.020277131348848343,-5.3495168685913086e-05,-0.004921548068523407,-0.010420950129628181,-0.013503961265087128,0.01778791844844818,0.018991619348526,-0.050232548266649246,0.15644116699695587,0.0789765864610672,-0.030177561566233635,0.10632926225662231,0.17465244233608246,-0.08488242328166962,-0.050232548266649246,0.15644116699695587,0.0789765864610672,-0.030177561566233635,0.10632926225662231,0.17465244233608246,-0.08488242328166962,-0.050232548266649246,0.15644116699695587,0.0789765864610672,-0.030177561566233635,0.10632926225662231,0.17465244233608246,-0.08488242328166962
6.73,0.010537623427808285,0.010537623427808285,nan,nan,nan,nan,0.03729010000824928,0.0,0.03664486110210419,0.7328818440437317,0.0,0.0,0.0,0.0,0.0010000000474974513,0.013000000268220901,64.0,0.13118189573287964,15.470520973205566,0.03307312726974487,16.91909408569336,-0.002247716300189495,0.004423260688781738,0.043315839022397995,0.019077640026807785,0.996942937374115,0.014577441848814487,0.3082505166530609,9.0,1.0,0.0,0.0,0.010537619702517986,-3.725290298461914e-09,nan,0.00864552054554224,-0.0162738636136055,0.19552406668663025,0.07341201603412628,-0.00577407144010067,0.0985819473862648,0.19064603745937347,0.0043042744509875774,-0.0005118773551657796,0.006150004919618368,0.0023090981412678957,-0.00018161737534683198,0.0031007917132228613,0.005996571388095617,0.00013538644998334348,-0.05784669518470764,0.17541660368442535,0.08154381066560745,-0.013378332369029522,0.11625439673662186,0.16783152520656586,-0.07199893891811371,-0.00038786977529525757,-6.037723142071627e-05,0.0005443276604637504,1.9389255612622947e-05,-0.00042462840792723,4.012355566374026e-05,0.00047015046584419906,-0.0008610151708126068,-0.01392538845539093,-0.00047472119331359863,-0.009891890920698643,-0.0041485801339149475,-0.00010345876216888428,-0.015528589487075806,-0.05870771035552025,0.16149121522903442,0.08106908947229385,-0.023270223289728165,0.11210581660270691,0.16772806644439697,-0.08752752840518951,-0.05870771035552025,0.16149121522903442,0.08106908947229385,-0.023270223289728165,0.11210581660270691,0.16772806644439697,-0.08752752840518951,-0.05870771035552025,0.16149121522903442,0.08106908947229385,-0.023270223289728165,0.11210581660270691,0.16772806644439697,-0.08752752840518951
6.842000000000002,0.010029441677033901,0.010029441677033901,nan,nan,nan,nan,0.035054028034210205,0.0,0.03355439007282257,0.7297952771186829,0.0,0.0,0.0,0.0,0.004000000189989805,0.050999999046325684,64.0,0.13157090544700623,2.260807991027832,0.012278556823730469,9.257025718688965,-0.002486027777194977,-0.00289708748459816,0.03314333036541939,-0.008329639211297035,0.9966571927070618,0.014592187479138374,0.30970752239227295,9.0,1.0,0.0,0.0,0.010029437951743603,-3.725290298461914e-09,nan,0.008398707956075668,-0.0725221261382103,0.10778722912073135,0.09423696249723434,-0.03736709803342819,0.08235780149698257,0.16823160648345947,-0.16661593317985535,-0.0,0.0,0.0,-0.0,0.0,0.0,-0.0,-0.06159573048353195,0.14875389635562897,0.0868789404630661,-0.023220296949148178,0.10113351792097092,0.17050205171108246,-0.10773061960935593,-0.0003486602508928627,-5.552997754421085e-05,0.0005019076634198427,1.991821773117408e-05,-0.00041582054109312594,3.9229969843290746e-05,0.00046397841651923954,0.00268448144197464,0.011813178658485413,-0.003907464444637299,0.001537419855594635,0.00818701833486557,-0.001327216625213623,0.018319539725780487,-0.05891124904155731,0.16056707501411438,0.0829714760184288,-0.021682877093553543,0.10932053625583649,0.16917483508586884,-0.08941107988357544,-0.05891124904155731,0.16056707501411438,0.0829714760184288,-0.021682877093553543,0.10932053625583649,0.16917483508586884,-0.08941107988357544,-0.05891124904155731,0.16056707501411438,0.0829714760184288,-0.021682877093553543,0.10932053625583649,0.16917483508586884,-0.08941107988357544
6.904,0.009684012271463871,0.009684012271463871,nan,nan,nan,nan,0.03453606739640236,0.0,0.032013729214668274,0.7273765206336975,0.0,0.0,0.0,0.0,0.006000000052154064,0.01600000075995922,64.0,0.13080403208732605,5.6861677169799805,0.0165402889251709,15.971095085144043,-0.0019965674728155136,-0.005843311548233032,0.028166987001895905,-0.008160131052136421,0.9965259432792664,0.01449406798928976,0.2716009318828583,9.0,1.0,0.0,0.0,0.009684010408818722,-1.862645149230957e-09,nan,0.008330367505550385,-0.07827456295490265,0.15440531075000763,0.10789568722248077,0.029927143827080727,0.18579953908920288,0.11355696618556976,-0.008850187063217163,-0.0,0.0,0.0,0.0,0.0,0.0,-0.0,-0.06899327039718628,0.1411333531141281,0.09470899403095245,-0.012260437943041325,0.1200714111328125,0.15521018207073212,-0.09538596123456955,-0.00030019748373888433,-4.988751243217848e-05,0.00045424289419315755,2.1399320758064277e-05,-0.0003999410546384752,3.655048931250349e-05,0.000456244102679193,0.006444528698921204,0.010005459189414978,-0.007675230503082275,-0.0091536371037364,-0.012620128691196442,0.011754393577575684,-0.0037074461579322815,-0.06254874169826508,0.1511388123035431,0.08703376352787018,-0.021414075046777725,0.10745128244161606,0.1669645756483078,-0.09909340739250183,-0.06254874169826508,0.1511388123035431,0.08703376352787018,-0.021414075046777725,0.10745128244161606,0.1669645756483078,-0.09909340739250183,-0.06254874169826508,0.1511388123035431,0.08703376352787018,-0.021414075046777725,0.10745128244161606,0.1669645756483078,-0.09909340739250183
6.995000000000001,0.009708802215754986,0.009708802215754986,nan,nan,nan,nan,0.03269670531153679,0.0,0.033363498747348785,0.727291464805603,0.0,0.0,0.0,0.0,0.006000000052154064,0.02500000037252903,64.0,0.13044485449790955,4.056283473968506,0.02035684883594513,10.659418106079102,-0.0010260362178087234,-0.003649388439953327,0.030740145593881607,0.0,0.9934854507446289,0.014214616268873215,0.22913217544555664,9.0,1.0,0.0,0.0,0.009708800353109837,-1.862645149230957e-09,nan,0.008108193054795265,-0.10902513563632965,0.17198368906974792,0.09349343925714493,0.008578683249652386,0.12986266613006592,0.10775719583034515,-0.10604050755500793,-0.0,0.0,0.0,0.0,0.0,0.0,-0.0,-0.06657655537128448,0.15673552453517914,0.08946960419416428,-0.0027317795902490616,0.12694783508777618,0.1416650116443634,-0.05539926141500473,0.0001568610459798947,1.975828672584612e-05,1.7944659703061916e-05,3.978632594225928e-05,-2.259920620417688e-05,-1.6430049072369002e-05,0.000197446730453521,0.0017421171069145203,-0.005149126052856445,0.000889018177986145,-0.009968657977879047,-0.008244238793849945,0.015387892723083496,-0.025584973394870758,-0.06483443826436996,0.1515863984823227,0.09035862237215042,-0.012700437568128109,0.11870359629392624,0.1570529043674469,-0.08098423480987549,-0.06483443826436996,0.1515863984823227,0.09035862237215042,-0.012700437568128109,0.11870359629392624,0.1570529043674469,-0.08098423480987549,-0.06483443826436996,0.1515863984823227,0.09035862237215042,-0.012700437568128109,0.11870359629392624,0.1570529043674469,-0.08098423480987549
7.074999999999999,0.009662059135735035,0.009662059135735035,nan,nan,nan,nan,0.03221002221107483,0.0,0.031258124858140945,0.7282298803329468,0.0,0.0,0.0,0.0,0.0,0.014000000432133675,64.0,0.13046525418758392,2.2323596477508545,0.016718171536922455,8.9554443359375,-0.0028528952971100807,-0.0020605484023690224,0.032050471752882004,0.0,0.9968377351760864,0.014157736673951149,0.24353422224521637,9.0,1.0,0.0,0.0,0.009662057273089886,-1.862645149230957e-09,nan,0.00807110220193863,-0.061682213097810745,0.18643148243427277,0.1081891655921936,0.029618296772241592,0.1100492775440216,0.14517343044281006,-0.07530137151479721,-0.0,0.0,0.0,0.0,0.0,0.0,-0.0,-0.07421297580003738,0.16908012330532074,0.09604933112859726,0.009576022624969482,0.12241645157337189,0.1354425996541977,-0.07236708700656891,-0.0007710327627137303,-0.00012518004223238677,0.00089683459373191,-1.6295656450893148e-06,-0.0008348515839315951,9.881470759864897e-05,0.0007572428439743817,0.0041214898228645325,-0.011685803532600403,-0.004288211464881897,-0.014531193301081657,-0.0009168609976768494,0.01120401918888092,-0.0036515220999717712,-0.07009148597717285,0.15739431977272034,0.09176111966371536,-0.004955170676112175,0.12149959057569504,0.1466466188430786,-0.07601860910654068,-0.07009148597717285,0.15739431977272034,0.09176111966371536,-0.004955170676112175,0.12149959057569504,0.1466466188430786,-0.07601860910654068,-0.07009148597717285,0.15739431977272034,0.09176111966371536,-0.004955170676112175,0.12149959057569504,0.1466466188430786,-0.07601860910654068
7.190000000000001,0.009409674443304539,0.009409674443304539,nan,nan,nan,nan,0.027172746136784554,0.0,0.029053714126348495,0.7291273474693298,0.0,0.0,0.0,0.0,0.006000000052154064,0.02199999988079071,64.0,0.13032326102256775,3.0387415885925293,0.015946105122566223,26.406625747680664,-0.0036358609795570374,-0.0023051518946886063,0.030384423211216927,-0.009186903946101665,0.9846726059913635,0.014067196287214756,0.28054410219192505,9.0,1.0,0.0,0.0,0.009409674443304539,0.0,nan,0.00789270456880331,-0.0996214896440506,0.08336613327264786,0.09926537424325943,-0.028531450778245926,0.07667773962020874,0.14359387755393982,-0.18962940573692322,-0.0,0.0,0.0,-0.0,0.0,0.0,-0.0,-0.08705568313598633,0.12445788085460663,0.09838993847370148,-0.009620294906198978,0.097478486597538,0.14027902483940125,-0.13480274379253387,-0.0008318456821143627,-0.00013573281466960907,0.0009501042659394443,-8.051191798585933e-06,-0.0009148416575044394,0.00011284645734122023,0.0008131772046908736,0.010244742035865784,0.023432061076164246,-0.0030249953269958496,0.0056803422048687935,0.015119321644306183,0.0025584548711776733,0.038925111293792725,-0.07681094110012054,0.14788994193077087,0.09536494314670563,-0.003939952701330185,0.11259780824184418,0.14283747971057892,-0.09587763249874115,-0.07681094110012054,0.14788994193077087,0.09536494314670563,-0.003939952701330185,0.11259780824184418,0.14283747971057892,-0.09587763249874115,-0.07681094110012054,0.14788994193077087,0.09536494314670563,-0.003939952701330185,0.11259780824184418,0.14283747971057892,-0.09587763249874115
7.281000000000002,0.00893514882773161,0.00893514882773161,nan,nan,nan,nan,0.03234196454286575,0.0,0.028400713577866554,0.7287878394126892,0.0,0.0,0.0,0.0,0.00800000037997961,0.01600000075995922,64.0,0.1298864781856537,3.57373046875,0.012684613466262817,10.923369407653809,-0.0023541338741779327,-0.00260928925126791,0.02814555913209915,0.0,0.9118010401725769,0.012737683020532131,0.22324194014072418,9.0,1.0,0.0,0.0,0.008935145102441311,-3.725290298461914e-09,nan,0.006870136130601168,-0.023015543818473816,0.14059853553771973,0.047523126006126404,0.09368280321359634,0.16009458899497986,-0.02807590737938881,0.1795797348022461,-0.0011051574256271124,0.006751242093741894,0.0022819594014436007,0.004498448688536882,0.007687401492148638,-0.001348145306110382,0.008623036555945873,-0.05857284367084503,0.13062085211277008,0.07547030597925186,0.0375576913356781,0.12641605734825134,0.06281742453575134,0.00801200233399868,-0.0011671989923343062,-0.00018896277470048517,0.0012595087755471468,-3.13530836137943e-05,-0.001270948676392436,0.00017165018653031439,0.001062412979081273,-0.014903746545314789,0.007622897624969482,0.014780409634113312,-0.03052736073732376,-0.012941747903823853,0.056078165769577026,-0.08000145107507706,-0.07347659021615982,0.13824374973773956,0.09025071561336517,0.00703033059835434,0.11347430944442749,0.11889559030532837,-0.07198944687843323,-0.07347659021615982,0.13824374973773956,0.09025071561336517,0.00703033059835434,0.11347430944442749,0.11889559030532837,-0.07198944687843323,-0.07347659021615982,0.13824374973773956,0.09025071561336517,0.00703033059835434,0.11347430944442749,0.11889559030532837,-0.07198944687843323
7.354000000000003,0.008623252622783184,0.008623252622783184,nan,nan,nan,nan,0.03199363499879837,0.0,0.029495351016521454,0.7276149392127991,0.0,0.0,0.0,0.0,0.003000000026077032,0.024000000208616257,64.0,0.1293218582868576,3.6510443687438965,0.01714937388896942,12.372429847717285,-0.001876331865787506,-0.0027446160092949867,0.028627067804336548,-0.00245582009665668,0.9718266129493713,0.00984448753297329,0.24706901609897614,9.0,1.0,0.0,0.0,0.008623250760138035,-1.862645149230957e-09,nan,0.004333273973315954,-0.08171043545007706,0.10688889026641846,0.11882301419973373,0.022685818374156952,0.14077112078666687,0.1726178675889969,-0.08747102320194244,-0.0,0.0,0.0,0.0,0.0,0.0,-0.0,-0.035349272191524506,0.09375576674938202,0.04562123864889145,0.032979462295770645,0.07343538105487823,0.05814960598945618,0.0034219082444906235,-0.0005364366224966943,-9.012586087919772e-05,0.0006671783048659563,-1.9129297470499296e-06,-0.0007047798135317862,9.082866745302454e-05,0.0006746071157976985,-0.019143179059028625,0.02577681839466095,0.020990870893001556,-0.014058459550142288,0.01910799741744995,0.026055939495563507,-0.03595299273729324,-0.05449245125055313,0.11953258514404297,0.066612109541893,0.018921002745628357,0.09254337847232819,0.08420554548501968,-0.03253108635544777,-0.05449245125055313,0.11953258514404297,0.066612109541893,0.018921002745628357,0.09254337847232819,0.08420554548501968,-0.03253108635544777,-0.05449245125055313,0.11953258514404297,0.066612109541893,0.018921002745628357,0.09254337847232819,0.08420554548501968,-0.03253108635544777
7.407999999999998,0.008554861880838871,0.008554861880838871,nan,nan,nan,nan,0.03465207666158676,0.0,0.031494878232479095,0.7271550297737122,0.0,0.0,0.0,0.0,0.0010000000474974513,0.008999999612569809,64.0,0.12912695109844208,2.389256000518799,0.014209188520908356,9.02274227142334,0.0005379961803555489,-0.002366749569773674,0.028590133413672447,0.0,0.9890393018722534,0.009762330912053585,0.19875968992710114,9.0,1.0,0.0,0.0,0.008554860018193722,-1.862645149230957e-09,nan,0.00433212798088789,-0.11200717836618423,0.08079159259796143,0.106214240193367,-0.0028766964096575975,0.06615114957094193,0.10510904341936111,-0.21027003228664398,-0.0,0.0,0.0,-0.0,0.0,0.0,-0.0,-0.06079015135765076,0.09745568037033081,0.07967852801084518,0.025426052510738373,0.09839051961898804,0.10657330602407455,-0.05286728963255882,-0.00013270240742713213,-2.6344150683144107e-05,0.00029178024851717055,1.9313762095407583e-05,-0.00032222000299952924,3.4578744816826656e-05,0.0004118065699003637,0.0071055591106414795,0.0130472332239151,-0.011023230850696564,-0.002377152442932129,-0.004783883690834045,-0.01702997088432312,0.02120020240545273,-0.05368459224700928,0.11050291359424591,0.06865529716014862,0.023048900067806244,0.09360663592815399,0.08954333513975143,-0.031667087227106094,-0.05368459224700928,0.11050291359424591,0.06865529716014862,0.023048900067806244,0.09360663592815399,0.08954333513975143,-0.031667087227106094,-0.05368459224700928,0.11050291359424591,0.06865529716014862,0.023048900067806244,0.09360663592815399,0.08954333513975143,-0.031667087227106094
7.483999999999998,0.008499317802488804,0.008499317802488804,nan,nan,nan,nan,0.026090450584888458,0.0,0.02866651490330696,0.7259156703948975,0.0,0.0,0.0,0.0,0.0,0.014999999664723873,64.0,0.1290542185306549,3.3246278762817383,0.014903955161571503,10.39291763305664,-0.00026458315551280975,-0.002248845063149929,0.026682253926992416,0.0,0.9599936008453369,0.010463709011673927,0.18859797716140747,9.0,1.0,0.0,0.0,0.008499312214553356,-5.587935447692871e-09,nan,0.006041747983545065,-0.11200717836618423,0.08079159259796143,0.106214240193367,-0.0028766964096575975,0.06615114957094193,0.10510904341936111,-0.21027003228664398,-0.0,0.0,0.0,-0.0,0.0,0.0,-0.0,-0.08852751553058624,0.0884309858083725,0.09404934197664261,0.01009826734662056,0.08093079179525375,0.10578031837940216,-0.1381111443042755,-0.0007141864043660462,-0.000116711511509493,0.0008280394831672311,-1.3461021808325313e-05,-0.0009040555451065302,0.00012365926522761583,0.000813306076452136,0.02175808697938919,0.012796148657798767,-0.014997385442256927,0.008800702169537544,0.008628763258457184,-0.00845886766910553,0.06745798140764236,-0.06676942855119705,0.10122713446617126,0.07905195653438568,0.018898969516158104,0.08955955505371094,0.09732145071029663,-0.07065316289663315,-0.06676942855119705,0.10122713446617126,0.07905195653438568,0.018898969516158104,0.08955955505371094,0.09732145071029663,-0.07065316289663315,-0.06676942855119705,0.10122713446617126,0.07905195653438568,0.018898969516158104,0.08955955505371094,0.09732145071029663,-0.07065316289663315
7.562000000000001,0.008589598350226879,0.008589598350226879,nan,nan,nan,nan,0.03801499307155609,0.0,0.032843753695487976,0.7244670391082764,0.0,0.0,0.0,0.0,0.006000000052154064,0.01600000075995922,64.0,0.12891702353954315,3.2482919692993164,0.017473474144935608,22.666288375854492,0.0025336798280477524,-0.00024157296866178513,0.030068498104810715,0.0014320247573778033,0.9278045892715454,0.010525048710405827,0.20324812829494476,9.0,1.0,0.0,0.0,0.008589592762291431,-5.587935447692871e-09,nan,0.0052632433362305164,-0.010161305777728558,0.18319883942604065,0.05673260614275932,0.08018368482589722,0.14019663631916046,0.07044699788093567,0.14855653047561646,-0.0,0.0,0.0,0.0,0.0,0.0,0.0,-0.04020286351442337,0.1468697488307953,0.07103791832923889,0.05331655591726303,0.117477186024189,0.08399196714162827,0.03866295516490936,-0.00041572574991732836,-7.05802594893612e-05,0.0005495987134054303,1.6789788332971511e-06,-0.000622859806753695,8.214219997171313e-05,0.0006191389402374625,-0.018807504326105118,-0.02868296205997467,0.007028885185718536,-0.021485596895217896,-0.01795545220375061,0.009040772914886475,-0.07321079075336456,-0.05901036784052849,0.11818678677082062,0.07806680351495743,0.031830959022045135,0.09952173382043839,0.09303274005651474,-0.0345478318631649,-0.05901036784052849,0.11818678677082062,0.07806680351495743,0.031830959022045135,0.09952173382043839,0.09303274005651474,-0.0345478318631649,-0.05901036784052849,0.11818678677082062,0.07806680351495743,0.031830959022045135,0.09952173382043839,0.09303274005651474,-0.0345478318631649
7.648999999999997,0.00869572814553976,0.00869572814553976,nan,nan,nan,nan,0.02020314149558544,0.0,0.0294807106256485,0.7243133783340454,0.0,0.0,0.0,0.0,0.0020000000949949026,0.014999999664723873,64.0,0.12897807359695435,2.337222099304199,0.011467374861240387,14.492448806762695,-0.0002735741436481476,0.00028606969863176346,0.030040353536605835,0.0,0.9768369793891907,0.011090992949903011,0.19885437190532684,9.0,1.0,0.0,0.0,0.008695720694959164,-7.450580596923828e-09,nan,0.006486182566732168,-0.05739104375243187,0.1893095076084137,0.038466498255729675,-0.002083421451970935,0.12045904994010925,0.17900162935256958,0.05321843549609184,-0.0,0.0,0.0,-0.0,0.0,0.0,0.0,-0.039014339447021484,0.17374372482299805,0.04836699739098549,0.0272615235298872,0.1018688976764679,0.13726989924907684,0.04276570677757263,-0.00037610161234624684,-6.422602746170014e-05,0.0005096202366985381,3.0250255349528743e-06,-0.0005985694006085396,7.887411629781127e-05,0.0006019508000463247,-0.007133945822715759,-0.0306624174118042,0.016787078231573105,0.007167128846049309,-0.004425734281539917,-0.029233239591121674,-0.040590763092041016,-0.046148285269737244,0.14308130741119385,0.0651540756225586,0.03442865237593651,0.09744316339492798,0.10803665965795517,0.002174943685531616,-0.046148285269737244,0.14308130741119385,0.0651540756225586,0.03442865237593651,0.09744316339492798,0.10803665965795517,0.002174943685531616,-0.046148285269737244,0.14308130741119385,0.0651540756225586,0.03442865237593651,0.09744316339492798,0.10803665965795517,0.002174943685531616
7.7059999999999995,0.008812217973172665,0.008812217973172665,nan,nan,nan,nan,0.031461939215660095,0.0,0.02919243834912777,0.725146472454071,0.0,0.0,0.0,0.0,0.0,0.014999999664723873,64.0,0.12914787232875824,2.303863763809204,0.013092532753944397,8.759557723999023,-0.0010528303682804108,0.00047279614955186844,0.030718065798282623,0.0,0.9832108616828918,0.01181921549141407,0.19531722366809845,9.0,1.0,0.0,0.0,0.008812214247882366,-3.725290298461914e-09,nan,0.006702428683638573,-0.1034528911113739,0.17020295560359955,0.1232808455824852,0.1262493133544922,0.1255481094121933,0.022525625303387642,-0.0540524385869503,-0.0,0.0,0.0,0.0,0.0,0.0,-0.0,-0.07328394055366516,0.1718606948852539,0.08820755034685135,0.07990504801273346,0.11446193605661392,0.07624679058790207,-0.008723953738808632,-0.00012583102216012776,-2.559368294896558e-05,0.0002786136174108833,1.8373206330579706e-05,-0.00034456554567441344,3.8772253901697695e-05,0.00042606814531609416,0.018623843789100647,-0.015270978212356567,-0.017016954720020294,-0.03071189671754837,-0.01079675555229187,0.024368129670619965,0.012166573666036129,-0.054660096764564514,0.15658971667289734,0.07119059562683105,0.04919315129518509,0.10366518050432205,0.10061492025852203,0.003442619927227497,-0.054660096764564514,0.15658971667289734,0.07119059562683105,0.04919315129518509,0.10366518050432205,0.10061492025852203,0.003442619927227497,-0.054660096764564514,0.15658971667289734,0.07119059562683105,0.04919315129518509,0.10366518050432205,0.10061492025852203,0.003442619927227497
7.802000000000003,0.008673430420458317,0.008673430420458317,nan,nan,nan,nan,0.03457057476043701,0.0,0.03073890320956707,0.7262117266654968,0.0,0.0,0.0,0.0,0.004999999888241291,0.028999999165534973,64.0,0.12896478176116943,3.266324281692505,0.009626150131225586,9.901155471801758,0.0001032799482345581,0.00027801189571619034,0.030913636088371277,0.0,0.9873106479644775,0.011012001894414425,0.17052467167377472,9.0,1.0,0.0,0.0,0.008673426695168018,-3.725290298461914e-09,nan,0.005418024025857449,0.04961557686328888,0.07395296543836594,-0.019284972921013832,0.08794811367988586,0.07546035945415497,-0.10330373793840408,0.23999279737472534,0.0,0.0,-0.0,0.0,0.0,-0.0,0.0,-0.023971932008862495,0.12587970495224,0.04543626680970192,0.047012809664011,0.05095089226961136,0.0829126387834549,0.0010015293955802917,0.00017598546401131898,2.031955955317244e-05,4.0486456782673486e-06,3.9475224184570834e-05,-1.9237269953009672e-05,-1.51685026139603e-05,0.00020185780886095017,-0.024340203031897545,0.022119134664535522,0.020819041877985,0.00028889626264572144,0.027853690087795258,0.022582776844501495,-0.018361728638410568,-0.04831213504076004,0.1479988396167755,0.06625530868768692,0.04730170592665672,0.07880458235740662,0.10549541562795639,-0.017360199242830276,-0.04831213504076004,0.1479988396167755,0.06625530868768692,0.04730170592665672,0.07880458235740662,0.10549541562795639,-0.017360199242830276,-0.04831213504076004,0.1479988396167755,0.06625530868768692,0.04730170592665672,0.07880458235740662,0.10549541562795639,-0.017360199242830276
7.873999999999999,0.008501307107508183,0.008501307107508183,nan,nan,nan,nan,0.03576678782701492,0.0,0.0327938012778759,0.7275795340538025,0.0,0.0,0.0,0.0,0.004999999888241291,0.00800000037997961,64.0,0.12874867022037506,2.0962767601013184,0.0100722536444664,8.765085220336914,0.0014724014326930046,-0.0013993456959724426,0.02992205321788788,0.0,0.4145450294017792,0.009066118858754635,0.19902025163173676,9.0,1.0,0.0,0.0,0.008501303382217884,-3.725290298461914e-09,nan,0.0036222832277417183,0.11256784945726395,-0.00731405895203352,-0.13279224932193756,0.03945280984044075,-0.20589375495910645,-0.12304406613111496,0.023507364094257355,0.07514768838882446,-0.004882696084678173,-0.08864902704954147,0.02633778005838394,-0.13744989037513733,-0.08214136213064194,0.015692971646785736,0.03575389087200165,0.08719287067651749,-0.024816002696752548,0.0587637834250927,-0.031944241374731064,-0.013007711619138718,0.05135468393564224,-0.00016628968296572566,-3.394295345060527e-05,0.0003116248408332467,1.4157256373437122e-05,-0.0004153702175244689,4.8857553338166326e-05,0.0004761293821502477,-0.06489992141723633,0.04628399759531021,0.0718807727098465,-0.008380059152841568,0.09006679803133011,0.09087076783180237,-0.047138065099716187,-0.02914603054523468,0.1334768682718277,0.04706476628780365,0.05038372427225113,0.058122556656599045,0.07786305993795395,0.004216618835926056,-0.02914603054523468,0.1334768682718277,0.04706476628780365,0.05038372427225113,0.058122556656599045,0.07786305993795395,0.004216618835926056,-0.02914603054523468,0.1334768682718277,0.04706476628780365,0.05038372427225113,0.058122556656599045,0.07786305993795395,0.004216618835926056
7.940999999999999,0.008466131053864956,0.008466131053864956,nan,nan,nan,nan,0.026173748075962067,0.0,0.026974093168973923,0.7289481163024902,0.0,0.0,0.0,0.0,0.007000000216066837,0.020999999716877937,64.0,0.12875306606292725,3.7104897499084473,0.016352161765098572,10.627850532531738,0.0014796853065490723,-0.0026792194694280624,0.022815188392996788,-0.001542625017464161,0.4214418828487396,0.00617014616727829,0.21873793005943298,9.0,1.0,0.0,0.0,0.008466125465929508,-5.587935447692871e-09,nan,0.009195209480822086,0.11256784945726395,-0.00731405895203352,-0.13279224932193756,0.03945280984044075,-0.20589375495910645,-0.12304406613111496,0.023507364094257355,0.11609941720962524,-0.0075435214675962925,-0.1369583159685135,0.04069055616855621,-0.21235321462154388,-0.12690430879592896,0.02424485608935356,0.11912223696708679,0.04044013097882271,-0.13117972016334534,0.06663378328084946,-0.19987738132476807,-0.1161748617887497,0.04849802702665329,-0.0004944658721797168,-8.50599753903225e-05,0.0006061609019525349,-1.0759543329186272e-05,-0.0007926560356281698,0.00011139967682538554,0.000736377842258662,-0.09975427389144897,0.06145748868584633,0.12060896307229996,-0.010945223271846771,0.17566581070423126,0.12957152724266052,-0.026332609355449677,0.019367963075637817,0.10189761966466904,-0.01057075709104538,0.055688560009002686,-0.024211570620536804,0.013396665453910828,0.022165417671203613,0.019367963075637817,0.10189761966466904,-0.01057075709104538,0.055688560009002686,-0.024211570620536804,0.013396665453910828,0.022165417671203613,0.019367963075637817,0.10189761966466904,-0.01057075709104538,0.055688560009002686,-0.024211570620536804,0.013396665453910828,0.022165417671203613
8.025000000000002,0.008333134464919567,0.008333134464919567,nan,nan,nan,nan,0.03810124844312668,0.0,0.03297129273414612,0.7282365560531616,0.0,0.0,0.0,0.0,0.012000000104308128,0.02800000086426735,64.0,0.1287076771259308,6.305425643920898,0.018524937331676483,12.985146522521973,0.004645258188247681,-0.0020790928974747658,0.026246942579746246,-0.0020137852989137173,0.9659472703933716,0.011189972050487995,0.08737443387508392,9.0,1.0,0.0,0.0,0.008333132602274418,-1.862645149230957e-09,nan,0.005550142377614975,0.16469259560108185,0.013386276550590992,-0.13755708932876587,-0.00582242151722312,-0.1577727496623993,-0.029274707660079002,0.1341344565153122,0.11359758675098419,0.009233254939317703,-0.09488072246313095,-0.004016045946627855,-0.10882458835840225,-0.020192384719848633,0.09251994639635086,0.2034609615802765,0.028239203616976738,-0.18199221789836884,0.019760029390454292,-0.22753968834877014,-0.07230885326862335,0.1472494900226593,5.1607559726107866e-05,-1.287125883209228e-06,0.00011510656622704118,3.0266619432950392e-05,-0.0001705352624412626,7.037985596980434e-06,0.0003074483829550445,-0.09735594689846039,0.034764379262924194,0.08679912984371185,0.022617800161242485,0.0980137437582016,0.03348369523882866,-0.07163932919502258,0.1061050146818161,0.06300358474254608,-0.09519308805465698,0.04237782955169678,-0.12952594459056854,-0.03882515802979469,0.07561016082763672,0.1061050146818161,0.06300358474254608,-0.09519308805465698,0.04237782955169678,-0.12952594459056854,-0.03882515802979469,0.07561016082763672,0.1061050146818161,0.06300358474254608,-0.09519308805465698,0.04237782955169678,-0.12952594459056854,-0.03882515802979469,0.07561016082763672
8.09,0.008315403945744038,0.008315403945744038,nan,nan,nan,nan,0.02889862284064293,0.0,0.034687068313360214,0.7292101383209229,0.0,0.0,0.0,0.0,0.0010000000474974513,0.014000000432133675,64.0,0.12882845103740692,8.290512084960938,0.020126812160015106,14.84945011138916,0.005751245189458132,-0.0009690304286777973,0.02796679176390171,0.0,0.9618304967880249,0.014096630737185478,0.07087043672800064,9.0,1.0,0.0,0.0,0.008315402083098888,-1.862645149230957e-09,nan,0.004805199336260557,-0.13887420296669006,-0.13939929008483887,0.04290512204170227,-0.016235092654824257,0.05695100501179695,-0.17415490746498108,-0.12491603940725327,-0.0,-0.0,0.0,-0.0,0.0,-0.0,-0.0,0.12656986713409424,-0.02035479247570038,-0.132246196269989,0.0025564052630215883,-0.15857185423374176,-0.09629417210817337,0.09082100540399551,0.00032584083965048194,4.148267908021808e-05,-0.0001285405014641583,5.2653500461019576e-05,0.00015484190953429788,-4.8395595513284206e-05,8.357559272553772e-05,0.014719262719154358,0.05840790271759033,0.0034402012825012207,0.0243894811719656,-0.005296751856803894,0.039536651223897934,0.01254194974899292,0.1412891298532486,0.038053110241889954,-0.1288059949874878,0.02694588713347912,-0.16386860609054565,-0.056757520884275436,0.10336295515298843,0.1412891298532486,0.038053110241889954,-0.1288059949874878,0.02694588713347912,-0.16386860609054565,-0.056757520884275436,0.10336295515298843,0.1412891298532486,0.038053110241889954,-0.1288059949874878,0.02694588713347912,-0.16386860609054565,-0.056757520884275436,0.10336295515298843
8.175999999999998,0.008858787827193737,0.008858787827193737,nan,nan,nan,nan,0.03164958953857422,0.0,0.03274798393249512,0.7321418523788452,0.0,0.0,0.0,0.0,0.004000000189989805,0.019999999552965164,64.0,0.12903240323066711,2.665055990219116,0.01295376569032669,9.222783088684082,0.0010114680044353008,0.004223264288157225,0.03595978021621704,0.0,0.8362279534339905,0.010717442259192467,0.0701085552573204,9.0,1.0,0.0,0.0,0.008858784101903439,-3.725290298461914e-09,nan,0.005327363032847643,0.10747884958982468,-0.021278779953718185,-0.05539107695221901,-0.05677570030093193,-0.027846194803714752,0.2513667345046997,0.0879954919219017,0.022742601111531258,-0.004502604715526104,-0.011720790527760983,-0.01201377809047699,-0.005892274435609579,0.05318937823176384,0.01861990988254547,0.07518278062343597,-0.04483270272612572,-0.07385331392288208,-0.02624179795384407,-0.07102015614509583,0.031429871916770935,0.05374481901526451,0.0004653510404750705,6.375546217896044e-05,-0.0002546088944654912,6.375448720064014e-05,0.00032314591226167977,-7.628402818227187e-05,-3.465039117145352e-05,0.02966465801000595,0.041015613824129105,-0.03121373802423477,0.03310399875044823,-0.05489543080329895,-0.08095520734786987,0.02071569487452507,0.10484743863344193,-0.0038170889019966125,-0.10506705194711685,0.0068622007966041565,-0.12591558694839478,-0.04952533170580864,0.07446051388978958,0.10484743863344193,-0.0038170889019966125,-0.10506705194711685,0.0068622007966041565,-0.12591558694839478,-0.04952533170580864,0.07446051388978958,0.10484743863344193,-0.0038170889019966125,-0.10506705194711685,0.0068622007966041565,-0.12591558694839478,-0.04952533170580864,0.07446051388978958
8.212999999999997,0.009236444719135761,0.009236444719135761,nan,nan,nan,nan,0.03562980517745018,0.0,0.03709225356578827,0.733635425567627,0.0,0.0,0.0,0.0,0.007000000216066837,0.00800000037997961,64.0,0.1299046277999878,3.0746805667877197,0.011364929378032684,9.596529006958008,0.0004920155042782426,0.004531987011432648,0.04113222658634186,0.0,-0.31215396523475647,0.00771336629986763,0.07290617376565933,9.0,1.0,0.0,0.0,0.009236440993845463,-3.725290298461914e-09,nan,0.0027866559103131294,-0.14494124054908752,0.018621234223246574,0.1396522969007492,-0.0028302157297730446,0.10503990203142166,0.053307194262742996,-0.18777506053447723,-0.0,0.0,0.0,-0.0,0.0,0.0,-0.0,-0.007401167415082455,-0.02102668583393097,0.006247600074857473,-0.01745847426354885,-0.004967690445482731,0.03963758796453476,-0.036866217851638794,0.0002768316480796784,3.4966549719683826e-05,-8.967871690401807e-05,4.8830625019036233e-05,0.00010290589852957055,-4.0241047827294096e-05,0.00011426080163801089,0.08481799066066742,0.009455031715333462,-0.08388024568557739,0.015781182795763016,-0.08906251192092896,-0.061742980033159256,0.08493994921445847,0.07741682231426239,-0.011571654118597507,-0.07763264328241348,-0.0016772914677858353,-0.09403020143508911,-0.022105392068624496,0.04807373136281967,0.07741682231426239,-0.011571654118597507,-0.07763264328241348,-0.0016772914677858353,-0.09403020143508911,-0.022105392068624496,0.04807373136281967,0.07741682231426239,-0.011571654118597507,-0.07763264328241348,-0.0016772914677858353,-0.09403020143508911,-0.022105392068624496,0.04807373136281967
8.285999999999998,0.009121720679104328,0.009121720679104328,nan,nan,nan,nan,0.03347466140985489,0.0,0.037330642342567444,0.7334124445915222,0.0,0.0,0.0,0.0,0.008999999612569809,0.02199999988079071,64.0,0.1300802379846573,2.7481420040130615,0.013072974979877472,9.146505355834961,-0.0005306911189109087,0.0016748596681281924,0.03953619301319122,-0.002196566667407751,-0.38126033544540405,0.003245803527534008,0.10334902256727219,9.0,1.0,0.0,0.0,0.00912171509116888,-5.587935447692871e-09,nan,0.0008141110301949084,-0.11178220063447952,-0.1561114341020584,0.024578051641583443,-0.04088551551103592,0.02433650754392147,-0.19211770594120026,-0.1155715137720108,-0.0,-0.0,0.0,-0.0,0.0,-0.0,-0.0,-0.04015273600816727,-0.03680648282170296,0.028195392340421677,-0.022266127169132233,0.020007474347949028,0.0005403757095336914,-0.060403138399124146,0.0001822991034714505,1.986513780138921e-05,-5.4678785090800375e-06,4.190544132143259e-05,-9.454561222810298e-06,-2.3134389266488142e-05,0.00019167957361787558,0.06927114725112915,0.021126698702573776,-0.0592946894466877,0.013636463321745396,-0.06556527316570282,-0.001950287725776434,0.06150777265429497,0.029118411242961884,-0.01567978411912918,-0.03109929710626602,-0.008629663847386837,-0.04555779695510864,-0.0014099120162427425,0.0011046342551708221,0.029118411242961884,-0.01567978411912918,-0.03109929710626602,-0.008629663847386837,-0.04555779695510864,-0.0014099120162427425,0.0011046342551708221,0.029118411242961884,-0.01567978411912918,-0.03109929710626602,-0.008629663847386837,-0.04555779695510864,-0.0014099120162427425,0.0011046342551708221
8.360000000000003,0.00918759498745203,0.00918759498745203,nan,nan,nan,nan,0.029313111677765846,0.0,0.033235374838113785,0.7335267066955566,0.0,0.0,0.0,0.0,0.0020000000949949026,0.024000000208616257,64.0,0.1302013397216797,2.205620527267456,0.012123025953769684,15.29133415222168,-0.004615333862602711,0.0016202570404857397,0.039470963180065155,0.0021890737116336823,0.8070836663246155,0.002910834504291415,0.08161135017871857,9.0,1.0,0.0,0.0,0.009187593124806881,-1.862645149230957e-09,nan,0.0012335915816947818,0.0798616036772728,-0.07659792900085449,-0.0457511730492115,-0.09214742481708527,-0.0027613702695816755,0.2522524297237396,0.059427693486213684,0.013059576973319054,-0.012525876052677631,-0.007481579668819904,-0.01506864745169878,-0.0004515602486208081,0.041250236332416534,0.00971806887537241,-0.029666004702448845,-0.08248065412044525,0.008465011604130268,-0.047158725559711456,0.0159187950193882,0.014049701392650604,-0.04616248980164528,0.00024904077872633934,3.079267844441347e-05,-6.473245593952015e-05,4.706045729108155e-05,6.990938709350303e-05,-3.577836832846515e-05,0.00013713492080569267,0.025711840018630028,0.04080067574977875,-0.017555363476276398,0.026498710736632347,-0.03310570865869522,-0.02470996230840683,0.01937241293489933,-0.003954164683818817,-0.041679978370666504,-0.00909035187214613,-0.02066001482307911,-0.017186913639307022,-0.0106602618470788,-0.02679007686674595,-0.003954164683818817,-0.041679978370666504,-0.00909035187214613,-0.02066001482307911,-0.017186913639307022,-0.0106602618470788,-0.02679007686674595,-0.003954164683818817,-0.041679978370666504,-0.00909035187214613,-0.02066001482307911,-0.017186913639307022,-0.0106602618470788,-0.02679007686674595
8.419,0.009116838686168194,0.009116838686168194,nan,nan,nan,nan,0.0287777092307806,0.0,0.030290434136986732,0.7326117753982544,0.0,0.0,0.0,0.0,0.0,0.01600000075995922,64.0,0.13021698594093323,3.886634588241577,0.011778436601161957,10.62419319152832,-0.0056225936859846115,0.00044494413305073977,0.03635797277092934,0.0,0.8330261707305908,0.0038139387033879757,0.05304442718625069,9.0,1.0,0.0,0.0,0.009116836823523045,-1.862645149230957e-09,nan,0.002751915482804179,-0.15301091969013214,0.030923450365662575,0.13663727045059204,0.021569089964032173,0.09013024717569351,0.006190459243953228,-0.19579236209392548,-0.016583284363150597,0.0033514753449708223,0.014808711595833302,0.0023376524914056063,0.009768292307853699,0.0006709203007631004,-0.021219924092292786,-0.08435842394828796,-0.03424031659960747,0.06488142162561417,-0.017870312556624413,0.048788975924253464,0.010861716233193874,-0.11269942671060562,0.00024396352819167078,3.038521208509337e-05,-6.025674883858301e-05,4.7033077862579376e-05,6.409324851119891e-05,-3.575257142074406e-05,0.0001410428376402706,0.057771023362874985,-0.009873919188976288,-0.05371922254562378,-0.004880562424659729,-0.04599884897470474,-0.013518682681024075,0.06261450052261353,-0.02658740058541298,-0.044114235788583755,0.011162199079990387,-0.02275087498128414,0.0027901269495487213,-0.0026569664478302,-0.0500849224627018,-0.02658740058541298,-0.044114235788583755,0.011162199079990387,-0.02275087498128414,0.0027901269495487213,-0.0026569664478302,-0.0500849224627018,-0.02658740058541298,-0.044114235788583755,0.011162199079990387,-0.02275087498128414,0.0027901269495487213,-0.0026569664478302,-0.0500849224627018
8.477999999999998,0.008910729549825191,0.008910729549825191,nan,nan,nan,nan,0.04063815250992775,0.0,0.03385728597640991,0.7313375473022461,0.0,0.0,0.0,0.0,0.0020000000949949026,0.014000000432133675,64.0,0.12996704876422882,2.666248083114624,0.013628974556922913,10.123476028442383,-0.0026865077670663595,-0.001239874865859747,0.03530392050743103,0.0,-0.03089526668190956,0.0026002947706729174,0.04267697036266327,9.0,1.0,0.0,0.0,0.008910723961889744,-5.587935447692871e-09,nan,0.0008648222428746521,0.09176593273878098,0.038952264934778214,-0.07686219364404678,0.09812646359205246,-0.025712301954627037,-0.14045734703540802,0.21008509397506714,0.0,0.0,-0.0,0.0,-0.0,-0.0,0.0,0.004772703163325787,0.002800201065838337,-0.0068506705574691296,0.040832094848155975,0.011086167767643929,-0.0657162144780159,0.0506519079208374,0.0001802909537218511,1.9839095330098644e-05,-2.5648505470599048e-06,4.225870725349523e-05,-1.3034776202403009e-05,-2.344731728953775e-05,0.00019530982535798103,-0.028270971029996872,-0.030857332050800323,0.018743664026260376,-0.04283968731760979,-0.00011598970741033554,0.04469915106892586,-0.07629605382680893,-0.02349826693534851,-0.02805713191628456,0.011892993003129959,-0.0020075924694538116,0.010970178060233593,-0.021017063409090042,-0.025644145905971527,-0.02349826693534851,-0.02805713191628456,0.011892993003129959,-0.0020075924694538116,0.010970178060233593,-0.021017063409090042,-0.025644145905971527,-0.02349826693534851,-0.02805713191628456,0.011892993003129959,-0.0020075924694538116,0.010970178060233593,-0.021017063409090042,-0.025644145905971527
8.546000000000003,0.008373829536139965,0.008373829536139965,nan,nan,nan,nan,0.035503409802913666,0.0,0.03281446546316147,0.7285742163658142,0.0,0.0,0.0,0.0,0.0010000000474974513,0.014000000432133675,64.0,0.12966132164001465,2.6542153358459473,0.024602748453617096,20.596210479736328,0.0007793775293976068,-0.004112903960049152,0.02792218327522278,0.0,0.8245904445648193,0.002929188311100006,0.04624273627996445,9.0,1.0,0.0,0.0,0.008373823948204517,-5.587935447692871e-09,nan,0.0020869928412139416,0.10007777065038681,-0.13038742542266846,-0.12413057684898376,-0.07121500372886658,-0.19336336851119995,-0.060503337532281876,-0.03812531754374504,0.0,-0.0,-0.0,-0.0,-0.0,-0.0,-0.0,0.05226227641105652,-0.027688099071383476,-0.056948114186525345,0.022260285913944244,-0.05638713389635086,-0.08280075341463089,0.06217650696635246,0.00030848602182231843,4.076097684446722e-05,-0.00011450362217146903,5.179351501283236e-05,0.00013576002675108612,-4.687427281169221e-05,9.52081973082386e-05,-0.049191154539585114,0.009067455306649208,0.046906810253858566,-0.0059110429137945175,0.05226675048470497,0.034549470990896225,-0.04313462972640991,0.003071121871471405,-0.018620643764734268,-0.010041303932666779,0.016349243000149727,-0.004120383411645889,-0.048251282423734665,0.01904187723994255,0.003071121871471405,-0.018620643764734268,-0.010041303932666779,0.016349243000149727,-0.004120383411645889,-0.048251282423734665,0.01904187723994255,0.003071121871471405,-0.018620643764734268,-0.010041303932666779,0.016349243000149727,-0.004120383411645889,-0.048251282423734665,0.01904187723994255
8.626999999999999,0.007828081957995892,0.007828081957995892,nan,nan,nan,nan,0.0103760976344347,0.0,0.022280404344201088,0.7264117002487183,0.0,0.0,0.0,0.0,0.006000000052154064,0.01600000075995922,64.0,0.12866710126399994,4.6961541175842285,0.0186162069439888,10.880810737609863,-0.005202695727348328,-0.00480314064770937,0.02267995849251747,0.0,0.9965689778327942,0.006813336629420519,0.03254038840532303,9.0,1.0,0.0,0.0,0.007828080095350742,-1.862645149230957e-09,nan,0.003282118123024702,-0.005223614629358053,-0.11037589609622955,-0.08520620316267014,0.01577187329530716,-0.060005392879247665,-0.25500914454460144,0.040629006922245026,-0.00048316456377506256,-0.010209351778030396,-0.00788125116378069,0.0014588384656235576,-0.005550271365791559,-0.02358737774193287,0.003758029080927372,0.05189797282218933,-0.09147682785987854,-0.10356823354959488,-0.011647971346974373,-0.09659437835216522,-0.15130619704723358,0.05634453892707825,0.00032850721618160605,4.369780799606815e-05,-0.00013047881657257676,5.293578215059824e-05,0.00015508160868193954,-4.9268262955592945e-05,8.432659524260089e-05,-0.016089074313640594,0.04096389561891556,0.046281058341264725,0.011895423755049706,0.040920987725257874,0.06788919121026993,-0.018996216356754303,0.03580889850854874,-0.05051293224096298,-0.057287175208330154,0.00024745240807533264,-0.05567339062690735,-0.08341700583696365,0.037348322570323944,0.03580889850854874,-0.05051293224096298,-0.057287175208330154,0.00024745240807533264,-0.05567339062690735,-0.08341700583696365,0.037348322570323944,0.03580889850854874,-0.05051293224096298,-0.057287175208330154,0.00024745240807533264,-0.05567339062690735,-0.08341700583696365,0.037348322570323944
8.690999999999999,0.0074711935594677925,0.0074711935594677925,nan,nan,nan,nan,0.013096343725919724,0.0,0.015513460151851177,0.7248746752738953,0.0,0.0,0.0,0.0,0.003000000026077032,0.007000000216066837,64.0,0.1283235400915146,5.764392375946045,0.02071913331747055,12.866486549377441,-0.008107113651931286,-0.0052985395304858685,0.018322033807635307,0.0,0.8794758915901184,0.008038299158215523,0.061932142823934555,9.0,1.0,0.0,0.0,0.0074711935594677925,0.0,nan,0.004952519200742245,0.13370652496814728,-0.03652581945061684,-0.11661884933710098,-0.07291166484355927,-0.07352658361196518,0.16783636808395386,0.135266974568367,0.0316951721906662,-0.008658455684781075,-0.027644531801342964,-0.017283732071518898,-0.017429497092962265,0.039785660803318024,0.032065074890851974,0.10077139735221863,-0.06798786669969559,-0.11840906739234924,-0.04623566195368767,-0.09103592485189438,0.01320144534111023,0.10395783185958862,0.0001805307256290689,1.9703267753357068e-05,2.9682262265851023e-06,4.1856750613078475e-05,-1.8526519852457568e-05,-2.129090171365533e-05,0.00020511068578343838,-0.0441124364733696,0.007872901856899261,0.03808721899986267,0.03158313035964966,0.020650409162044525,-0.07596808671951294,-0.04512254148721695,0.05665896087884903,-0.060114964842796326,-0.08032184839248657,-0.01465253159403801,-0.07038551568984985,-0.06276664137840271,0.058835290372371674,0.05665896087884903,-0.060114964842796326,-0.08032184839248657,-0.01465253159403801,-0.07038551568984985,-0.06276664137840271,0.058835290372371674,0.05665896087884903,-0.060114964842796326,-0.08032184839248657,-0.01465253159403801,-0.07038551568984985,-0.06276664137840271,0.058835290372371674
8.781000000000002,0.007579672150313854,0.007579672150313854,nan,nan,nan,nan,0.018657872453331947,0.0,0.018885891884565353,0.7253368496894836,0.0,0.0,0.0,0.0,0.003000000026077032,0.02199999988079071,64.0,0.12832064926624298,3.6010873317718506,0.013138167560100555,11.391413688659668,-0.008624544367194176,-0.0006673920433968306,0.02684304490685463,0.0,0.22896896302700043,0.005575483664870262,0.047864921391010284,9.0,1.0,0.0,0.0,0.0075796665623784065,-5.587935447692871e-09,nan,0.001729094423353672,-0.14025096595287323,-0.044100917875766754,0.10772792249917984,0.0028247558511793613,0.04804687574505806,-0.07072720676660538,-0.22239750623703003,-0.026958083733916283,-0.00847677793353796,0.020706726238131523,0.0005429552984423935,0.009235242381691933,-0.013594700954854488,-0.04274773225188255,-0.03888893499970436,-0.05692094564437866,0.011484583839774132,-0.019038056954741478,-0.012017452158033848,-0.036478012800216675,-0.08670283108949661,0.000511687365360558,7.448979886248708e-05,-0.00029374685254879296,6.610339187318459e-05,0.000366701657185331,-8.208706276491284e-05,-6.034469333826564e-05,0.06798826158046722,-0.0026781782507896423,-0.0645134449005127,-0.0010587852448225021,-0.04023292660713196,-0.007072422653436661,0.10059196501970291,0.029099322855472565,-0.059599123895168304,-0.053028859198093414,-0.02009684219956398,-0.05225037783384323,-0.043550435453653336,0.013889133930206299,0.029099322855472565,-0.059599123895168304,-0.053028859198093414,-0.02009684219956398,-0.05225037783384323,-0.043550435453653336,0.013889133930206299,0.029099322855472565,-0.059599123895168304,-0.053028859198093414,-0.02009684219956398,-0.05225037783384323,-0.043550435453653336,0.013889133930206299
8.875000000000004,0.0073142284527421,0.0073142284527421,nan,nan,nan,nan,0.03034212999045849,0.0,0.02196466363966465,0.7237371802330017,0.0,0.0,0.0,0.0,0.004000000189989805,0.012000000104308128,64.0,0.12839455902576447,2.41048264503479,0.011763535439968109,9.691954612731934,-0.004402304533869028,-0.0018894376698881388,0.024477530270814896,0.0,0.6582626700401306,0.004201122559607029,0.06350822746753693,9.0,1.0,0.0,0.0,0.007314224727451801,-3.725290298461914e-09,nan,0.0012535296846181154,0.1129295602440834,0.04550721123814583,-0.07751845568418503,0.051252976059913635,0.005332146305590868,-0.021351438015699387,0.2570130527019501,0.0,0.0,-0.0,0.0,0.0,-0.0,0.0,0.04049275070428848,-0.0033640963956713676,-0.03505264222621918,0.017715178430080414,-0.002945826854556799,-0.028568744659423828,0.09301668405532837,0.00037476603756658733,5.228157533565536e-05,-0.00017065762949641794,5.578764103120193e-05,0.0002054683573078364,-5.599924406851642e-05,5.153859092388302e-05,-0.015499075874686241,-0.037061650305986404,-0.004354454576969147,-0.024996481835842133,-0.027990838512778282,-0.009141828864812851,-0.0644526258111,0.02499367482960224,-0.04042574763298035,-0.039407096803188324,-0.007281303405761719,-0.03093666583299637,-0.03771057352423668,0.028564058244228363,0.02499367482960224,-0.04042574763298035,-0.039407096803188324,-0.007281303405761719,-0.03093666583299637,-0.03771057352423668,0.028564058244228363,0.02499367482960224,-0.04042574763298035,-0.039407096803188324,-0.007281303405761719,-0.03093666583299637,-0.03771057352423668,0.028564058244228363
8.95,0.006661313585937023,0.006661313585937023,nan,nan,nan,nan,0.003816269338130951,0.0,0.013510589487850666,0.7204791903495789,0.0,0.0,0.0,0.0,0.0020000000949949026,0.024000000208616257,64.0,0.12785671651363373,2.6672184467315674,0.013529323041439056,9.003362655639648,-0.006917878054082394,-0.005860392935574055,0.014568074606359005,-0.009937988594174385,0.9759767055511475,0.0060294680297374725,0.09197763353586197,9.0,1.0,0.0,0.0,0.0066613079980015755,-5.587935447692871e-09,nan,0.0031927635427564383,-0.05006513372063637,-0.19105969369411469,-0.06368157267570496,-0.07316449284553528,-0.0076386164873838425,-0.20377054810523987,-0.00071242410922423,-0.0,-0.0,-0.0,-0.0,-0.0,-0.0,-0.0,0.03280092403292656,-0.08792178332805634,-0.07678798586130142,-0.02907688170671463,-0.06372826546430588,-0.10529328882694244,0.04109911993145943,0.00041619231342338026,5.9305592003511265e-05,-0.0002060172992059961,5.870602035429329e-05,0.00024985757772810757,-6.317080260487273e-05,2.3002310626907274e-05,0.0027933232486248016,0.037351083010435104,0.02068842202425003,0.017558656632900238,0.01702612265944481,0.04623149707913399,0.0009513832628726959,0.03559424728155136,-0.05057070031762123,-0.05609956383705139,-0.011518225073814392,-0.04670214280486107,-0.059061791747808456,0.04205050319433212,0.03559424728155136,-0.05057070031762123,-0.05609956383705139,-0.011518225073814392,-0.04670214280486107,-0.059061791747808456,0.04205050319433212,0.03559424728155136,-0.05057070031762123,-0.05609956383705139,-0.011518225073814392,-0.04670214280486107,-0.059061791747808456,0.04205050319433212
8.992999999999999,0.006426847539842129,0.006426847539842129,nan,nan,nan,nan,-0.004399606958031654,0.0,0.005010848864912987,0.7192678451538086,0.0,0.0,0.0,0.0,0.004000000189989805,0.00800000037997961,64.0,0.12762220203876495,2.855363368988037,0.012796372175216675,10.259101867675781,-0.012788819149136543,-0.005953637883067131,0.011846030130982399,-0.029308253899216652,0.9892793893814087,0.007479118183255196,0.09171148389577866,9.0,1.0,0.0,0.0,0.006426840089261532,-7.450580596923828e-09,nan,0.004386433400213718,0.1087830662727356,-0.1454247087240219,-0.1541958600282669,-0.07171367108821869,-0.10897356271743774,0.0022223717533051968,0.12735190987586975,0.0,-0.0,-0.0,-0.0,-0.0,0.0,0.0,0.04320020228624344,-0.12041141837835312,-0.09799617528915405,-0.048319119960069656,-0.06899882107973099,-0.08806007355451584,0.06063394621014595,0.00018039089627563953,2.0268120351829566e-05,6.8324643507367e-06,4.178326344117522e-05,-2.0301591575844213e-05,-2.05707510758657e-05,0.00020978922839276493,-0.010181963443756104,0.045522771775722504,0.030759014189243317,0.024866636842489243,0.017297841608524323,0.010318227112293243,-0.01717562973499298,0.033018238842487335,-0.07488864660263062,-0.06723716109991074,-0.023452483117580414,-0.051700979471206665,-0.0777418464422226,0.04345831647515297,0.033018238842487335,-0.07488864660263062,-0.06723716109991074,-0.023452483117580414,-0.051700979471206665,-0.0777418464422226,0.04345831647515297,0.033018238842487335,-0.07488864660263062,-0.06723716109991074,-0.023452483117580414,-0.051700979471206665,-0.0777418464422226,0.04345831647515297
9.067000000000004,0.006163657642900944,0.006163657642900944,nan,nan,nan,nan,-0.007924636825919151,0.0,-1.862645149230957e-09,0.7177057266235352,0.0,0.0,0.0,0.0,0.006000000052154064,0.017000000923871994,64.0,0.12714196741580963,2.059384346008301,0.015704892575740814,8.978943824768066,-0.015912029892206192,-0.005752984434366226,0.010159043595194817,0.0,0.9837361574172974,0.009142697788774967,0.09101320803165436,9.0,1.0,0.0,0.0,0.006163652054965496,-5.587935447692871e-09,nan,0.004668190609663725,-0.08136475086212158,-0.14535978436470032,-0.007953149266541004,-0.031235624104738235,-0.0519724115729332,-0.16863422095775604,-0.17341500520706177,-0.010649953968822956,-0.019026359543204308,-0.0010409996611997485,-0.004088477697223425,-0.006802747026085854,-0.02207278646528721,-0.022698551416397095,0.04170882701873779,-0.13671812415122986,-0.10150336474180222,-0.054004229605197906,-0.08079585433006287,-0.07566559314727783,0.038248322904109955,0.0005376634071581066,7.981371163623407e-05,-0.00031272819614969194,6.64871113258414e-05,0.00038226472679525614,-8.325762610184029e-05,-6.487489736173302e-05,0.0041306838393211365,0.03742121160030365,0.014902152121067047,0.01699860766530037,0.015709660947322845,0.003386065363883972,0.01782839745283127,0.04583951085805893,-0.09929691255092621,-0.08660121262073517,-0.03700562193989754,-0.06508619338274002,-0.07227952778339386,0.05607672035694122,0.04583951085805893,-0.09929691255092621,-0.08660121262073517,-0.03700562193989754,-0.06508619338274002,-0.07227952778339386,0.05607672035694122,0.04583951085805893,-0.09929691255092621,-0.08660121262073517,-0.03700562193989754,-0.06508619338274002,-0.07227952778339386,0.05607672035694122
9.125000000000004,0.005618170835077763,0.005618170835077763,nan,nan,nan,nan,-0.01937921904027462,0.0,2.7939677238464355e-09,0.7141730785369873,0.0,0.0,0.0,0.0,0.0010000000474974513,0.012000000104308128,64.0,0.12654916942119598,3.6480705738067627,0.013072974979877472,15.175785064697266,-0.011383726261556149,-0.007257557008415461,0.004126172047108412,0.0,0.795283317565918,0.009862401522696018,0.09423322975635529,9.0,1.0,0.0,0.0,0.005618167109787464,-3.725290298461914e-09,nan,0.00587551249191165,-0.08136475086212158,-0.14535978436470032,-0.007953149266541004,-0.031235624104738235,-0.0519724115729332,-0.16863422095775604,-0.17341500520706177,-0.030589045956730843,-0.05464795604348183,-0.002989983418956399,-0.011743021197617054,-0.019539007917046547,-0.06339797377586365,-0.06519530713558197,-0.026713967323303223,-0.16067029535770416,-0.05906476825475693,-0.047692857682704926,-0.07451050728559494,-0.14204652607440948,-0.08401702344417572,0.0005363553063943982,8.030421304283664e-05,-0.00030971303931437433,6.592583667952567e-05,0.0003755621728487313,-8.158604032360017e-05,-5.7751083659240976e-05,0.0720006674528122,0.04273638129234314,-0.021849699318408966,0.008812062442302704,0.00043395161628723145,0.05101141333580017,0.11739771068096161,0.04528670385479927,-0.11793391406536102,-0.0809144675731659,-0.03888079524040222,-0.07407655566930771,-0.09103511273860931,0.03338068351149559,0.04528670385479927,-0.11793391406536102,-0.0809144675731659,-0.03888079524040222,-0.07407655566930771,-0.09103511273860931,0.03338068351149559,0.04528670385479927,-0.11793391406536102,-0.0809144675731659,-0.03888079524040222,-0.07407655566930771,-0.09103511273860931,0.03338068351149559
9.206,0.0051248883828520775,0.0051248883828520775,nan,nan,nan,nan,-0.025757594034075737,0.0,1.862645149230957e-09,0.7104932069778442,0.0,0.0,0.0,0.0,0.004999999888241291,0.012000000104308128,64.0,0.12641093134880066,3.166311502456665,0.011242926120758057,10.462151527404785,-0.007254518568515778,-0.0074801454320549965,-0.00022562500089406967,-0.020270701497793198,0.9188858270645142,0.010978493839502335,0.09768416732549667,9.0,1.0,0.0,0.0,0.005124884657561779,-3.725290298461914e-09,nan,0.007013700902462006,0.07017344981431961,-0.12342923134565353,-0.13266099989414215,-0.01058341283351183,-0.04764978215098381,-0.10617649555206299,0.19643323123455048,0.0,-0.0,-0.0,-0.0,-0.0,-0.0,0.0,-0.030722590163350105,-0.1681341826915741,-0.06305089592933655,-0.03912721574306488,-0.06948918104171753,-0.1643637865781784,-0.068446584045887,0.0002745634410530329,3.6607234505936503e-05,-7.274364907061681e-05,4.738214920507744e-05,7.985852425917983e-05,-3.460509833530523e-05,0.0001464838715037331,0.06668421626091003,0.030146479606628418,-0.0060037896037101746,0.00208180770277977,-0.011281810700893402,0.04103019833564758,0.06740660965442657,0.03596162796020508,-0.13798770308494568,-0.06905468553304672,-0.03704540804028511,-0.08077099174261093,-0.12333358824253082,-0.0010399753227829933,0.03596162796020508,-0.13798770308494568,-0.06905468553304672,-0.03704540804028511,-0.08077099174261093,-0.12333358824253082,-0.0010399753227829933,0.03596162796020508,-0.13798770308494568,-0.06905468553304672,-0.03704540804028511,-0.08077099174261093,-0.12333358824253082,-0.0010399753227829933
9.285999999999998,0.004646907560527325,0.004646907560527325,nan,nan,nan,nan,-0.02910262905061245,0.0,1.862645149230957e-09,0.7064124345779419,0.0,0.0,0.0,0.0,0.0,0.01899999938905239,64.0,0.1259387582540512,2.695406675338745,0.014572404325008392,10.233247756958008,-0.005884192883968353,-0.00787646509706974,-0.001992270350456238,-0.013148902915418148,0.8981523513793945,0.011686823330819607,0.16141822934150696,9.0,1.0,0.0,0.0,0.0046469056978821754,-1.862645149230957e-09,nan,0.005498665850609541,-0.13302874565124512,-0.11612442880868912,0.07108786702156067,-0.07670120149850845,0.07512300461530685,0.07097439467906952,-0.19287581741809845,-0.043589990586042404,-0.03805089369416237,0.02329360879957676,-0.025132950395345688,0.02461581490933895,0.02325642667710781,-0.06320029497146606,-0.024085987359285355,-0.16854329407215118,-0.06835666298866272,-0.048661597073078156,-0.055829234421253204,-0.10667649656534195,-0.037242114543914795,0.000601270527113229,9.175355080515146e-05,-0.0003664519463200122,6.90174856572412e-05,0.00044112681644037366,-9.006984328152612e-05,-0.0001001160781015642,0.07077837735414505,0.021460726857185364,-0.009721644222736359,0.015310343354940414,-0.02557310461997986,-0.021049223840236664,0.06313775479793549,0.046692389994859695,-0.14708256721496582,-0.07807830721139908,-0.03335125371813774,-0.08140233904123306,-0.1277257204055786,0.02589564025402069,0.046692389994859695,-0.14708256721496582,-0.07807830721139908,-0.03335125371813774,-0.08140233904123306,-0.1277257204055786,0.02589564025402069,0.046692389994859695,-0.14708256721496582,-0.07807830721139908,-0.03335125371813774,-0.08140233904123306,-0.1277257204055786,0.02589564025402069
9.376999999999999,0.004335724748671055,0.004335724748671055,nan,nan,nan,nan,-0.04033850133419037,0.0,2.7939677238464355e-09,0.7081620097160339,0.0,0.0,0.0,0.0,0.006000000052154064,0.017000000923871994,64.0,0.12508966028690338,2.288604974746704,0.014401040971279144,8.892364501953125,-0.004231681115925312,-0.004068511538207531,0.0001631723716855049,0.0,0.8472298979759216,0.010730392299592495,0.07893584668636322,9.0,1.0,0.0,0.0,0.004335722886025906,-1.862645149230957e-09,nan,0.0051625450141727924,-0.0471109002828598,-0.20767243206501007,-0.0791008472442627,-0.0695120319724083,-0.03917902708053589,-0.17571505904197693,-0.033957064151763916,-0.0077056665904819965,-0.03396781533956528,-0.012938084080815315,-0.011369694024324417,-0.0064082941971719265,-0.02874073013663292,-0.005554167088121176,-0.06066654995083809,-0.19365312159061432,-0.0508393719792366,-0.0695670023560524,-0.026157516986131668,-0.11197463423013687,-0.07315198332071304,0.0008454604540020227,0.00013392743130680174,-0.0005851361784152687,8.322217036038637e-05,0.0007000408368185163,-0.00012795660586562008,-0.0002749295672401786,0.09452252089977264,0.03570486605167389,-0.009211812168359756,0.025251246988773346,-0.033771201968193054,0.00848522037267685,0.08269716799259186,0.033855974674224854,-0.15794825553894043,-0.06005118414759636,-0.04431575536727905,-0.05992871895432472,-0.10348941385746002,0.009545184671878815,0.033855974674224854,-0.15794825553894043,-0.06005118414759636,-0.04431575536727905,-0.05992871895432472,-0.10348941385746002,0.009545184671878815,0.033855974674224854,-0.15794825553894043,-0.06005118414759636,-0.04431575536727905,-0.05992871895432472,-0.10348941385746002,0.009545184671878815
9.450999999999997,0.004067293368279934,0.004067293368279934,nan,nan,nan,nan,-0.03332780674099922,1.0,9.313225746154785e-10,0.7065617442131042,0.0,0.0,0.0,0.0,0.006000000052154064,0.01600000075995922,64.0,0.1248977929353714,2.547468900680542,0.011686235666275024,11.47243881225586,-0.002240586094558239,-0.003860160242766142,-0.0016195732168853283,-0.0036786075215786695,0.9696489572525024,0.011271247640252113,0.14382927119731903,9.0,1.0,0.0,0.0,0.0040672896429896355,-3.725290298461914e-09,nan,0.005515953991562128,0.09301915764808655,-0.15400704741477966,-0.15290968120098114,-0.058548927307128906,-0.12730354070663452,-0.028721211478114128,0.11742579936981201,0.0,-0.0,-0.0,-0.0,-0.0,-0.0,0.0,0.013975244015455246,-0.1744382679462433,-0.1004333645105362,-0.06423056125640869,-0.07529692351818085,-0.07155820727348328,0.019407954066991806,0.0005113217630423605,7.761981396470219e-05,-0.0002824164694175124,6.0310176195343956e-05,0.00032925515552051365,-6.910703814355657e-05,-1.922420779010281e-05,0.03729209676384926,0.012315288186073303,0.02904053032398224,0.01567324995994568,0.006812654435634613,-0.020592577755451202,0.01619959995150566,0.051267340779304504,-0.16212297976016998,-0.07139283418655396,-0.04855731129646301,-0.06848426908254623,-0.09215078502893448,0.03560755401849747,0.051267340779304504,-0.16212297976016998,-0.07139283418655396,-0.04855731129646301,-0.06848426908254623,-0.09215078502893448,0.03560755401849747,0.0512673556804657,-0.16212297976016998,-0.07139283418655396,-0.04855731129646301,-0.06848426908254623,-0.09215078502893448,0.03560756519436836
9.510000000000002,0.003999426029622555,0.003999426029622555,nan,nan,nan,nan,-0.032529041171073914,0.0,1.862645149230957e-09,0.7073276042938232,0.0,0.0,0.0,0.0,0.0020000000949949026,0.012000000104308128,64.0,0.1247607097029686,2.9687631130218506,0.01200009137392044,12.466588973999023,-0.0006884559988975525,-0.0030537438578903675,-0.002365285996347666,0.0,0.9667732119560242,0.012593617662787437,0.1806631088256836,9.0,1.0,0.0,0.0,0.003999426029622555,0.0,nan,0.006624764762818813,-0.05826983228325844,-0.1581045538187027,-0.03485514223575592,-0.022977003827691078,-0.07043852657079697,-0.18660061061382294,-0.14171582460403442,-0.016978008672595024,-0.04606672376394272,-0.010155699215829372,-0.006694780196994543,-0.02052358351647854,-0.05436958372592926,-0.04129156097769737,0.037053439766168594,-0.17467373609542847,-0.11898094415664673,-0.05918058753013611,-0.10216046124696732,-0.07721058279275894,0.03611747920513153,0.0008150246576406062,0.00012791685003321618,-0.0005593160167336464,7.665457087568939e-05,0.0006417087861336768,-0.00011553541844477877,-0.0002330442948732525,0.04384266957640648,0.013066083192825317,0.02387973666191101,0.008566554635763168,0.013084597885608673,0.001937761902809143,0.038526929914951324,0.08089610934257507,-0.16160765290260315,-0.09510120749473572,-0.05061403289437294,-0.08907586336135864,-0.0752728208899498,0.07464440912008286,0.08089610934257507,-0.16160765290260315,-0.09510120749473572,-0.05061403289437294,-0.08907586336135864,-0.0752728208899498,0.07464440912008286,0.08089610934257507,-0.16160765290260315,-0.09510120749473572,-0.05061403289437294,-0.08907586336135864,-0.0752728208899498,0.07464440912008286
9.607000000000003,0.004063698463141918,0.004063698463141918,nan,nan,nan,nan,-0.04153328388929367,1.0,0.0,0.7106860876083374,0.0,0.0,0.0,0.0,0.0,0.012000000104308128,64.0,0.1247607097029686,18.665607452392578,0.011023133993148804,29.084341049194336,0.002133019268512726,9.020790457725525e-06,-0.0021239984780550003,0.0,0.7847425937652588,0.01334272138774395,0.14878369867801666,9.0,1.0,0.0,0.0,0.00406369473785162,-3.725290298461914e-09,nan,0.009763982146978378,-0.05826983228325844,-0.1581045538187027,-0.03485514223575592,-0.022977003827691078,-0.07043852657079697,-0.18660061061382294,-0.14171582460403442,-0.029006654396653175,-0.07870426028966904,-0.017350848764181137,-0.011437924578785896,-0.0350642129778862,-0.09288956224918365,-0.0705459713935852,-0.025279706344008446,-0.2016427367925644,-0.08335805684328079,-0.04564278945326805,-0.10160279273986816,-0.17564724385738373,-0.08758748322725296,0.001387211261317134,0.0002231176185887307,-0.0010829378152266145,0.00011103152064606547,0.00124245451297611,-0.0002081954007735476,-0.0006466175545938313,0.10829958319664001,0.031918302178382874,-0.012334294617176056,0.0008056014776229858,-0.0006285235285758972,0.07162922620773315,0.1430358588695526,0.08301987498998642,-0.16972443461418152,-0.09569235146045685,-0.044837187975645065,-0.10223131626844406,-0.10401801764965057,0.055448368191719055,0.08301987498998642,-0.16972443461418152,-0.09569235146045685,-0.044837187975645065,-0.10223131626844406,-0.10401801764965057,0.055448368191719055,0.08301988244056702,-0.16972443461418152,-0.09569235146045685,-0.044837187975645065,-0.10223131626844406,-0.10401801764965057,0.05544837564229965
9.678,0.004049601964652538,0.004049601964652538,nan,nan,nan,nan,-0.054454587399959564,1.0,9.313225746154785e-10,0.7111461162567139,0.0,0.0,0.0,0.0,-0.0010000000474974513,0.013000000268220901,64.0,0.12484148144721985,2.330739974975586,0.012605451047420502,9.64766788482666,-0.002308526076376438,-0.00024922750890254974,0.002059299498796463,0.0,0.866469144821167,0.014677135273814201,0.08026867359876633,9.0,1.0,0.0,0.0,0.00404959823936224,-3.725290298461914e-09,nan,0.005222831387072802,-0.05149960145354271,-0.21281331777572632,-0.07662049680948257,-0.05588297173380852,-0.03551769256591797,-0.17392252385616302,-0.03942239657044411,-0.030654994770884514,-0.1266765296459198,-0.04560813680291176,-0.03326418250799179,-0.02114180661737919,-0.10352689772844315,-0.023466072976589203,-0.050821416079998016,-0.25912877917289734,-0.09873396158218384,-0.06435182690620422,-0.0775919035077095,-0.21726003289222717,-0.07339251041412354,0.00048176536802202463,7.036396709736437e-05,-0.0002571324002929032,5.5190928833326325e-05,0.0002789426944218576,-6.035353726474568e-05,1.6386491552111693e-05,0.11777308583259583,0.06439216434955597,0.004231251776218414,0.01880868524312973,-0.026452340185642242,0.07368376851081848,0.10970243811607361,0.06695166975259781,-0.19473661482334137,-0.09450270980596542,-0.04554314166307449,-0.10404424369335175,-0.1435762643814087,0.03630993142724037,0.06695166975259781,-0.19473661482334137,-0.09450270980596542,-0.04554314166307449,-0.10404424369335175,-0.1435762643814087,0.03630993142724037,0.0669516772031784,-0.19473661482334137,-0.09450270980596542,-0.04554314166307449,-0.10404424369335175,-0.1435762643814087,0.03630993887782097
9.741000000000003,0.003816242329776287,0.003816242329776287,nan,nan,nan,nan,-0.0419498011469841,1.0,1.862645149230957e-09,0.7087103128433228,0.0,0.0,0.0,0.0,0.0020000000949949026,0.01899999938905239,64.0,0.1246471107006073,2.5619919300079346,0.016209669411182404,17.736297607421875,0.0020247306674718857,-0.0007002511993050575,-0.002724980004131794,0.0,0.9717782139778137,0.015871284529566765,0.13779723644256592,9.0,1.0,0.0,0.0,0.0038162386044859886,-3.725290298461914e-09,nan,0.008158484473824501,0.09040102362632751,-0.14682652056217194,-0.14518585801124573,-0.03886467218399048,-0.14115051925182343,-0.045475706458091736,0.12525464594364166,0.01686100661754608,-0.02738511748611927,-0.027079112827777863,-0.0072487834841012955,-0.026326468214392662,-0.008481830358505249,0.023361673578619957,0.02735869400203228,-0.21181483566761017,-0.13229143619537354,-0.05399031192064285,-0.11960166692733765,-0.13271920382976532,0.036448217928409576,0.0006005204631946981,8.934982906794176e-05,-0.0003663654497358948,6.0856669733766466e-05,0.00039620453026145697,-7.78321482357569e-05,-6.362912245094776e-05,0.059359632432460785,0.010665789246559143,0.02625085413455963,0.009845435619354248,0.0022289156913757324,-0.012268409132957458,0.03273927420377731,0.08671832829713821,-0.20114904642105103,-0.1060405820608139,-0.044144876301288605,-0.11737275123596191,-0.14498761296272278,0.06918749213218689,0.08671832829713821,-0.20114904642105103,-0.1060405820608139,-0.044144876301288605,-0.11737275123596191,-0.14498761296272278,0.06918749213218689,0.08671833574771881,-0.20114904642105103,-0.1060405820608139,-0.044144876301288605,-0.11737275123596191,-0.14498761296272278,0.06918749958276749
9.806000000000001,0.003947393037378788,0.003947393037378788,nan,nan,nan,nan,-0.03513029217720032,1.0,2.7939677238464355e-09,0.7084112167358398,0.0,0.0,0.0,0.0,0.0,0.013000000268220901,64.0,0.12474118173122406,2.440394878387451,0.012681819498538971,10.273210525512695,0.001969137229025364,0.00033268705010414124,-0.0016364473849534988,0.0,0.9835710525512695,0.016721777617931366,0.1510988175868988,9.0,1.0,0.0,0.0,0.0039473893120884895,-3.725290298461914e-09,nan,0.008930059149861336,0.09040102362632751,-0.14682652056217194,-0.14518585801124573,-0.03886467218399048,-0.14115051925182343,-0.045475706458091736,0.12525464594364166,0.028219029307365417,-0.04583246633410454,-0.04532032832503319,-0.012131757102906704,-0.04406068101525307,-0.014195418916642666,0.039098720997571945,0.06899911165237427,-0.1983010321855545,-0.15633375942707062,-0.05141998082399368,-0.14734511077404022,-0.09599661082029343,0.09484992921352386,0.0005396265187300742,7.81240887590684e-05,-0.0003109182871412486,5.715583756682463e-05,0.00032588461181148887,-6.854735693195835e-05,-1.5033717318146955e-05,0.03681503236293793,0.0012685209512710571,0.032578542828559875,0.008223224431276321,0.01333571970462799,-0.03042752295732498,0.008618436753749847,0.1058141440153122,-0.19703251123428345,-0.12375521659851074,-0.04319675639271736,-0.13400939106941223,-0.1264241337776184,0.10346836596727371,0.1058141440153122,-0.19703251123428345,-0.12375521659851074,-0.04319675639271736,-0.13400939106941223,-0.1264241337776184,0.10346836596727371,0.10581416636705399,-0.19703251123428345,-0.12375521659851074,-0.04319675266742706,-0.13400939106941223,-0.1264241337776184,0.1034683883190155
9.904,0.004164115525782108,0.004164115525782108,nan,nan,nan,nan,-0.04434427246451378,1.0,2.7939677238464355e-09,0.7076606750488281,0.0,0.0,0.0,0.0,0.0010000000474974513,0.014999999664723873,64.0,0.12510494887828827,3.65451717376709,0.01767277717590332,14.565948486328125,0.004851620644330978,0.001970485784113407,-0.0028811320662498474,0.00865981075912714,0.8290115594863892,0.017197242006659508,0.2048349231481552,9.0,1.0,0.0,0.0,0.00416411180049181,-3.725290298461914e-09,nan,0.013185822404921055,-0.05070098489522934,-0.14949782192707062,-0.037913162261247635,-0.004512609448283911,-0.07060455530881882,-0.20760811865329742,-0.12464311718940735,-0.037778910249471664,-0.11139556765556335,-0.028250299394130707,-0.0033624882344156504,-0.05260968953371048,-0.15469539165496826,-0.09287553280591965,-0.011960478499531746,-0.2228551208972931,-0.10603132098913193,-0.027941256761550903,-0.13031962513923645,-0.2257205843925476,-0.06431890279054642,0.0005548960180021822,7.990999438334256e-05,-0.00032683342578820884,5.80450905545149e-05,0.00033308385172858834,-7.084707613103092e-05,-2.0322526324889623e-05,0.11734471470117569,0.023938626050949097,-0.01567281037569046,-0.005036160349845886,-0.014038175344467163,0.07373638451099396,0.15256375074386597,0.10538423806428909,-0.198916494846344,-0.12170413136482239,-0.03297741711139679,-0.1443578004837036,-0.15198419988155365,0.08824484795331955,0.10538423806428909,-0.198916494846344,-0.12170413136482239,-0.03297741711139679,-0.1443578004837036,-0.15198419988155365,0.08824484795331955,0.10538423806428909,-0.198916494846344,-0.12170413136482239,-0.03297741711139679,-0.1443578004837036,-0.15198419988155365,0.08824484795331955
9.974999999999998,0.004464556463062763,0.004464556463062763,nan,nan,nan,nan,-0.052527133375406265,0.0,-1.862645149230957e-09,0.7077762484550476,0.0,0.0,0.0,0.0,0.00800000037997961,0.014999999664723873,64.0,0.12549084424972534,9.581328392028809,0.009164214134216309,10.202428817749023,-0.0005710851401090622,0.0018911766819655895,0.0024622599594295025,0.0,0.8190179467201233,0.017375798895955086,0.16280598938465118,9.0,1.0,0.0,0.0,0.0044645508751273155,-5.587935447692871e-09,nan,0.009637989103794098,-0.06378135085105896,-0.21034109592437744,-0.05977944657206535,-0.052578166127204895,-0.015358906239271164,-0.178821861743927,-0.056012190878391266,-0.013989494182169437,-0.04613519832491875,-0.013111735694110394,-0.011532241478562355,-0.0033687485847622156,-0.03922192379832268,-0.01228544395416975,-0.0650637075304985,-0.23990610241889954,-0.0840824693441391,-0.03216548636555672,-0.09223093092441559,-0.24410279095172882,-0.1232590600848198,0.001475777244195342,0.00023426394909620285,-0.0011843763059005141,0.00010737929551396519,0.00122147798538208,-0.00020234686962794513,-0.0006341037224046886,0.14149466156959534,0.029323607683181763,-0.02556028962135315,0.007041629403829575,-0.046624764800071716,0.05054023861885071,0.1576177328824997,0.07643095403909683,-0.21058249473571777,-0.10964275896549225,-0.025123856961727142,-0.1388556957244873,-0.1935625523328781,0.0343586727976799,0.07643095403909683,-0.21058249473571777,-0.10964275896549225,-0.025123856961727142,-0.1388556957244873,-0.1935625523328781,0.0343586727976799,0.07643095403909683,-0.21058249473571777,-0.10964275896549225,-0.025123856961727142,-0.1388556957244873,-0.1935625523328781,0.0343586727976799
10.053999999999998,0.004799473099410534,0.004799473099410534,nan,nan,nan,nan,-0.059584833681583405,0.0,1.862645149230957e-09,0.7060011625289917,0.0,0.0,0.0,0.0,0.003000000026077032,0.014999999664723873,64.0,0.12561731040477753,2.248141050338745,0.01486111432313919,8.791397094726562,0.0024692267179489136,0.002502922900021076,3.369804471731186e-05,0.003958742134273052,0.8404348492622375,0.017542395740747452,0.21198123693466187,9.0,1.0,0.0,0.0,0.0047994693741202354,-3.725290298461914e-09,nan,0.014815902337431908,-0.06378135085105896,-0.21034109592437744,-0.05977944657206535,-0.052578166127204895,-0.015358906239271164,-0.178821861743927,-0.056012190878391266,-0.022777333855628967,-0.07511614263057709,-0.021348189562559128,-0.01877649687230587,-0.005484909750521183,-0.06386012583971024,-0.02000284381210804,-0.07354594022035599,-0.2560293972492218,-0.08122794330120087,-0.04919936880469322,-0.05846439674496651,-0.23903338611125946,-0.09978299587965012,0.0008532720385119319,0.0001311903033638373,-0.0006119718891568482,7.373389962594956e-05,0.0006023290916346014,-0.00010984997788909823,-0.00020966949523426592,0.14322131872177124,0.03700871765613556,-0.01663418859243393,0.0246489979326725,-0.06616316735744476,0.030044615268707275,0.12947511672973633,0.06967538595199585,-0.21902067959308624,-0.0978621318936348,-0.02455037087202072,-0.12462756037712097,-0.20898877084255219,0.029692115262150764,0.06967538595199585,-0.21902067959308624,-0.0978621318936348,-0.02455037087202072,-0.12462756037712097,-0.20898877084255219,0.029692115262150764,0.06967538595199585,-0.21902067959308624,-0.0978621318936348,-0.02455037087202072,-0.12462756037712097,-0.20898877084255219,0.029692115262150764
10.126999999999999,0.004893542267382145,0.004893542267382145,nan,nan,nan,nan,-0.03357994183897972,0.0,0.0,0.7030555605888367,0.0,0.0,0.0,0.0,0.00800000037997961,0.017000000923871994,64.0,0.1257234364748001,4.027306079864502,0.018660910427570343,11.805171012878418,-0.0018593668937683105,0.0014601033180952072,0.0033194702118635178,0.0042756469920277596,0.9776206016540527,0.016538919880986214,0.24799522757530212,9.0,1.0,0.0,0.0,0.004893540404736996,-1.862645149230957e-09,nan,0.01114888396114111,0.08773288130760193,-0.14275632798671722,-0.13865435123443604,-0.03550329804420471,-0.14536869525909424,-0.047806043177843094,0.1342407912015915,0.0,-0.0,-0.0,-0.0,-0.0,-0.0,0.0,0.018177535384893417,-0.19160805642604828,-0.11388783901929855,-0.04141005128622055,-0.10788913071155548,-0.13027741014957428,0.03331243619322777,0.0006022453308105469,8.959399565355852e-05,-0.000379143311874941,6.106436921982095e-05,0.00035824684891849756,-7.42713309591636e-05,-4.1982417315011844e-05,0.04985671117901802,-0.017099902033805847,0.012936152517795563,0.013402096927165985,-0.012229345738887787,-0.05226998031139374,0.016675245016813278,0.06803424656391144,-0.20870795845985413,-0.10095168650150299,-0.028007954359054565,-0.12011847645044327,-0.18254739046096802,0.049987681210041046,0.06803424656391144,-0.20870795845985413,-0.10095168650150299,-0.028007954359054565,-0.12011847645044327,-0.18254739046096802,0.049987681210041046,0.06803424656391144,-0.20870795845985413,-0.10095168650150299,-0.028007954359054565,-0.12011847645044327,-0.18254739046096802,0.049987681210041046
10.202000000000002,0.00465604942291975,0.00465604942291975,nan,nan,nan,nan,-0.030009111389517784,1.0,-9.313225746154785e-10,0.7007982730865479,0.0,0.0,0.0,0.0,0.013000000268220901,0.017999999225139618,64.0,0.12557153403759003,4.350173473358154,0.019848346710205078,11.7421293258667,-0.0016630319878458977,-0.0005485638976097107,0.0011144671589136124,-0.013648946769535542,0.9520614147186279,0.015790103003382683,0.24332380294799805,9.0,1.0,0.0,0.0,0.004656045697629452,-3.725290298461914e-09,nan,0.009917319752275944,-0.03994377702474594,-0.1589815765619278,-0.04694347456097603,-0.008693047799170017,-0.08231357485055923,-0.20178867876529694,-0.11556770652532578,-0.009612884372472763,-0.038260567933321,-0.011297434568405151,-0.0020920722745358944,-0.01980961672961712,-0.048562537878751755,-0.027812568470835686,0.013025199994444847,-0.1828233152627945,-0.10252780467271805,-0.03050588071346283,-0.1152779832482338,-0.14964646100997925,0.0010184366255998611,0.00018551337416283786,2.1522062525036745e-05,1.2193527254567016e-05,4.289585922379047e-05,-1.4284416465670802e-05,-2.1651752831530757e-05,0.00021389458561316133,0.06537915021181107,-0.007904857397079468,-0.0038024932146072388,0.0038716308772563934,-0.011710129678249359,-0.004750743508338928,0.07127811014652252,0.07840435206890106,-0.19072817265987396,-0.10633029788732529,-0.026634249836206436,-0.12698811292648315,-0.15439720451831818,0.07229654490947723,0.07840435206890106,-0.19072817265987396,-0.10633029788732529,-0.026634249836206436,-0.12698811292648315,-0.15439720451831818,0.07229654490947723,0.07840435206890106,-0.19072817265987396,-0.10633029788732529,-0.026634249836206436,-0.12698811292648315,-0.15439720451831818,0.07229654490947723
10.272000000000002,0.004191932268440723,0.004191932268440723,nan,nan,nan,nan,-0.05593525618314743,0.0,-1.862645149230957e-09,0.6988918781280518,0.0,0.0,0.0,0.0,0.006000000052154064,0.01600000075995922,64.0,0.12521550059318542,2.5779316425323486,0.012755393981933594,9.825346946716309,0.0006940066814422607,-0.0022646160796284676,-0.0029586246237158775,0.0,0.7117884755134583,0.015061271376907825,0.1960158497095108,9.0,1.0,0.0,0.0,0.004191930405795574,-1.862645149230957e-09,nan,0.009421288967132568,-0.1668776571750641,-0.14283184707164764,-0.014427552931010723,-0.028869712725281715,0.06357475370168686,-0.06101866811513901,-0.18150557577610016,-0.052881866693496704,-0.045261990278959274,-0.004571947734802961,-0.009148525074124336,0.0201462060213089,-0.01933620683848858,-0.05751730874180794,-0.0767427533864975,-0.1919282078742981,-0.06559204310178757,-0.027523979544639587,-0.05229780822992325,-0.16076090931892395,-0.11536771059036255,0.001441488042473793,0.00022875983268022537,-0.0011720885522663593,9.705859702080488e-05,0.0010680729756131768,-0.00017068885790649801,-0.0005277853342704475,0.14527270197868347,0.00802968442440033,-0.02656322717666626,0.009651415050029755,-0.06845662742853165,-0.003281205892562866,0.1591680496931076,0.06852995604276657,-0.18389852344989777,-0.09215527027845383,-0.017872564494609833,-0.1207544356584549,-0.16404211521148682,0.043800339102745056,0.06852995604276657,-0.18389852344989777,-0.09215527027845383,-0.017872564494609833,-0.1207544356584549,-0.16404211521148682,0.043800339102745056,0.06852995604276657,-0.18389852344989777,-0.09215527027845383,-0.017872564494609833,-0.1207544356584549,-0.16404211521148682,0.043800339102745056
10.328999999999997,0.003995680250227451,0.003995680250227451,nan,nan,nan,nan,-0.05936554819345474,0.0,2.7939677238464355e-09,0.6980862021446228,0.0,0.0,0.0,0.0,0.0010000000474974513,0.014999999664723873,64.0,0.12502743303775787,2.5254414081573486,0.016324222087860107,10.841774940490723,0.002880135551095009,-0.002713080495595932,-0.005593213252723217,-0.002768263453617692,0.7734465003013611,0.014615614898502827,0.24300721287727356,9.0,1.0,0.0,0.0,0.003995676524937153,-3.725290298461914e-09,nan,0.010400977917015553,-0.060024600476026535,-0.22528201341629028,-0.059770822525024414,-0.06985843926668167,-0.009653856046497822,-0.15419501066207886,-0.05764557048678398,-0.015162215568125248,-0.056906238198280334,-0.015098110772669315,-0.017646243795752525,-0.002438564319163561,-0.03894966468214989,-0.014561272226274014,-0.07485553622245789,-0.22932130098342896,-0.06872332096099854,-0.053925447165966034,-0.033502575010061264,-0.17275036871433258,-0.09427149593830109,0.0005881100660189986,8.885715215001255e-05,-0.0003661738010123372,5.934850196354091e-05,0.00031917417072691023,-6.513545667985454e-05,-1.1472802725620568e-05,0.13574296236038208,0.0401797890663147,-0.010726183652877808,0.03398609906435013,-0.07109537720680237,0.008995771408081055,0.1329784095287323,0.060887426137924194,-0.18914151191711426,-0.07944950461387634,-0.019939349964261055,-0.10459795594215393,-0.16375459730625153,0.03870692104101181,0.060887426137924194,-0.18914151191711426,-0.07944950461387634,-0.019939349964261055,-0.10459795594215393,-0.16375459730625153,0.03870692104101181,0.060887426137924194,-0.18914151191711426,-0.07944950461387634,-0.019939349964261055,-0.10459795594215393,-0.16375459730625153,0.03870692104101181
10.401,0.004192323423922062,0.004192323423922062,nan,nan,nan,nan,-0.047152385115623474,1.0,0.0,0.699120044708252,0.0,0.0,0.0,0.0,0.003000000026077032,0.017000000923871994,64.0,0.1252000778913498,4.6250505447387695,0.25698915123939514,15.618000984191895,-0.00018709339201450348,-0.0005696853622794151,-0.00038259197026491165,0.008391872979700565,0.9254276156425476,0.014679119922220707,0.23399437963962555,9.0,1.0,0.0,0.0,0.004192321561276913,-1.862645149230957e-09,nan,0.008536924608051777,0.07009883970022202,-0.14686228334903717,-0.1309744119644165,-0.015794366598129272,-0.15459612011909485,-0.07672730833292007,0.12777645885944366,0.0,-0.0,-0.0,-0.0,-0.0,-0.0,0.0,-0.030962087213993073,-0.216195210814476,-0.08932069689035416,-0.049550093710422516,-0.06614517420530319,-0.14842870831489563,-0.022211819887161255,0.00018195666780229658,2.3825070456950925e-05,2.030970972555224e-05,4.3171985453227535e-05,-1.572492328705266e-05,-1.8717149941949174e-05,0.00021888589253649116,0.0847892314195633,0.015720441937446594,0.011720597743988037,0.021094394847750664,-0.025325261056423187,-0.01364937424659729,0.06265592575073242,0.05382714048027992,-0.20047476887702942,-0.07760009914636612,-0.028455698862671852,-0.09147043526172638,-0.16207808256149292,0.04044410586357117,0.05382714048027992,-0.20047476887702942,-0.07760009914636612,-0.028455698862671852,-0.09147043526172638,-0.16207808256149292,0.04044410586357117,0.05382714048027992,-0.20047476887702942,-0.07760009914636612,-0.028455698862671852,-0.09147043526172638,-0.16207808256149292,0.04044410586357117
10.464000000000002,0.0044062500819563866,0.0044062500819563866,nan,nan,nan,nan,-0.03453909605741501,1.0,-2.7939677238464355e-09,0.6997226476669312,0.0,0.0,0.0,0.0,0.007000000216066837,0.014999999664723873,64.0,0.12535274028778076,2.2153677940368652,0.012584961950778961,8.785078048706055,-0.001658913679420948,0.0004538935609161854,0.0021128044463694096,0.0,0.9771134853363037,0.014578686095774174,0.1738189160823822,9.0,1.0,0.0,0.0,0.004406248219311237,-1.862645149230957e-09,nan,0.008387084119021893,0.07009883970022202,-0.14686228334903717,-0.1309744119644165,-0.015794366598129272,-0.15459612011909485,-0.07672730833292007,0.12777645885944366,0.0,-0.0,-0.0,-0.0,-0.0,-0.0,0.0,0.015300099737942219,-0.18445701897144318,-0.10838831961154938,-0.03409789130091667,-0.1066349446773529,-0.11560628563165665,0.04644761234521866,0.0009599150507710874,0.00014974923396948725,-0.0007244456792250276,7.179531530709937e-05,0.0006080146413296461,-0.00010092661977978423,-0.00021201353229116648,0.04568519443273544,-0.008731946349143982,0.022640250623226166,0.006831757724285126,0.005061283707618713,-0.030997656285762787,0.017335332930088043,0.06098529323935509,-0.19318896532058716,-0.08574806898832321,-0.027266133576631546,-0.10157366096973419,-0.14660394191741943,0.0637829452753067,0.06098529323935509,-0.19318896532058716,-0.08574806898832321,-0.027266133576631546,-0.10157366096973419,-0.14660394191741943,0.0637829452753067,0.060985296964645386,-0.19318896532058716,-0.08574806898832321,-0.027266131713986397,-0.10157366096973419,-0.14660394191741943,0.0637829527258873
10.541999999999998,0.004760271869599819,0.004760271869599819,nan,nan,nan,nan,-0.03543616831302643,1.0,0.0,0.7011604905128479,0.0,0.0,0.0,0.0,0.0020000000949949026,0.01600000075995922,64.0,0.12539170682430267,3.62290358543396,0.01454818993806839,22.652751922607422,-0.0024776924401521683,0.0011100037954747677,0.003587696235626936,0.0,0.9079011082649231,0.014822938479483128,0.1824897825717926,9.0,1.0,0.0,0.0,0.0047602662816643715,-5.587935447692871e-09,nan,0.009744994342327118,-0.03323597460985184,-0.1570078730583191,-0.05586523562669754,0.0028637428767979145,-0.09112401306629181,-0.2081691026687622,-0.09734891355037689,-0.012544563040137291,-0.05926094204187393,-0.02108573541045189,0.0010808890219777822,-0.034393783658742905,-0.07857119292020798,-0.03674330189824104,-0.01502231415361166,-0.1942111700773239,-0.0896276906132698,-0.014441386796534061,-0.11251439899206161,-0.19558991491794586,-0.04321663826704025,0.0009459925931878388,0.00014646798081230372,-0.0007146119605749846,6.971231778152287e-05,0.0005823596147820354,-9.604506340110675e-05,-0.0001958294160431251,0.0752025693655014,0.007346317172050476,0.0023433640599250793,-0.0037553003057837486,-0.0027036815881729126,0.03834374248981476,0.1014946699142456,0.06018025428056717,-0.18686485290527344,-0.08728432655334473,-0.01819668710231781,-0.11521808058023453,-0.1572461724281311,0.05827803164720535,0.06018025428056717,-0.18686485290527344,-0.08728432655334473,-0.01819668710231781,-0.11521808058023453,-0.1572461724281311,0.05827803164720535,0.06018025428056717,-0.18686485290527344,-0.08728432655334473,-0.01819668710231781,-0.11521808058023453,-0.1572461724281311,0.05827803164720535
10.620000000000001,0.004668924026191235,0.004668924026191235,nan,nan,nan,nan,-0.04935234785079956,1.0,9.313225746154785e-10,0.6998183727264404,0.0,0.0,0.0,0.0,0.00800000037997961,0.014999999664723873,64.0,0.12529663741588593,4.7183661460876465,0.011652708053588867,11.149852752685547,-0.0017289714887738228,-0.0009590396657586098,0.0007699327543377876,0.0,0.8471022248268127,0.01564202457666397,0.1679302155971527,9.0,1.0,0.0,0.0,0.004668920300900936,-3.725290298461914e-09,nan,0.009956343099474907,-0.15761861205101013,-0.12738102674484253,-0.0409138984978199,0.0005795454489998519,0.028954163193702698,-0.10794346779584885,-0.18645651638507843,-0.036953505128622055,-0.02986433543264866,-0.009592216461896896,0.00013587376452051103,0.006788270547986031,-0.025307221338152885,-0.04371451959013939,-0.055411145091056824,-0.20185624063014984,-0.08102142810821533,-0.005470894277095795,-0.09700095653533936,-0.22541631758213043,-0.10827387869358063,0.0008054665522649884,0.00012094837438780814,-0.0005819788202643394,6.235912587726489e-05,0.0004539433284662664,-7.8332464909181e-05,-0.00010697526158764958,0.11031319200992584,0.013157635927200317,-0.0027282312512397766,-0.0012867706827819347,-0.029022514820098877,0.03790675103664398,0.14212021231651306,0.05490205064415932,-0.18869860470294952,-0.08374965935945511,-0.006757664959877729,-0.12602347135543823,-0.18750956654548645,0.03384634107351303,0.05490205064415932,-0.18869860470294952,-0.08374965935945511,-0.006757664959877729,-0.12602347135543823,-0.18750956654548645,0.03384634107351303,0.054902058094739914,-0.18869860470294952,-0.08374965935945511,-0.0067576635628938675,-0.12602347135543823,-0.18750956654548645,0.03384634852409363
10.709999999999997,0.004457649774849415,0.004457649774849415,nan,nan,nan,nan,-0.05361379683017731,1.0,0.0,0.6972965002059937,0.0,0.0,0.0,0.0,0.004999999888241291,0.01600000075995922,64.0,0.1249275952577591,3.0711517333984375,0.01190975308418274,9.655495643615723,-0.0002989191561937332,-0.0020029786974191666,-0.0017040595412254333,0.0,0.8714522123336792,0.01591777615249157,0.17067474126815796,9.0,1.0,0.0,0.0,0.004457646049559116,-3.725290298461914e-09,nan,0.010128980502486229,-0.04889681935310364,-0.228824183344841,-0.06948517262935638,-0.06514505296945572,-0.022168437018990517,-0.15546512603759766,-0.038931768387556076,-0.012220984324812889,-0.057190973311662674,-0.017366716638207436,-0.01628197357058525,-0.005540649406611919,-0.03885604068636894,-0.009730377234518528,-0.05713493376970291,-0.24095481634140015,-0.08224008232355118,-0.044686466455459595,-0.05895906686782837,-0.2043018937110901,-0.07499469816684723,0.00017458043294027448,2.1548497898038477e-05,2.7045562092098407e-05,4.141212775721215e-05,-1.744276778481435e-05,-1.788245208445005e-05,0.00021871989883948117,0.10870702564716339,0.04145507514476776,0.003921233117580414,0.03444401174783707,-0.056837014853954315,0.008680179715156555,0.10621659457683563,0.05157209187746048,-0.19949974119663239,-0.07831884920597076,-0.010242454707622528,-0.11579608172178268,-0.19562171399593353,0.031221896409988403,0.05157209187746048,-0.19949974119663239,-0.07831884920597076,-0.010242454707622528,-0.11579608172178268,-0.19562171399593353,0.031221896409988403,0.05157209560275078,-0.19949974119663239,-0.07831884920597076,-0.010242453776299953,-0.11579608172178268,-0.19562171399593353,0.031221900135278702
10.776,0.004193437285721302,0.004193437285721302,nan,nan,nan,nan,-0.039923593401908875,1.0,0.0,0.6961557865142822,0.0,0.0,0.0,0.0,0.00800000037997961,0.014999999664723873,64.0,0.12479153275489807,2.482179641723633,0.059670768678188324,9.496628761291504,0.0010871011763811111,-0.0003932993859052658,-0.001480400562286377,-0.0008391838055104017,0.9675312042236328,0.015767239034175873,0.18327933549880981,9.0,1.0,0.0,0.0,0.004193435423076153,-1.862645149230957e-09,nan,0.009892189875245094,0.062390509992837906,-0.141395702958107,-0.12104827910661697,-0.0030192439444363117,-0.16351643204689026,-0.08190159499645233,0.1341915875673294,0.0,-0.0,-0.0,-0.0,-0.0,-0.0,0.0,-0.0010207593441009521,-0.1942143440246582,-0.10045956075191498,-0.02512476034462452,-0.10804610699415207,-0.14683803915977478,0.023212973028421402,0.0009846605826169252,0.00014623613969888538,-0.0007561002275906503,6.589743861695752e-05,0.0005607145139947534,-9.070256783161312e-05,-0.0001785892527550459,0.06104676052927971,-0.0024011731147766113,0.01880793273448944,0.013620734214782715,-0.011991791427135468,-0.03424458205699921,0.03319413959980011,0.06002600118517876,-0.19661551713943481,-0.08165162801742554,-0.011504026129841805,-0.12003789842128754,-0.181082621216774,0.05640711262822151,0.06002600118517876,-0.19661551713943481,-0.08165162801742554,-0.011504026129841805,-0.12003789842128754,-0.181082621216774,0.05640711262822151,0.06002600118517876,-0.19661551713943481,-0.08165162801742554,-0.011504026129841805,-0.12003789842128754,-0.181082621216774,0.05640711262822151
10.830000000000002,0.004116996191442013,0.004116996191442013,nan,nan,nan,nan,-0.03298552334308624,0.0,9.313225746154785e-10,0.6964205503463745,0.0,0.0,0.0,0.0,0.0,0.00800000037997961,64.0,0.1247962936758995,3.369222402572632,0.014453195035457611,9.144742012023926,-0.0007216567173600197,-0.00040096743032336235,0.00032069021835923195,0.0,0.9812610149383545,0.015684736892580986,0.12775486707687378,9.0,1.0,0.0,0.0,0.0041169943287968636,-1.862645149230957e-09,nan,0.0075990548357367516,-0.03234809637069702,-0.14331430196762085,-0.05404062941670418,0.01939481496810913,-0.09269337356090546,-0.21852780878543854,-0.09365681558847427,-0.011993729509413242,-0.053136758506298065,-0.020036688074469566,0.007191031239926815,-0.03436799719929695,-0.08102373033761978,-0.034725211560726166,0.02038748562335968,-0.18147873878479004,-0.11055128276348114,-0.012634843587875366,-0.13655205070972443,-0.14092759788036346,0.054848309606313705,0.0006465009646490216,9.213545126840472e-05,-0.0004286648763809353,5.345831232261844e-05,0.00030902723665349185,-5.7770772400544956e-05,-4.121194706385722e-06,0.04597776383161545,-0.00618116557598114,0.020818501710891724,0.003214825876057148,0.0037770867347717285,-0.02104996144771576,0.02747632935643196,0.06636524945497513,-0.18765990436077118,-0.08973278105258942,-0.009420017711818218,-0.1327749639749527,-0.16197755932807922,0.08232463896274567,0.06636524945497513,-0.18765990436077118,-0.08973278105258942,-0.009420017711818218,-0.1327749639749527,-0.16197755932807922,0.08232463896274567,0.06636524945497513,-0.18765990436077118,-0.08973278105258942,-0.009420017711818218,-0.1327749639749527,-0.16197755932807922,0.08232463896274567
10.925,0.004056624136865139,0.004056624136865139,nan,nan,nan,nan,-0.03999747335910797,0.0,3.725290298461914e-09,0.6937143206596375,0.0,0.0,0.0,0.0,0.0010000000474974513,0.012000000104308128,64.0,0.12474797666072845,3.570580005645752,0.11064019054174423,13.133766174316406,0.0009560994803905487,-0.0004296945407986641,-0.0013857902958989143,0.0,0.8961642980575562,0.0163375623524189,0.15172326564788818,9.0,1.0,0.0,0.0,0.004056618548929691,-5.587935447692871e-09,nan,0.008967137895524502,-0.03234809637069702,-0.14331430196762085,-0.05404062941670418,0.01939481496810913,-0.09269337356090546,-0.21852780878543854,-0.09365681558847427,-0.01874571666121483,-0.08305061608552933,-0.03131653368473053,0.011239292100071907,-0.053715791553258896,-0.1266368180513382,-0.05427410826086998,-0.014122143387794495,-0.19846409559249878,-0.09589564055204391,0.008261559531092644,-0.1379503607749939,-0.23472599685192108,-0.042977094650268555,0.0007457997999154031,0.0001067841803887859,-0.0005265867803245783,5.5650536523899063e-05,0.00036943628219887614,-6.414502422558144e-05,-4.6020923036849126e-05,0.08271322399377823,0.014204293489456177,0.006445392966270447,-0.006194664165377617,-0.009036555886268616,0.05445994436740875,0.12045194208621979,0.06859108060598373,-0.1842598021030426,-0.08945024758577347,0.002066895132884383,-0.1469869166612625,-0.18026605248451233,0.07747484743595123,0.06859108060598373,-0.1842598021030426,-0.08945024758577347,0.002066895132884383,-0.1469869166612625,-0.18026605248451233,0.07747484743595123,0.06859108060598373,-0.1842598021030426,-0.08945024758577347,0.002066895132884383,-0.1469869166612625,-0.18026605248451233,0.07747484743595123
11.004999999999999,0.004305229522287846,0.004305229522287846,nan,nan,nan,nan,-0.054451946169137955,1.0,9.313225746154785e-10,0.6936440467834473,0.0,0.0,0.0,0.0,0.008999999612569809,0.009999999776482582,64.0,0.12505385279655457,2.554352283477783,0.011243857443332672,9.212990760803223,0.002607453614473343,0.0007532238960266113,-0.001854228787124157,0.015258975327014923,0.8453648090362549,0.016716891899704933,0.22054210305213928,9.0,1.0,0.0,0.0,0.004305222071707249,-7.450580596923828e-09,nan,0.012174035422503948,-0.06076397746801376,-0.22086788713932037,-0.06226227432489395,-0.07276742160320282,-0.005137422122061253,-0.15858495235443115,-0.05637240782380104,-0.018226435407996178,-0.06625034660100937,-0.018675856292247772,-0.02182692475616932,-0.0015409935731440783,-0.047568291425704956,-0.016909165307879448,-0.04480203241109848,-0.23761668801307678,-0.08728455007076263,-0.040859971195459366,-0.07328324764966965,-0.2174776941537857,-0.05674592778086662,0.0005579235730692744,7.76994857005775e-05,-0.0003443137102294713,4.924395034322515e-05,0.00023485698329750448,-4.646812521968968e-05,4.681101199821569e-05,0.11134175211191177,0.043169647455215454,0.0037635713815689087,0.038754258304834366,-0.06565188616514206,0.021667584776878357,0.12689238786697388,0.0665397197008133,-0.19444704055786133,-0.08352097868919373,-0.0021057138219475746,-0.1389351338148117,-0.19581010937690735,0.07014645636081696,0.0665397197008133,-0.19444704055786133,-0.08352097868919373,-0.0021057138219475746,-0.1389351338148117,-0.19581010937690735,0.07014645636081696,0.06653972715139389,-0.19444704055786133,-0.08352097868919373,-0.002105712890625,-0.1389351338148117,-0.19581010937690735,0.07014646381139755
11.067000000000004,0.004417537711560726,0.004417537711560726,nan,nan,nan,nan,-0.04944977909326553,0.0,8.381903171539307e-09,0.6947061419487,0.0,0.0,0.0,0.0,0.007000000216066837,0.013000000268220901,64.0,0.1250516176223755,2.592155694961548,0.01351628452539444,9.17120361328125,0.0007154205814003944,0.0013961917720735073,0.0006807795725762844,0.0,0.9437094926834106,0.016770726069808006,0.16397935152053833,9.0,1.0,0.0,0.0,0.0044175321236252785,-5.587935447692871e-09,nan,0.010957368649542332,0.017583709210157394,-0.14790503680706024,-0.12266341596841812,0.019992198795080185,-0.17242474853992462,-0.13405774533748627,0.06831647455692291,0.002484085038304329,-0.020894834771752357,-0.01732890121638775,0.0028243372216820717,-0.024358782917261124,-0.01893860101699829,0.009651201777160168,-0.013850057497620583,-0.19956469535827637,-0.10903908312320709,-0.010562942363321781,-0.12785816192626953,-0.18196484446525574,0.006535262800753117,0.0012539650779217482,0.0001815579307731241,-0.0010253015207126737,6.618438783334568e-05,0.0006914277328178287,-9.963364573195577e-05,-0.0002696533629205078,0.08040011674165726,0.005140915513038635,0.022320643067359924,0.008220808580517769,-0.012728750705718994,-0.010474562644958496,0.07060834765434265,0.06655006110668182,-0.19442377984523773,-0.08671844005584717,-0.0023421342484652996,-0.14058691263198853,-0.19243940711021423,0.0771436095237732,0.06655006110668182,-0.19442377984523773,-0.08671844005584717,-0.0023421342484652996,-0.14058691263198853,-0.19243940711021423,0.0771436095237732,0.06655006110668182,-0.19442377984523773,-0.08671844005584717,-0.0023421342484652996,-0.14058691263198853,-0.19243940711021423,0.0771436095237732
11.139,0.0043751997873187065,0.0043751997873187065,nan,nan,nan,nan,-0.053469814360141754,0.0,1.862645149230957e-09,0.6939787864685059,0.0,0.0,0.0,0.0,0.0010000000474974513,0.014999999664723873,64.0,0.12512031197547913,2.1569571495056152,0.011535361409187317,18.09441566467285,0.0011164285242557526,0.0006443127058446407,-0.0004721139557659626,0.0,0.9257218837738037,0.017343593761324883,0.1858745664358139,9.0,1.0,0.0,0.0,0.004375194199383259,-5.587935447692871e-09,nan,0.011111954227089882,-0.049681175500154495,-0.1571175903081894,-0.0729518011212349,0.012429757043719292,-0.09688582271337509,-0.19307653605937958,-0.10345997661352158,-0.023043189197778702,-0.07287448644638062,-0.03383660316467285,0.005765186622738838,-0.04493771493434906,-0.08955302089452744,-0.0479869470000267,-0.0109401885420084,-0.19359436631202698,-0.12001559883356094,0.005994711071252823,-0.1551143378019333,-0.18770430982112885,0.0073532722890377045,0.0008887893636710942,0.00012556304864119738,-0.0006707654101774096,5.523762956727296e-05,0.00043538675527088344,-6.731979374308139e-05,-9.273525211028755e-05,0.08738888055086136,0.007620856165885925,0.02555035799741745,0.0019653160125017166,-0.007211074233055115,0.002909928560256958,0.09464757144451141,0.07644869387149811,-0.18597351014614105,-0.0944652408361435,0.00796002708375454,-0.1623254120349884,-0.1847943812608719,0.10200084000825882,0.07644869387149811,-0.18597351014614105,-0.0944652408361435,0.00796002708375454,-0.1623254120349884,-0.1847943812608719,0.10200084000825882,0.07644869387149811,-0.18597351014614105,-0.0944652408361435,0.00796002708375454,-0.1623254120349884,-0.1847943812608719,0.10200084000825882
11.214000000000002,0.00443995650857687,0.00443995650857687,nan,nan,nan,nan,-0.06351231038570404,0.0,-1.862645149230957e-09,0.6931480765342712,0.0,0.0,0.0,0.0,0.0010000000474974513,0.00800000037997961,64.0,0.12515586614608765,6.247734546661377,0.02206210047006607,12.583300590515137,0.00011170096695423126,-0.00017565442249178886,-0.00028735725209116936,0.0,0.8483366370201111,0.017999036237597466,0.17700348794460297,9.0,1.0,0.0,0.0,0.004439949057996273,-7.450580596923828e-09,nan,0.010532730259001255,-0.049681175500154495,-0.1571175903081894,-0.0729518011212349,0.012429757043719292,-0.09688582271337509,-0.19307653605937958,-0.10345997661352158,-0.031883228570222855,-0.10083127021789551,-0.04681731015443802,0.007976880297064781,-0.062177132815122604,-0.12390817701816559,-0.06639613956212997,-0.04041624814271927,-0.2179795503616333,-0.11829514801502228,0.01195905078202486,-0.15468062460422516,-0.2394021451473236,-0.06707663089036942,0.0005306052626110613,7.227691094158217e-05,-0.00032043817918747663,4.6192635636543855e-05,0.00020197316189296544,-3.989064134657383e-05,6.842835136922076e-05,0.11603057384490967,0.029698356986045837,0.021772928535938263,0.004761182703077793,-0.020560577511787415,0.04111437499523163,0.16086001694202423,0.0756143257021904,-0.18828119337558746,-0.09652221947908401,0.016720233485102654,-0.17524120211601257,-0.19828777015209198,0.09378338605165482,0.0756143257021904,-0.18828119337558746,-0.09652221947908401,0.016720233485102654,-0.17524120211601257,-0.19828777015209198,0.09378338605165482,0.0756143257021904,-0.18828119337558746,-0.09652221947908401,0.016720233485102654,-0.17524120211601257,-0.19828777015209198,0.09378338605165482
11.293000000000003,0.004671086557209492,0.004671086557209492,nan,nan,nan,nan,-0.08773359656333923,1.0,9.313225746154785e-10,0.6923501491546631,0.0,0.0,0.0,0.0,0.003000000026077032,0.012000000104308128,64.0,0.12539318203926086,3.454209327697754,0.01833215355873108,10.235486030578613,0.003071253187954426,-0.00038812262937426567,-0.003459374886006117,0.0,0.7155219912528992,0.01877177692949772,0.18759207427501678,9.0,1.0,0.0,0.0,0.004671086557209492,0.0,nan,0.014956789091229439,-0.14199526607990265,-0.12782587110996246,-0.074260413646698,-0.010126776993274689,-0.01145122479647398,-0.08153185248374939,-0.20273667573928833,-0.04613994061946869,-0.04153573885560036,-0.02413017861545086,-0.003290595021098852,-0.0037209608126431704,-0.026492958888411522,-0.06587725132703781,-0.08853970468044281,-0.21521028876304626,-0.1140076071023941,0.007232663221657276,-0.1198241114616394,-0.22336098551750183,-0.14314362406730652,0.00015377743693534285,1.8589740648167208e-05,4.9481604946777225e-05,3.811478381976485e-05,-2.2493706637760624e-05,-1.5414125300594606e-05,0.00022233143681660295,0.16618427634239197,0.02268826961517334,0.020278282463550568,0.019884534180164337,-0.06691914796829224,0.0065972208976745605,0.2236274778842926,0.07764457911252975,-0.19252201914787292,-0.09372932463884354,0.027117198333144188,-0.18674325942993164,-0.21676376461982727,0.08048386126756668,0.07764457911252975,-0.19252201914787292,-0.09372932463884354,0.027117198333144188,-0.18674325942993164,-0.21676376461982727,0.08048386126756668,0.07764458656311035,-0.19252201914787292,-0.09372932463884354,0.027117200195789337,-0.18674325942993164,-0.21676376461982727,0.08048386871814728
11.388000000000002,0.004538931883871555,0.004538931883871555,nan,nan,nan,nan,-0.08421704173088074,1.0,9.313225746154785e-10,0.6923392415046692,0.0,0.0,0.0,0.0,0.00800000037997961,0.024000000208616257,64.0,0.12557080388069153,11.36786937713623,0.014872290194034576,18.79170036315918,-0.0008471598848700523,0.0003416184335947037,0.0011887792497873306,0.0,0.7457596659660339,0.018235981464385986,0.17199695110321045,9.0,1.0,0.0,0.0,0.004538928158581257,-3.725290298461914e-09,nan,0.010212681256234646,-0.0795641615986824,-0.1828094869852066,-0.06900455057621002,-0.0031443601474165916,-0.01580847054719925,-0.19297154247760773,-0.08939125388860703,-0.03551420196890831,-0.08159871399402618,-0.030800821259617805,-0.0014035142958164215,-0.00705625768750906,-0.0861346423625946,-0.03990061581134796,-0.10064034163951874,-0.2364708036184311,-0.1038288101553917,0.0007934168679639697,-0.06544257700443268,-0.24792100489139557,-0.13248293101787567,0.00106786226388067,0.00014819040370639414,-0.0008523095748387277,5.604737452813424e-05,0.0005059725372120738,-7.060667121550068e-05,-0.00014248688239604235,0.16248352825641632,0.03826558589935303,0.017415128648281097,0.02882668934762478,-0.09770523011684418,0.020934194326400757,0.19100381433963776,0.06184318661689758,-0.19820521771907806,-0.0864136815071106,0.029620105400681496,-0.16314780712127686,-0.2269868105649948,0.058520883321762085,0.06184318661689758,-0.19820521771907806,-0.0864136815071106,0.029620105400681496,-0.16314780712127686,-0.2269868105649948,0.058520883321762085,0.06184318661689758,-0.19820521771907806,-0.0864136815071106,0.029620105400681496,-0.16314780712127686,-0.2269868105649948,0.058520883321762085
11.449000000000002,0.004576659761369228,0.004576659761369228,nan,nan,nan,nan,-0.07245033979415894,0.0,0.0,0.692406952381134,0.0,0.0,0.0,0.0,0.0010000000474974513,0.014999999664723873,64.0,0.12556983530521393,1.9532320499420166,0.00959448516368866,8.45974349975586,0.001739688217639923,0.0008360105566680431,-0.00090367766097188,0.004979596007615328,0.8524055480957031,0.018160982057452202,0.20251165330410004,9.0,1.0,0.0,0.0,0.004576657898724079,-1.862645149230957e-09,nan,0.013033637776970863,0.009562858380377293,-0.13908515870571136,-0.11115116626024246,0.04082588106393814,-0.18288588523864746,-0.1349465399980545,0.06989075243473053,0.0,-0.0,-0.0,0.0,-0.0,-0.0,0.0,-0.06227342411875725,-0.20478355884552002,-0.10691852867603302,0.014986163005232811,-0.1054355800151825,-0.21088050305843353,-0.05935274809598923,0.0007892745197750628,0.0001081223672372289,-0.0005785438697785139,5.0025333621306345e-05,0.00033360053203068674,-5.105311356601305e-05,-2.3186485123005696e-05,0.12659280002117157,0.008964553475379944,0.024799339473247528,0.019065184518694878,-0.05343204736709595,-0.015646040439605713,0.1299944519996643,0.06431937962770462,-0.19581900537014008,-0.08211918920278549,0.03405134752392769,-0.15886762738227844,-0.22652654349803925,0.07064170390367508,0.06431937962770462,-0.19581900537014008,-0.08211918920278549,0.03405134752392769,-0.15886762738227844,-0.22652654349803925,0.07064170390367508,0.06431937962770462,-0.19581900537014008,-0.08211918920278549,0.03405134752392769,-0.15886762738227844,-0.22652654349803925,0.07064170390367508
11.528000000000002,0.004572945646941662,0.004572945646941662,nan,nan,nan,nan,-0.05674409121274948,0.0,0.0,0.6922510862350464,0.0,0.0,0.0,0.0,0.0020000000949949026,0.014999999664723873,64.0,0.12568822503089905,4.265176296234131,0.01627858728170395,16.987451553344727,-0.0009391866624355316,0.00028721848502755165,0.0012264051474630833,0.0,0.9325531721115112,0.01769600808620453,0.17392650246620178,9.0,1.0,0.0,0.0,0.004572941921651363,-3.725290298461914e-09,nan,0.010335445404052734,0.009562858380377293,-0.13908515870571136,-0.11115116626024246,0.04082588106393814,-0.18288588523864746,-0.1349465399980545,0.06989075243473053,0.0011893154587596655,-0.01729777082800865,-0.013823670335114002,0.005077441688627005,-0.02274518832564354,-0.016783058643341064,0.008692187257111073,-0.02601722814142704,-0.17566874623298645,-0.11207961291074753,0.029050225391983986,-0.14924558997154236,-0.17652380466461182,0.007318298798054457,0.0005204332992434502,7.056022877804935e-05,-0.00031323853181675076,4.4977798097534105e-05,0.00017835473408922553,-3.473399192444049e-05,8.397450437769294e-05,0.088798388838768,-0.006668969988822937,0.02778100222349167,0.010702261701226234,-0.01845759153366089,-0.032402440905570984,0.0799151286482811,0.06278116255998611,-0.1823377162218094,-0.08429861068725586,0.03975248709321022,-0.16770318150520325,-0.2089262455701828,0.08723342418670654,0.06278116255998611,-0.1823377162218094,-0.08429861068725586,0.03975248709321022,-0.16770318150520325,-0.2089262455701828,0.08723342418670654,0.06278116255998611,-0.1823377162218094,-0.08429861068725586,0.03975248709321022,-0.16770318150520325,-0.2089262455701828,0.08723342418670654
11.602999999999998,0.004615374840795994,0.004615374840795994,nan,nan,nan,nan,-0.07002678513526917,0.0,1.862645149230957e-09,0.693453848361969,0.0,0.0,0.0,0.0,0.007000000216066837,0.02199999988079071,64.0,0.12563960254192352,2.4237680435180664,0.009977258741855621,9.283995628356934,-0.001924397423863411,0.000553627498447895,0.0024780267849564552,0.0,0.787499725818634,0.01747090555727482,0.16195058822631836,9.0,1.0,0.0,0.0,0.004615374840795994,0.0,nan,0.009585347026586533,-0.14135029911994934,-0.1347626894712448,-0.06183652952313423,-0.017526978626847267,0.031921982765197754,-0.05587957799434662,-0.20877408981323242,-0.03811212629079819,-0.03633591905236244,-0.01667291671037674,-0.004725780338048935,0.008607089519500732,-0.015066750347614288,-0.05629153177142143,-0.062129296362400055,-0.17840661108493805,-0.10603175312280655,0.027731385082006454,-0.11367274820804596,-0.173145592212677,-0.06395398825407028,0.0004292016674298793,5.8840218116529286e-05,-0.00022356330009642988,4.4789961975766346e-05,0.0001251229114132002,-2.967369982798118e-05,0.00012060322478646412,0.1256749927997589,0.008008003234863281,0.02114293724298477,0.020450185984373093,-0.0635184496641159,-0.02318410575389862,0.16168078780174255,0.06354570388793945,-0.17039860785007477,-0.08488881587982178,0.04818157106637955,-0.17719119787216187,-0.19632969796657562,0.09772679954767227,0.06354570388793945,-0.17039860785007477,-0.08488881587982178,0.04818157106637955,-0.17719119787216187,-0.19632969796657562,0.09772679954767227,0.06354570388793945,-0.17039860785007477,-0.08488881587982178,0.04818157106637955,-0.17719119787216187,-0.19632969796657562,0.09772679954767227
11.660999999999998,0.004252390004694462,0.004252390004694462,nan,nan,nan,nan,-0.09328048676252365,0.0,1.862645149230957e-09,0.692358136177063,0.0,0.0,0.0,0.0,0.0,0.010999999940395355,64.0,0.12556378543376923,1.9586691856384277,0.009356997907161713,8.40076732635498,0.0012010931968688965,-0.0017570317722856998,-0.002958123106509447,-0.01736171543598175,0.5158044695854187,0.016129067167639732,0.2108232080936432,9.0,1.0,0.0,0.0,0.004252384416759014,-5.587935447692871e-09,nan,0.010469574481248856,-0.08171621710062027,-0.16855379939079285,-0.06841094046831131,0.018470505252480507,-0.010920648463070393,-0.20196321606636047,-0.09477582573890686,-0.02397383749485016,-0.04945017397403717,-0.02007034607231617,0.005418861750513315,-0.003203890984877944,-0.059251803904771805,-0.027805253863334656,-0.11332640796899796,-0.1876116394996643,-0.09795276820659637,0.009864505380392075,-0.04907563701272011,-0.15286001563072205,-0.14806969463825226,0.0006951385294087231,9.46341606322676e-05,-0.00048785176477395,4.955092663294636e-05,0.00026083842385560274,-4.256030297256075e-05,2.7209543986828066e-05,0.17421050369739532,0.024797797203063965,0.022751376032829285,0.039869435131549835,-0.11276812851428986,-0.026196777820587158,0.23444096744060516,0.06088409572839737,-0.16281384229660034,-0.07520139217376709,0.04973394051194191,-0.16184376180171967,-0.1790567934513092,0.0863712728023529,0.06088409572839737,-0.16281384229660034,-0.07520139217376709,0.04973394051194191,-0.16184376180171967,-0.1790567934513092,0.0863712728023529,0.06088409572839737,-0.16281384229660034,-0.07520139217376709,0.04973394051194191,-0.16184376180171967,-0.1790567934513092,0.0863712728023529
11.738000000000003,0.004162088967859745,0.004162088967859745,nan,nan,nan,nan,-0.0976344496011734,0.0,9.313225746154785e-10,0.6916731595993042,0.0,0.0,0.0,0.0,0.00800000037997961,0.01899999938905239,64.0,0.1255013346672058,1.845004916191101,0.01392606645822525,10.382440567016602,0.006029197946190834,-0.0005708038806915283,-0.006600000895559788,-0.0002699855249375105,0.6274160146713257,0.016089631244540215,0.20898188650608063,9.0,1.0,0.0,0.0,0.0041620852425694466,-3.725290298461914e-09,nan,0.014750423841178417,-0.08171621710062027,-0.16855379939079285,-0.06841094046831131,0.018470505252480507,-0.010920648463070393,-0.20196321606636047,-0.09477582573890686,-0.04047131538391113,-0.08347906172275543,-0.03388165310025215,0.009147824719548225,-0.005408632103353739,-0.10002563893795013,-0.04693929851055145,-0.11679427325725555,-0.22179435193538666,-0.09905268996953964,0.019874805584549904,-0.029663505032658577,-0.23595775663852692,-0.14234930276870728,0.0005179287400096655,7.054796151351184e-05,-0.0003114939609076828,4.733362948172726e-05,0.00016461820632684976,-3.397211185074411e-05,9.44491257541813e-05,0.17384153604507446,0.051782965660095215,0.03545203059911728,0.035485148429870605,-0.10701090097427368,0.037405192852020264,0.22096404433250427,0.05704725533723831,-0.17001138627529144,-0.06360065937042236,0.05535995215177536,-0.1366744041442871,-0.19855256378650665,0.078614741563797,0.05704725533723831,-0.17001138627529144,-0.06360065937042236,0.05535995215177536,-0.1366744041442871,-0.19855256378650665,0.078614741563797,0.05704725533723831,-0.17001138627529144,-0.06360065937042236,0.05535995215177536,-0.1366744041442871,-0.19855256378650665,0.078614741563797
11.805000000000003,0.00430374126881361,0.00430374126881361,nan,nan,nan,nan,-0.08352994918823242,0.0,-4.6566128730773926e-09,0.6915005445480347,0.0,0.0,0.0,0.0,0.007000000216066837,0.013000000268220901,64.0,0.12576185166835785,2.2719576358795166,0.011682510375976562,10.400344848632812,0.0032195616513490677,0.000792007427662611,-0.0024275588802993298,0.006668698973953724,0.7990660667419434,0.016962943598628044,0.21568606793880463,9.0,1.0,0.0,0.0,0.004303735680878162,-5.587935447692871e-09,nan,0.012830435298383236,0.005300352815538645,-0.13659214973449707,-0.10064496099948883,0.0519099161028862,-0.1852853149175644,-0.13406717777252197,0.07864978164434433,0.0,-0.0,-0.0,0.0,-0.0,-0.0,0.0,-0.08752206712961197,-0.21232616901397705,-0.10282428562641144,0.03139469772577286,-0.06947465240955353,-0.23243753612041473,-0.08472159504890442,0.0004556972999125719,6.231296720216051e-05,-0.00025036552688106894,4.801134127774276e-05,0.00013049988774582744,-3.238372300984338e-05,0.000117600015073549,0.1369423270225525,0.029717102646827698,0.03906356543302536,0.028727438300848007,-0.055203430354595184,0.0068810731172561646,0.15687844157218933,0.049420252442359924,-0.18260906636714935,-0.06376072019338608,0.060122136026620865,-0.12467808276414871,-0.22555646300315857,0.07215684652328491,0.049420252442359924,-0.18260906636714935,-0.06376072019338608,0.060122136026620865,-0.12467808276414871,-0.22555646300315857,0.07215684652328491,0.049420252442359924,-0.18260906636714935,-0.06376072019338608,0.060122136026620865,-0.12467808276414871,-0.22555646300315857,0.07215684652328491
11.889,0.004509554244577885,0.004509554244577885,nan,nan,nan,nan,-0.06087673455476761,0.0,3.725290298461914e-09,0.6917580962181091,0.0,0.0,0.0,0.0,0.004000000189989805,0.01600000075995922,64.0,0.12620863318443298,2.164560317993164,0.023680739104747772,8.595383644104004,-0.00034921616315841675,0.0015285597182810307,0.0018777796067297459,0.0,0.9124664068222046,0.01689247600734234,0.17714019119739532,9.0,1.0,0.0,0.0,0.004509550519287586,-3.725290298461914e-09,nan,0.010541540570557117,0.005300352815538645,-0.13659214973449707,-0.10064496099948883,0.0519099161028862,-0.1852853149175644,-0.13406717777252197,0.07864978164434433,0.0,-0.0,-0.0,0.0,-0.0,-0.0,0.0,-0.04311564192175865,-0.17609485983848572,-0.1017816960811615,0.04120922088623047,-0.12487870454788208,-0.18537697196006775,-0.006564407609403133,0.0011763693764805794,0.00015567892114631832,-0.0009733776096254587,5.799211794510484e-05,0.00047692039515823126,-6.209708226379007e-05,-0.00012455522664822638,0.09170536696910858,0.0009616166353225708,0.03295372426509857,0.021411888301372528,-0.012398004531860352,-0.030688360333442688,0.0897626280784607,0.04858972877264023,-0.17513324320316315,-0.06882797181606293,0.062621109187603,-0.13727670907974243,-0.21606533229351044,0.08319821953773499,0.04858972877264023,-0.17513324320316315,-0.06882797181606293,0.062621109187603,-0.13727670907974243,-0.21606533229351044,0.08319821953773499,0.04858972877264023,-0.17513324320316315,-0.06882797181606293,0.062621109187603,-0.13727670907974243,-0.21606533229351044,0.08319821953773499
11.962,0.004774787463247776,0.004774787463247776,nan,nan,nan,nan,-0.06983362138271332,0.0,0.0,0.6917787790298462,0.0,0.0,0.0,0.0,-0.0010000000474974513,0.019999999552965164,64.0,0.12627233564853668,1.9104639291763306,0.010438263416290283,9.248581886291504,-0.0015985630452632904,0.0012036105617880821,0.0028021736070513725,-0.003917422145605087,0.5713251829147339,0.01569884829223156,0.164207324385643,9.0,1.0,0.0,0.0,0.004774781875312328,-5.587935447692871e-09,nan,0.010949389077723026,-0.1367678940296173,-0.049568891525268555,-0.011830480769276619,-0.008350835181772709,0.1329508274793625,0.00921312440186739,-0.22553706169128418,-0.05816620960831642,-0.021081222221255302,-0.0050314017571508884,-0.003551538335159421,0.05654284358024597,0.003918262664228678,-0.09591897577047348,-0.09448018670082092,-0.1422286182641983,-0.07215984910726547,0.03407696262001991,-0.024295344948768616,-0.1439313292503357,-0.1258445829153061,0.001176024554297328,0.0001529825385659933,-0.0009777460945770144,5.726519520976581e-05,0.0004567657597362995,-5.8748530136654153e-05,-0.00011287120287306607,0.13824011385440826,-0.015173658728599548,0.007875680923461914,0.033769894391298294,-0.10777883231639862,-0.05744354426860809,0.19768129289150238,0.04375992342829704,-0.15740227699279785,-0.06428416818380356,0.0678468570113182,-0.13207417726516724,-0.2013748735189438,0.07183670997619629,0.04375992342829704,-0.15740227699279785,-0.06428416818380356,0.0678468570113182,-0.13207417726516724,-0.2013748735189438,0.07183670997619629,0.04375992342829704,-0.15740227699279785,-0.06428416818380356,0.0678468570113182,-0.13207417726516724,-0.2013748735189438,0.07183670997619629
12.019000000000002,0.0045977188274264336,0.0045977188274264336,nan,nan,nan,nan,-0.07668192684650421,0.0,0.0,0.690304160118103,0.0,0.0,0.0,0.0,0.0,0.004000000189989805,64.0,0.12624889612197876,2.863565444946289,0.0132070854306221,9.423483848571777,-0.0031726546585559845,-0.0008173245005309582,0.0023553301580250263,0.0,0.41993504762649536,0.012800347059965134,0.14037840068340302,9.0,1.0,0.0,0.0,0.004597715102136135,-3.725290298461914e-09,nan,0.008305483497679234,-0.09223633259534836,-0.17933133244514465,-0.06160183995962143,0.007266098167747259,0.02316385880112648,-0.1709895133972168,-0.12534421682357788,-0.028778355568647385,-0.05595258250832558,-0.01922018826007843,0.0022670715115964413,0.007227280177175999,-0.05334987863898277,-0.03910823538899422,-0.12486826628446579,-0.1452607661485672,-0.06109219789505005,0.018095310777425766,0.03852388262748718,-0.12371152639389038,-0.18191711604595184,0.00036024503060616553,4.9974172725342214e-05,-0.00015893181262072176,4.74627195217181e-05,7.80411355663091e-05,-2.766771831375081e-05,0.0001508455170551315,0.14848467707633972,0.006409779191017151,0.013861097395420074,0.04546208307147026,-0.13184338808059692,-0.04786576330661774,0.21776674687862396,0.023616408929228783,-0.13885098695755005,-0.047231100499629974,0.06355739384889603,-0.09331951290369034,-0.17157728970050812,0.03584962710738182,0.023616408929228783,-0.13885098695755005,-0.047231100499629974,0.06355739384889603,-0.09331951290369034,-0.17157728970050812,0.03584962710738182,0.023616408929228783,-0.13885098695755005,-0.047231100499629974,0.06355739384889603,-0.09331951290369034,-0.17157728970050812,0.03584962710738182
12.090999999999998,0.004406510852277279,0.004406510852277279,nan,nan,nan,nan,-0.08708486706018448,0.0,9.313225746154785e-10,0.6870840787887573,0.0,0.0,0.0,0.0,0.00800000037997961,0.010999999940395355,64.0,0.12610505521297455,3.0229334831237793,0.015771016478538513,10.188063621520996,0.002057798206806183,-0.002700298558920622,-0.00475809583440423,-0.005132095422595739,0.5932730436325073,0.01237410306930542,0.20415061712265015,9.0,1.0,0.0,0.0,0.0044065071269869804,-3.725290298461914e-09,nan,0.012421387247741222,-0.09223633259534836,-0.17933133244514465,-0.06160183995962143,0.007266098167747259,0.02316385880112648,-0.1709895133972168,-0.12534421682357788,-0.03916682302951813,-0.07615045458078384,-0.026158327236771584,0.0030854432843625546,0.009836196899414062,-0.07260821759700775,-0.05322560295462608,-0.1270911693572998,-0.19685174524784088,-0.07338806986808777,0.014267212711274624,0.03560902178287506,-0.18007299304008484,-0.17901062965393066,0.0006387153989635408,8.370701834792271e-05,-0.0004387690860312432,5.0341725000180304e-05,0.000198307418031618,-3.6666388041339815e-05,6.786981975892559e-05,0.15033915638923645,0.05415107309818268,0.03701840341091156,0.04752238094806671,-0.10592731088399887,0.008329689502716064,0.2066280096769333,0.023247992619872093,-0.1427006721496582,-0.03636966645717621,0.06178959459066391,-0.07031828910112381,-0.17174330353736877,0.027617383748292923,0.023247992619872093,-0.1427006721496582,-0.03636966645717621,0.06178959459066391,-0.07031828910112381,-0.17174330353736877,0.027617383748292923,0.023247992619872093,-0.1427006721496582,-0.03636966645717621,0.06178959459066391,-0.07031828910112381,-0.17174330353736877,0.027617383748292923
12.165000000000003,0.004142389632761478,0.004142389632761478,nan,nan,nan,nan,-0.06038597226142883,1.0,0.0,0.6876029968261719,0.0,0.0,0.0,0.0,0.0,0.020999999716877937,64.0,0.12565568089485168,2.73447585105896,0.014957040548324585,16.216812133789062,-0.0013393033295869827,-0.0014666197821497917,-0.000127316452562809,-0.0039229970425367355,0.8863334655761719,0.012903198599815369,0.21641814708709717,9.0,1.0,0.0,0.0,0.004142387770116329,-1.862645149230957e-09,nan,0.007360556628555059,-0.009208345785737038,-0.10134532302618027,-0.08741150796413422,0.09006547182798386,-0.15692387521266937,-0.18616308271884918,0.0678967759013176,-0.0,-0.0,-0.0,0.0,-0.0,-0.0,0.0,-0.06183227524161339,-0.1439802348613739,-0.0811513215303421,0.056228458881378174,-0.07097549736499786,-0.18344441056251526,-0.04232487082481384,0.0012535285204648972,0.00015668137348257005,-0.0010577513603493571,5.4318737966241315e-05,0.00045424257405102253,-5.353177402867004e-05,-0.00010911472782026976,0.08683481812477112,0.005665838718414307,0.03900712728500366,0.011917226016521454,-0.009607285261154175,0.0038628578186035156,0.08328860998153687,0.02500253915786743,-0.1383143961429596,-0.04214419424533844,0.06814568489789963,-0.08058278262615204,-0.17958155274391174,0.04096374288201332,0.02500253915786743,-0.1383143961429596,-0.04214419424533844,0.06814568489789963,-0.08058278262615204,-0.17958155274391174,0.04096374288201332,0.02500254102051258,-0.1383143961429596,-0.04214419424533844,0.06814568489789963,-0.08058278262615204,-0.17958155274391174,0.04096374660730362
12.212999999999997,0.004052513279020786,0.004052513279020786,nan,nan,nan,nan,-0.053240157663822174,0.0,0.0,0.6882720589637756,0.0,0.0,0.0,0.0,0.009999999776482582,0.007000000216066837,64.0,0.1255045086145401,2.9484331607818604,0.01018773764371872,9.113008499145508,-0.0007408168166875839,-0.0014034844934940338,-0.0006626676768064499,0.0,0.9294820427894592,0.013600562699139118,0.17508564889431,9.0,1.0,0.0,0.0,0.004052509553730488,-3.725290298461914e-09,nan,0.007380589377135038,-0.009208345785737038,-0.10134532302618027,-0.08741150796413422,0.09006547182798386,-0.15692387521266937,-0.18616308271884918,0.0678967759013176,-0.0,-0.0,-0.0,0.0,-0.0,-0.0,0.0,-0.04002068564295769,-0.1263088881969452,-0.083746038377285,0.07025323063135147,-0.10659941285848618,-0.18457123637199402,0.0033598411828279495,0.0004582013643812388,6.0476020735222846e-05,-0.00025572843151167035,4.446254388312809e-05,0.00011071504559367895,-2.5352648663101718e-05,0.00013061235949862748,0.07063484191894531,-0.0023466944694519043,0.03931973874568939,0.006562158465385437,0.003563530743122101,0.0010729730129241943,0.06251250952482224,0.030614152550697327,-0.1286555826663971,-0.04442629963159561,0.07681538909673691,-0.10303588211536407,-0.18349826335906982,0.06587234884500504,0.030614152550697327,-0.1286555826663971,-0.04442629963159561,0.07681538909673691,-0.10303588211536407,-0.18349826335906982,0.06587234884500504,0.030614152550697327,-0.1286555826663971,-0.04442629963159561,0.07681538909673691,-0.10303588211536407,-0.18349826335906982,0.06587234884500504
12.293000000000003,0.0038993442431092262,0.0038993442431092262,nan,nan,nan,nan,-0.07335449010133743,0.0,0.0,0.6890661716461182,0.0,0.0,0.0,0.0,0.0010000000474974513,0.017000000923871994,64.0,0.12553128600120544,3.058950424194336,0.013640150427818298,9.762139320373535,0.0007781907916069031,-0.0025108903646469116,-0.0032890811562538147,0.0,0.639427661895752,0.013976854272186756,0.1908889263868332,9.0,1.0,0.0,0.0,0.0038993405178189278,-3.725290298461914e-09,nan,0.007922437973320484,-0.13078077137470245,-0.06649217754602432,-0.04769798368215561,0.04432595148682594,0.0697631910443306,-0.11464140564203262,-0.21500171720981598,-0.045346636325120926,-0.02305535040795803,-0.016538694500923157,0.015369483269751072,0.024189535528421402,-0.03975050896406174,-0.07454922050237656,-0.08906123787164688,-0.1124594584107399,-0.07614577561616898,0.07089269906282425,-0.038519807159900665,-0.18486705422401428,-0.1117062121629715,0.0005150295910425484,6.673871394013986e-05,-0.00031323451548814774,4.383493433124386e-05,0.00012870781938545406,-2.4625724108773284e-05,0.00011851482122438028,0.12417981773614883,0.0007767155766487122,0.03253050893545151,0.018773891031742096,-0.07638341188430786,-0.004710152745246887,0.18485522270202637,0.03511857986450195,-0.11168274283409119,-0.04361526668071747,0.08966659009456635,-0.11490321904420853,-0.18957720696926117,0.07314901053905487,0.03511857986450195,-0.11168274283409119,-0.04361526668071747,0.08966659009456635,-0.11490321904420853,-0.18957720696926117,0.07314901053905487,0.03511857986450195,-0.11168274283409119,-0.04361526668071747,0.08966659009456635,-0.11490321904420853,-0.18957720696926117,0.07314901053905487
12.355,0.004063279367983341,0.004063279367983341,nan,nan,nan,nan,-0.09263566136360168,1.0,1.862645149230957e-09,0.6916567087173462,0.0,0.0,0.0,0.0,0.003000000026077032,0.02199999988079071,64.0,0.12556594610214233,3.2145044803619385,0.018421560525894165,10.731616973876953,0.0032258229330182076,-0.00181928975507617,-0.005045110825449228,0.0031162898521870375,0.5077120065689087,0.013113211840391159,0.19002458453178406,9.0,1.0,0.0,0.0,0.004063275642693043,-3.725290298461914e-09,nan,0.011329899542033672,-0.08671878278255463,-0.15814602375030518,-0.06536568701267242,0.0382363460958004,0.012720918282866478,-0.19501392543315887,-0.11637329310178757,-0.029966561123728752,-0.05464896932244301,-0.02258777990937233,0.013212960213422775,0.004395843017846346,-0.06738904863595963,-0.04021397978067398,-0.125801220536232,-0.12991611659526825,-0.07702743262052536,0.06511323153972626,0.015300409868359566,-0.19704172015190125,-0.1822393387556076,0.0008619503933005035,0.00010562212992226705,-0.0006652496522292495,4.616516889655031e-05,0.00025996597833000124,-3.2657851988915354e-05,2.669546847755555e-05,0.15637944638729095,0.031592339277267456,0.042425788938999176,0.03275056928396225,-0.10758750140666962,0.00611153244972229,0.23156993091106415,0.03057822771370411,-0.0983237773180008,-0.034601643681526184,0.09786380082368851,-0.0922870934009552,-0.19093018770217896,0.04933059215545654,0.03057822771370411,-0.0983237773180008,-0.034601643681526184,0.09786380082368851,-0.0922870934009552,-0.19093018770217896,0.04933059215545654,0.030578233301639557,-0.0983237773180008,-0.034601639956235886,0.09786380082368851,-0.0922870934009552,-0.19093018770217896,0.04933059960603714
12.415000000000003,0.004033098928630352,0.004033098928630352,nan,nan,nan,nan,-0.09638996422290802,0.0,-1.862645149230957e-09,0.6928479075431824,0.0,0.0,0.0,0.0,0.003000000026077032,0.009999999776482582,64.0,0.1255410760641098,1.8355865478515625,0.008252449333667755,8.490301132202148,0.0019482430070638657,-0.0008544996380805969,-0.002802744507789612,0.0,0.654296875,0.013769222423434258,0.16596947610378265,9.0,1.0,0.0,0.0,0.0040330952033400536,-3.725290298461914e-09,nan,0.009833915159106255,-0.08671878278255463,-0.15814602375030518,-0.06536568701267242,0.0382363460958004,0.012720918282866478,-0.19501392543315887,-0.11637329310178757,-0.05028170719742775,-0.09169699251651764,-0.0379006490111351,0.022170385345816612,0.007375904358923435,-0.1130739226937294,-0.06747612357139587,-0.12773999571800232,-0.18259300291538239,-0.08727828413248062,0.06120498478412628,0.01714225485920906,-0.24380549788475037,-0.1782139539718628,0.00047045035171322525,6.069758819648996e-05,-0.0002697915188036859,4.2312414734624326e-05,0.00010688483598642051,-2.231292091892101e-05,0.0001325482880929485,0.15116022527217865,0.06970801204442978,0.05541223660111427,0.038740694522857666,-0.09428581595420837,0.03313480317592621,0.2129557728767395,0.02342023327946663,-0.1128849908709526,-0.03186604753136635,0.09994567930698395,-0.07714355736970901,-0.21067069470882416,0.034741826355457306,0.02342023327946663,-0.1128849908709526,-0.03186604753136635,0.09994567930698395,-0.07714355736970901,-0.21067069470882416,0.034741826355457306,0.02342023327946663,-0.1128849908709526,-0.03186604753136635,0.09994567930698395,-0.07714355736970901,-0.21067069470882416,0.034741826355457306
12.468999999999998,0.004231403581798077,0.004231403581798077,nan,nan,nan,nan,-0.08603131026029587,0.0,1.862645149230957e-09,0.6951525807380676,0.0,0.0,0.0,0.0,0.003000000026077032,0.010999999940395355,64.0,0.12566611170768738,2.22005033493042,0.012127682566642761,9.367415428161621,0.0010385680943727493,0.0011552553623914719,0.00011668913066387177,0.0,0.7935562133789062,0.015026425011456013,0.1703111231327057,9.0,1.0,0.0,0.0,0.004231399856507778,-3.725290298461914e-09,nan,0.010106022469699383,-0.011369636282324791,-0.11758805066347122,-0.08133992552757263,0.08875371515750885,-0.17373529076576233,-0.16533896327018738,0.06347795575857162,-0.0,-0.0,-0.0,0.0,-0.0,-0.0,0.0,-0.10142794251441956,-0.18334510922431946,-0.09012431651353836,0.06833033263683319,-0.030114464461803436,-0.24084021151065826,-0.11979414522647858,0.0010617465013638139,0.00012416524987202138,-0.0008715747972019017,4.672028444474563e-05,0.00031855356064625084,-3.582684803404845e-05,-1.5906052794889547e-05,0.12435705214738846,0.05081517994403839,0.05595843493938446,0.03364718705415726,-0.044916316866874695,0.008858725428581238,0.1546652615070343,0.022929111495614052,-0.13252992928028107,-0.0341658815741539,0.10197751969099045,-0.07503078132867813,-0.23198148608207703,0.03487110882997513,0.022929111495614052,-0.13252992928028107,-0.0341658815741539,0.10197751969099045,-0.07503078132867813,-0.23198148608207703,0.03487110882997513,0.022929111495614052,-0.13252992928028107,-0.0341658815741539,0.10197751969099045,-0.07503078132867813,-0.23198148608207703,0.03487110882997513
12.538999999999998,0.004574951715767384,0.004574951715767384,nan,nan,nan,nan,-0.06264476478099823,0.0,0.0,0.6964151859283447,0.0,0.0,0.0,0.0,0.004000000189989805,0.009999999776482582,64.0,0.12602746486663818,3.2420177459716797,0.03433786332607269,11.02621078491211,-0.0018388647586107254,0.0026004421524703503,0.004439306911081076,0.0,0.9092639684677124,0.015458614565432072,0.22130046784877777,9.0,1.0,0.0,0.0,0.004574944265186787,-7.450580596923828e-09,nan,0.009344203397631645,-0.011369636282324791,-0.11758805066347122,-0.08133992552757263,0.08875371515750885,-0.17373529076576233,-0.16533896327018738,0.06347795575857162,-0.0,-0.0,-0.0,0.0,-0.0,-0.0,0.0,-0.05631161481142044,-0.15040291845798492,-0.08572361618280411,0.07856179773807526,-0.10206392407417297,-0.2030165046453476,-0.02798067405819893,0.0007220178376883268,8.506696758558974e-05,-0.0005296991439536214,4.325524787418544e-05,0.00018943460599984974,-2.7861129638040438e-05,7.180712418630719e-05,0.08089374005794525,0.01613818109035492,0.04639311879873276,0.024536065757274628,0.0015190616250038147,-0.02424357831478119,0.08296865969896317,0.02458212897181511,-0.13426473736763,-0.03933049738407135,0.10309786349534988,-0.10054486244916916,-0.22726008296012878,0.054987985640764236,0.02458212897181511,-0.13426473736763,-0.03933049738407135,0.10309786349534988,-0.10054486244916916,-0.22726008296012878,0.054987985640764236,0.02458212897181511,-0.13426473736763,-0.03933049738407135,0.10309786349534988,-0.10054486244916916,-0.22726008296012878,0.054987985640764236
12.611999999999998,0.004679427482187748,0.004679427482187748,nan,nan,nan,nan,-0.06086818501353264,0.0,0.0,0.6972464919090271,0.0,0.0,0.0,0.0,0.006000000052154064,0.003000000026077032,64.0,0.12623853981494904,5.215849876403809,0.02313125878572464,10.72502326965332,-0.0011744201183319092,0.0013950509019196033,0.0025694710202515125,0.0,0.8848263025283813,0.016116471961140633,0.19245928525924683,9.0,1.0,0.0,0.0,0.0046794237568974495,-3.725290298461914e-09,nan,0.01064083818346262,-0.06006962060928345,-0.09556585550308228,-0.05097542703151703,0.0892353281378746,-0.04034127667546272,-0.22365616261959076,-0.1226697564125061,-0.03790806606411934,-0.060308635234832764,-0.032169003039598465,0.05631363391876221,-0.02545812353491783,-0.14114244282245636,-0.07741305977106094,-0.052244458347558975,-0.14218877255916595,-0.08423831313848495,0.09811484068632126,-0.1168445274233818,-0.23055113852024078,-0.03983575478196144,0.0004487718397285789,5.4590160289080814e-05,-0.0002524870214983821,4.013112993561663e-05,9.19314261409454e-05,-2.1631094568874687e-05,0.0001391019468428567,0.08580337464809418,0.014930158853530884,0.04088681936264038,0.010377556085586548,-0.016696758568286896,0.01039855182170868,0.12123090028762817,0.0335589200258255,-0.12725861370563507,-0.043351493775844574,0.1084923967719078,-0.1335412859916687,-0.2201525866985321,0.08139514178037643,0.0335589200258255,-0.12725861370563507,-0.043351493775844574,0.1084923967719078,-0.1335412859916687,-0.2201525866985321,0.08139514178037643,0.0335589200258255,-0.12725861370563507,-0.043351493775844574,0.1084923967719078,-0.1335412859916687,-0.2201525866985321,0.08139514178037643
12.671000000000003,0.004330161027610302,0.004330161027610302,nan,nan,nan,nan,-0.09385283291339874,0.0,0.0,0.697053074836731,0.0,0.0,0.0,0.0,0.007000000216066837,0.014000000432133675,64.0,0.12590426206588745,2.3651766777038574,0.01085083931684494,9.061416625976562,0.001413784921169281,-0.001133969984948635,-0.002547754906117916,0.0,0.44605228304862976,0.01473063975572586,0.19684207439422607,9.0,1.0,0.0,0.0,0.004330155439674854,-5.587935447692871e-09,nan,0.011050963774323463,-0.12782175838947296,-0.06438471376895905,-0.050641536712646484,0.03645388036966324,0.08543982356786728,-0.08867402374744415,-0.2246323823928833,-0.07236048579216003,-0.03644848242402077,-0.02866840548813343,0.02063670940697193,0.048367880284786224,-0.05019877478480339,-0.12716543674468994,-0.12687082588672638,-0.11633584648370743,-0.07901519536972046,0.0738358125090599,0.016133051365613937,-0.17593452334403992,-0.19944223761558533,0.00013856033910997212,2.2375263142748736e-05,6.489627412520349e-05,3.761271364055574e-05,-8.826694283925463e-06,-1.654526022321079e-05,0.00021012262732256204,0.1556077003479004,0.006161041557788849,0.045481301844120026,0.03896750509738922,-0.12906254827976227,-0.0339830219745636,0.25569388270378113,0.028736881911754608,-0.11017480492591858,-0.03353389352560043,0.11280331760644913,-0.11292949318885803,-0.20991754531860352,0.0562516525387764,0.028736881911754608,-0.11017480492591858,-0.03353389352560043,0.11280331760644913,-0.11292949318885803,-0.20991754531860352,0.0562516525387764,0.028736881911754608,-0.11017480492591858,-0.03353389352560043,0.11280331760644913,-0.11292949318885803,-0.20991754531860352,0.0562516525387764
12.764999999999997,0.004185396246612072,0.004185396246612072,nan,nan,nan,nan,-0.10121186822652817,1.0,0.0,0.6958304047584534,0.0,0.0,0.0,0.0,0.004000000189989805,0.02199999988079071,64.0,0.1257999837398529,3.5414016246795654,0.019990839064121246,10.23041820526123,0.006498558446764946,-0.002508565317839384,-0.009007124230265617,0.001738525228574872,0.6176468133926392,0.014760381542146206,0.22627200186252594,9.0,1.0,0.0,0.0,0.004185390658676624,-5.587935447692871e-09,nan,0.015261523425579071,-0.08775448054075241,-0.14303644001483917,-0.06248541176319122,0.05334947258234024,0.028752800077199936,-0.19645509123802185,-0.12517111003398895,-0.04457481950521469,-0.07265524566173553,-0.03173941373825073,0.027098821476101875,0.0146049614995718,-0.09978920966386795,-0.06358056515455246,-0.12723542749881744,-0.1726997196674347,-0.08625561743974686,0.0760883241891861,0.03193444758653641,-0.24339032173156738,-0.1885712444782257,0.0006604055524803698,7.373790867859498e-05,-0.00046730428584851325,4.071902367286384e-05,0.0001511802402092144,-2.44885595748201e-05,9.947842045221478e-05,0.1544424146413803,0.05684897303581238,0.06275803595781326,0.04068099707365036,-0.1142863854765892,0.01895858347415924,0.22915464639663696,0.027206987142562866,-0.11585074663162231,-0.023497579619288445,0.11676932126283646,-0.0823519378900528,-0.22443173825740814,0.040583398193120956,0.027206987142562866,-0.11585074663162231,-0.023497579619288445,0.11676932126283646,-0.0823519378900528,-0.22443173825740814,0.040583398193120956,0.027206989005208015,-0.11585074663162231,-0.023497577756643295,0.11676932126283646,-0.0823519378900528,-0.22443173825740814,0.040583401918411255
12.831999999999997,0.0043192775920033455,0.0043192775920033455,nan,nan,nan,nan,-0.08037232607603073,0.0,9.313225746154785e-10,0.696921169757843,0.0,0.0,0.0,0.0,0.004000000189989805,0.009999999776482582,64.0,0.12591059505939484,2.412855625152588,0.011310912668704987,9.545494079589844,0.0014317063614726067,-0.0001487438566982746,-0.0015804492868483067,-0.0006213784217834473,0.8197847604751587,0.015429028309881687,0.1841813027858734,9.0,1.0,0.0,0.0,0.004319272004067898,-5.587935447692871e-09,nan,0.011004161089658737,-0.01887856237590313,-0.10602293163537979,-0.0750567689538002,0.10526879131793976,-0.1675533950328827,-0.17514578998088837,0.05419882386922836,-0.0,-0.0,-0.0,0.0,-0.0,-0.0,0.0,-0.09021168202161789,-0.15665650367736816,-0.08402498811483383,0.08761653304100037,-0.03714131563901901,-0.22874419391155243,-0.10329650342464447,0.00029360115877352655,3.766128793358803e-05,-9.424102609045804e-05,3.9076436223695055e-05,3.753829878405668e-05,-1.947981581906788e-05,0.0001771804818417877,0.10867155343294144,0.02931128442287445,0.05862318351864815,0.03055150806903839,-0.04056423902511597,-0.009595617651939392,0.13811182975769043,0.018459871411323547,-0.1273452192544937,-0.025401804596185684,0.11816804111003876,-0.07770555466413498,-0.23833981156349182,0.03481532633304596,0.018459871411323547,-0.1273452192544937,-0.025401804596185684,0.11816804111003876,-0.07770555466413498,-0.23833981156349182,0.03481532633304596,0.018459871411323547,-0.1273452192544937,-0.025401804596185684,0.11816804111003876,-0.07770555466413498,-0.23833981156349182,0.03481532633304596
12.943999999999999,0.004512329585850239,0.004512329585850239,nan,nan,nan,nan,-0.0719551146030426,1.0,-9.313225746154785e-10,0.6983479857444763,0.0,0.0,0.0,0.0,0.00800000037997961,0.026000000536441803,64.0,0.12630602717399597,2.413959264755249,0.012676231563091278,9.888856887817383,-0.001199987716972828,0.001575117465108633,0.0027751042507588863,0.0,0.7435330748558044,0.015048353932797909,0.1923866719007492,9.0,1.0,0.0,0.0,0.00451232772320509,-1.862645149230957e-09,nan,0.009543375112116337,-0.12053213268518448,-0.05633140727877617,-0.04759909585118294,0.030130045488476753,0.11079275608062744,-0.06710624694824219,-0.228794664144516,-0.03973940387368202,-0.018572445958852768,-0.015693405643105507,0.009933865629136562,0.0365283340215683,-0.02212490700185299,-0.07543352991342545,-0.08313676714897156,-0.11938418447971344,-0.0758896917104721,0.08195597678422928,-0.03624717891216278,-0.1762959510087967,-0.09901964664459229,0.0006797667592763901,7.503965753130615e-05,-0.0004914963501505554,4.205735240248032e-05,0.00014689040835946798,-2.3723619960946962e-05,9.951147512765601e-05,0.10431456565856934,0.0025638043880462646,0.04634484276175499,0.03686746954917908,-0.06154422461986542,-0.045489951968193054,0.15137887001037598,0.02117779664695263,-0.11682038009166718,-0.029544848948717117,0.11882344633340836,-0.0977914035320282,-0.22178590297698975,0.05235923081636429,0.02117779664695263,-0.11682038009166718,-0.029544848948717117,0.11882344633340836,-0.0977914035320282,-0.22178590297698975,0.05235923081636429,0.02117779850959778,-0.11682038009166718,-0.029544848948717117,0.11882344633340836,-0.0977914035320282,-0.22178590297698975,0.05235923454165459
13.044999999999998,0.004624285735189915,0.004624285735189915,nan,nan,nan,nan,-0.09438777714967728,0.0,0.0,0.6985745429992676,0.0,0.0,0.0,0.0,0.00800000037997961,0.03999999910593033,64.0,0.1264328956604004,2.521329641342163,0.01486111432313919,8.877933502197266,0.00017789937555789948,-0.0013142065145075321,-0.0014921058900654316,-0.001048855483531952,0.4469398856163025,0.012749506160616875,0.1937815546989441,9.0,1.0,0.0,0.0,0.004624278284609318,-7.450580596923828e-09,nan,0.011615320108830929,-0.0881940945982933,-0.1310444176197052,-0.06542475521564484,0.06808045506477356,0.03121613711118698,-0.1971612572669983,-0.12761978805065155,-0.03615936264395714,-0.0537278912961483,-0.026823988184332848,0.027912819758057594,0.01279854029417038,-0.08083563297986984,-0.05232379958033562,-0.13353127241134644,-0.11209730803966522,-0.07657045125961304,0.06764840334653854,0.06509972363710403,-0.15504202246665955,-0.22123289108276367,0.00031394747202284634,4.067841655341908e-05,-0.00011808392446255311,4.030591298942454e-05,4.20529322582297e-05,-1.9241299014538527e-05,0.0001714477693894878,0.14618456363677979,0.0158768892288208,0.057200025767087936,0.046883925795555115,-0.12986703217029572,-0.038386836647987366,0.2435767501592636,0.012653290294110775,-0.09622041881084442,-0.0193704254925251,0.11453232914209366,-0.06476730853319168,-0.1934288591146469,0.02234385907649994,0.012653290294110775,-0.09622041881084442,-0.0193704254925251,0.11453232914209366,-0.06476730853319168,-0.1934288591146469,0.02234385907649994,0.012653290294110775,-0.09622041881084442,-0.0193704254925251,0.11453232914209366,-0.06476730853319168,-0.1934288591146469,0.02234385907649994
13.114999999999998,0.004330105148255825,0.004330105148255825,nan,nan,nan,nan,-0.10857310146093369,0.0,4.656612873077393e-10,0.6978009343147278,0.0,0.0,0.0,0.0,0.006000000052154064,0.013000000268220901,64.0,0.1259470283985138,3.6995019912719727,0.014076940715312958,15.702363014221191,0.006685734260827303,-0.002526081632822752,-0.009211815893650055,0.0,0.6244977712631226,0.013587617315351963,0.17696495354175568,9.0,1.0,0.0,0.0,0.004330095835030079,-9.313225746154785e-09,nan,0.01630386710166931,-0.0881940945982933,-0.1310444176197052,-0.06542475521564484,0.06808045506477356,0.03121613711118698,-0.1971612572669983,-0.12761978805065155,-0.05684727057814598,-0.08446730673313141,-0.04217083752155304,0.043882619589567184,0.02012098766863346,-0.12708424031734467,-0.0822598934173584,-0.1366950273513794,-0.16249652206897736,-0.09082306176424026,0.08884899318218231,0.056775860488414764,-0.23807677626609802,-0.2109815925359726,0.0002959792036563158,3.952126280637458e-05,-9.895957191474736e-05,4.091540176887065e-05,3.647825724328868e-05,-1.9203849660698324e-05,0.00017613134696148336,0.15283983945846558,0.06161072850227356,0.07972616702318192,0.035284705460071564,-0.10816627740859985,0.026506870985031128,0.2328021377325058,0.01614481210708618,-0.1008857935667038,-0.011096891947090626,0.12413369864225388,-0.05139041692018509,-0.2115699052810669,0.0218205489218235,0.01614481210708618,-0.1008857935667038,-0.011096891947090626,0.12413369864225388,-0.05139041692018509,-0.2115699052810669,0.0218205489218235,0.01614481210708618,-0.1008857935667038,-0.011096891947090626,0.12413369864225388,-0.05139041692018509,-0.2115699052810669,0.0218205489218235
13.203999999999997,0.004217742942273617,0.004217742942273617,nan,nan,nan,nan,-0.0790180191397667,0.0,2.7939677238464355e-09,0.6975162029266357,0.0,0.0,0.0,0.0,0.01600000075995922,0.019999999552965164,64.0,0.12582086026668549,3.8062686920166016,0.011684373021125793,9.864896774291992,0.0012093586847186089,-0.00107476650737226,-0.002284122398123145,0.0,0.8495626449584961,0.01493722852319479,0.17415156960487366,9.0,1.0,0.0,0.0,0.004217733629047871,-9.313225746154785e-09,nan,0.01013234443962574,-0.025786804035305977,-0.09719394147396088,-0.07019895315170288,0.11923529952764511,-0.1646478921175003,-0.1782355010509491,0.04320419952273369,-0.0,-0.0,-0.0,0.0,-0.0,-0.0,0.0,-0.08452906459569931,-0.13751354813575745,-0.08298291265964508,0.10626634210348129,-0.05021604150533676,-0.21969211101531982,-0.08893366158008575,0.0003994405851699412,4.9287627916783094e-05,-0.00020529449102468789,4.3054151319665834e-05,6.220777140697464e-05,-2.085641426674556e-05,0.00015828009054530412,0.09790509939193726,0.02643575519323349,0.06444592773914337,0.0273071750998497,-0.014027640223503113,-0.01183326542377472,0.11749473214149475,0.013376038521528244,-0.11107779294252396,-0.018536986783146858,0.133573517203331,-0.06424368172883987,-0.23152537643909454,0.028561066836118698,0.013376038521528244,-0.11107779294252396,-0.018536986783146858,0.133573517203331,-0.06424368172883987,-0.23152537643909454,0.028561066836118698,0.013376038521528244,-0.11107779294252396,-0.018536986783146858,0.133573517203331,-0.06424368172883987,-0.23152537643909454,0.028561066836118698
13.264999999999997,0.00455403421074152,0.00455403421074152,nan,nan,nan,nan,-0.06480102241039276,0.0,-9.313225746154785e-10,0.6992886662483215,0.0,0.0,0.0,0.0,0.0010000000474974513,0.013000000268220901,64.0,0.12601767480373383,3.23384165763855,0.012910924851894379,9.44890308380127,-0.004902522079646587,0.0011459274683147669,0.006048448383808136,0.0,0.8654955625534058,0.01517870556563139,0.09840558469295502,9.0,1.0,0.0,0.0,0.004554028622806072,-5.587935447692871e-09,nan,0.006077975500375032,-0.10877977311611176,-0.015388659201562405,-0.044047847390174866,0.06851944327354431,0.11212411522865295,-0.10997506231069565,-0.2159367799758911,-0.03698490560054779,-0.0052321129478514194,-0.014976180158555508,0.023296473547816277,0.03812197223305702,-0.0373913012444973,-0.07341807335615158,-0.07191687077283859,-0.10861818492412567,-0.07663210481405258,0.11202692985534668,-0.06878107786178589,-0.19861938059329987,-0.06680759787559509,0.0005384924006648362,6.20939681539312e-05,-0.0003498209989629686,4.491080835578032e-05,9.720779780764133e-05,-2.2528087356477045e-05,0.00013225781731307507,0.08400701731443405,0.0027035102248191833,0.0497642382979393,0.024542570114135742,-0.02523207664489746,-0.026329591870307922,0.11129981279373169,0.012090143747627735,-0.10591467469930649,-0.02686786837875843,0.13656949996948242,-0.09401315450668335,-0.2249489724636078,0.0444922149181366,0.012090143747627735,-0.10591467469930649,-0.02686786837875843,0.13656949996948242,-0.09401315450668335,-0.2249489724636078,0.0444922149181366,0.012090143747627735,-0.10591467469930649,-0.02686786837875843,0.13656949996948242,-0.09401315450668335,-0.2249489724636078,0.0444922149181366
13.34,0.0044092899188399315,0.0044092899188399315,nan,nan,nan,nan,-0.08461089432239532,0.0,0.0,0.6977435350418091,0.0,0.0,0.0,0.0,0.0010000000474974513,0.01899999938905239,64.0,0.1259678304195404,2.4789059162139893,0.011257827281951904,19.928115844726562,-0.002011669799685478,-0.0006980709731578827,0.0013135988265275955,0.0,0.5285532474517822,0.013860105536878109,0.13681350648403168,9.0,1.0,0.0,0.0,0.004409284330904484,-5.587935447692871e-09,nan,0.00810280442237854,-0.10877977311611176,-0.015388659201562405,-0.044047847390174866,0.06851944327354431,0.11212411522865295,-0.10997506231069565,-0.2159367799758911,-0.07138609141111374,-0.010098717175424099,-0.028906142339110374,0.044965483248233795,0.0735807940363884,-0.07217049598693848,-0.14170725643634796,-0.12459994852542877,-0.06212695688009262,-0.07193049043416977,0.1086474061012268,0.06383086740970612,-0.1828857958316803,-0.2130076289176941,0.0004421989433467388,5.377664274419658e-05,-0.0002513562503736466,4.5014938223175704e-05,7.038572948658839e-05,-2.1208245016168803e-05,0.00015066670312080532,0.13196897506713867,-0.013406231999397278,0.05354560539126396,0.03385668992996216,-0.13226424157619476,-0.029950931668281555,0.23431561887264252,0.007369028404355049,-0.0755331888794899,-0.018384885042905807,0.14250409603118896,-0.06843337416648865,-0.21283672749996185,0.021307988092303276,0.007369028404355049,-0.0755331888794899,-0.018384885042905807,0.14250409603118896,-0.06843337416648865,-0.21283672749996185,0.021307988092303276,0.007369028404355049,-0.0755331888794899,-0.018384885042905807,0.14250409603118896,-0.06843337416648865,-0.21283672749996185,0.021307988092303276
13.404999999999998,0.004889625124633312,0.004889625124633312,nan,nan,nan,nan,-0.09693247079849243,0.0,-4.656612873077393e-10,0.6981374621391296,0.0,0.0,0.0,0.0,0.0010000000474974513,0.014999999664723873,64.0,0.1260611116886139,3.3923842906951904,0.01312699168920517,11.03958511352539,0.001882630866020918,-0.00026111258193850517,-0.0021437439136207104,0.016389664262533188,0.6528143882751465,0.014096313156187534,0.190386101603508,9.0,1.0,0.0,0.0,0.004889621399343014,-3.725290298461914e-09,nan,0.014989349991083145,-0.09069434553384781,-0.10541369020938873,-0.06531260907649994,0.09220501780509949,0.04570503905415535,-0.19741210341453552,-0.12974780797958374,-0.05228624492883682,-0.06077210605144501,-0.03765340894460678,0.05315716192126274,0.02634943649172783,-0.11381015926599503,-0.07480098307132721,-0.13080427050590515,-0.10470202565193176,-0.08401000499725342,0.12266456335783005,0.0665130764245987,-0.23416315019130707,-0.20702119171619415,0.00034657149808481336,4.6714336349396035e-05,-0.0001546817074995488,4.57355854450725e-05,4.908528353553265e-05,-2.1359695892897435e-05,0.00016425216745119542,0.1392396092414856,0.03837258368730545,0.07096722722053528,0.029874347150325775,-0.11551883816719055,0.012725785374641418,0.218705415725708,0.008435338735580444,-0.06632944196462631,-0.01304277777671814,0.15253891050815582,-0.04900576174259186,-0.22143736481666565,0.011684224009513855,0.008435338735580444,-0.06632944196462631,-0.01304277777671814,0.15253891050815582,-0.04900576174259186,-0.22143736481666565,0.011684224009513855,0.008435338735580444,-0.06632944196462631,-0.01304277777671814,0.15253891050815582,-0.04900576174259186,-0.22143736481666565,0.011684224009513855
13.476000000000003,0.004694969393312931,0.004694969393312931,nan,nan,nan,nan,-0.09595299512147903,0.0,-4.656612873077393e-10,0.6985523700714111,0.0,0.0,0.0,0.0,0.0010000000474974513,0.013000000268220901,64.0,0.12600217759609222,2.504751205444336,0.1105843111872673,10.106531143188477,-0.002783177886158228,-0.0004206795711070299,0.0023624978493899107,0.0,0.7925859689712524,0.01580042950809002,0.15389300882816315,9.0,1.0,0.0,0.0,0.004694965668022633,-3.725290298461914e-09,nan,0.009096571244299412,-0.031765833497047424,-0.07550325989723206,-0.06657522171735764,0.1422629952430725,-0.14986005425453186,-0.18680071830749512,0.03558964654803276,-0.0,-0.0,-0.0,0.0,-0.0,-0.0,0.0,-0.1273547261953354,-0.13182757794857025,-0.09317490458488464,0.14014127850532532,0.04126530513167381,-0.2705964148044586,-0.17994041740894318,0.0007618799572810531,8.115296077448875e-05,-0.0005823447718285024,4.753519897349179e-05,0.00014480276149697602,-2.3552667698822916e-05,9.692264575278386e-05,0.12814921140670776,0.05303431302309036,0.07546906173229218,0.027771100401878357,-0.0724528580904007,0.017280668020248413,0.1782393455505371,0.0007944791577756405,-0.07879326492547989,-0.017705842852592468,0.16791237890720367,-0.031187551096081734,-0.2533157467842102,-0.001701075816527009,0.0007944791577756405,-0.07879326492547989,-0.017705842852592468,0.16791237890720367,-0.031187551096081734,-0.2533157467842102,-0.001701075816527009,0.0007944791577756405,-0.07879326492547989,-0.017705842852592468,0.16791237890720367,-0.031187551096081734,-0.2533157467842102,-0.001701075816527009
13.541999999999998,0.00441706832498312,0.00441706832498312,nan,nan,nan,nan,-0.07456401735544205,0.0,4.656612873077393e-10,0.6994634866714478,0.0,0.0,0.0,0.0,0.004999999888241291,0.017000000923871994,64.0,0.12589217722415924,2.5672707557678223,0.014367513358592987,18.138078689575195,0.0003356342203915119,-0.0007983751129359007,-0.0011340088676661253,0.0,0.8836928009986877,0.016336293891072273,0.17580589652061462,9.0,1.0,0.0,0.0,0.004417066462337971,-1.862645149230957e-09,nan,0.010455724783241749,-0.031765833497047424,-0.07550325989723206,-0.06657522171735764,0.1422629952430725,-0.14986005425453186,-0.18680071830749512,0.03558964654803276,-0.00010188895976170897,-0.00024217682948801666,-0.00021354013006202877,0.0004563087713904679,-0.00048067636089399457,-0.0005991636426188052,0.00011415385233704001,-0.07836165279150009,-0.10299106687307358,-0.07957397401332855,0.14130911231040955,-0.05681391805410385,-0.2277371734380722,-0.06941249221563339,0.0005752536235377192,6.403634324669838e-05,-0.0003902686876244843,4.584758426062763e-05,9.651394066167995e-05,-2.1891388314543292e-05,0.0001311437808908522,0.08884590864181519,0.025264747440814972,0.0624842531979084,0.033949777483940125,-0.005178321152925491,-0.026792451739311218,0.10043618083000183,0.010484257712960243,-0.0777263194322586,-0.01708972081542015,0.17525888979434967,-0.06199223920702934,-0.2545296251773834,0.031023692339658737,0.010484257712960243,-0.0777263194322586,-0.01708972081542015,0.17525888979434967,-0.06199223920702934,-0.2545296251773834,0.031023692339658737,0.010484257712960243,-0.0777263194322586,-0.01708972081542015,0.17525888979434967,-0.06199223920702934,-0.2545296251773834,0.031023692339658737
13.608,0.004231917671859264,0.004231917671859264,nan,nan,nan,nan,-0.08159708976745605,0.0,-4.656612873077393e-10,0.700196385383606,0.0,0.0,0.0,0.0,0.004000000189989805,0.014999999664723873,64.0,0.1259160190820694,4.567010402679443,0.018981285393238068,10.709880828857422,0.0022508022375404835,-0.0016928799450397491,-0.00394368264824152,0.0,0.7677619457244873,0.016895432025194168,0.18713299930095673,9.0,1.0,0.0,0.0,0.004231915809214115,-1.862645149230957e-09,nan,0.011195377446711063,-0.11010147631168365,-0.039251908659935,-0.05417005345225334,0.04743073508143425,0.11171860992908478,-0.08773895353078842,-0.22577358782291412,-0.028685569763183594,-0.010226595215499401,-0.014113332144916058,0.012357487343251705,0.02910689078271389,-0.02285929024219513,-0.058822497725486755,-0.09402617812156677,-0.08259689807891846,-0.07803744822740555,0.14752018451690674,-0.02305595390498638,-0.24163760244846344,-0.1444513201713562,0.0003562742203939706,4.536084088613279e-05,-0.0001648884208407253,4.3435695260996e-05,4.6369637857424095e-05,-1.9859691747114994e-05,0.0001662283029872924,0.10980413854122162,0.013036541640758514,0.0624518021941185,0.03544938564300537,-0.060419708490371704,-0.01685209572315216,0.18430650234222412,0.015777960419654846,-0.06956035643815994,-0.015585645101964474,0.1829695701599121,-0.08347566425800323,-0.2584896981716156,0.03985518589615822,0.015777960419654846,-0.06956035643815994,-0.015585645101964474,0.1829695701599121,-0.08347566425800323,-0.2584896981716156,0.03985518589615822,0.015777960419654846,-0.06956035643815994,-0.015585645101964474,0.1829695701599121,-0.08347566425800323,-0.2584896981716156,0.03985518589615822
13.686000000000003,0.0041826339438557625,0.0041826339438557625,nan,nan,nan,nan,-0.09345239400863647,1.0,-2.3283064365386963e-10,0.7016767859458923,0.0,0.0,0.0,0.0,0.0010000000474974513,0.014000000432133675,64.0,0.12601320445537567,2.3832077980041504,0.013334676623344421,9.73324203491211,0.0027219706680625677,-0.00150840706191957,-0.004230378195643425,0.0,0.5357784032821655,0.015510981902480125,0.1890268474817276,9.0,1.0,0.0,0.0,0.004182628355920315,-5.587935447692871e-09,nan,0.01132151298224926,-0.11010147631168365,-0.039251908659935,-0.05417005345225334,0.04743073508143425,0.11171860992908478,-0.08773895353078842,-0.22577358782291412,-0.057916317135095596,-0.020647550001740456,-0.02849489264190197,0.024949833750724792,0.05876696854829788,-0.046153027564287186,-0.11876293271780014,-0.12486876547336578,-0.06974605470895767,-0.07777157425880432,0.10880757868289948,0.06580193340778351,-0.1852104663848877,-0.23119474947452545,0.0007415328873321414,7.508752605644986e-05,-0.0005619254079647362,4.5115335524315014e-05,0.00012684923422057182,-2.1543986804317683e-05,0.00011010083107976243,0.13676033914089203,0.013851463794708252,0.06561839580535889,0.06625229120254517,-0.12773935496807098,-0.055984556674957275,0.24406996369361877,0.011891578324139118,-0.05589459091424942,-0.01215317565947771,0.17505986988544464,-0.06193741783499718,-0.24119502305984497,0.01287521980702877,0.011891578324139118,-0.05589459091424942,-0.01215317565947771,0.17505986988544464,-0.06193741783499718,-0.24119502305984497,0.01287521980702877,0.011891580186784267,-0.05589459091424942,-0.012153174728155136,0.17505986988544464,-0.06193741783499718,-0.24119502305984497,0.012875222600996494
13.763000000000002,0.004674843512475491,0.004674843512475491,nan,nan,nan,nan,-0.09603183716535568,0.0,4.656612873077393e-10,0.7061223983764648,0.0,0.0,0.0,0.0,0.006000000052154064,0.017000000923871994,64.0,0.1267954409122467,2.1344470977783203,0.009894371032714844,8.753767967224121,-0.0018207295797765255,0.002353868680074811,0.00417459849268198,0.01386344712227583,0.7086862325668335,0.015050959773361683,0.19742561876773834,9.0,1.0,0.0,0.0,0.004674839787185192,-3.725290298461914e-09,nan,0.009743981994688511,-0.09193340688943863,-0.09775799512863159,-0.06929369270801544,0.09359940886497498,0.0438886433839798,-0.19395554065704346,-0.13741977512836456,-0.04400201886892319,-0.04678983613848686,-0.03316599130630493,0.04479941725730896,0.02100639045238495,-0.09283280372619629,-0.0657731294631958,-0.12766972184181213,-0.10599325597286224,-0.0885104387998581,0.12133056670427322,0.06387203186750412,-0.23240894079208374,-0.21187160909175873,0.0005114600644446909,5.652913750964217e-05,-0.0003270418383181095,4.4739103032043204e-05,7.653702778043225e-05,-2.141315235348884e-05,0.00014347706746775657,0.1292537897825241,0.04757197946310043,0.07484136521816254,0.047345153987407684,-0.10044440627098083,-0.006483778357505798,0.19953563809394836,0.0015840735286474228,-0.05842127650976181,-0.013669073581695557,0.1686757206916809,-0.036572374403476715,-0.23889271914958954,-0.01233597844839096,0.0015840735286474228,-0.05842127650976181,-0.013669073581695557,0.1686757206916809,-0.036572374403476715,-0.23889271914958954,-0.01233597844839096,0.0015840735286474228,-0.05842127650976181,-0.013669073581695557,0.1686757206916809,-0.036572374403476715,-0.23889271914958954,-0.01233597844839096
13.836000000000002,0.004816546104848385,0.004816546104848385,nan,nan,nan,nan,-0.09467491507530212,0.0,-9.313225746154785e-10,0.7075464725494385,0.0,0.0,0.0,0.0,0.004999999888241291,0.017999999225139618,64.0,0.12740519642829895,2.6384739875793457,0.01492723822593689,10.136075019836426,-0.0020087258890271187,0.001905799494124949,0.003914524335414171,0.0,0.7954217195510864,0.01596294529736042,0.1750306785106659,9.0,1.0,0.0,0.0,0.004816542379558086,-3.725290298461914e-09,nan,0.010406027548015118,-0.03901653736829758,-0.0764082744717598,-0.07010094076395035,0.14115500450134277,-0.16830497980117798,-0.1703445315361023,0.021372435614466667,-0.0,-0.0,-0.0,0.0,-0.0,-0.0,0.0,-0.11714483052492142,-0.11733952164649963,-0.09223311394453049,0.13393250107765198,0.02292974293231964,-0.24638423323631287,-0.17010730504989624,0.00044753472320735455,5.127849362907e-05,-0.0002640809689182788,4.6043929614825174e-05,6.210912397364154e-05,-2.29606685024919e-05,0.00015090094530023634,0.11777104437351227,0.047699183225631714,0.07844046503305435,0.04050421714782715,-0.056135181337594986,-0.009116649627685547,0.1614205688238144,0.0006262157112360001,-0.06964033842086792,-0.013792651705443859,0.17443671822547913,-0.033205438405275345,-0.2555008828639984,-0.008686734363436699,0.0006262157112360001,-0.06964033842086792,-0.013792651705443859,0.17443671822547913,-0.033205438405275345,-0.2555008828639984,-0.008686734363436699,0.0006262157112360001,-0.06964033842086792,-0.013792651705443859,0.17443671822547913,-0.033205438405275345,-0.2555008828639984,-0.008686734363436699
13.912000000000003,0.004773600958287716,0.004773600958287716,nan,nan,nan,nan,-0.07524555176496506,1.0,9.313225746154785e-10,0.7103099226951599,0.0,0.0,0.0,0.0,0.0020000000949949026,0.029999999329447746,64.0,0.12796130776405334,3.5013883113861084,0.015265308320522308,17.81134033203125,-0.00351006630808115,0.0025211931206285954,0.00603126036003232,-0.0008324782829731703,0.8813384771347046,0.015967698767781258,0.14491787552833557,9.0,1.0,0.0,0.0,0.004773600958287716,0.0,nan,0.00856719072908163,-0.03901653736829758,-0.0764082744717598,-0.07010094076395035,0.14115500450134277,-0.16830497980117798,-0.1703445315361023,0.021372435614466667,-0.0,-0.0,-0.0,0.0,-0.0,-0.0,0.0,-0.07986418902873993,-0.09780827164649963,-0.08167225867509842,0.13737890124320984,-0.06832215934991837,-0.2101002037525177,-0.0787384882569313,0.00010925029346253723,2.6319597964175045e-05,8.465965947834775e-05,4.4682776206173e-05,-1.631481723052275e-06,-2.2454705685959198e-05,0.0001949603611137718,0.08453432470560074,0.026710577309131622,0.0643509030342102,0.03802920877933502,0.005393952131271362,-0.03824353218078613,0.09317232668399811,0.004670138005167246,-0.07109769433736801,-0.017321351915597916,0.17540811002254486,-0.062928207218647,-0.24834373593330383,0.014433834701776505,0.004670138005167246,-0.07109769433736801,-0.017321351915597916,0.17540811002254486,-0.062928207218647,-0.24834373593330383,0.014433834701776505,0.004670140333473682,-0.07109769433736801,-0.017321350052952766,0.17540811002254486,-0.062928207218647,-0.24834373593330383,0.014433838427066803
13.980999999999998,0.004500261507928371,0.004500261507928371,nan,nan,nan,nan,-0.08803333342075348,0.0,1.3969838619232178e-09,0.7100173234939575,0.0,0.0,0.0,0.0,0.0,0.012000000104308128,64.0,0.12845757603645325,1.960339069366455,0.009017996490001678,8.600064277648926,-0.003419176209717989,-1.157168298959732e-05,0.0034076059237122536,0.0,0.48945754766464233,0.013939086347818375,0.11576244235038757,9.0,1.0,0.0,0.0,0.004500259645283222,-1.862645149230957e-09,nan,0.0069570234045386314,-0.11093801259994507,-0.04037585109472275,-0.058343201875686646,0.026440955698490143,0.12884703278541565,-0.04830344766378403,-0.23027096688747406,-0.05718507617712021,-0.020812489092350006,-0.030074097216129303,0.013629485853016376,0.06641661375761032,-0.024898916482925415,-0.11869748681783676,-0.1196419820189476,-0.07549376785755157,-0.08135919272899628,0.08352000266313553,0.06408901512622833,-0.13358236849308014,-0.2078857570886612,0.00012762367259711027,2.7701880753738806e-05,6.648852286161855e-05,4.5873581257183105e-05,1.1150890486533171e-06,-2.3527565645053983e-05,0.00019370033987797797,0.12142802774906158,0.014284871518611908,0.06691545248031616,0.0756116434931755,-0.11799052357673645,-0.07974506914615631,0.21284076571464539,0.0017860466614365578,-0.06120889633893967,-0.014443743042647839,0.15913164615631104,-0.05390150845050812,-0.21332743763923645,0.00495501421391964,0.0017860466614365578,-0.06120889633893967,-0.014443743042647839,0.15913164615631104,-0.05390150845050812,-0.21332743763923645,0.00495501421391964,0.0017860466614365578,-0.06120889633893967,-0.014443743042647839,0.15913164615631104,-0.05390150845050812,-0.21332743763923645,0.00495501421391964
14.040000000000003,0.0039845677092671394,0.0039845677092671394,nan,nan,nan,nan,-0.11054214090108871,0.0,-9.313225746154785e-10,0.7093760371208191,0.0,0.0,0.0,0.0,0.0020000000949949026,0.014000000432133675,64.0,0.12852393090724945,2.029327630996704,0.011421740055084229,9.024584770202637,0.006974437274038792,-0.0023275790736079216,-0.009302017278969288,-0.012132071889936924,0.4206155240535736,0.012237110175192356,0.19617129862308502,9.0,1.0,0.0,0.0,0.003984563983976841,-3.725290298461914e-09,nan,0.014143586158752441,-0.09336099773645401,-0.08427010476589203,-0.0717272013425827,0.10549090057611465,0.047626785933971405,-0.19178330898284912,-0.13733172416687012,-0.036410558968782425,-0.03286513313651085,-0.02797343209385872,0.04114118963479996,0.01857432909309864,-0.07479501515626907,-0.05355903133749962,-0.14365987479686737,-0.07851976901292801,-0.08936810493469238,0.07871338725090027,0.11718495935201645,-0.1341964304447174,-0.2664695382118225,0.0003536341246217489,4.406980951898731e-05,-0.00016567931743338704,4.804342097486369e-05,4.229163459967822e-05,-2.487544588802848e-05,0.000166412050020881,0.15112945437431335,0.03161449730396271,0.08672282099723816,0.07075509428977966,-0.14186438918113708,-0.051835790276527405,0.25767621397972107,0.007469579577445984,-0.0469052717089653,-0.002645287662744522,0.14946848154067993,-0.02467942237854004,-0.1860322207212448,-0.008793320506811142,0.007469579577445984,-0.0469052717089653,-0.002645287662744522,0.14946848154067993,-0.02467942237854004,-0.1860322207212448,-0.008793320506811142,0.007469579577445984,-0.0469052717089653,-0.002645287662744522,0.14946848154067993,-0.02467942237854004,-0.1860322207212448,-0.008793320506811142
14.102,0.003908832557499409,0.003908832557499409,nan,nan,nan,nan,-0.11716128140687943,0.0,0.0,0.7101653218269348,0.0,0.0,0.0,0.0,0.0,0.010999999940395355,64.0,0.12915153801441193,3.6943647861480713,0.013274140655994415,11.719879150390625,0.009458111599087715,-0.001061445102095604,-0.010519556701183319,0.0,0.6267534494400024,0.012988178059458733,0.16168953478336334,9.0,1.0,0.0,0.0,0.0039088306948542595,-1.862645149230957e-09,nan,0.01613418199121952,-0.09336099773645401,-0.08427010476589203,-0.0717272013425827,0.10549090057611465,0.047626785933971405,-0.19178330898284912,-0.13733172416687012,-0.05312994495034218,-0.04795649275183678,-0.04081856831908226,0.06003284081816673,0.0271034874022007,-0.10914018750190735,-0.0781528428196907,-0.14240430295467377,-0.10217826068401337,-0.0985829159617424,0.11781903356313705,0.09526775777339935,-0.20960691571235657,-0.23789310455322266,0.0002739066258072853,3.9311991713475436e-05,-8.312735008075833e-05,5.071132181910798e-05,2.8698001187876798e-05,-2.7265490643912926e-05,0.0001764105400070548,0.15062357485294342,0.05400240793824196,0.09758683294057846,0.040495239198207855,-0.1076357364654541,0.010279685258865356,0.22607354819774628,0.008219275623559952,-0.04817585274577141,-0.0009960848838090897,0.1583142727613449,-0.012367980554699898,-0.1993272304534912,-0.01181955635547638,0.008219275623559952,-0.04817585274577141,-0.0009960848838090897,0.1583142727613449,-0.012367980554699898,-0.1993272304534912,-0.01181955635547638,0.008219275623559952,-0.04817585274577141,-0.0009960848838090897,0.1583142727613449,-0.012367980554699898,-0.1993272304534912,-0.01181955635547638
14.181999999999999,0.004374186508357525,0.004374186508357525,nan,nan,nan,nan,-0.09488922357559204,0.0,9.313225746154785e-10,0.7152462601661682,0.0,0.0,0.0,0.0,0.0020000000949949026,0.017000000923871994,64.0,0.13034085929393768,2.219804525375366,0.014709308743476868,9.637009620666504,0.0022504208609461784,0.004425920080393553,0.002175500150769949,0.016499418765306473,0.8120079040527344,0.014641442336142063,0.21095313131809235,9.0,1.0,0.0,0.0,0.004374180920422077,-5.587935447692871e-09,nan,0.011707927100360394,-0.042387403547763824,-0.06426219642162323,-0.06803083419799805,0.15385928750038147,-0.1652889996767044,-0.16834473609924316,0.010601779446005821,-0.0,-0.0,-0.0,0.0,-0.0,-0.0,0.0,-0.10994924604892731,-0.09632798284292221,-0.09170806407928467,0.14105945825576782,0.0025939717888832092,-0.21651001274585724,-0.14959418773651123,0.0006242741947062314,6.630911957472563e-05,-0.00044723364408127964,5.831710950587876e-05,9.272808529203758e-05,-3.2046209526015446e-05,0.0001303855242440477,0.11102600395679474,0.03954249247908592,0.08031340688467026,0.03399306535720825,-0.02126995474100113,-0.009831249713897705,0.13650530576705933,0.0010767541825771332,-0.05678549036383629,-0.011394656263291836,0.17505252361297607,-0.01867598295211792,-0.22634126245975494,-0.013088887557387352,0.0010767541825771332,-0.05678549036383629,-0.011394656263291836,0.17505252361297607,-0.01867598295211792,-0.22634126245975494,-0.013088887557387352,0.0010767541825771332,-0.05678549036383629,-0.011394656263291836,0.17505252361297607,-0.01867598295211792,-0.22634126245975494,-0.013088887557387352
14.275000000000002,0.004297642968595028,0.004297642968595028,nan,nan,nan,nan,-0.07406718283891678,0.0,0.0,0.7174167633056641,0.0,0.0,0.0,0.0,0.006000000052154064,0.01600000075995922,64.0,0.13181987404823303,3.400714159011841,0.012655742466449738,9.826885223388672,0.00021608732640743256,0.00575282983481884,0.0055367425084114075,-0.0034468246158212423,0.8928720355033875,0.015358894132077694,0.2132362723350525,9.0,1.0,0.0,0.0,0.0042976392433047295,-3.725290298461914e-09,nan,0.00914093665778637,-0.042387403547763824,-0.06426219642162323,-0.06803083419799805,0.15385928750038147,-0.1652889996767044,-0.16834473609924316,0.010601779446005821,-0.0018668553093448281,-0.0028302802238613367,-0.0029962612316012383,0.006776377558708191,-0.007279772311449051,-0.0074143558740615845,0.0004669309128075838,-0.07431193441152573,-0.08078403025865555,-0.080869160592556,0.15283524990081787,-0.094358891248703,-0.19539064168930054,-0.061646364629268646,0.0002715383598115295,4.280356370145455e-05,-8.566224278183654e-05,6.293267506407574e-05,2.9304404961294495e-05,-3.592190842027776e-05,0.00017179816495627165,0.07898464053869247,0.024660900235176086,0.06453941762447357,0.032804012298583984,0.02263682335615158,-0.03031940758228302,0.08086192607879639,0.004672705195844173,-0.05612313002347946,-0.01632973924279213,0.18563926219940186,-0.07172206789255142,-0.22571004927158356,0.01921556517481804,0.004672705195844173,-0.05612313002347946,-0.01632973924279213,0.18563926219940186,-0.07172206789255142,-0.22571004927158356,0.01921556517481804,0.004672705195844173,-0.05612313002347946,-0.01632973924279213,0.18563926219940186,-0.07172206789255142,-0.22571004927158356,0.01921556517481804
14.337,0.004198984242975712,0.004198984242975712,nan,nan,nan,nan,-0.08553311973810196,0.0,0.0,0.7170872092247009,0.0,0.0,0.0,0.0,0.0,0.013000000268220901,64.0,0.13315528631210327,2.286621332168579,0.01177564263343811,9.58949089050293,-0.0009932741522789001,0.004090382717549801,0.005083656869828701,0.0,0.5733211040496826,0.014652550220489502,0.12266675382852554,9.0,1.0,0.0,0.0,0.004198978655040264,-5.587935447692871e-09,nan,0.007323195226490498,-0.11095613241195679,-0.045241646468639374,-0.06472548097372055,0.014572731219232082,0.12641312181949615,-0.027912063524127007,-0.2334112673997879,-0.05817902833223343,-0.023722121492028236,-0.03393832966685295,0.00764110404998064,0.06628378480672836,-0.014635483734309673,-0.12238747626543045,-0.1077381893992424,-0.07442968338727951,-0.08551616966724396,0.10058996081352234,0.014588974416255951,-0.13385505974292755,-0.16944105923175812,0.0001200375918415375,3.442436354816891e-05,6.976822623983026e-05,7.22813347238116e-05,4.801177965418901e-06,-4.4086606067139655e-05,0.0001878281036624685,0.10915149748325348,0.02125540003180504,0.06826508045196533,0.07934042811393738,-0.09095653891563416,-0.07668395340442657,0.18423478305339813,0.0014133080840110779,-0.05317428335547447,-0.017251087352633476,0.17993038892745972,-0.0763675644993782,-0.21053901314735413,0.014793725684285164,0.0014133080840110779,-0.05317428335547447,-0.017251087352633476,0.17993038892745972,-0.0763675644993782,-0.21053901314735413,0.014793725684285164,0.0014133080840110779,-0.05317428335547447,-0.017251087352633476,0.17993038892745972,-0.0763675644993782,-0.21053901314735413,0.014793725684285164
14.424000000000003,0.003551294095814228,0.003551294095814228,nan,nan,nan,nan,-0.1052410677075386,0.0,-9.313225746154785e-10,0.7109952569007874,0.0,0.0,0.0,0.0,0.0010000000474974513,0.03200000151991844,64.0,0.1333848387002945,4.125241279602051,0.2811970114707947,15.926933288574219,0.007773347198963165,-0.0005521401762962341,-0.008325488306581974,-0.0034386173356324434,0.533070981502533,0.013719692826271057,0.1781376749277115,9.0,1.0,0.0,0.0,0.0035512885078787804,-5.587935447692871e-09,nan,0.012194055132567883,-0.09846965968608856,-0.07066477090120316,-0.0770861804485321,0.11104647815227509,0.04862752929329872,-0.18329869210720062,-0.14516738057136536,-0.04753931984305382,-0.034115638583898544,-0.03721577674150467,0.05361117795109749,0.02347646839916706,-0.08849320560693741,-0.0700841099023819,-0.13113348186016083,-0.0833602324128151,-0.09714364260435104,0.1079484075307846,0.06647198647260666,-0.16433610022068024,-0.21734386682510376,0.0002719745971262455,4.423360587679781e-05,-8.617254934506491e-05,7.738213025731966e-05,2.8297870812821202e-05,-4.880461347056553e-05,0.0001726601185509935,0.13593870401382446,0.03832118585705757,0.08818389475345612,0.06947575509548187,-0.12190480530261993,-0.0321507602930069,0.21856801211833954,0.004805220291018486,-0.04503904655575752,-0.00895974412560463,0.17742416262626648,-0.055432818830013275,-0.19648686051368713,0.0012241397053003311,0.004805220291018486,-0.04503904655575752,-0.00895974412560463,0.17742416262626648,-0.055432818830013275,-0.19648686051368713,0.0012241397053003311,0.004805220291018486,-0.04503904655575752,-0.00895974412560463,0.17742416262626648,-0.055432818830013275,-0.19648686051368713,0.0012241397053003311
14.488000000000003,0.003713921643793583,0.003713921643793583,nan,nan,nan,nan,-0.10304615646600723,0.0,-1.862645149230957e-09,0.708734929561615,0.0,0.0,0.0,0.0,0.0010000000474974513,0.017999999225139618,64.0,0.13429205119609833,3.098159074783325,0.012741424143314362,9.667156219482422,0.007815055549144745,0.003929879516363144,-0.00388517789542675,0.008080154657363892,0.7244468927383423,0.015330614522099495,0.19858722388744354,9.0,1.0,0.0,0.0,0.003713914193212986,-7.450580596923828e-09,nan,0.013308694586157799,-0.052919454872608185,-0.04988378658890724,-0.07332871109247208,0.16269531846046448,-0.1643667370080948,-0.1604165881872177,-0.010694227181375027,-0.0,-0.0,-0.0,0.0,-0.0,-0.0,-0.0,-0.12696555256843567,-0.08840271830558777,-0.10273995995521545,0.1438978910446167,0.028491314500570297,-0.21134954690933228,-0.18576344847679138,0.00013080968346912414,3.4575230529299006e-05,5.871471148566343e-05,8.37577972561121e-05,6.289346856647171e-06,-5.68786017538514e-05,0.00018668330449145287,0.12693443894386292,0.039572328329086304,0.08947659283876419,0.052656322717666626,-0.07522374391555786,-0.013520419597625732,0.17764756083488464,-3.111734986305237e-05,-0.048830389976501465,-0.01326336432248354,0.19655421376228333,-0.04673243314027786,-0.224869966506958,-0.00811588391661644,-3.111734986305237e-05,-0.048830389976501465,-0.01326336432248354,0.19655421376228333,-0.04673243314027786,-0.224869966506958,-0.00811588391661644,-3.111734986305237e-05,-0.048830389976501465,-0.01326336432248354,0.19655421376228333,-0.04673243314027786,-0.224869966506958,-0.00811588391661644
14.595000000000002,0.00451905932277441,0.00451905932277441,nan,nan,nan,nan,-0.06367719918489456,0.0,3.725290298461914e-09,0.7039198875427246,0.0,0.0,0.0,0.0,-0.0010000000474974513,0.024000000208616257,64.0,0.13609527051448822,3.5322465896606445,0.030289404094219208,11.436442375183105,-0.0010649729520082474,0.010484893806278706,0.011549870483577251,0.0,0.9111464023590088,0.01589353010058403,0.1911170333623886,9.0,1.0,0.0,0.0,0.004519050009548664,-9.313225746154785e-09,nan,0.009581145830452442,-0.052919454872608185,-0.04988378658890724,-0.07332871109247208,0.16269531846046448,-0.1643667370080948,-0.1604165881872177,-0.010694227181375027,-0.0030834481585770845,-0.0029065695125609636,-0.004272630903869867,0.009479738771915436,-0.009577127173542976,-0.009346963837742805,-0.0006231185980141163,-0.0816640630364418,-0.06513737887144089,-0.0854494720697403,0.1577664613723755,-0.09356290102005005,-0.18185624480247498,-0.07711730152368546,0.00044800955220125616,4.836590596823953e-05,-0.00027682905783876777,0.00010304307943442836,5.26730582350865e-05,-8.107969915727153e-05,0.00014693923003505915,0.07005991786718369,0.013925023376941681,0.056071046739816666,0.04282107949256897,0.007288210093975067,-0.041150376200675964,0.0739702582359314,-0.011604147963225842,-0.05121235549449921,-0.02937842532992363,0.20058754086494446,-0.08627469092607498,-0.22300662100315094,-0.0031470470130443573,-0.011604147963225842,-0.05121235549449921,-0.02937842532992363,0.20058754086494446,-0.08627469092607498,-0.22300662100315094,-0.0031470470130443573,-0.011604147963225842,-0.05121235549449921,-0.02937842532992363,0.20058754086494446,-0.08627469092607498,-0.22300662100315094,-0.0031470470130443573
14.66,0.005322885699570179,0.005322885699570179,nan,nan,nan,nan,-0.051882531493902206,0.0,0.00337379053235054,0.6829509139060974,0.0,0.0,0.0,0.0,0.00800000037997961,0.010999999940395355,64.0,0.1385081708431244,2.340982675552368,0.01508370041847229,9.741985321044922,-0.004299882799386978,0.019574347883462906,0.027248021215200424,0.018964944407343864,0.7149300575256348,0.01423842553049326,0.21572542190551758,9.0,1.0,0.0,0.0,0.005322874523699284,-1.1175870895385742e-08,nan,0.008520587347447872,-0.1046760082244873,-0.026142222806811333,-0.05872754380106926,0.02339615486562252,0.15124613046646118,-0.030545653775334358,-0.22484390437602997,-0.052345748990774155,-0.013073046691715717,-0.029368117451667786,0.011699809692800045,0.07563426345586777,-0.015275087207555771,-0.11243859678506851,-0.11206303536891937,-0.052783846855163574,-0.08483687043190002,0.1023675873875618,0.04467076063156128,-0.12028124928474426,-0.1862337440252304,0.00020095591025892645,2.267579475301318e-05,-2.8634316549869254e-05,0.00012312100443523377,7.840703801775817e-06,-0.00011094989895354956,0.00016894297732505947,0.07272383570671082,0.0004456862807273865,0.03887727111577988,0.07269211858510971,-0.10387194156646729,-0.07485581934452057,0.1365794688463211,-0.03933919966220856,-0.05233816057443619,-0.04595959931612015,0.1750597059726715,-0.05920117720961571,-0.19513706862926483,-0.0496542751789093,-0.03933919966220856,-0.05233816057443619,-0.04595959931612015,0.1750597059726715,-0.05920117720961571,-0.19513706862926483,-0.0496542751789093,-0.03933919966220856,-0.05233816057443619,-0.04595959931612015,0.1750597059726715,-0.05920117720961571,-0.19513706862926483,-0.0496542751789093
14.730999999999998,0.005757509730756283,0.005757509730756283,nan,nan,nan,nan,-0.05019354820251465,0.0,0.00021193921566009521,0.6653861403465271,0.0,0.0,0.0,0.0,0.004999999888241291,0.017000000923871994,64.0,0.13932177424430847,2.2664637565612793,0.011124648153781891,19.450674057006836,-0.006150644272565842,0.022771921008825302,0.02913450449705124,0.013999748975038528,0.8147035241127014,0.013589155860245228,0.22793899476528168,9.0,1.0,0.0,0.0,0.005757496692240238,-1.30385160446167e-08,nan,0.012987195514142513,-0.0987808108329773,-0.04775094613432884,-0.07717530429363251,0.12567733228206635,0.049558576196432114,-0.1813659816980362,-0.1444358378648758,-0.021526552736759186,-0.010406000539660454,-0.016818227246403694,0.02738790772855282,0.010799923911690712,-0.03952370956540108,-0.03147580474615097,-0.13769039511680603,-0.05070848762989044,-0.09198680520057678,0.08841822296380997,0.12518389523029327,-0.11298373341560364,-0.2562653124332428,0.0001498600613558665,7.453608759533381e-06,1.196135508507723e-05,0.00015543114568572491,-6.9988473114790395e-06,-0.00015461264410987496,0.0001647588942432776,0.06902401894330978,-0.00037903711199760437,0.03492380678653717,0.05893949419260025,-0.12016739696264267,-0.05134110152721405,0.1356687694787979,-0.06866637617349625,-0.051087524741888046,-0.05706299841403961,0.14735771715641022,0.005016498267650604,-0.1643248349428177,-0.12059654295444489,-0.06866637617349625,-0.051087524741888046,-0.05706299841403961,0.14735771715641022,0.005016498267650604,-0.1643248349428177,-0.12059654295444489,-0.06866637617349625,-0.051087524741888046,-0.05706299841403961,0.14735771715641022,0.005016498267650604,-0.1643248349428177,-0.12059654295444489
14.791999999999998,0.006087181158363819,0.006087181158363819,nan,nan,nan,nan,-0.019223717972636223,0.0,0.0045829396694898605,0.652819812297821,0.0,0.0,0.0,0.0,0.006000000052154064,0.012000000104308128,64.0,0.13926264643669128,2.6178174018859863,0.01243501901626587,9.094035148620605,-0.008862897753715515,0.018938859924674034,0.03238469734787941,0.0027342080138623714,0.9862152338027954,0.015492544509470463,0.13990721106529236,9.0,1.0,0.0,0.0,0.0060871681198477745,-1.30385160446167e-08,nan,0.008278549648821354,-0.0987808108329773,-0.04775094613432884,-0.07717530429363251,0.12567733228206635,0.049558576196432114,-0.1813659816980362,-0.1444358378648758,-0.04830247163772583,-0.023349562659859657,-0.03773767128586769,0.06145450845360756,0.024233469739556313,-0.08868549764156342,-0.07062716037034988,-0.13797041773796082,-0.05938630923628807,-0.10060589760541916,0.1355317085981369,0.09508942812681198,-0.1888488084077835,-0.22706913948059082,6.831534847151488e-05,-8.37218340166146e-06,7.527080742875114e-05,0.00019339039863552898,-2.412391586403828e-05,-0.00020304771896917373,0.0001534132461529225,0.04065161943435669,0.005261257290840149,0.026576243340969086,0.0035347789525985718,-0.04962579160928726,0.0200665146112442,0.05904299020767212,-0.09731879830360413,-0.05412505194544792,-0.07402965426445007,0.13906648755073547,0.04546363651752472,-0.1687822937965393,-0.1680261492729187,-0.09731879830360413,-0.05412505194544792,-0.07402965426445007,0.13906648755073547,0.04546363651752472,-0.1687822937965393,-0.1680261492729187,-0.09731879830360413,-0.05412505194544792,-0.07402965426445007,0.13906648755073547,0.04546363651752472,-0.1687822937965393,-0.1680261492729187
14.849,0.00589944701641798,0.00589944701641798,nan,nan,nan,nan,-0.0011279359459877014,0.0,0.006756529211997986,0.646738588809967,0.0,0.0,0.0,0.0,0.0010000000474974513,0.010999999940395355,64.0,0.1388612538576126,2.3434720039367676,0.015029683709144592,8.782556533813477,-0.008178319782018661,0.007879357784986496,0.022814206779003143,0.0,0.99727863073349,0.01697419583797455,0.09199322015047073,9.0,1.0,0.0,0.0,0.005899428389966488,-1.862645149230957e-08,nan,0.005768230650573969,-0.057802800089120865,-0.03280089050531387,-0.07456202805042267,0.17674033343791962,-0.16224195063114166,-0.14756351709365845,-0.026245974004268646,-0.0,-0.0,-0.0,0.0,-0.0,-0.0,-0.0,-0.12318535894155502,-0.056848663836717606,-0.09958996623754501,0.16062456369400024,0.028930649161338806,-0.20201510190963745,-0.17937545478343964,-0.0001548402215121314,-2.3697670258115977e-05,0.00029513356275856495,0.00021376030053943396,-5.59874351893086e-05,-0.0002264858194394037,0.00016378136933781207,0.014463640749454498,-0.0010742172598838806,0.016034655272960663,-0.009114354848861694,0.017594382166862488,0.01141694188117981,0.0014843493700027466,-0.10872171819210052,-0.057922881096601486,-0.08355531096458435,0.15151020884513855,0.046525031328201294,-0.19059816002845764,-0.1778911054134369,-0.10872171819210052,-0.057922881096601486,-0.08355531096458435,0.15151020884513855,0.046525031328201294,-0.19059816002845764,-0.1778911054134369,-0.10872171819210052,-0.057922881096601486,-0.08355531096458435,0.15151020884513855,0.046525031328201294,-0.19059816002845764,-0.1778911054134369
14.913999999999998,0.00555694755166769,0.00555694755166769,nan,nan,nan,nan,0.021725112572312355,0.0,0.014428073540329933,0.6286351084709167,0.0,0.0,0.0,0.0,0.0020000000949949026,0.019999999552965164,64.0,0.13757875561714172,2.752176523208618,0.012892298400402069,12.793904304504395,0.00625358521938324,0.002366531640291214,0.010541019961237907,-0.004321802407503128,0.956275463104248,0.01624012552201748,0.18501843512058258,9.0,1.0,0.0,0.0,0.005556930787861347,-1.6763806343078613e-08,nan,0.010840555652976036,-0.057802800089120865,-0.03280089050531387,-0.07456202805042267,0.17674033343791962,-0.16224195063114166,-0.14756351709365845,-0.026245974004268646,-0.0022897906601428986,-0.0012993691489100456,-0.002953688148409128,0.0070013627409935,-0.006427025888115168,-0.0058455574326217175,-0.001039703725837171,-0.09112372249364853,-0.04517006874084473,-0.08783365041017532,0.17040897905826569,-0.06807834655046463,-0.1762932687997818,-0.10321013629436493,6.09386625001207e-05,-1.419827913196059e-05,6.592658610315993e-05,0.00022218975936993957,-2.7530233637662604e-05,-0.00023643705935683101,0.00013845760258845985,-0.013674482703208923,-0.008584365248680115,0.0012211203575134277,-0.012034878134727478,0.0767357349395752,-0.011045694351196289,-0.05128644406795502,-0.10479820519685745,-0.05375443398952484,-0.0866125300526619,0.1583741009235382,0.008657388389110565,-0.1873389631509781,-0.15449658036231995,-0.10479820519685745,-0.05375443398952484,-0.0866125300526619,0.1583741009235382,0.008657388389110565,-0.1873389631509781,-0.15449658036231995,-0.10479820519685745,-0.05375443398952484,-0.0866125300526619,0.1583741009235382,0.008657388389110565,-0.1873389631509781,-0.15449658036231995
14.989999999999998,0.005538471974432468,0.005538471974432468,nan,nan,nan,nan,0.008888071402907372,0.0,0.02037391997873783,0.6464850902557373,0.0,0.0,0.0,0.0,0.0010000000474974513,0.014000000432133675,64.0,0.13415755331516266,3.067734718322754,0.01433584839105606,9.227872848510742,0.011008583009243011,0.0018703751266002655,0.011235712096095085,0.0,0.9749885201454163,0.014998129568994045,0.16869419813156128,9.0,1.0,0.0,0.0,0.005538455210626125,-1.6763806343078613e-08,nan,0.009087985381484032,-0.09675554931163788,-0.011058288626372814,-0.05386560037732124,0.05409872159361839,0.15242640674114227,-0.06913919746875763,-0.21604135632514954,-0.029001228511333466,-0.003314579138532281,-0.01614551991224289,0.01621539331972599,0.04568784683942795,-0.020723583176732063,-0.06475561112165451,-0.09967733174562454,-0.029387276619672775,-0.0766688883304596,0.12499964982271194,0.0346641018986702,-0.13185431063175201,-0.1669396609067917,-5.447680450743064e-05,-3.465999907348305e-05,0.00017189051141031086,0.00023224137839861214,-4.915182216791436e-05,-0.00025876692961901426,0.00013859150931239128,0.0013388097286224365,-0.014772448688745499,-0.006641291081905365,0.02705424278974533,-0.04122936725616455,-0.03565658628940582,0.024839922785758972,-0.0983385220170021,-0.044159725308418274,-0.08331017941236496,0.15205389261245728,-0.006565265357494354,-0.16751089692115784,-0.14209973812103271,-0.0983385220170021,-0.044159725308418274,-0.08331017941236496,0.15205389261245728,-0.006565265357494354,-0.16751089692115784,-0.14209973812103271,-0.0983385220170021,-0.044159725308418274,-0.08331017941236496,0.15205389261245728,-0.006565265357494354,-0.16751089692115784,-0.14209973812103271
15.052000000000003,0.006916630081832409,0.006916630081832409,nan,nan,nan,nan,0.010495368391275406,0.0,0.032157156616449356,0.7080608606338501,0.0,0.0,0.0,0.0,0.008999999612569809,0.013000000268220901,64.0,0.1321101188659668,2.406249761581421,0.012174248695373535,8.806081771850586,0.01698848232626915,0.020421694964170456,0.03559036925435066,0.0,0.9404756426811218,0.014786151237785816,0.2471638321876526,9.0,1.0,0.0,0.0,0.006916613318026066,-1.6763806343078613e-08,nan,0.01035874243825674,-0.09675554931163788,-0.011058288626372814,-0.05386560037732124,0.05409872159361839,0.15242640674114227,-0.06913919746875763,-0.21604135632514954,-0.03370533511042595,-0.0038522162940353155,-0.018764382228255272,0.018845591694116592,0.053098585456609726,-0.024085024371743202,-0.07525920867919922,-0.11345485597848892,-0.022250216454267502,-0.07408710569143295,0.09916958957910538,0.11560793220996857,-0.11234871298074722,-0.22463220357894897,-0.0003293401387054473,-7.900449418229982e-05,0.00043831110815517604,0.00021828251192346215,-9.864079765975475e-05,-0.00027093314565718174,0.00015103370242286474,0.010436974465847015,-0.013621669262647629,-0.0055116042494773865,0.033884234726428986,-0.08081815391778946,-0.03448476642370224,0.055093735456466675,-0.1030178815126419,-0.03587188571691513,-0.07959870994091034,0.13305382430553436,0.03478977829217911,-0.14683347940444946,-0.1695384681224823,-0.1030178815126419,-0.03587188571691513,-0.07959870994091034,0.13305382430553436,0.03478977829217911,-0.14683347940444946,-0.1695384681224823,-0.1030178815126419,-0.03587188571691513,-0.07959870994091034,0.13305382430553436,0.03478977829217911,-0.14683347940444946,-0.1695384681224823
15.138000000000002,0.00788572896271944,0.00788572896271944,nan,nan,nan,nan,0.03300260007381439,0.0,0.04000783711671829,0.7872596979141235,0.0,0.0,0.0,0.0,0.0020000000949949026,0.027000000700354576,64.0,0.13036026060581207,4.585134029388428,0.021141022443771362,11.973596572875977,0.02086423709988594,0.0360521599650383,0.05519575625658035,0.0,0.998858630657196,0.015536786057054996,0.2376246601343155,9.0,1.0,0.0,0.0,0.0078857047483325,-2.421438694000244e-08,nan,0.010460716672241688,-0.10063258558511734,-0.02663573995232582,-0.08126359432935715,0.13083583116531372,0.029226424172520638,-0.18255722522735596,-0.1458098441362381,-0.014043699018657207,-0.0037171291187405586,-0.011340674944221973,0.01825868897140026,0.004078669939190149,-0.025476625189185143,-0.02034837380051613,-0.11450681835412979,-0.02469775080680847,-0.08128903061151505,0.11723042279481888,0.0876636728644371,-0.15207776427268982,-0.20303066074848175,-0.00030803561094217,-5.686232907464728e-05,0.00038899260107427835,0.00024716791813261807,-8.049566531553864e-05,-0.00028203974943608046,0.00011490166070871055,0.004649661481380463,-0.0043798647820949554,0.0026378408074378967,0.0022175610065460205,-0.01410752534866333,0.012098029255867004,0.007623776793479919,-0.10985715687274933,-0.029077615588903427,-0.07865118980407715,0.1194479838013649,0.07355614751577377,-0.13997973501682281,-0.19540688395500183,-0.10985715687274933,-0.029077615588903427,-0.07865118980407715,0.1194479838013649,0.07355614751577377,-0.13997973501682281,-0.19540688395500183,-0.10985715687274933,-0.029077615588903427,-0.07865118980407715,0.1194479838013649,0.07355614751577377,-0.13997973501682281,-0.19540688395500183
15.203999999999997,0.00894854124635458,0.00894854124635458,nan,nan,nan,nan,0.03189072757959366,0.0,0.03227809816598892,0.1358187347650528,0.0,0.0,0.0,0.0,0.003000000026077032,0.01899999938905239,64.0,0.12846356630325317,3.2747416496276855,0.011441297829151154,9.954092025756836,-0.01783207431435585,-0.02058843895792961,0.02952173352241516,-0.03742005303502083,0.9781872630119324,0.015639252960681915,0.3131212294101715,9.0,1.0,0.0,0.0,0.008948531933128834,-9.313225746154785e-09,nan,0.0024227427784353495,-0.07183626294136047,-0.03893125429749489,-0.087882861495018,0.1664956510066986,-0.1818772405385971,-0.11202795058488846,-0.04743542522192001,-0.0,-0.0,-0.0,0.0,-0.0,-0.0,-0.0,-0.10406389087438583,-0.02882225252687931,-0.08469833433628082,0.13497576117515564,0.015986867249011993,-0.16003532707691193,-0.15674209594726562,0.08719192445278168,0.004597820807248354,-0.09040603041648865,0.00033500182325951755,0.0104220537468791,-0.0002135024406015873,-0.007197805214673281,0.01639667898416519,0.0018610469996929169,-0.019646696746349335,-0.010846912860870361,0.04957052320241928,0.007831662893295288,-0.032103389501571655,-0.08766721189022064,-0.026961205527186394,-0.10434503108263016,0.12412884831428528,0.06555739045143127,-0.15220366418361664,-0.18884548544883728,-0.08766721189022064,-0.026961205527186394,-0.10434503108263016,0.12412884831428528,0.06555739045143127,-0.15220366418361664,-0.18884548544883728,-0.08766721189022064,-0.026961205527186394,-0.10434503108263016,0.12412884831428528,0.06555739045143127,-0.15220366418361664,-0.18884548544883728
15.281000000000002,0.007773739285767078,0.007773739285767078,nan,nan,nan,nan,0.02776952087879181,0.0,0.027648258954286575,0.13097438216209412,0.0,0.0,0.0,0.0,0.007000000216066837,0.017000000923871994,64.0,0.12745216488838196,2.4125537872314453,0.02515409141778946,10.041600227355957,-0.015482988208532333,-0.018852058798074722,0.024279188364744186,-0.0316702239215374,0.9423874020576477,0.014841720461845398,0.25655531883239746,9.0,1.0,0.0,0.0,0.007773722521960735,-1.6763806343078613e-08,nan,0.002180264564231038,-0.07374852150678635,0.03516135737299919,-0.038980673998594284,0.1298370510339737,0.10962313413619995,-0.13973073661327362,-0.1827724575996399,-0.016944371163845062,0.00807863101363182,-0.008956152945756912,0.029831204563379288,0.025186879560351372,-0.03210436552762985,-0.041993580758571625,-0.08919612318277359,-0.02012138068675995,-0.07949317246675491,0.15155266225337982,-0.040083013474941254,-0.14344654977321625,-0.12618473172187805,0.09069440513849258,0.004757921677082777,-0.0940323993563652,0.0003247251152060926,0.010827582329511642,-0.00021862525318283588,-0.007477195002138615,0.04379158839583397,-0.00541105680167675,-0.060658715665340424,-0.01564490795135498,0.05407504737377167,-0.004409953951835632,-0.03264231979846954,-0.04540453478693962,-0.0255324374884367,-0.14015188813209534,0.13590775430202484,0.013992033898830414,-0.14785650372505188,-0.1588270515203476,-0.04540453478693962,-0.0255324374884367,-0.14015188813209534,0.13590775430202484,0.013992033898830414,-0.14785650372505188,-0.1588270515203476,-0.04540453478693962,-0.0255324374884367,-0.14015188813209534,0.13590775430202484,0.013992033898830414,-0.14785650372505188,-0.1588270515203476
15.346,0.007379033602774143,0.007379033602774143,nan,nan,nan,nan,0.02629273757338524,0.0,0.026414111256599426,0.12922754883766174,0.0,0.0,0.0,0.0,0.00800000037997961,0.024000000208616257,64.0,0.1250363439321518,2.9468889236450195,0.09858980774879456,9.652442932128906,-0.013202334754168987,-0.011633401736617088,0.0279830452054739,-0.003569759428501129,0.9294055104255676,0.015975553542375565,0.1647270768880844,9.0,1.0,0.0,0.0,0.007379024289548397,-9.313225746154785e-09,nan,0.003271824913099408,-0.07374852150678635,0.03516135737299919,-0.038980673998594284,0.1298370510339737,0.10962313413619995,-0.13973073661327362,-0.1827724575996399,-0.0383588969707489,0.018288513645529747,-0.02027505822479725,0.06753227859735489,0.05701839551329613,-0.07267829030752182,-0.0950656309723854,-0.0993015468120575,0.019181912764906883,-0.06702841073274612,0.17236045002937317,0.06998565047979355,-0.1766589879989624,-0.20345264673233032,0.09232737869024277,0.004820453003048897,-0.09572774916887283,0.00034119386691600084,0.010768908075988293,-0.00024484816822223365,-0.007426863070577383,0.07396435737609863,-0.025934018194675446,-0.0851743295788765,-0.022133663296699524,-0.03799885883927345,0.01976744830608368,0.03016813099384308,-0.02533719129860401,-0.006752105429768562,-0.15220274031162262,0.15022678673267365,0.031986791640520096,-0.15689153969287872,-0.17328451573848724,-0.02533719129860401,-0.006752105429768562,-0.15220274031162262,0.15022678673267365,0.031986791640520096,-0.15689153969287872,-0.17328451573848724,-0.02533719129860401,-0.006752105429768562,-0.15220274031162262,0.15022678673267365,0.031986791640520096,-0.15689153969287872,-0.17328451573848724
15.404999999999998,0.007386011071503162,0.007386011071503162,nan,nan,nan,nan,0.02548755332827568,0.0,0.026588216423988342,0.1303129643201828,0.0,0.0,0.0,0.0,0.006000000052154064,0.01600000075995922,64.0,0.12480604648590088,2.3836259841918945,0.012430362403392792,9.19516658782959,-0.012007862329483032,-0.005435696803033352,0.03316038101911545,-0.00037183050881139934,0.930392324924469,0.017722178250551224,0.20808778703212738,9.0,1.0,0.0,0.0,0.007386001758277416,-9.313225746154785e-09,nan,0.004308665636926889,-0.07374852150678635,0.03516135737299919,-0.038980673998594284,0.1298370510339737,0.10962313413619995,-0.13973073661327362,-0.1827724575996399,-0.04321796074509621,0.020605189725756645,-0.0228433758020401,0.0760868489742279,0.06424112617969513,-0.0818847268819809,-0.10710795223712921,-0.10764701664447784,0.036651741713285446,-0.06447362154722214,0.1882331520318985,0.11957409977912903,-0.19797374308109283,-0.2445656657218933,0.0935555025935173,0.004849990829825401,-0.09702527523040771,0.0003076752764172852,0.01076700259000063,-0.00027842269628308713,-0.007434811908751726,0.08799831569194794,-0.02564123459160328,-0.09165938943624496,-0.02438443899154663,-0.053079359233379364,0.026865556836128235,0.04406791925430298,-0.019648702815175056,0.011010507121682167,-0.1561330109834671,0.16384871304035187,0.06649474054574966,-0.1711081862449646,-0.20049774646759033,-0.019648702815175056,0.011010507121682167,-0.1561330109834671,0.16384871304035187,0.06649474054574966,-0.1711081862449646,-0.20049774646759033,-0.019648702815175056,0.011010507121682167,-0.1561330109834671,0.16384871304035187,0.06649474054574966,-0.1711081862449646,-0.20049774646759033
15.465,0.0072686197236180305,0.0072686197236180305,nan,nan,nan,nan,0.02419736608862877,0.0,0.02777045965194702,0.13047532737255096,0.0,0.0,0.0,0.0,0.0020000000949949026,0.014000000432133675,64.0,0.1249644011259079,2.7569644451141357,0.01291278749704361,10.377595901489258,-0.011542078107595444,-0.0035509627778083086,0.035761576145887375,0.0,0.9474856853485107,0.020074382424354553,0.198519766330719,9.0,1.0,0.0,0.0,0.0072686029598116875,-1.6763806343078613e-08,nan,0.002854451769962907,-0.09168460220098495,0.029854340478777885,-0.07462611049413681,0.15328867733478546,-0.013055428862571716,-0.18276351690292358,-0.13439950346946716,-0.056378185749053955,0.018357865512371063,-0.04588867351412773,0.09425942599773407,-0.008027971722185612,-0.11238393187522888,-0.08264419436454773,-0.12269468605518341,0.04572167992591858,-0.07944653928279877,0.21198229491710663,0.10040360689163208,-0.23344336450099945,-0.2545042037963867,0.09634529054164886,0.004995349794626236,-0.09992414712905884,0.0003175577730871737,0.011089444160461426,-0.00028697255766019225,-0.007662647869437933,0.1021328866481781,-0.017213553190231323,-0.0826796144247055,-0.029883965849876404,-0.0023161694407463074,0.040330126881599426,0.022992253303527832,-0.02056179940700531,0.028508126735687256,-0.16212615370750427,0.18209832906723022,0.09808743745088577,-0.19311323761940002,-0.2315119504928589,-0.02056179940700531,0.028508126735687256,-0.16212615370750427,0.18209832906723022,0.09808743745088577,-0.19311323761940002,-0.2315119504928589,-0.02056179940700531,0.028508126735687256,-0.16212615370750427,0.18209832906723022,0.09808743745088577,-0.19311323761940002,-0.2315119504928589
15.537000000000003,0.0067413849756121635,0.0067413849756121635,nan,nan,nan,nan,0.018925325945019722,0.0,0.024660009890794754,0.12778572738170624,0.0,0.0,0.0,0.0,0.003000000026077032,0.027000000700354576,64.0,0.12517964839935303,2.219294309616089,0.011092051863670349,11.913936614990234,-0.01267320942133665,-0.006367380730807781,0.030965838581323624,-0.009378556162118912,0.9457818269729614,0.021833710372447968,0.13507655262947083,9.0,1.0,0.0,0.0,0.00674137007445097,-1.4901161193847656e-08,nan,0.001605795114301145,-0.09168460220098495,0.029854340478777885,-0.07462611049413681,0.15328867733478546,-0.013055428862571716,-0.18276351690292358,-0.13439950346946716,-0.07959719747304916,0.025918440893292427,-0.06478764116764069,0.13307958841323853,-0.011334243230521679,-0.15866856276988983,-0.11668070405721664,-0.1423966884613037,0.049272190779447556,-0.10562188178300858,0.2415224313735962,0.039070647209882736,-0.2782462239265442,-0.24632105231285095,0.09699323773384094,0.005302685312926769,-0.10080431401729584,0.00034155132016167045,0.011527309194207191,-0.00030218609026633203,-0.007967669516801834,0.11388853192329407,-0.010179731994867325,-0.07200173288583755,-0.03807900846004486,0.04562501981854439,0.05468392372131348,0.004968926310539246,-0.028508160263299942,0.03909245878458023,-0.17762361466884613,0.20344342291355133,0.08469566702842712,-0.2235623002052307,-0.2413521260023117,-0.028508160263299942,0.03909245878458023,-0.17762361466884613,0.20344342291355133,0.08469566702842712,-0.2235623002052307,-0.2413521260023117,-0.028508160263299942,0.03909245878458023,-0.17762361466884613,0.20344342291355133,0.08469566702842712,-0.2235623002052307,-0.2413521260023117
15.626999999999999,0.006358533166348934,0.006358533166348934,nan,nan,nan,nan,0.012981804087758064,0.0,0.016679205000400543,0.1275584101676941,0.0,0.0,0.0,0.0,0.0020000000949949026,0.01600000075995922,64.0,0.12496982514858246,3.9372565746307373,0.01819431781768799,11.13854694366455,-0.014628008008003235,-0.004745265934616327,0.026561947539448738,-0.008388188667595387,0.9533721804618835,0.023543504998087883,0.255310982465744,9.0,1.0,0.0,0.0,0.006358525715768337,-7.450580596923828e-09,nan,0.005244656000286341,-0.11500822007656097,0.0708422139286995,-0.07833487540483475,0.0815083310008049,0.08061765879392624,-0.07989006489515305,-0.21469257771968842,-0.009782573208212852,0.0060258228331804276,-0.006663146894425154,0.006933079566806555,0.006857319734990597,-0.006795430555939674,-0.018261700868606567,-0.14733684062957764,0.06323375552892685,-0.10957445204257965,0.20064453780651093,0.042502179741859436,-0.22823306918144226,-0.24968266487121582,0.09907285124063492,0.005358083639293909,-0.10293708741664886,0.0003793508221860975,0.011548473499715328,-0.0003350063634570688,-0.007973703555762768,0.10470327734947205,-0.010904159396886826,-0.08963626623153687,0.019488275051116943,0.0180763378739357,-0.020870298147201538,-0.0019061565399169922,-0.04263356328010559,0.052329596132040024,-0.19921071827411652,0.22013281285762787,0.060578517615795135,-0.2491033673286438,-0.2515888214111328,-0.04263356328010559,0.052329596132040024,-0.19921071827411652,0.22013281285762787,0.060578517615795135,-0.2491033673286438,-0.2515888214111328,-0.04263356328010559,0.052329596132040024,-0.19921071827411652,0.22013281285762787,0.060578517615795135,-0.2491033673286438,-0.2515888214111328
15.724,0.005739144049584866,0.005739144049584866,nan,nan,nan,nan,0.010681891813874245,1.0,0.026541773229837418,0.12661708891391754,0.0,0.0,0.0,0.0,0.004999999888241291,0.024000000208616257,64.0,0.12465321272611618,3.914759397506714,0.017532147467136383,28.91716766357422,-0.0016428087837994099,-0.006240454502403736,0.02194412797689438,-0.01541051734238863,0.7942497134208679,0.019650405272841454,0.2885489761829376,9.0,1.0,0.0,0.0,0.005739134736359119,-9.313225746154785e-09,nan,0.0045196423307061195,-0.12906312942504883,0.04634513705968857,-0.09199625998735428,0.07983757555484772,0.06932714581489563,-0.07286762446165085,-0.21503846347332,-0.015384296886622906,0.005524329841136932,-0.010965933091938496,0.009516621008515358,0.008263780735433102,-0.008685804903507233,-0.02563253790140152,-0.14492031931877136,0.0645652711391449,-0.10408158600330353,0.13632898032665253,0.06856853514909744,-0.14400525391101837,-0.24969634413719177,0.10367055982351303,0.006067137233912945,-0.10813067108392715,0.00036236594314686954,0.012794410809874535,-0.00040163338417187333,-0.00884263589978218,0.18468499183654785,0.004797443747520447,-0.03442735970020294,0.08193831145763397,0.024337053298950195,-0.08465191721916199,0.10714244842529297,0.03976467251777649,0.06936271488666534,-0.13850894570350647,0.2182672917842865,0.09290558844804764,-0.22865717113018036,-0.1425538957118988,0.03976467251777649,0.06936271488666534,-0.13850894570350647,0.2182672917842865,0.09290558844804764,-0.22865717113018036,-0.1425538957118988,0.03976467251777649,0.06936271488666534,-0.13850894570350647,0.2182672917842865,0.09290558844804764,-0.22865717113018036,-0.1425538957118988
15.793000000000003,0.0010932916775345802,0.0010932916775345802,nan,nan,nan,nan,-0.15513035655021667,0.0,0.0,0.7722875475883484,0.0,0.0,0.0,0.0,0.0020000000949949026,0.009999999776482582,64.0,0.1228029876947403,2.9039523601531982,0.010717660188674927,9.601164817810059,0.02592989057302475,-0.07503174990415573,-0.10096164047718048,-0.22534039616584778,0.541752278804779,0.018005017191171646,0.22406922280788422,9.0,1.0,0.0,0.0,0.001093321479856968,2.9802322387695312e-08,nan,0.013455775566399097,-0.12476401776075363,0.043045807629823685,-0.1266520470380783,0.10242701321840286,-0.16763699054718018,0.04538237676024437,-0.1260446161031723,-0.025024136528372765,0.00863377284258604,-0.025402821600437164,0.020543964579701424,-0.03362324461340904,0.00910242274403572,-0.025280987843871117,-0.14701023697853088,0.05879789963364601,-0.11783132702112198,0.12397611886262894,-0.004490133374929428,-0.07696332037448883,-0.22187811136245728,0.00011152297520311549,2.154433423129376e-05,7.086914411047474e-05,8.219202572945505e-05,7.729764547548257e-06,-6.270511221373454e-05,0.00018197210738435388,0.21250304579734802,0.01811300590634346,0.03847523033618927,0.11027977615594864,0.09679752588272095,-0.13512681424617767,0.15265637636184692,0.06549280881881714,0.07691090553998947,-0.07935609668493271,0.23425589501857758,0.09230738878250122,-0.2120901346206665,-0.06922173500061035,0.06549280881881714,0.07691090553998947,-0.07935609668493271,0.23425589501857758,0.09230738878250122,-0.2120901346206665,-0.06922173500061035,0.06549280881881714,0.07691090553998947,-0.07935609668493271,0.23425589501857758,0.09230738878250122,-0.2120901346206665,-0.06922173500061035
15.857000000000003,1.1383555829524994e-05,1.1383555829524994e-05,nan,nan,nan,nan,-0.16642791032791138,0.0,1.862645149230957e-09,0.7773350477218628,0.0,0.0,0.0,0.0,0.007000000216066837,0.013000000268220901,64.0,0.12222156673669815,2.2104132175445557,0.01099519431591034,8.6824951171875,0.02661205269396305,-0.042987436056137085,-0.06959948688745499,-0.0036492799408733845,0.43323633074760437,0.01540480088442564,0.11925492435693741,9.0,1.0,0.0,0.0,1.1381693184375763e-05,-1.862645149230957e-09,nan,0.007249820977449417,-0.10703188925981522,0.07751239091157913,-0.05858783796429634,0.052606191486120224,0.09340377897024155,-0.045087553560733795,-0.23575179278850555,-0.051390860229730606,0.037217214703559875,-0.028130676597356796,0.025258617475628853,0.044847387820482254,-0.021648578345775604,-0.11319512128829956,-0.15440155565738678,0.07297594845294952,-0.12215510755777359,0.11457551270723343,-0.02239285223186016,-0.03913265839219093,-0.24093595147132874,0.00011595645628403872,2.594556826807093e-05,7.739188731648028e-05,9.979847527574748e-05,9.52373375184834e-06,-7.652395288459957e-05,0.00019284363952465355,0.1927526295185089,0.005314737558364868,0.08259093016386032,0.12052508443593979,0.06521148979663849,-0.12629647552967072,0.20508281886577606,0.03835107386112213,0.07829068601131439,-0.03956417739391327,0.23510059714317322,0.04281863942742348,-0.16542913019657135,-0.03585313260555267,0.03835107386112213,0.07829068601131439,-0.03956417739391327,0.23510059714317322,0.04281863942742348,-0.16542913019657135,-0.03585313260555267,0.03835107386112213,0.07829068601131439,-0.03956417739391327,0.23510059714317322,0.04281863942742348,-0.16542913019657135,-0.03585313260555267
15.98,0.0038221431896090508,0.0038221431896090508,nan,nan,nan,nan,-0.12906329333782196,0.0,0.0,0.7369083762168884,0.0,0.0,0.0,0.0,0.0010000000474974513,0.017999999225139618,64.0,0.12465112656354904,3.485646963119507,0.017004087567329407,11.785676002502441,0.0015597157180309296,0.011893722228705883,0.010334006510674953,0.00043058148003183305,0.5988345146179199,0.013907103799283504,0.11505468934774399,9.0,1.0,0.0,0.0,0.0038221394643187523,-3.725290298461914e-09,nan,0.007025399710983038,-0.12446855753660202,0.05482865869998932,-0.08523370325565338,0.05138256400823593,0.06791619956493378,0.00397343747317791,-0.23867979645729065,-0.05255582928657532,0.023150954395532608,-0.03598923608660698,0.02169586718082428,0.028677059337496758,0.0016777514247223735,-0.10078059136867523,-0.1642395555973053,0.08706174045801163,-0.11427107453346252,0.09533868730068207,0.05328921973705292,-0.03539875149726868,-0.3012111186981201,0.00012699734361376613,1.9887718735844828e-05,5.3610703616868705e-05,6.691945600323379e-05,9.16447606869042e-06,-4.971922317054123e-05,0.00017928416491486132,0.15883807837963104,0.0003445819020271301,0.08128851652145386,0.10954535007476807,-0.0010451599955558777,-0.09354327619075775,0.21592986583709717,-0.005401473492383957,0.08740632236003876,-0.03298255801200867,0.20488403737545013,0.05224405974149704,-0.12894202768802643,-0.08528125286102295,-0.005401473492383957,0.08740632236003876,-0.03298255801200867,0.20488403737545013,0.05224405974149704,-0.12894202768802643,-0.08528125286102295,-0.005401473492383957,0.08740632236003876,-0.03298255801200867,0.20488403737545013,0.05224405974149704,-0.12894202768802643,-0.08528125286102295
16.046000000000003,0.005416275002062321,0.005416275002062321,nan,nan,nan,nan,0.006488282233476639,0.0,0.027970371767878532,0.12893623113632202,0.0,0.0,0.0,0.0,0.006000000052154064,0.014000000432133675,64.0,0.1262637823820114,2.2034151554107666,0.012097880244255066,8.683833122253418,0.0014039929956197739,0.006615042220801115,0.03318142145872116,0.017869550734758377,0.736585795879364,0.013520201668143272,0.18886642158031464,9.0,1.0,0.0,0.0,0.0054162731394171715,-1.862645149230957e-09,nan,0.004061935469508171,-0.12706221640110016,0.07423091679811478,-0.08743993937969208,0.09080763906240463,0.05257685109972954,-0.0743269994854927,-0.21015319228172302,-0.06605818122625351,0.03859179839491844,-0.04545901343226433,0.04720984399318695,0.027334097772836685,-0.03864175081253052,-0.10925621539354324,-0.17664167284965515,0.09898828715085983,-0.12214909493923187,0.1158086284995079,0.06614760309457779,-0.07460826635360718,-0.30615106225013733,0.00034207256976515055,2.7139272788190283e-05,-0.00017390069842804223,2.8534601369756274e-05,3.532126356731169e-05,-1.7448255675844848e-05,0.00015700697258580476,0.15561756491661072,-0.003516651690006256,0.09907570481300354,0.06487125903367996,0.014321669936180115,-0.038894735276699066,0.2011500746011734,-0.021024102345108986,0.09547163546085358,-0.023073390126228333,0.18067988753318787,0.0804692730307579,-0.11350300163030624,-0.10500098764896393,-0.021024102345108986,0.09547163546085358,-0.023073390126228333,0.18067988753318787,0.0804692730307579,-0.11350300163030624,-0.10500098764896393,-0.021024102345108986,0.09547163546085358,-0.023073390126228333,0.18067988753318787,0.0804692730307579,-0.11350300163030624,-0.10500098764896393
16.112,0.0056921252980828285,0.0056921252980828285,nan,nan,nan,nan,0.005090193822979927,0.0,0.03063501976430416,0.13220645487308502,0.0,0.0,0.0,0.0,0.0,0.020999999716877937,64.0,0.12875573337078094,3.8245580196380615,0.016993843019008636,14.640142440795898,0.003011148888617754,0.005206577945500612,0.03283045068383217,0.005091939587146044,0.6317975521087646,0.013971136882901192,0.2364988476037979,9.0,1.0,0.0,0.0,0.00569212157279253,-3.725290298461914e-09,nan,0.004646752029657364,-0.11893763393163681,0.049085501581430435,-0.11856011301279068,0.08225680142641068,-0.15663793683052063,0.10250609368085861,-0.13258518278598785,-0.07154224812984467,0.029525447636842728,-0.07131516188383102,0.04947833716869354,-0.09421937167644501,0.06165849789977074,-0.0797513872385025,-0.18688525259494781,0.10033996403217316,-0.14111976325511932,0.12757082283496857,0.005404900759458542,-0.03804372623562813,-0.29455363750457764,0.1153547614812851,0.00793236680328846,-0.12158035486936569,0.0004093024181202054,0.016339708119630814,-0.0006786620942875743,-0.011276583187282085,0.2137463539838791,-0.00941517949104309,0.06872814893722534,0.047363489866256714,0.08254270255565643,-0.08215810358524323,0.18937495350837708,0.026861097663640976,0.09092478454113007,-0.07239161431789398,0.17493431270122528,0.08794760704040527,-0.12020183354616165,-0.10517868399620056,0.026861097663640976,0.09092478454113007,-0.07239161431789398,0.17493431270122528,0.08794760704040527,-0.12020183354616165,-0.10517868399620056,0.026861097663640976,0.09092478454113007,-0.07239161431789398,0.17493431270122528,0.08794760704040527,-0.12020183354616165,-0.10517868399620056
16.217000000000002,0.00538689736276865,0.00538689736276865,nan,nan,nan,nan,-0.16265594959259033,0.0,0.0,0.7301747798919678,0.0,0.0,0.0,0.0,0.00800000037997961,0.017000000923871994,64.0,0.13056804239749908,7.108912944793701,0.01840852200984955,16.009082794189453,0.0023210328072309494,0.0020794980227947235,-0.0002415347844362259,0.0,0.5063151717185974,0.012995418161153793,0.19739679992198944,9.0,1.0,0.0,0.0,0.0053869085386395454,1.1175870895385742e-08,nan,0.017734771594405174,-0.10770729184150696,0.08269405364990234,-0.05212287977337837,0.0457729808986187,0.10557880252599716,-0.034987520426511765,-0.2331906110048294,-0.07756445556879044,0.05955139547586441,-0.037535835057497025,0.03296301141381264,0.0760316476225853,-0.025195954367518425,-0.16793017089366913,-0.18964582681655884,0.10938006639480591,-0.1386818140745163,0.11512725800275803,-0.0012882053852081299,0.002892451360821724,-0.31161466240882874,0.0003961526381317526,-1.169002462120261e-05,-0.0002291940909344703,3.627334808697924e-05,2.0317540474934503e-05,-6.223413947736844e-05,0.00016271742060780525,0.24078762531280518,-0.03268063813447952,0.05156997591257095,0.06526348739862442,0.04845479875802994,-0.10602228343486786,0.23374059796333313,0.05114179849624634,0.07669942826032639,-0.08711183816194534,0.18039074540138245,0.04716659337282181,-0.10312983393669128,-0.0778740718960762,0.05114179849624634,0.07669942826032639,-0.08711183816194534,0.18039074540138245,0.04716659337282181,-0.10312983393669128,-0.0778740718960762,0.05114179849624634,0.07669942826032639,-0.08711183816194534,0.18039074540138245,0.04716659337282181,-0.10312983393669128,-0.0778740718960762
16.290000000000003,0.0038397526368498802,0.0038397526368498802,nan,nan,nan,nan,-0.1469825953245163,1.0,-1.862645149230957e-09,0.7250599265098572,0.0,0.0,0.0,0.0,0.008999999612569809,0.014999999664723873,64.0,0.13177041709423065,2.3174071311950684,0.01454818993806839,8.805310249328613,0.0033580074086785316,-0.004933767020702362,-0.008291776292026043,0.0,0.3304542899131775,0.01145828329026699,0.15380854904651642,9.0,1.0,0.0,0.0,0.0038397470489144325,-5.587935447692871e-09,nan,0.009229964576661587,-0.08700325340032578,0.03581896424293518,-0.0781312808394432,-0.12466836720705032,-0.037772517651319504,0.23336997628211975,-0.060103464871644974,-0.027748238295316696,0.011423861607909203,-0.02491866983473301,-0.03976089879870415,-0.012046914547681808,0.0744294598698616,-0.019168999046087265,-0.1659633219242096,0.09588773548603058,-0.1194227933883667,0.01992160640656948,0.01535959541797638,0.08935923874378204,-0.25475233793258667,0.0002484192664269358,-2.8537306206999347e-05,-7.403134077321738e-05,7.521134102717042e-05,-6.464199941547122e-06,-0.00010577282955637202,0.00018067889322992414,0.18600662052631378,-0.030822917819023132,0.056817322969436646,0.14719097316265106,0.02148592099547386,-0.17984473705291748,0.174187570810318,0.02004329301416874,0.06506481766700745,-0.06260547041893005,0.1671125739812851,0.03684551641345024,-0.09048550575971603,-0.08056477457284927,0.02004329301416874,0.06506481766700745,-0.06260547041893005,0.1671125739812851,0.03684551641345024,-0.09048550575971603,-0.08056477457284927,0.020043298602104187,0.06506481766700745,-0.06260547041893005,0.1671125739812851,0.03684551641345024,-0.09048550575971603,-0.08056476712226868
16.362,0.004061718471348286,0.004061718471348286,nan,nan,nan,nan,-0.12691833078861237,0.0,3.725290298461914e-09,0.7272626757621765,0.0,0.0,0.0,0.0,0.007000000216066837,0.02800000086426735,64.0,0.1322464495897293,1.668931007385254,0.009550713002681732,8.540180206298828,0.002567012794315815,0.0010424219071865082,-0.0015245871618390083,-0.00011328873370075598,0.299812912940979,0.007452324032783508,0.14337444305419922,9.0,1.0,0.0,0.0,0.0040617166087031364,-1.862645149230957e-09,nan,0.00977118220180273,-0.12655207514762878,0.08214060962200165,-0.06688491255044937,0.08133824169635773,0.12990333139896393,-0.007752970792353153,-0.1980227530002594,-0.01795012317597866,0.011650809086859226,-0.009486944414675236,0.011537001468241215,0.018425464630126953,-0.0010996799683198333,-0.028087511658668518,-0.1497662365436554,0.08541228622198105,-0.10311894863843918,0.00016451068222522736,0.046496182680130005,0.11145999282598495,-0.20720481872558594,0.0007608911255374551,1.6595529814367183e-05,-0.0006275140913203359,0.00010657689563231543,7.753520185360685e-05,-0.00013531891454476863,0.00011681212345138192,0.153216153383255,-0.041347745805978775,0.0616743229329586,0.12183332443237305,-0.026611851528286934,-0.14624479413032532,0.16187794506549835,0.00344991497695446,0.044064540416002274,-0.041444625705480576,0.12199783325195312,0.01988433115184307,-0.03478480502963066,-0.045326877385377884,0.00344991497695446,0.044064540416002274,-0.041444625705480576,0.12199783325195312,0.01988433115184307,-0.03478480502963066,-0.045326877385377884,0.00344991497695446,0.044064540416002274,-0.041444625705480576,0.12199783325195312,0.01988433115184307,-0.03478480502963066,-0.045326877385377884
16.427000000000003,0.004909981973469257,0.004909981973469257,nan,nan,nan,nan,-0.10054955631494522,0.0,-3.725290298461914e-09,0.7303539514541626,0.0,0.0,0.0,0.0,0.0020000000949949026,0.017000000923871994,64.0,0.1349639743566513,3.9669573307037354,0.01689046621322632,13.883332252502441,-0.003972364589571953,0.008805561810731888,0.012777922675013542,0.00021519027359317988,0.6702325344085693,0.007967453449964523,0.14079508185386658,9.0,1.0,0.0,0.0,0.00491000059992075,1.862645149230957e-08,nan,0.00845617800951004,-0.12655207514762878,0.08214060962200165,-0.06688491255044937,0.08133824169635773,0.12990333139896393,-0.007752970792353153,-0.1980227530002594,-0.04315749928355217,0.028012052178382874,-0.02280947007238865,0.027738424018025398,0.04430036246776581,-0.0026439616922289133,-0.06753083318471909,-0.1546081155538559,0.09407515823841095,-0.09446291625499725,0.04824627563357353,0.10165023803710938,0.054708946496248245,-0.22748315334320068,0.0007492411532439291,2.9888517019571736e-05,-0.0006332577904686332,0.00014386555994860828,8.541020361008123e-05,-0.00016269905609078705,9.986045188270509e-05,0.13082660734653473,-0.047104258090257645,0.05277622863650322,0.07134662568569183,-0.06342342495918274,-0.08178052306175232,0.16125786304473877,-0.023781508207321167,0.046970900148153305,-0.041686687618494034,0.11959290504455566,0.03822680935263634,-0.027071578428149223,-0.06622529029846191,-0.023781508207321167,0.046970900148153305,-0.041686687618494034,0.11959290504455566,0.03822680935263634,-0.027071578428149223,-0.06622529029846191,-0.023781508207321167,0.046970900148153305,-0.041686687618494034,0.11959290504455566,0.03822680935263634,-0.027071578428149223,-0.06622529029846191
16.503000000000004,0.005869307555258274,0.005869307555258274,nan,nan,nan,nan,-0.08071818947792053,0.0,3.725290298461914e-09,0.7323865294456482,0.0,0.0,0.0,0.0,0.0020000000949949026,0.014000000432133675,64.0,0.13598892092704773,2.490410566329956,0.012210570275783539,11.338213920593262,-0.008726250380277634,0.013364252634346485,0.022090505808591843,0.028494078665971756,0.8776179552078247,0.010169368237257004,0.1515655517578125,9.0,1.0,0.0,0.0,0.005869303829967976,-3.725290298461914e-09,nan,0.009647252969443798,-0.10774636268615723,0.15284988284111023,-0.08088508993387222,0.18328401446342468,-0.048003435134887695,-0.03145742043852806,-0.10769543051719666,-0.02325582318007946,0.03299090266227722,-0.017458122223615646,0.03955976292490959,-0.010360993444919586,-0.006789724808186293,-0.02324482798576355,-0.13871651887893677,0.13966472446918488,-0.09428345412015915,0.13803187012672424,0.015966828912496567,0.005034657195210457,-0.17191775143146515,0.00010450058471178636,-1.297491598961642e-05,4.343604086898267e-05,0.00015993922716006637,-1.4972675671742763e-05,-0.00016871803381945938,0.0001611608313396573,0.09242606163024902,-0.06935731321573257,0.046814024448394775,0.01505953073501587,0.013882344588637352,-0.046016909182071686,0.09433045983314514,-0.046290457248687744,0.0703074112534523,-0.047469429671764374,0.1530914008617401,0.02984917350113392,-0.04098225384950638,-0.07758729159832001,-0.046290457248687744,0.0703074112534523,-0.047469429671764374,0.1530914008617401,0.02984917350113392,-0.04098225384950638,-0.07758729159832001,-0.046290457248687744,0.0703074112534523,-0.047469429671764374,0.1530914008617401,0.02984917350113392,-0.04098225384950638,-0.07758729159832001
16.592000000000002,0.005856744013726711,0.005856744013726711,nan,nan,nan,nan,0.017055798321962357,1.0,0.026783516630530357,0.14164140820503235,0.0,0.0,0.0,0.0,0.0010000000474974513,0.023000000044703484,64.0,0.13820968568325043,3.2097623348236084,0.014549121260643005,10.593721389770508,-0.001902007032185793,-0.0021847235038876534,0.026500798761844635,-0.005114499479532242,0.8202677369117737,0.014324724674224854,0.20423723757266998,9.0,1.0,0.0,0.0,0.005856740288436413,-3.725290298461914e-09,nan,0.004378092009574175,-0.11230482161045074,0.12438403069972992,-0.041868243366479874,0.08312597125768661,0.09743146598339081,-0.04289139434695244,-0.20474569499492645,-0.06740015000104904,0.07464952766895294,-0.02512737736105919,0.049888357520103455,0.058473851531744,-0.02574142813682556,-0.12287887185811996,-0.1592537760734558,0.1703302413225174,-0.07781163603067398,0.13319285213947296,0.09294676780700684,-0.035691287368535995,-0.25525975227355957,0.12772336602210999,0.011401111260056496,-0.13729062676429749,0.000634139811154455,0.02285732887685299,-0.0012818070827051997,-0.01552631426602602,0.14628812670707703,-0.06473969668149948,-0.03243117779493332,0.056931957602500916,-0.046138424426317215,-0.038283709436655045,0.1336139738559723,-0.01296564843505621,0.10559054464101791,-0.1102428138256073,0.19012480974197388,0.04680834338068962,-0.07397499680519104,-0.12164578586816788,-0.01296564843505621,0.10559054464101791,-0.1102428138256073,0.19012480974197388,0.04680834338068962,-0.07397499680519104,-0.12164578586816788,-0.012965641915798187,0.10559054464101791,-0.1102428138256073,0.19012482464313507,0.04680833965539932,-0.07397500425577164,-0.12164577841758728
16.654,0.0055673858150839806,0.0055673858150839806,nan,nan,nan,nan,0.013652951456606388,1.0,0.02622152492403984,0.14271318912506104,0.0,0.0,0.0,0.0,0.003000000026077032,0.014000000432133675,64.0,0.13908284902572632,2.5994088649749756,0.01517031341791153,9.136016845703125,-0.0010196422226727009,-0.0032592960633337498,0.023981871083378792,-0.011735063046216965,0.714043140411377,0.016394155099987984,0.23884515464305878,9.0,1.0,0.0,0.0,0.005567383952438831,-1.862645149230957e-09,nan,0.003987164236605167,-0.13449600338935852,0.0887029618024826,-0.06752727925777435,0.08540549874305725,0.10770843178033829,-0.025366466492414474,-0.19985999166965485,-0.017833154648542404,0.01176134217530489,-0.008953607641160488,0.011324124410748482,0.014281325042247772,-0.003363401861861348,-0.026499927043914795,-0.164928138256073,0.16130630671977997,-0.09034094959497452,0.08809079229831696,0.08157480508089066,0.0014851447194814682,-0.23993566632270813,0.13240103423595428,0.011808745563030243,-0.14232158660888672,0.0006472578970715404,0.02368984743952751,-0.0013266569003462791,-0.01609710231423378,0.17712631821632385,-0.045930616557598114,-0.06179311126470566,0.11214856803417206,-0.03143395483493805,-0.0948694720864296,0.10003462433815002,0.012198181822896004,0.11537569016218185,-0.15213406085968018,0.200239360332489,0.050140850245952606,-0.09338432550430298,-0.1399010419845581,0.012198181822896004,0.11537569016218185,-0.15213406085968018,0.200239360332489,0.050140850245952606,-0.09338432550430298,-0.1399010419845581,0.0121981892734766,0.11537568271160126,-0.15213406085968018,0.2002393752336502,0.05014084652066231,-0.09338433295488358,-0.1399010270833969
16.749,0.004179527051746845,0.004179527051746845,nan,nan,nan,nan,-0.09250424802303314,0.0,4.6566128730773926e-09,0.6838552355766296,0.0,0.0,0.0,0.0,0.00800000037997961,0.03400000184774399,64.0,0.1392301470041275,3.881012201309204,0.017299316823482513,15.544879913330078,0.004435978829860687,-0.010107167065143585,-0.0145431412383914,-0.03115772269666195,0.6753039956092834,0.016419339925050735,0.216901034116745,9.0,1.0,0.0,0.0,0.004179525189101696,-1.862645149230957e-09,nan,0.013461637310683727,-0.13449600338935852,0.0887029618024826,-0.06752727925777435,0.08540549874305725,0.10770843178033829,-0.025366466492414474,-0.19985999166965485,-0.04863022267818451,0.03207265958189964,-0.024416089057922363,0.030880386009812355,0.038944538682699203,-0.009171847254037857,-0.07226412743330002,-0.16885283589363098,0.13504301011562347,-0.08817344158887863,0.0997215062379837,0.11245568096637726,-0.017154647037386894,-0.24859413504600525,0.0009191050194203854,1.7116961316787638e-05,-0.0008610414806753397,0.00018450143397785723,0.00011161851580254734,-0.00023936669458635151,4.381968028610572e-05,0.17934481799602509,-0.049027472734451294,-0.05305046588182449,0.11239355802536011,-0.06649360060691833,-0.11251837015151978,0.12028215825557709,0.010491975583136082,0.08601553738117218,-0.14122390747070312,0.2121150642633438,0.045962076634168625,-0.12967301905155182,-0.12831197679042816,0.010491975583136082,0.08601553738117218,-0.14122390747070312,0.2121150642633438,0.045962076634168625,-0.12967301905155182,-0.12831197679042816,0.010491975583136082,0.08601553738117218,-0.14122390747070312,0.2121150642633438,0.045962076634168625,-0.12967301905155182,-0.12831197679042816
16.819,0.003147304989397526,0.003147304989397526,nan,nan,nan,nan,-0.07936463505029678,0.0,2.7939677238464355e-09,0.6790043711662292,0.0,0.0,0.0,0.0,0.006000000052154064,0.017000000923871994,64.0,0.13915662467479706,3.5674924850463867,0.016922131180763245,20.239343643188477,0.007004447281360626,-0.006028611212968826,-0.013033055700361729,0.0,0.801286518573761,0.01575271598994732,0.16144807636737823,9.0,1.0,0.0,0.0,0.003147282637655735,-2.2351741790771484e-08,nan,0.009699990041553974,-0.11987543106079102,0.13604161143302917,-0.09414811432361603,0.16302593052387238,-0.07856341451406479,0.016611071303486824,-0.12342245876789093,-0.03917475417256355,0.04445778951048851,-0.030767181888222694,0.053276147693395615,-0.02567417174577713,0.005428423639386892,-0.040333908051252365,-0.16025958955287933,0.1525316685438156,-0.10282029956579208,0.15058067440986633,0.010668125003576279,0.0011784685775637627,-0.20376083254814148,0.00036015076329931617,-4.8878118832362816e-05,-0.0002679897879716009,0.0002035555662587285,-1.5887778772594174e-06,-0.00026710337260738015,0.00010857468441827223,0.12583792209625244,-0.06893400102853775,-0.012999080121517181,0.06391698122024536,0.009675402194261551,-0.12204064428806305,0.07476094365119934,-0.034421663731336594,0.08359766751527786,-0.11581937968730927,0.2144976556301117,0.02034352719783783,-0.12086217850446701,-0.12899988889694214,-0.034421663731336594,0.08359766751527786,-0.11581937968730927,0.2144976556301117,0.02034352719783783,-0.12086217850446701,-0.12899988889694214,-0.034421663731336594,0.08359766751527786,-0.11581937968730927,0.2144976556301117,0.02034352719783783,-0.12086217850446701,-0.12899988889694214
16.879,0.003857831470668316,0.003857831470668316,nan,nan,nan,nan,-0.07027200609445572,0.0,6.51925802230835e-09,0.6672562956809998,0.0,0.0,0.0,0.0,0.008999999612569809,0.009999999776482582,64.0,0.14025458693504333,4.030172824859619,0.01820642501115799,10.454545021057129,0.0028432756662368774,0.006584770977497101,0.0037415018305182457,0.0,0.8615586161613464,0.016081171110272408,0.17051997780799866,9.0,1.0,0.0,0.0,0.003857831470668316,0.0,nan,0.010273306630551815,-0.11864351481199265,0.1116565391421318,-0.03841933235526085,0.06591641157865524,0.10411760956048965,-0.03669448569417,-0.21318666636943817,-0.07880894094705582,0.07416784018278122,-0.02552003785967827,0.0437849685549736,0.0691601112484932,-0.024374308064579964,-0.14160922169685364,-0.17327305674552917,0.16405798494815826,-0.08556689321994781,0.13186712563037872,0.07687761634588242,-0.024237681180238724,-0.2626408636569977,7.138637738535181e-05,-6.500918243546039e-05,1.6051586499088444e-05,0.00023259785666596144,-4.980567973689176e-05,-0.00028437466244213283,0.00011720119073288515,0.10094016045331955,-0.06568232923746109,-0.018940284848213196,0.0727171003818512,-0.0552813857793808,-0.0799061506986618,0.10629835724830627,-0.07233289629220963,0.09837565571069717,-0.10450717806816101,0.20458422601222992,0.021596230566501617,-0.10414382815361023,-0.1563425064086914,-0.07233289629220963,0.09837565571069717,-0.10450717806816101,0.20458422601222992,0.021596230566501617,-0.10414382815361023,-0.1563425064086914,-0.07233289629220963,0.09837565571069717,-0.10450717806816101,0.20458422601222992,0.021596230566501617,-0.10414382815361023,-0.1563425064086914
16.953999999999997,0.00467961560934782,0.00467961560934782,nan,nan,nan,nan,0.006579248234629631,0.0,0.01079566404223442,0.14688090980052948,0.0,0.0,0.0,0.0,0.004999999888241291,0.03799999877810478,64.0,0.14158007502555847,2.365694284439087,0.012014992535114288,8.91362476348877,-0.009440315887331963,-0.002538227941840887,0.01769775152206421,-0.004261683207005262,0.9129630327224731,0.017365390434861183,0.2364833950996399,9.0,1.0,0.0,0.0,0.004679602570831776,-1.30385160446167e-08,nan,0.005339594092220068,-0.11556341499090195,0.12371726334095001,-0.040112826973199844,0.09686046093702316,0.11714909970760345,-0.07386138290166855,-0.17654667794704437,-0.020533274859189987,0.02198204956948757,-0.007127236574888229,0.017210138961672783,0.02081502042710781,-0.013123670592904091,-0.031368765980005264,-0.17961092293262482,0.17156186699867249,-0.07551490515470505,0.12460768967866898,0.11628977209329605,-0.04359818994998932,-0.2905557155609131,0.14498822391033173,0.015756674110889435,-0.15849365293979645,0.0008193682879209518,0.0306314155459404,-0.001891997759230435,-0.02054341323673725,0.08770890533924103,-0.054404713213443756,-0.0331408753991127,0.0657983347773552,-0.06998845189809799,-0.051923349499702454,0.09276269376277924,-0.09190201759338379,0.11715715378522873,-0.10865578055381775,0.19040602445602417,0.04630132019519806,-0.09552153944969177,-0.19779302179813385,-0.09190201759338379,0.11715715378522873,-0.10865578055381775,0.19040602445602417,0.04630132019519806,-0.09552153944969177,-0.19779302179813385,-0.09190201759338379,0.11715715378522873,-0.10865578055381775,0.19040602445602417,0.04630132019519806,-0.09552153944969177,-0.19779302179813385
16.997000000000003,0.004436886869370937,0.004436886869370937,nan,nan,nan,nan,0.009196935221552849,0.0,0.013514663092792034,0.14724285900592804,0.0,0.0,0.0,0.0,0.00800000037997961,0.008999999612569809,64.0,0.14245687425136566,2.6941661834716797,0.012123025953769684,8.834287643432617,-0.007373635657131672,-0.0032667014747858047,0.0176215972751379,0.0,0.9193649888038635,0.01902071386575699,0.21676690876483917,9.0,1.0,0.0,0.0,0.004436873830854893,-1.30385160446167e-08,nan,0.0031611723825335503,-0.11556341499090195,0.12371726334095001,-0.040112826973199844,0.09686046093702316,0.11714909970760345,-0.07386138290166855,-0.17654667794704437,-0.032366182655096054,0.03464985638856888,-0.011234517209231853,0.02712799236178398,0.03281029313802719,-0.020686574280261993,-0.049445945769548416,-0.16331450641155243,0.16355910897254944,-0.0638560801744461,0.12276779860258102,0.1297498494386673,-0.06562938541173935,-0.25829359889030457,0.1491996943950653,0.017006587237119675,-0.1640421599149704,0.0008242292678914964,0.03298484906554222,-0.0020666192285716534,-0.022014787420630455,0.1017584428191185,-0.024889707565307617,-0.09204892814159393,0.04781351238489151,-0.043909065425395966,-0.02310875803232193,0.027969539165496826,-0.06155606359243393,0.13866940140724182,-0.15590500831604004,0.17058131098747253,0.08584078401327133,-0.08873814344406128,-0.23032405972480774,-0.06155606359243393,0.13866940140724182,-0.15590500831604004,0.17058131098747253,0.08584078401327133,-0.08873814344406128,-0.23032405972480774,-0.06155606359243393,0.13866940140724182,-0.15590500831604004,0.17058131098747253,0.08584078401327133,-0.08873814344406128,-0.23032405972480774
17.055000000000003,0.0038268985226750374,0.0038268985226750374,nan,nan,nan,nan,0.0026600398123264313,0.0,0.00938622746616602,0.14731352031230927,0.0,0.0,0.0,0.0,0.006000000052154064,0.013000000268220901,64.0,0.14245687425136566,2.430704355239868,0.07761456072330475,8.782638549804688,-0.005990093573927879,-0.007211826276034117,0.00816449522972107,-0.024505818262696266,0.9047850966453552,0.020216457545757294,0.30638742446899414,9.0,1.0,0.0,0.0,0.0038268892094492912,-9.313225746154785e-09,nan,0.004858957603573799,-0.13603396713733673,0.11596965044736862,-0.0604444295167923,0.10539482533931732,0.07188110798597336,-0.05364847928285599,-0.18772092461585999,-0.02639688551425934,0.022503480315208435,-0.011729016900062561,0.02045147493481636,0.013948261737823486,-0.010410288348793983,-0.03642654791474342,-0.1666061133146286,0.1589333862066269,-0.0677165612578392,0.12779618799686432,0.11952970176935196,-0.069753497838974,-0.2507634162902832,0.15280143916606903,0.01740976609289646,-0.1680031269788742,0.0008365654502995312,0.033777348697185516,-0.002114714588969946,-0.022546732798218727,0.12395250797271729,-0.008912608027458191,-0.11621207743883133,0.032467857003211975,-0.010424889624118805,-0.01867925375699997,0.005982711911201477,-0.042653605341911316,0.1500207781791687,-0.18392863869667053,0.1602640450000763,0.10910481214523315,-0.08843275159597397,-0.24478070437908173,-0.042653605341911316,0.1500207781791687,-0.18392863869667053,0.1602640450000763,0.10910481214523315,-0.08843275159597397,-0.24478070437908173,-0.042653605341911316,0.1500207781791687,-0.18392863869667053,0.1602640450000763,0.10910481214523315,-0.08843275159597397,-0.24478070437908173
17.154,0.0032847756519913673,0.0032847756519913673,nan,nan,nan,nan,-0.0006335508078336716,0.0,0.008237762376666069,0.14689461886882782,0.0,0.0,0.0,0.0,0.0010000000474974513,0.03999999910593033,64.0,0.14140652120113373,2.192596912384033,0.015382654964923859,14.782334327697754,-0.005412574857473373,-0.007124532945454121,0.006525804288685322,-0.005592824891209602,0.8763827681541443,0.021307524293661118,0.2660519480705261,9.0,1.0,0.0,0.0,0.003284771926701069,-3.725290298461914e-09,nan,0.003207145957276225,-0.1185036227107048,0.10162431746721268,-0.09645193070173264,0.09683340042829514,-0.10113685578107834,0.1304154247045517,-0.14040249586105347,-0.022264689207077026,0.01909337192773819,-0.018121574074029922,0.018193243071436882,-0.019001785665750504,0.024502698332071304,-0.026379089802503586,-0.17156222462654114,0.15444009006023407,-0.07898502051830292,0.13296756148338318,0.08414117991924286,-0.046219352632761,-0.2436947077512741,0.1577746570110321,0.019395461305975914,-0.17487719655036926,0.0008638588478788733,0.037350352853536606,-0.0025044907815754414,-0.024797111749649048,0.1436556875705719,0.0013982206583023071,-0.13350418210029602,0.02494467794895172,0.033910661935806274,-0.04303240403532982,-0.010371759533882141,-0.02790653333067894,0.15583831071853638,-0.21248920261859894,0.1579122394323349,0.11805184185504913,-0.08925175666809082,-0.25406646728515625,-0.02790653333067894,0.15583831071853638,-0.21248920261859894,0.1579122394323349,0.11805184185504913,-0.08925175666809082,-0.25406646728515625,-0.02790653333067894,0.15583831071853638,-0.21248920261859894,0.1579122394323349,0.11805184185504913,-0.08925175666809082,-0.25406646728515625
17.229000000000003,0.002931158058345318,0.002931158058345318,nan,nan,nan,nan,-0.003148641437292099,0.0,0.006973746232688427,0.14697527885437012,0.0,0.0,0.0,0.0,0.006000000052154064,0.01600000075995922,64.0,0.14027968049049377,4.053832054138184,0.019107945263385773,11.031290054321289,-0.005063011310994625,-0.005085767712444067,0.006950989831238985,0.0,0.8180900812149048,0.02097676508128643,0.1831728219985962,9.0,1.0,0.0,0.0,0.0029311450198292732,-1.30385160446167e-08,nan,0.002608597045764327,-0.124814972281456,0.10306183993816376,-0.027249686419963837,0.05283976346254349,0.11779888719320297,-0.032277822494506836,-0.2129470854997635,-0.0655871108174324,0.054156385362148285,-0.014319021254777908,0.02776595950126648,0.06190033257007599,-0.016961179673671722,-0.11189829558134079,-0.16802656650543213,0.14621199667453766,-0.09191212803125381,0.12171442806720734,0.012264382094144821,0.041242241859436035,-0.23291535675525665,0.16475625336170197,0.021298466250300407,-0.18342392146587372,0.0010085112880915403,0.04046693071722984,-0.002860831329599023,-0.026826107874512672,0.15522359311580658,0.012835681438446045,-0.15129336714744568,0.02503351867198944,0.07012985646724701,-0.0742499828338623,-0.016056835651397705,-0.012802970595657825,0.1590476781129837,-0.2432055026292801,0.14674794673919678,0.08239424228668213,-0.03300773724913597,-0.24897219240665436,-0.012802970595657825,0.1590476781129837,-0.2432055026292801,0.14674794673919678,0.08239424228668213,-0.03300773724913597,-0.24897219240665436,-0.012802970595657825,0.1590476781129837,-0.2432055026292801,0.14674794673919678,0.08239424228668213,-0.03300773724913597,-0.24897219240665436
17.288999999999998,0.0029436377808451653,0.0029436377808451653,nan,nan,nan,nan,-0.0026172325015068054,0.0,0.007833708077669144,0.1497178077697754,0.0,0.0,0.0,0.0,-0.0010000000474974513,0.007000000216066837,64.0,0.1392187476158142,2.6922850608825684,0.010076910257339478,9.629217147827148,-0.0035329312086105347,-0.001900560688227415,0.009466078132390976,0.0,0.793750524520874,0.021333102136850357,0.2240605503320694,9.0,1.0,0.0,0.0,0.0029436228796839714,-1.4901161193847656e-08,nan,0.00328815053217113,-0.12699845433235168,0.11529495567083359,-0.03171525523066521,0.06299131363630295,0.14121544361114502,-0.04084571823477745,-0.1843760460615158,-0.024277133867144585,0.022039882838726044,-0.0060627153143286705,0.012041473761200905,0.026994865387678146,-0.007808101829141378,-0.03524548187851906,-0.1723027527332306,0.148105651140213,-0.06597163528203964,0.10003765672445297,0.09394492208957672,-0.003927603829652071,-0.2606298327445984,0.1665322333574295,0.0236591175198555,-0.18711510300636292,0.0010852611158043146,0.04418047517538071,-0.0033707008697092533,-0.029161322861909866,0.17614060640335083,0.0033550411462783813,-0.18288284540176392,0.05192682892084122,0.0009785816073417664,-0.040155403316020966,0.009413719177246094,0.0038378480821847916,0.1514606922864914,-0.24885448813438416,0.1519644856452942,0.09492350369691849,-0.04408300668001175,-0.2512161135673523,0.0038378480821847916,0.1514606922864914,-0.24885448813438416,0.1519644856452942,0.09492350369691849,-0.04408300668001175,-0.2512161135673523,0.0038378480821847916,0.1514606922864914,-0.24885448813438416,0.1519644856452942,0.09492350369691849,-0.04408300668001175,-0.2512161135673523
17.366000000000003,0.0029410021379590034,0.0029410021379590034,nan,nan,nan,nan,-0.00269900169223547,1.0,0.008798039518296719,0.15272217988967896,0.0,0.0,0.0,0.0,0.0020000000949949026,0.020999999716877937,64.0,0.13874390721321106,2.4166526794433594,0.011254101991653442,10.026577949523926,-0.0008357074111700058,-0.00016203010454773903,0.009471716359257698,0.001703965594060719,0.7454060912132263,0.021461186930537224,0.28539007902145386,9.0,1.0,0.0,0.0,0.002940981648862362,-2.0489096641540527e-08,nan,0.004929462913423777,-0.12699845433235168,0.11529495567083359,-0.03171525523066521,0.06299131363630295,0.14121544361114502,-0.04084571823477745,-0.1843760460615158,-0.0362628735601902,0.03292107954621315,-0.00905590783804655,0.01798640936613083,0.04032236337661743,-0.011663001030683517,-0.05264635384082794,-0.16652511060237885,0.1478639841079712,-0.0507291816174984,0.0884050726890564,0.14625340700149536,-0.033039286732673645,-0.24593763053417206,0.16967709362506866,0.02410914935171604,-0.19065389037132263,0.0011094710789620876,0.04501798748970032,-0.0034361472353339195,-0.029717672616243362,0.19715088605880737,-0.015928462147712708,-0.19241291284561157,0.07327605783939362,-0.014183342456817627,-0.05826607346534729,0.011736035346984863,0.030625781044363976,0.13193552196025848,-0.24314209818840027,0.16168113052845,0.13207006454467773,-0.09130536019802094,-0.2342015951871872,0.030625781044363976,0.13193552196025848,-0.24314209818840027,0.16168113052845,0.13207006454467773,-0.09130536019802094,-0.2342015951871872,0.030625784769654274,0.13193552196025848,-0.24314209818840027,0.16168113052845,0.13207006454467773,-0.09130536764860153,-0.2342015951871872
17.427000000000003,0.002846955321729183,0.002846955321729183,nan,nan,nan,nan,-0.0029873913154006004,0.0,0.010209085419774055,0.1530587524175644,0.0,0.0,0.0,0.0,0.0020000000949949026,0.007000000216066837,64.0,0.13840381801128387,2.781902551651001,0.012876465916633606,9.355121612548828,-0.0005963053554296494,-0.0008432758040726185,0.009962115436792374,0.0,0.7295060753822327,0.021621525287628174,0.21679238975048065,9.0,1.0,0.0,0.0,0.0028469497337937355,-5.587935447692871e-09,nan,0.003161611268296838,-0.14420650899410248,0.12086430937051773,-0.05393175780773163,0.04739551618695259,0.06395924836397171,-0.006534193176776171,-0.21285641193389893,-0.05869252234697342,0.049192171543836594,-0.021950403228402138,0.019290130585432053,0.026031624525785446,-0.0026594381779432297,-0.08663326501846313,-0.17792624235153198,0.15377973020076752,-0.060061901807785034,0.07737337052822113,0.11953745782375336,-0.022367238998413086,-0.26270583271980286,0.17171704769134521,0.026319429278373718,-0.19443239271640778,0.001196787809021771,0.048381537199020386,-0.0038532924372702837,-0.03182509168982506,0.2110326737165451,-0.02555668354034424,-0.1818566769361496,0.07969065010547638,0.02329261600971222,-0.08055184781551361,0.027603432536125183,0.03310643136501312,0.12822304666042328,-0.24191857874393463,0.1570640206336975,0.14283007383346558,-0.1029190868139267,-0.23510240018367767,0.03310643136501312,0.12822304666042328,-0.24191857874393463,0.1570640206336975,0.14283007383346558,-0.1029190868139267,-0.23510240018367767,0.03310643136501312,0.12822304666042328,-0.24191857874393463,0.1570640206336975,0.14283007383346558,-0.1029190868139267,-0.23510240018367767
17.479000000000003,0.0028525451198220253,0.0028525451198220253,nan,nan,nan,nan,-0.0048980629071593285,0.0,0.009503676556050777,0.15470199286937714,0.0,0.0,0.0,0.0,0.0,0.004999999888241291,64.0,0.13899803161621094,2.372831106185913,0.012109987437725067,10.097294807434082,-0.0007703443989157677,-0.00024344632402062416,0.010030575096607208,0.0,0.7229980826377869,0.022356320172548294,0.30761146545410156,9.0,1.0,0.0,0.0,0.0028525302186608315,-1.4901161193847656e-08,nan,0.0036868362221866846,-0.14420650899410248,0.12086430937051773,-0.05393175780773163,0.04739551618695259,0.06395924836397171,-0.006534193176776171,-0.21285641193389893,-0.06641314923763275,0.055663082748651505,-0.024837836623191833,0.02182762324810028,0.029455916956067085,-0.0030092699453234673,-0.09802930802106857,-0.1924019306898117,0.1636854112148285,-0.06857673823833466,0.07308939099311829,0.10651947557926178,-0.01617800071835518,-0.28403571248054504,0.17420770227909088,0.028048336505889893,-0.19824932515621185,0.0013851765543222427,0.05086717754602432,-0.004289543256163597,-0.033382393419742584,0.22311601042747498,-0.03273741900920868,-0.18248049914836884,0.08242052793502808,0.03768634796142578,-0.09425358474254608,0.035786330699920654,0.03071407787501812,0.1309479922056198,-0.2510572373867035,0.15550991892814636,0.14420582354068756,-0.11043158173561096,-0.2482493817806244,0.03071407787501812,0.1309479922056198,-0.2510572373867035,0.15550991892814636,0.14420582354068756,-0.11043158173561096,-0.2482493817806244,0.03071407787501812,0.1309479922056198,-0.2510572373867035,0.15550991892814636,0.14420582354068756,-0.11043158173561096,-0.2482493817806244
17.555000000000003,0.002835114486515522,0.002835114486515522,nan,nan,nan,nan,-0.0050952862948179245,0.0,0.008878517895936966,0.15527866780757904,0.0,0.0,0.0,0.0,0.0020000000949949026,0.026000000536441803,64.0,0.13899803161621094,2.508347749710083,0.013154931366443634,19.292518615722656,-0.0015615122392773628,-0.0002132924273610115,0.010226737707853317,-0.0006704089464619756,0.584805428981781,0.02121674455702305,0.2302277684211731,9.0,1.0,0.0,0.0,0.0028351126238703728,-1.862645149230957e-09,nan,0.0033974694088101387,-0.09983672201633453,0.0677545964717865,-0.08282136172056198,-0.026785818859934807,-0.07915057986974716,0.21761225163936615,-0.11935316026210785,-0.044426754117012024,0.0301503986120224,-0.03685501962900162,-0.011919532902538776,-0.03522154316306114,0.09683617949485779,-0.05311145633459091,-0.16403433680534363,0.12786899507045746,-0.09058584272861481,0.018310915678739548,-0.0005899053066968918,0.13988608121871948,-0.22309666872024536,0.17421893775463104,0.02805001102387905,-0.1982620805501938,0.0013851271942257881,0.050870370119810104,-0.004289775155484676,-0.03338450565934181,0.19301272928714752,0.0027570128440856934,-0.17435850203037262,0.10741737484931946,0.11224271357059479,-0.18992650508880615,-0.024257928133010864,0.028978398069739342,0.13062600791454315,-0.2649443447589874,0.1257282942533493,0.11165280640125275,-0.05004041641950607,-0.24735459685325623,0.028978398069739342,0.13062600791454315,-0.2649443447589874,0.1257282942533493,0.11165280640125275,-0.05004041641950607,-0.24735459685325623,0.028978398069739342,0.13062600791454315,-0.2649443447589874,0.1257282942533493,0.11165280640125275,-0.05004041641950607,-0.24735459685325623
17.639999999999997,0.0025590481236577034,0.0025590481236577034,nan,nan,nan,nan,-0.005341154523193836,0.0,0.00780940055847168,0.15515585243701935,0.0,0.0,0.0,0.0,0.0010000000474974513,0.017999999225139618,64.0,0.14042045176029205,2.0908825397491455,0.010097399353981018,8.884273529052734,-0.0016719149425625801,-0.0018038121052086353,0.0076775033958256245,0.0,0.6752628684043884,0.020857566967606544,0.18478097021579742,9.0,1.0,0.0,0.0,0.0025590313598513603,-1.6763806343078613e-08,nan,0.0026338400784879923,-0.1434393972158432,0.13416092097759247,-0.030108526349067688,0.015851059928536415,0.14632143080234528,0.02126554772257805,-0.1685408502817154,-0.045696958899497986,0.042741019278764725,-0.009591981768608093,0.005049834493547678,0.046615120023489,0.006774783134460449,-0.05369378626346588,-0.16861474514007568,0.13679878413677216,-0.08273112028837204,0.009264119900763035,0.03144881874322891,0.14133118093013763,-0.215847447514534,0.17978516221046448,0.030420809984207153,-0.20579388737678528,0.0014528383035212755,0.05449383333325386,-0.004848349839448929,-0.03565942496061325,0.19248361885547638,0.0029743611812591553,-0.19337144494056702,0.0766894668340683,0.05965833365917206,-0.11933169513940811,-0.032151103019714355,0.023868869990110397,0.1397731453180313,-0.27610257267951965,0.08595358580350876,0.09110715240240097,0.021999485790729523,-0.24799855053424835,0.023868869990110397,0.1397731453180313,-0.27610257267951965,0.08595358580350876,0.09110715240240097,0.021999485790729523,-0.24799855053424835,0.023868869990110397,0.1397731453180313,-0.27610257267951965,0.08595358580350876,0.09110715240240097,0.021999485790729523,-0.24799855053424835
17.699,0.002739698626101017,0.002739698626101017,nan,nan,nan,nan,-0.004002132453024387,0.0,0.008545040152966976,0.15720002353191376,0.0,0.0,0.0,0.0,0.007000000216066837,0.014999999664723873,64.0,0.1410980373620987,3.8259077072143555,0.018201768398284912,10.232244491577148,-0.001259845681488514,0.0005162693560123444,0.010321155190467834,0.0,0.7057931423187256,0.021285781636834145,0.2297104448080063,9.0,1.0,0.0,0.0,0.00273969117552042,-7.450580596923828e-09,nan,0.003388230223208666,-0.14236252009868622,0.11232948303222656,-0.03577914088964462,-0.005587923806160688,0.08472636342048645,0.0588282085955143,-0.21251896023750305,-0.05464794486761093,0.04311932250857353,-0.013734349049627781,-0.002145006787031889,0.03252346068620682,0.022582072764635086,-0.08157852292060852,-0.1835785210132599,0.15725386142730713,-0.06223500892519951,0.011192361824214458,0.10750183463096619,0.09053785353899002,-0.23398244380950928,0.17893987894058228,0.03256828337907791,-0.2064913511276245,0.0016056494787335396,0.05716203525662422,-0.00542691582813859,-0.03722298890352249,0.2026873379945755,-0.009362578392028809,-0.21622203290462494,0.06394093483686447,0.005729280412197113,-0.05936284735798836,-0.01505608856678009,0.01910882256925106,0.14789128303527832,-0.27845704555511475,0.0751332938671112,0.1132311150431633,0.031175006181001663,-0.24903853237628937,0.01910882256925106,0.14789128303527832,-0.27845704555511475,0.0751332938671112,0.1132311150431633,0.031175006181001663,-0.24903853237628937,0.01910882256925106,0.14789128303527832,-0.27845704555511475,0.0751332938671112,0.1132311150431633,0.031175006181001663,-0.24903853237628937
17.781000000000002,0.002778739668428898,0.002778739668428898,nan,nan,nan,nan,-0.0051252637058496475,0.0,0.008135589770972729,0.15881812572479248,0.0,0.0,0.0,0.0,0.00800000037997961,0.019999999552965164,64.0,0.1407022327184677,3.6127846240997314,0.02012774348258972,10.511566162109375,-0.0015838565304875374,0.0005182800814509392,0.010237726382911205,0.0,0.7059211730957031,0.02218763902783394,0.2455725073814392,9.0,1.0,0.0,0.0,0.0027787266299128532,-1.30385160446167e-08,nan,0.0036772238090634346,-0.14236252009868622,0.11232948303222656,-0.03577914088964462,-0.005587923806160688,0.08472636342048645,0.0588282085955143,-0.21251896023750305,-0.07421057671308517,0.058554988354444504,-0.018650909885764122,-0.002912866650149226,0.044166065752506256,0.03066590428352356,-0.11078164726495743,-0.19789059460163116,0.16175562143325806,-0.057018496096134186,0.0005574059905484319,0.11697994917631149,0.08841558545827866,-0.2772829830646515,0.1769675463438034,0.0350511260330677,-0.2061644196510315,0.0018093466060236096,0.06041773036122322,-0.006054834928363562,-0.03912976011633873,0.21197037398815155,-0.014593362808227539,-0.223358154296875,0.08079538494348526,0.018138282001018524,-0.07675328850746155,0.010002076625823975,0.014079781249165535,0.14716225862503052,-0.2803766429424286,0.08135279268026352,0.13511823117733002,0.01166229322552681,-0.2672809064388275,0.014079781249165535,0.14716225862503052,-0.2803766429424286,0.08135279268026352,0.13511823117733002,0.01166229322552681,-0.2672809064388275,0.014079781249165535,0.14716225862503052,-0.2803766429424286,0.08135279268026352,0.13511823117733002,0.01166229322552681,-0.2672809064388275
17.84,0.002643461339175701,0.002643461339175701,nan,nan,nan,nan,-0.006125359795987606,0.0,0.006587867625057697,0.15952397882938385,0.0,0.0,0.0,0.0,0.003000000026077032,0.01600000075995922,64.0,0.13954763114452362,2.9590883255004883,0.014142133295536041,9.753118515014648,-0.0026044556871056557,-0.0009490344673395157,0.008243288844823837,0.0,0.6915454864501953,0.022989733144640923,0.22706645727157593,9.0,1.0,0.0,0.0,0.002643442712724209,-1.862645149230957e-08,nan,0.003341208677738905,-0.11851220577955246,0.11529682576656342,-0.06562470644712448,-0.020656540989875793,-0.019335314631462097,0.1993313431739807,-0.13349668681621552,-0.060674186795949936,0.0590280219912529,-0.03359759598970413,-0.010575439780950546,-0.009899018332362175,0.10205081105232239,-0.06834572553634644,-0.20385779440402985,0.16909557580947876,-0.06383995711803436,-0.007949783466756344,0.09828947484493256,0.12538838386535645,-0.2844823896884918,0.1774730682373047,0.03514895960688591,-0.20675666630268097,0.0018126430222764611,0.06058983504772186,-0.00607234938070178,-0.03924485296010971,0.21029187738895416,-0.02630704641342163,-0.21791712939739227,0.09986457973718643,0.04648248851299286,-0.13121086359024048,-0.0021407902240753174,0.006434082984924316,0.14278852939605713,-0.28175708651542664,0.09191479533910751,0.14477196335792542,-0.005822472274303436,-0.28662317991256714,0.006434082984924316,0.14278852939605713,-0.28175708651542664,0.09191479533910751,0.14477196335792542,-0.005822472274303436,-0.28662317991256714,0.006434082984924316,0.14278852939605713,-0.28175708651542664,0.09191479533910751,0.14477196335792542,-0.005822472274303436,-0.28662317991256714
17.915000000000003,0.002619902603328228,0.002619902603328228,nan,nan,nan,nan,-0.008600294589996338,1.0,0.0032785250805318356,0.16050221025943756,0.0,0.0,0.0,0.0,0.006000000052154064,0.008999999612569809,64.0,0.1391584724187851,2.591034412384033,0.010532326996326447,21.78034782409668,-0.0028080232441425323,-0.0008254507556557655,0.005261097569018602,0.0,0.6366514563560486,0.02305341698229313,0.2941896319389343,9.0,1.0,0.0,0.0,0.002619885839521885,-1.6763806343078613e-08,nan,0.006275287363678217,-0.11851220577955246,0.11529682576656342,-0.06562470644712448,-0.020656540989875793,-0.019335314631462097,0.1993313431739807,-0.13349668681621552,-0.07291130721569061,0.07093313336372375,-0.040373753756284714,-0.01270835567265749,-0.01189550943672657,0.12263301014900208,-0.08213008940219879,-0.19588260352611542,0.17499667406082153,-0.08234218508005142,-0.019449084997177124,0.03811725601553917,0.21360841393470764,-0.24986760318279266,0.17597262561321259,0.03738737851381302,-0.20664280652999878,0.0019162861863151193,0.06340771913528442,-0.006678725127130747,-0.040964290499687195,0.20128266513347626,-0.03157073259353638,-0.20960891246795654,0.1135108694434166,0.08858712017536163,-0.19452013075351715,-0.03558437526226044,0.005400062073022127,0.14342594146728516,-0.29195109009742737,0.09406178444623947,0.1267043799161911,0.01908828318119049,-0.2854519784450531,0.005400062073022127,0.14342594146728516,-0.29195109009742737,0.09406178444623947,0.1267043799161911,0.01908828318119049,-0.2854519784450531,0.005400063470005989,0.14342594146728516,-0.29195109009742737,0.09406179189682007,0.1267043799161911,0.019088273867964745,-0.2854519784450531
18.000000000000004,0.0024953195825219154,0.0024953195825219154,nan,nan,nan,nan,-0.004496132023632526,0.0,0.006791006773710251,0.16113029420375824,0.0,0.0,0.0,0.0,0.0010000000474974513,0.008999999612569809,64.0,0.13928817212581635,2.9532909393310547,0.02400018274784088,9.435227394104004,-0.0012587476521730423,-0.0012529711239039898,0.006796783301979303,0.0,0.7203341722488403,0.02299916185438633,0.23689907789230347,9.0,1.0,0.0,0.0,0.0024953121319413185,-7.450580596923828e-09,nan,0.003517735982313752,-0.14138507843017578,0.128852978348732,-0.006586071103811264,0.036567073315382004,0.1567932665348053,-0.02041790448129177,-0.16439472138881683,-0.04462357982993126,0.04066823422908783,-0.0020786782260984182,0.011541202664375305,0.0494866743683815,-0.006444245111197233,-0.05188582465052605,-0.18840979039669037,0.1695798635482788,-0.05303256958723068,0.006350952200591564,0.10067889094352722,0.11900430917739868,-0.23243439197540283,0.17525088787078857,0.039071932435035706,-0.20703934133052826,0.0020219171419739723,0.0655427798628807,-0.007178089115768671,-0.042210277169942856,0.189660906791687,-0.011580139398574829,-0.23403853178024292,0.06891416013240814,0.03005753457546234,-0.07308553904294968,-0.049245983362197876,0.00125111173838377,0.15799972414970398,-0.2870711088180542,0.07526510953903198,0.13073642551898956,0.045918770134449005,-0.2816803753376007,0.00125111173838377,0.15799972414970398,-0.2870711088180542,0.07526510953903198,0.13073642551898956,0.045918770134449005,-0.2816803753376007,0.00125111173838377,0.15799972414970398,-0.2870711088180542,0.07526510953903198,0.13073642551898956,0.045918770134449005,-0.2816803753376007
18.063,0.0025142794474959373,0.0025142794474959373,nan,nan,nan,nan,-0.005412286147475243,0.0,0.006443969905376434,0.16190141439437866,0.0,0.0,0.0,0.0,0.0,0.013000000268220901,64.0,0.13954980671405792,2.1072793006896973,0.008921138942241669,8.660104751586914,5.5371783673763275e-05,-0.0005108444020152092,0.005877753719687462,0.00521798525005579,0.7070087790489197,0.023069020360708237,0.3069397807121277,9.0,1.0,0.0,0.0,0.0025142664089798927,-1.30385160446167e-08,nan,0.0052781132981181145,-0.1396312564611435,0.10525685548782349,-0.023818761110305786,-0.034829046577215195,0.07385571300983429,0.08275064826011658,-0.21293514966964722,-0.03856130689382553,0.029068293049931526,-0.006577915512025356,-0.009618573822081089,0.020396385341882706,0.022852858528494835,-0.058805301785469055,-0.18917609751224518,0.16739678382873535,-0.034489016979932785,0.014642445370554924,0.1400870531797409,0.06566586345434189,-0.2358061820268631,0.175430566072464,0.03911127522587776,-0.20725291967391968,0.002023465698584914,0.06560990959405899,-0.0071856239810585976,-0.04225490242242813,0.19452957808971405,-0.0080433189868927,-0.24747852981090546,0.07511091977357864,0.015690788626670837,-0.053439147770404816,-0.03891493380069733,0.0053534843027591705,0.15935346484184265,-0.28196755051612854,0.08975336700677872,0.15577784180641174,0.012226713821291924,-0.2747211158275604,0.0053534843027591705,0.15935346484184265,-0.28196755051612854,0.08975336700677872,0.15577784180641174,0.012226713821291924,-0.2747211158275604,0.0053534843027591705,0.15935346484184265,-0.28196755051612854,0.08975336700677872,0.15577784180641174,0.012226713821291924,-0.2747211158275604
18.139999999999997,0.0025560250505805016,0.0025560250505805016,nan,nan,nan,nan,-0.006096018943935633,1.0,0.006923519540578127,0.16313877701759338,0.0,0.0,0.0,0.0,0.0,0.012000000104308128,64.0,0.13952869176864624,2.2492799758911133,0.010550953447818756,18.44063377380371,0.0004053432494401932,-0.0002185814082622528,0.006299594882875681,0.0,0.6899089217185974,0.023007230833172798,0.3247273862361908,9.0,1.0,0.0,0.0,0.0025560101494193077,-1.4901161193847656e-08,nan,0.005378511268645525,-0.1396312564611435,0.10525685548782349,-0.023818761110305786,-0.034829046577215195,0.07385571300983429,0.08275064826011658,-0.21293514966964722,-0.05581527203321457,0.04207468032836914,-0.009521153755486012,-0.013922331854701042,0.029522594064474106,0.03307819738984108,-0.08511728793382645,-0.18617120385169983,0.15163972973823547,-0.032768987119197845,-0.018255997449159622,0.1167156994342804,0.08916161209344864,-0.25989457964897156,0.17269408702850342,0.042031481862068176,-0.20642057061195374,0.0021496908739209175,0.06926026940345764,-0.008068875409662724,-0.044323280453681946,0.19032292068004608,0.0026129335165023804,-0.2394281029701233,0.10287845134735107,0.04936547577381134,-0.09207010269165039,-0.021314889192581177,0.004151712171733379,0.15425266325473785,-0.27219709753990173,0.08462245017290115,0.16608117520809174,-0.0029084905982017517,-0.28120946884155273,0.004151712171733379,0.15425266325473785,-0.27219709753990173,0.08462245017290115,0.16608117520809174,-0.0029084905982017517,-0.28120946884155273,0.004151712637394667,0.15425266325473785,-0.27219709753990173,0.08462245017290115,0.16608117520809174,-0.002908493857830763,-0.28120946884155273
18.212999999999997,0.002636243589222431,0.002636243589222431,nan,nan,nan,nan,-0.004704277962446213,1.0,0.008798494935035706,0.16455814242362976,0.0,0.0,0.0,0.0,0.006000000052154064,0.014000000432133675,64.0,0.1389617770910263,3.4822793006896973,0.01637917011976242,10.194802284240723,0.0006166147068142891,-6.803032010793686e-05,0.00811384990811348,0.0,0.6837449073791504,0.023142514750361443,0.2717839181423187,9.0,1.0,0.0,0.0,0.0026362380012869835,-5.587935447692871e-09,nan,0.004180689342319965,-0.1077733114361763,0.10259033739566803,-0.051515862345695496,-0.0601319745182991,-0.002777770394459367,0.21854601800441742,-0.11755985021591187,-0.035336315631866455,0.03363694250583649,-0.016890831291675568,-0.019715849310159683,-0.0009107651421800256,0.07165606319904327,-0.038545090705156326,-0.18496708571910858,0.14971883594989777,-0.03864744305610657,-0.03758785128593445,0.09580353647470474,0.12884613871574402,-0.2599294185638428,0.17002974450588226,0.0449666827917099,-0.2056131213903427,0.0024437725078314543,0.07286807149648666,-0.00911622028797865,-0.046359311789274216,0.18535080552101135,0.004876032471656799,-0.22934940457344055,0.10667092353105545,0.07136618345975876,-0.12286299467086792,-0.03290864825248718,0.0003837262047454715,0.15459486842155457,-0.2679968476295471,0.069083072245121,0.1671697199344635,0.005983144976198673,-0.29283806681632996,0.0003837262047454715,0.15459486842155457,-0.2679968476295471,0.069083072245121,0.1671697199344635,0.005983144976198673,-0.29283806681632996,0.0003837262047454715,0.15459486842155457,-0.2679968476295471,0.069083072245121,0.1671697199344635,0.005983144976198673,-0.29283806681632996
18.291999999999998,0.0026299161836504936,0.0026299161836504936,nan,nan,nan,nan,-0.0025635138154029846,0.0,0.009695365093648434,0.1653217226266861,0.0,0.0,0.0,0.0,0.0010000000474974513,0.014999999664723873,64.0,0.13827043771743774,3.4735305309295654,0.018707476556301117,10.516205787658691,0.0009601032361388206,0.00010437890887260437,0.008839640766382217,0.0012545536737889051,0.6643065810203552,0.022545624524354935,0.2906241714954376,9.0,1.0,0.0,0.0,0.0026299087330698967,-7.450580596923828e-09,nan,0.0035686707124114037,-0.14124876260757446,0.1341458410024643,0.01486960519105196,0.0684143528342247,0.15275068581104279,-0.06853543221950531,-0.13828295469284058,-0.033181410282850266,0.03151283413171768,0.003493088996037841,0.016071537509560585,0.035883381962776184,-0.01609998196363449,-0.03248469904065132,-0.17332801222801208,0.1534995436668396,-0.045196782797575,-0.03953661397099495,0.06965654343366623,0.17544446885585785,-0.21122175455093384,0.1701197326183319,0.04498937726020813,-0.2057228684425354,0.0024441895075142384,0.07290619611740112,-0.009121077135205269,-0.04638481140136719,0.17674905061721802,-0.0005846768617630005,-0.22888623178005219,0.09269741177558899,0.0753980204463005,-0.12646745145320892,-0.06902828812599182,0.0034210444428026676,0.1529148668050766,-0.2740830183029175,0.05316079407930374,0.14505456387996674,0.048977017402648926,-0.28025004267692566,0.0034210444428026676,0.1529148668050766,-0.2740830183029175,0.05316079407930374,0.14505456387996674,0.048977017402648926,-0.28025004267692566,0.0034210444428026676,0.1529148668050766,-0.2740830183029175,0.05316079407930374,0.14505456387996674,0.048977017402648926,-0.28025004267692566
18.389,0.0025816401466727257,0.0025816401466727257,nan,nan,nan,nan,-0.000885465182363987,0.0,0.011473363265395164,0.16587524116039276,0.0,0.0,0.0,0.0,0.0020000000949949026,0.019999999552965164,64.0,0.13819539546966553,2.2467849254608154,0.01496821641921997,14.87468433380127,0.0024212300777435303,5.746912211179733e-05,0.009109602309763432,0.0,0.703264594078064,0.022325249388813972,0.20347736775875092,9.0,1.0,0.0,0.0,0.0025816289708018303,-1.1175870895385742e-08,nan,0.002936236560344696,-0.14124876260757446,0.1341458410024643,0.01486960519105196,0.0684143528342247,0.15275068581104279,-0.06853543221950531,-0.13828295469284058,-0.06993971019983292,0.06642267853021622,0.007362725213170052,0.03387555480003357,0.0756349191069603,-0.03393550589680672,-0.06847117841243744,-0.18545177578926086,0.17033955454826355,-0.013513441197574139,0.025520959869027138,0.13921958208084106,0.04516766220331192,-0.2031850516796112,0.1689576804637909,0.04660171642899513,-0.20557677745819092,0.00247879303060472,0.07486078143119812,-0.009633038192987442,-0.04753939062356949,0.18548059463500977,-0.005255475640296936,-0.24921375513076782,0.032776787877082825,0.022785112261772156,-0.010691791772842407,-0.06561854481697083,2.8820824809372425e-05,0.1650840789079666,-0.26272720098495483,0.05829774588346481,0.16200469434261322,0.03447587043046951,-0.26880359649658203,2.8820824809372425e-05,0.1650840789079666,-0.26272720098495483,0.05829774588346481,0.16200469434261322,0.03447587043046951,-0.26880359649658203,2.8820824809372425e-05,0.1650840789079666,-0.26272720098495483,0.05829774588346481,0.16200469434261322,0.03447587043046951,-0.26880359649658203
18.458000000000002,0.002582310698926449,0.002582310698926449,nan,nan,nan,nan,-0.0006489232182502747,1.0,0.012855153530836105,0.16733628511428833,0.0,0.0,0.0,0.0,0.007000000216066837,0.012000000104308128,64.0,0.13841192424297333,2.227417230606079,0.00935327261686325,8.850615501403809,0.00349331833422184,5.7116616517305374e-05,0.009418951347470284,0.0,0.7281370162963867,0.02297390066087246,0.18225206434726715,9.0,1.0,0.0,0.0,0.002582303248345852,-7.450580596923828e-09,nan,0.0025941987987607718,-0.14124876260757446,0.1341458410024643,0.01486960519105196,0.0684143528342247,0.15275068581104279,-0.06853543221950531,-0.13828295469284058,-0.10377682745456696,0.09855824708938599,0.010924842208623886,0.05026468634605408,0.11222740262746811,-0.05035364255309105,-0.10159781575202942,-0.20956215262413025,0.19594933092594147,0.004507259465754032,0.06733469665050507,0.1940372884273529,-0.02986953593790531,-0.21665358543395996,0.16709241271018982,0.04896639660000801,-0.20511490106582642,0.0028339207638055086,0.07762277871370316,-0.010503517463803291,-0.04906855523586273,0.19744227826595306,-0.013894975185394287,-0.25187620520591736,0.014039404690265656,0.002812221646308899,0.018742738291621208,-0.05007222294807434,-0.012119877152144909,0.18205435574054718,-0.2473689317703247,0.08137410134077072,0.1968495100736618,-0.011126797646284103,-0.2667258083820343,-0.012119877152144909,0.18205435574054718,-0.2473689317703247,0.08137410134077072,0.1968495100736618,-0.011126797646284103,-0.2667258083820343,-0.01211987528949976,0.182054340839386,-0.2473689317703247,0.08137412369251251,0.1968495100736618,-0.011126819998025894,-0.2667258083820343
18.522000000000002,0.002695211209356785,0.002695211209356785,nan,nan,nan,nan,-0.004366023000329733,1.0,0.009466392919421196,0.16856974363327026,0.0,0.0,0.0,0.0,0.006000000052154064,0.00800000037997961,64.0,0.13804538547992706,5.32743501663208,0.020682811737060547,21.64585304260254,0.0023731654509902,0.0017799059860408306,0.00887313298881054,0.0,0.7082905173301697,0.023806652054190636,0.22455066442489624,9.0,1.0,0.0,0.0,0.0026952000334858894,-1.1175870895385742e-08,nan,0.005537599790841341,-0.13391491770744324,0.10037855058908463,-0.012628413736820221,-0.06018838286399841,0.0581667535007,0.11412845551967621,-0.20445086061954498,-0.05962260439991951,0.044691286981105804,-0.005622517317533493,-0.026797521859407425,0.0258974377065897,0.05081312730908394,-0.0910271480679512,-0.19919146597385406,0.16919498145580292,-0.006366469897329807,-0.006882360205054283,0.13922743499279022,0.06309548765420914,-0.251260906457901,0.16499397158622742,0.05083233863115311,-0.20417162775993347,0.0028734561055898666,0.07995040714740753,-0.011183678172528744,-0.05037616938352585,0.17727665603160858,0.01073823869228363,-0.23841610550880432,0.10650314390659332,0.0688314288854599,-0.1038445308804512,-0.029905229806900024,-0.021914809942245483,0.17993322014808655,-0.24478258192539215,0.09962078183889389,0.20805886387825012,-0.040749043226242065,-0.281166136264801,-0.021914809942245483,0.17993322014808655,-0.24478258192539215,0.09962078183889389,0.20805886387825012,-0.040749043226242065,-0.281166136264801,-0.021914809942245483,0.17993322014808655,-0.24478258192539215,0.09962078928947449,0.20805886387825012,-0.04074905067682266,-0.281166136264801
18.62,0.002893988974392414,0.002893988974392414,nan,nan,nan,nan,-0.0020009195432066917,0.0,0.013095325790345669,0.17180658876895905,0.0,0.0,0.0,0.0,0.008999999612569809,0.03700000047683716,64.0,0.13809432089328766,4.947285175323486,0.019682571291923523,11.463502883911133,0.002280212938785553,0.0023135188966989517,0.013128631748259068,0.0007657485548406839,0.7021201252937317,0.02421213500201702,0.20593175292015076,9.0,1.0,0.0,0.0,0.002893970347940922,-1.862645149230957e-08,nan,0.002977154217660427,-0.10854697227478027,0.10399947315454483,-0.03258875757455826,-0.06535765528678894,0.023533577099442482,0.21767181158065796,-0.11888299882411957,-0.0528559610247612,0.05064159631729126,-0.01586879976093769,-0.031825315207242966,0.01145946141332388,0.10599330812692642,-0.05788899585604668,-0.20131483674049377,0.163197860121727,-0.017333313822746277,-0.057652413845062256,0.10622388124465942,0.14634469151496887,-0.27686941623687744,0.16269563138484955,0.05260005220770836,-0.20302794873714447,0.003091760678216815,0.08197715878486633,-0.012017956003546715,-0.051434535533189774,0.17091475427150726,0.02160729467868805,-0.22551555931568146,0.11922350525856018,0.09514185786247253,-0.14533770084381104,-0.03312772512435913,-0.030400080606341362,0.18480515480041504,-0.24284887313842773,0.061571091413497925,0.20136573910713196,0.001006990671157837,-0.3099971413612366,-0.030400080606341362,0.18480515480041504,-0.24284887313842773,0.061571091413497925,0.20136573910713196,0.001006990671157837,-0.3099971413612366,-0.030400080606341362,0.18480515480041504,-0.24284887313842773,0.061571091413497925,0.20136573910713196,0.001006990671157837,-0.3099971413612366
18.691,0.002954118885099888,0.002954118885099888,nan,nan,nan,nan,0.0019632335752248764,0.0,0.01593749225139618,0.17317385971546173,0.0,0.0,0.0,0.0,-0.0010000000474974513,0.017999999225139618,64.0,0.13752612471580505,3.3319621086120605,0.017993152141571045,10.061166763305664,0.004822819493710995,0.0020223790779709816,0.013137050904333591,0.0,0.7654367089271545,0.02386094070971012,0.20843781530857086,9.0,1.0,0.0,0.0,0.0029541170224547386,-1.862645149230957e-09,nan,0.0030192253179848194,-0.14960211515426636,0.15593558549880981,0.025407228618860245,0.0666617751121521,0.14410068094730377,-0.06250067800283432,-0.11637284606695175,-0.05827911198139191,0.06074637919664383,0.009897658601403236,0.02596881054341793,0.05613596737384796,-0.024347810074687004,-0.04533429071307182,-0.19850432872772217,0.18571467697620392,0.01029996294528246,0.02149219810962677,0.15135860443115234,0.02178705856204033,-0.20906466245651245,0.15979419648647308,0.055421262979507446,-0.201914981007576,0.0034471096005290747,0.08528631180524826,-0.01338239200413227,-0.05326158180832863,0.1648404896259308,0.019175037741661072,-0.23538199067115784,0.018035728484392166,0.058895111083984375,-0.0059380121529102325,-0.08748698234558105,-0.033663831651210785,0.204889714717865,-0.22508202493190765,0.039527926594018936,0.21025371551513672,0.015849046409130096,-0.2965516448020935,-0.033663831651210785,0.204889714717865,-0.22508202493190765,0.039527926594018936,0.21025371551513672,0.015849046409130096,-0.2965516448020935,-0.033663831651210785,0.204889714717865,-0.22508202493190765,0.039527926594018936,0.21025371551513672,0.015849046409130096,-0.2965516448020935
18.762000000000004,0.003043028526008129,0.003043028526008129,nan,nan,nan,nan,0.0034753549844026566,0.0,0.018639398738741875,0.17519594728946686,0.0,0.0,0.0,0.0,0.004000000189989805,0.01600000075995922,64.0,0.13741253316402435,1.8678642511367798,0.01087132841348648,8.433289527893066,0.007353559136390686,0.0019537084735929966,0.013239547610282898,0.0,0.7739200592041016,0.023851310834288597,0.22774188220500946,9.0,1.0,0.0,0.0,0.003043019212782383,-9.313225746154785e-09,nan,0.0033531896770000458,-0.14960211515426636,0.15593558549880981,0.025407228618860245,0.0666617751121521,0.14410068094730377,-0.06250067800283432,-0.11637284606695175,-0.07983305305242538,0.08321281522512436,0.013558208011090755,0.03557310998439789,0.0768972858786583,-0.033352602273225784,-0.062100719660520554,-0.2090672254562378,0.2087426483631134,0.025370072573423386,0.06416918337345123,0.1841280162334442,-0.04200706630945206,-0.18629072606563568,0.15949080884456635,0.055316440761089325,-0.2015339583158493,0.0034412164241075516,0.0851253941655159,-0.01335789356380701,-0.053162798285484314,0.16840294003486633,0.019568830728530884,-0.23010261356830597,-0.011605799198150635,0.04974941909313202,0.026534125208854675,-0.08602900803089142,-0.04066427797079086,0.2283114790916443,-0.20473253726959229,0.0525633841753006,0.23387743532657623,-0.015472941100597382,-0.2723197340965271,-0.04066427797079086,0.2283114790916443,-0.20473253726959229,0.0525633841753006,0.23387743532657623,-0.015472941100597382,-0.2723197340965271,-0.04066427797079086,0.2283114790916443,-0.20473253726959229,0.0525633841753006,0.23387743532657623,-0.015472941100597382,-0.2723197340965271
18.836000000000002,0.003130401484668255,0.003130401484668255,nan,nan,nan,nan,0.0036651603877544403,0.0,0.021018411964178085,0.17738066613674164,0.0,0.0,0.0,0.0,0.004000000189989805,0.01600000075995922,64.0,0.13618335127830505,6.245881080627441,0.014023855328559875,11.45758056640625,0.009409023448824883,0.0019221073016524315,0.013531495817005634,0.0,0.8024352788925171,0.024311110377311707,0.2370842695236206,9.0,1.0,0.0,0.0,0.0031303903087973595,-1.1175870895385742e-08,nan,0.0035211043432354927,-0.12288033217191696,0.08882509917020798,0.0035428334958851337,-0.08257805556058884,0.069600410759449,0.1420440822839737,-0.18750493228435516,-0.020476166158914566,0.014801370911300182,0.0005903600831516087,-0.013760395348072052,0.011597864329814911,0.023669516667723656,-0.031244885176420212,-0.20614226162433624,0.20307371020317078,0.02704232931137085,0.052001483738422394,0.181254580616951,-0.027953915297985077,-0.18896090984344482,0.1576220989227295,0.056927669793367386,-0.20064234733581543,0.003478891681879759,0.08710377663373947,-0.01406136155128479,-0.054233480244874954,0.15851841866970062,0.04566417634487152,-0.2160646766424179,0.010393358767032623,0.07418610155582428,-0.011021442711353302,-0.06771436333656311,-0.04762383922934532,0.2487378865480423,-0.18902234733104706,0.06239484250545502,0.25544068217277527,-0.03897535800933838,-0.25667527318000793,-0.04762383922934532,0.2487378865480423,-0.18902234733104706,0.06239484250545502,0.25544068217277527,-0.03897535800933838,-0.25667527318000793,-0.04762383922934532,0.2487378865480423,-0.18902234733104706,0.06239484250545502,0.25544068217277527,-0.03897535800933838,-0.25667527318000793
18.916,0.003555971197783947,0.003555971197783947,nan,nan,nan,nan,0.004411105066537857,0.0,0.024362457916140556,0.18258632719516754,0.0,0.0,0.0,0.0,-0.003000000026077032,0.02199999988079071,64.0,0.13499756157398224,3.149937868118286,0.012148171663284302,18.560874938964844,0.010359179228544235,0.0043104104697704315,0.018313689157366753,0.007078220602124929,0.7547138929367065,0.023275423794984818,0.2933723032474518,9.0,1.0,0.0,0.0,0.003555961884558201,-9.313225746154785e-09,nan,0.003656882792711258,-0.12288033217191696,0.08882509917020798,0.0035428334958851337,-0.08257805556058884,0.069600410759449,0.1420440822839737,-0.18750493228435516,-0.036412931978702545,0.026321398094296455,0.001049842219799757,-0.024470223113894463,0.02062457799911499,0.042091693729162216,-0.05556303635239601,-0.17490309476852417,0.1484421342611313,0.013633389957249165,-0.03996069356799126,0.12532594799995422,0.09377545118331909,-0.21575000882148743,0.1531982123851776,0.06035022810101509,-0.198274627327919,0.003941707778722048,0.091078981757164,-0.01599722169339657,-0.05640540271997452,0.13822482526302338,0.08548299968242645,-0.1990756243467331,0.0635906308889389,0.11594223976135254,-0.08839647471904755,-0.04395279288291931,-0.036678265780210495,0.23392513394355774,-0.1854422390460968,0.023629937320947647,0.24126818776130676,0.005378976464271545,-0.25970280170440674,-0.036678265780210495,0.23392513394355774,-0.1854422390460968,0.023629937320947647,0.24126818776130676,0.005378976464271545,-0.25970280170440674,-0.036678265780210495,0.23392513394355774,-0.1854422390460968,0.023629937320947647,0.24126818776130676,0.005378976464271545,-0.25970280170440674
18.983,0.0040864525362849236,0.0040864525362849236,nan,nan,nan,nan,0.0073163993656635284,0.0,0.02668694034218788,0.18695388734340668,0.0,0.0,0.0,0.0,0.006000000052154064,0.00800000037997961,64.0,0.1332278549671173,2.0824549198150635,0.01182500272989273,8.875604629516602,0.010781067423522472,0.006036706268787384,0.021942580118775368,0.0,0.7754568457603455,0.02293381281197071,0.2707534432411194,9.0,1.0,0.0,0.0,0.004086443223059177,-9.313225746154785e-09,nan,0.004960605874657631,-0.16152922809123993,0.17692318558692932,0.033559609204530716,0.034770719707012177,0.13184133172035217,-0.013499828055500984,-0.11272469162940979,-0.0435115322470665,0.04765824228525162,0.009040036238729954,0.009366275742650032,0.035514429211616516,-0.003636482637375593,-0.030364934355020523,-0.18254822492599487,0.1666324883699417,0.02086121402680874,-0.02662511356174946,0.1328010857105255,0.07681900262832642,-0.200282484292984,0.1500673145055771,0.060421187430620193,-0.19501736760139465,0.0040861135348677635,0.09082796424627304,-0.016227558255195618,-0.05617285519838333,0.15002624690532684,0.0593758225440979,-0.2044704109430313,0.02515776827931404,0.0984451025724411,-0.040475618094205856,-0.06379351019859314,-0.03252197429537773,0.2260083109140396,-0.18360920250415802,-0.0014673452824354172,0.2312461882829666,0.03634338453412056,-0.26407599449157715,-0.03252197429537773,0.2260083109140396,-0.18360920250415802,-0.0014673452824354172,0.2312461882829666,0.03634338453412056,-0.26407599449157715,-0.03252197429537773,0.2260083109140396,-0.18360920250415802,-0.0014673452824354172,0.2312461882829666,0.03634338453412056,-0.26407599449157715
19.037000000000003,0.004236101172864437,0.004236101172864437,nan,nan,nan,nan,0.011695018038153648,0.0,0.030425244942307472,0.18829210102558136,0.0,0.0,0.0,0.0,0.00800000037997961,0.012000000104308128,64.0,0.13220463693141937,2.673759937286377,0.010476447641849518,9.233084678649902,0.01139591634273529,0.004550447221845388,0.023579776287078857,0.0,0.7757437229156494,0.022857263684272766,0.19139891862869263,9.0,1.0,0.0,0.0,0.0042360881343483925,-1.30385160446167e-08,nan,0.0027390005998313427,-0.16152922809123993,0.17692318558692932,0.033559609204530716,0.034770719707012177,0.13184133172035217,-0.013499828055500984,-0.11272469162940979,-0.0662652999162674,0.0725804790854454,0.01376740075647831,0.01426424365490675,0.054086219519376755,-0.005538132041692734,-0.04624386504292488,-0.1976783126592636,0.1961698681116104,0.030646517872810364,0.0022880667820572853,0.1514539122581482,0.039718616753816605,-0.18247248232364655,0.14957736432552338,0.060225144028663635,-0.19438160955905914,0.004073910415172577,0.0905325785279274,-0.016175201162695885,-0.05599036067724228,0.16186706721782684,0.03668086230754852,-0.2088850736618042,-0.004136344417929649,0.08134530484676361,-0.0038400106132030487,-0.07486896216869354,-0.035811249166727066,0.23285073041915894,-0.17823855578899384,-0.001848277635872364,0.2327992171049118,0.035878606140613556,-0.2573414444923401,-0.035811249166727066,0.23285073041915894,-0.17823855578899384,-0.001848277635872364,0.2327992171049118,0.035878606140613556,-0.2573414444923401,-0.035811249166727066,0.23285073041915894,-0.17823855578899384,-0.001848277635872364,0.2327992171049118,0.035878606140613556,-0.2573414444923401
19.108,0.004889559932053089,0.004889559932053089,nan,nan,nan,nan,0.014533653855323792,0.0,0.03509768843650818,0.19226369261741638,0.0,0.0,0.0,0.0,-0.0010000000474974513,0.014000000432133675,64.0,0.1297742873430252,2.345609426498413,0.011215917766094208,12.523717880249023,0.012477990239858627,0.006376767065376043,0.02899646759033203,0.0,0.7901344299316406,0.023121045902371407,0.21515555679798126,9.0,1.0,0.0,0.0,0.004889537580311298,-2.2351741790771484e-08,nan,0.0031334569212049246,-0.11863353848457336,0.07654065638780594,0.017792340368032455,-0.08703213930130005,0.07597927004098892,0.14356307685375214,-0.1891910284757614,-0.04189251363277435,0.02702844887971878,0.006282927002757788,-0.0307332593947649,0.02683020755648613,0.050695765763521194,-0.06680815666913986,-0.19693756103515625,0.1862708330154419,0.03362684324383736,-0.0184770580381155,0.14837324619293213,0.06713496893644333,-0.19787384569644928,0.14464426040649414,0.06231801584362984,-0.19038328528404236,0.004374069627374411,0.0927787721157074,-0.017665157094597816,-0.05714835226535797,0.15048553049564362,0.06240801513195038,-0.20171836018562317,0.02109619602560997,0.09273998439311981,-0.03766954690217972,-0.05226363241672516,-0.046452026814222336,0.24867884814739227,-0.1680915206670761,0.0026191379874944687,0.24111323058605194,0.02946542389690876,-0.25013747811317444,-0.046452026814222336,0.24867884814739227,-0.1680915206670761,0.0026191379874944687,0.24111323058605194,0.02946542389690876,-0.25013747811317444,-0.046452026814222336,0.24867884814739227,-0.1680915206670761,0.0026191379874944687,0.24111323058605194,0.02946542389690876,-0.25013747811317444
19.188,0.005495105870068073,0.005495105870068073,nan,nan,nan,nan,0.015382712706923485,0.0,0.03797895461320877,0.19620031118392944,0.0,0.0,0.0,0.0,0.0010000000474974513,0.013000000268220901,64.0,0.1289217174053192,13.654428482055664,0.020534731447696686,22.9240665435791,0.011809125542640686,0.006788492668420076,0.03295832499861717,0.0,0.7790405750274658,0.023104144260287285,0.22300240397453308,9.0,1.0,0.0,0.0,0.00549508910626173,-1.6763806343078613e-08,nan,0.003269573673605919,-0.11863353848457336,0.07654065638780594,0.017792340368032455,-0.08703213930130005,0.07597927004098892,0.14356307685375214,-0.1891910284757614,-0.06256228685379028,0.04036429151892662,0.009382924996316433,-0.04589705541729927,0.040068238973617554,0.07570906728506088,-0.09977131336927414,-0.1831539422273636,0.14451991021633148,0.029289523139595985,-0.07828826457262039,0.1272013932466507,0.1454538255929947,-0.2403726875782013,0.1426994651556015,0.061484917998313904,-0.18782691657543182,0.00431963661685586,0.09153581410646439,-0.01742999255657196,-0.05638321116566658,0.13889828324317932,0.08870215713977814,-0.19293126463890076,0.051960788667201996,0.10574264824390411,-0.07910417020320892,-0.02614608407020569,-0.044255658984184265,0.23322206735610962,-0.16364173591136932,-0.026327475905418396,0.2329440414905548,0.06634965538978577,-0.266518771648407,-0.044255658984184265,0.23322206735610962,-0.16364173591136932,-0.026327475905418396,0.2329440414905548,0.06634965538978577,-0.266518771648407,-0.044255658984184265,0.23322206735610962,-0.16364173591136932,-0.026327475905418396,0.2329440414905548,0.06634965538978577,-0.266518771648407
19.257,0.006270159967243671,0.006270159967243671,nan,nan,nan,nan,0.016760312020778656,0.0,0.039468713104724884,0.20294958353042603,0.0,0.0,0.0,0.0,0.004999999888241291,0.012000000104308128,64.0,0.12612414360046387,3.0075321197509766,0.021763145923614502,11.012221336364746,0.01124482974410057,0.008973696269094944,0.03719758242368698,0.01625872030854225,0.8004525899887085,0.023583250120282173,0.30828243494033813,9.0,1.0,0.0,0.0,0.006270145066082478,-1.4901161193847656e-08,nan,0.005890876054763794,-0.13693426549434662,0.14946956932544708,0.01208934560418129,-0.044326383620500565,0.08433162420988083,0.16482190787792206,-0.11188741773366928,-0.07470936328172684,0.08154844492673874,0.006595773156732321,-0.024183837696909904,0.04601012170314789,0.08992446959018707,-0.06104416772723198,-0.18814736604690552,0.14789517223834991,0.02749469317495823,-0.0965304896235466,0.1251489371061325,0.18649902939796448,-0.25074732303619385,0.13851943612098694,0.0629601702094078,-0.1843494474887848,0.004454103298485279,0.09319901466369629,-0.018615087494254112,-0.05716558173298836,0.1431284248828888,0.07358112931251526,-0.18826496601104736,0.04469440132379532,0.10206957161426544,-0.08531810343265533,-0.033839404582977295,-0.045018937438726425,0.22147630155086517,-0.1607702672481537,-0.05183608829975128,0.22721850872039795,0.10118092596530914,-0.28458672761917114,-0.045018937438726425,0.22147630155086517,-0.1607702672481537,-0.05183608829975128,0.22721850872039795,0.10118092596530914,-0.28458672761917114,-0.045018937438726425,0.22147630155086517,-0.1607702672481537,-0.05183608829975128,0.22721850872039795,0.10118092596530914,-0.28458672761917114
19.308000000000003,0.0065218498930335045,0.0065218498930335045,nan,nan,nan,nan,0.027095606550574303,0.0,0.04424574226140976,0.2052624225616455,0.0,0.0,0.0,0.0,0.0020000000949949026,0.009999999776482582,64.0,0.12398367375135422,2.483147144317627,0.010964460670948029,17.633943557739258,0.012864606454968452,0.007875639945268631,0.03925677761435509,0.0,0.8003169894218445,0.023412179201841354,0.2752089202404022,9.0,1.0,0.0,0.0,0.00652183685451746,-1.30385160446167e-08,nan,0.004248861689120531,-0.1316842883825302,0.20049962401390076,0.01362087856978178,-0.05031837150454521,0.07955217361450195,0.14698247611522675,-0.04253567382693291,-0.02860943041741848,0.04356009513139725,0.002959241159260273,-0.010932056233286858,0.017283326014876366,0.03193308040499687,-0.009241204708814621,-0.1723872423171997,0.18993274867534637,0.02203638106584549,-0.07876832783222198,0.11015436798334122,0.1801091432571411,-0.15512995421886444,0.13446126878261566,0.0649990662932396,-0.18110597133636475,0.004795192275196314,0.09548498690128326,-0.020132744684815407,-0.05831894651055336,0.12912479043006897,0.040237754583358765,-0.18195697665214539,0.015849247574806213,0.10952473431825638,-0.05393172800540924,-0.11074380576610565,-0.04326245188713074,0.23017050325870514,-0.1599206030368805,-0.06291908025741577,0.2196791023015976,0.12617741525173187,-0.2658737599849701,-0.04326245188713074,0.23017050325870514,-0.1599206030368805,-0.06291908025741577,0.2196791023015976,0.12617741525173187,-0.2658737599849701,-0.04326245188713074,0.23017050325870514,-0.1599206030368805,-0.06291908025741577,0.2196791023015976,0.12617741525173187,-0.2658737599849701
19.375000000000004,0.007175822742283344,0.007175822742283344,nan,nan,nan,nan,0.03010907582938671,0.0,0.050391264259815216,0.21084871888160706,0.0,0.0,0.0,0.0,0.007000000216066837,0.014000000432133675,64.0,0.12298992276191711,6.0922064781188965,0.011300668120384216,9.45931625366211,0.015725791454315186,0.009463289752602577,0.04412876069545746,0.0,0.8027143478393555,0.022645555436611176,0.33015313744544983,9.0,1.0,0.0,0.0,0.007175813429057598,-9.313225746154785e-09,nan,0.004912200383841991,-0.11655045300722122,0.047750070691108704,0.038903579115867615,-0.0785994753241539,0.10964880138635635,0.13488231599330902,-0.19033774733543396,-0.0,0.0,0.0,-0.0,0.0,0.0,-0.0,-0.1522044539451599,0.15844140946865082,0.025754600763320923,-0.07447167485952377,0.10651668906211853,0.16543951630592346,-0.14216439425945282,0.13243496417999268,0.06402518600225449,-0.17838096618652344,0.004728065337985754,0.09405145049095154,-0.019832361489534378,-0.05744404345750809,0.11600712686777115,0.07967734336853027,-0.18432199954986572,0.008696965873241425,0.10466520488262177,-0.02723577618598938,-0.09010623395442963,-0.03619732707738876,0.2381187528371811,-0.1585673987865448,-0.06577470898628235,0.2111818939447403,0.13820374011993408,-0.23227062821388245,-0.03619732707738876,0.2381187528371811,-0.1585673987865448,-0.06577470898628235,0.2111818939447403,0.13820374011993408,-0.23227062821388245,-0.03619732707738876,0.2381187528371811,-0.1585673987865448,-0.06577470898628235,0.2111818939447403,0.13820374011993408,-0.23227062821388245
19.432,0.007509105838835239,0.007509105838835239,nan,nan,nan,nan,0.029218072071671486,0.0,0.05210338532924652,0.21362534165382385,0.0,0.0,0.0,0.0,0.0020000000949949026,0.009999999776482582,64.0,0.12077216804027557,2.4111969470977783,0.01178588718175888,9.540909767150879,0.01474971417337656,0.008007872849702835,0.04536154493689537,0.0,0.7826318740844727,0.02162928692996502,0.2746454179286957,9.0,1.0,0.0,0.0,0.007509089075028896,-1.6763806343078613e-08,nan,0.004237607587128878,-0.11655045300722122,0.047750070691108704,0.038903579115867615,-0.0785994753241539,0.10964880138635635,0.13488231599330902,-0.19033774733543396,-0.0133440550416708,0.005466984584927559,0.004454135429114103,-0.008998984470963478,0.012553873471915722,0.015442900359630585,-0.021792085841298103,-0.13795074820518494,0.10767678171396255,0.03270917385816574,-0.07803139835596085,0.11025465279817581,0.15394897758960724,-0.16863487660884857,0.12818332016468048,0.06679468601942062,-0.17507150769233704,0.005248022265732288,0.0972953662276268,-0.02182575687766075,-0.05901522561907768,0.11056901514530182,0.10626915842294693,-0.18687957525253296,0.014908060431480408,0.10037799924612045,-0.025137081742286682,-0.05917102098464966,-0.027381734922528267,0.21394594013690948,-0.15417039394378662,-0.06312333792448044,0.21063265204429626,0.12881189584732056,-0.22780589759349823,-0.027381734922528267,0.21394594013690948,-0.15417039394378662,-0.06312333792448044,0.21063265204429626,0.12881189584732056,-0.22780589759349823,-0.027381734922528267,0.21394594013690948,-0.15417039394378662,-0.06312333792448044,0.21063265204429626,0.12881189584732056,-0.22780589759349823
19.512000000000004,0.00804948527365923,0.00804948527365923,nan,nan,nan,nan,0.030490687116980553,1.0,0.049703098833560944,0.21886202692985535,0.0,0.0,0.0,0.0,0.006000000052154064,0.024000000208616257,64.0,0.11841075867414474,4.402310371398926,0.020730309188365936,15.337441444396973,0.007978168316185474,0.00568885263055563,0.04741378501057625,-0.0008984158630482852,0.7166381478309631,0.020307742059230804,0.2139500081539154,9.0,1.0,0.0,0.0,0.008049475960433483,-9.313225746154785e-09,nan,0.0031128006521612406,-0.11655045300722122,0.047750070691108704,0.038903579115867615,-0.0785994753241539,0.10964880138635635,0.13488231599330902,-0.19033774733543396,-0.026546670123934746,0.010876022279262543,0.008861060254275799,-0.017902584746479988,0.024974683299660683,0.03072211518883705,-0.043353185057640076,-0.13428133726119995,0.07739130407571793,0.03898811340332031,-0.08399583399295807,0.11778853833675385,0.1529090255498886,-0.19451454281806946,0.12362715601921082,0.06886207312345505,-0.17076997458934784,0.005570151377469301,0.09951221197843552,-0.02322956919670105,-0.06022064387798309,0.11254817247390747,0.07322671264410019,-0.19673629105091095,0.05321209877729416,0.10821780562400818,-0.08756611496210098,-0.05170224606990814,-0.02173316478729248,0.15061801671981812,-0.15774817764759064,-0.03078373335301876,0.22600634396076202,0.06534291058778763,-0.2462167888879776,-0.02173316478729248,0.15061801671981812,-0.15774817764759064,-0.03078373335301876,0.22600634396076202,0.06534291058778763,-0.2462167888879776,-0.02173316664993763,0.15061801671981812,-0.15774817764759064,-0.030783725902438164,0.22600634396076202,0.06534289568662643,-0.2462167888879776
19.607000000000003,0.008497531525790691,0.008497531525790691,nan,nan,nan,nan,0.0386098250746727,0.0,0.053592950105667114,0.2203364074230194,0.0,0.0,0.0,0.0,0.007000000216066837,0.02500000037252903,64.0,0.11803168803453445,2.5401926040649414,0.013401731848716736,10.434488296508789,0.008505312725901604,0.00558657618239522,0.050674211233854294,0.0,0.7382417321205139,0.02030142769217491,0.17704516649246216,9.0,1.0,0.0,0.0,0.008497514761984348,-1.6763806343078613e-08,nan,0.0025135257747024298,-0.16846300661563873,0.18721280992031097,0.045970380306243896,0.03152477368712425,0.11661683768033981,0.03936208784580231,-0.09119009971618652,-0.07442468404769897,0.08270809054374695,0.020309094339609146,0.013927220366895199,0.05151974782347679,0.01738964021205902,-0.040286555886268616,-0.1917790025472641,0.18662533164024353,0.05319799482822418,-0.004365565255284309,0.14191767573356628,0.08964106440544128,-0.14875057339668274,0.1215517669916153,0.06898603588342667,-0.16856174170970917,0.005612406879663467,0.09930801391601562,-0.023790540173649788,-0.060003578662872314,0.14843127131462097,-0.010747984051704407,-0.1932634711265564,-2.5012530386447906e-05,0.09387339651584625,-0.04696646332740784,-0.08575171232223511,-0.04334772378206253,0.17587734758853912,-0.14006547629833221,-0.004390577785670757,0.23579107224941254,0.04267460107803345,-0.23450228571891785,-0.04334772378206253,0.17587734758853912,-0.14006547629833221,-0.004390577785670757,0.23579107224941254,0.04267460107803345,-0.23450228571891785,-0.04334772378206253,0.17587734758853912,-0.14006547629833221,-0.004390577785670757,0.23579107224941254,0.04267460107803345,-0.23450228571891785
19.672,0.008901647292077541,0.008901647292077541,nan,nan,nan,nan,0.05019502341747284,1.0,0.0560779795050621,0.22256675362586975,0.0,0.0,0.0,0.0,0.00800000037997961,0.020999999716877937,64.0,0.11865456402301788,3.0624027252197266,0.01552049070596695,10.06203842163086,0.00863237027078867,0.003709382377564907,0.05115499347448349,-0.006180345546454191,0.5516164898872375,0.019411874935030937,0.184251606464386,9.0,1.0,0.0,0.0,0.008901634253561497,-1.30385160446167e-08,nan,0.0026255170814692974,-0.04268670827150345,0.13319677114486694,-0.021455779671669006,-0.10771428048610687,0.004990909714251757,0.23991116881370544,0.028133172541856766,-0.01864362508058548,0.05817433446645737,-0.009370915591716766,-0.04704473167657852,0.002179803792387247,0.1047823578119278,0.01228729821741581,-0.12648706138134003,0.18466003239154816,0.01271895319223404,-0.07458516955375671,0.0757339671254158,0.2068827897310257,-0.056967295706272125,0.1199856624007225,0.06810072809457779,-0.16639260947704315,0.005543180275708437,0.09803196787834167,-0.023485952988266945,-0.05923294648528099,0.08345447480678558,-0.006763666868209839,-0.16161081194877625,0.08819405734539032,0.15356013178825378,-0.17837770283222198,-0.14671564102172852,-0.04303258657455444,0.17789636552333832,-0.1488918662071228,0.013608889654278755,0.229294091463089,0.02850508876144886,-0.20368292927742004,-0.04303258657455444,0.17789636552333832,-0.1488918662071228,0.013608889654278755,0.229294091463089,0.02850508876144886,-0.20368292927742004,-0.04303259029984474,0.17789635062217712,-0.1488918662071228,0.013608905486762524,0.229294091463089,0.02850506454706192,-0.20368292927742004
19.727999999999998,0.008901703171432018,0.008901703171432018,nan,nan,nan,nan,0.0413694754242897,0.0,0.05678687244653702,0.22267429530620575,0.0,0.0,0.0,0.0,0.003000000026077032,0.012000000104308128,64.0,0.11910892277956009,4.04023551940918,0.018545426428318024,13.550877571105957,0.00860518030822277,0.002079862169921398,0.05026155337691307,0.0,0.629954993724823,0.018760256469249725,0.13337619602680206,9.0,1.0,0.0,0.0,0.008901695720851421,-7.450580596923828e-09,nan,0.0018870988860726357,-0.09895019233226776,0.005845610983669758,0.04201200604438782,-0.10082661360502243,0.11952044814825058,0.15408645570278168,-0.17382721602916718,-0.03142980486154556,0.001856756629422307,0.013344382867217064,-0.03202581778168678,0.037963587790727615,0.04894288256764412,-0.055213186889886856,-0.12481170892715454,0.102427177131176,0.031005706638097763,-0.09804859757423401,0.10942523181438446,0.19967761635780334,-0.1306172013282776,0.11894282698631287,0.06951478868722916,-0.16623610258102417,0.005840925499796867,0.09979499876499176,-0.02464609406888485,-0.05992015823721886,0.09021054208278656,0.06362280994653702,-0.17960214614868164,0.09555353969335556,0.11373092234134674,-0.1491449922323227,-0.06321130692958832,-0.03460116311907768,0.166049987077713,-0.14859643578529358,-0.0024950546212494373,0.2231561541557312,0.05053262412548065,-0.1938285082578659,-0.03460116311907768,0.166049987077713,-0.14859643578529358,-0.0024950546212494373,0.2231561541557312,0.05053262412548065,-0.1938285082578659,-0.03460116311907768,0.166049987077713,-0.14859643578529358,-0.0024950546212494373,0.2231561541557312,0.05053262412548065,-0.1938285082578659
19.787000000000003,0.009469387121498585,0.009469387121498585,nan,nan,nan,nan,0.03734944760799408,0.0,0.05612238496541977,0.22536350786685944,0.0,0.0,0.0,0.0,0.003000000026077032,0.012000000104308128,64.0,0.1201002299785614,2.5225188732147217,0.011749565601348877,9.457056999206543,0.005381208844482899,0.004829778335988522,0.05557095631957054,0.0,0.6677929162979126,0.01895926147699356,0.19569705426692963,9.0,1.0,0.0,0.0,0.00946937408298254,-1.30385160446167e-08,nan,0.0028084013611078262,-0.09895019233226776,0.005845610983669758,0.04201200604438782,-0.10082661360502243,0.11952044814825058,0.15408645570278168,-0.17382721602916718,-0.044449519366025925,0.0026259131263941526,0.018872259184718132,-0.04529242962598801,0.053689904510974884,0.06921733915805817,-0.07808510214090347,-0.13047166168689728,0.0556022971868515,0.04431701824069023,-0.1182682067155838,0.1367684304714203,0.20585229992866516,-0.18453796207904816,0.1155475303530693,0.07015905529260635,-0.16298922896385193,0.006026286631822586,0.1001221314072609,-0.02564878948032856,-0.0598277822136879,0.09972277283668518,0.0770483911037445,-0.18782953917980194,0.09790471196174622,0.09654407203197479,-0.14350247383117676,-0.029721811413764954,-0.030748892575502396,0.132650688290596,-0.1435125172138214,-0.020363494753837585,0.23331250250339508,0.062349833548069,-0.2142597734928131,-0.030748892575502396,0.132650688290596,-0.1435125172138214,-0.020363494753837585,0.23331250250339508,0.062349833548069,-0.2142597734928131,-0.030748892575502396,0.132650688290596,-0.1435125172138214,-0.020363494753837585,0.23331250250339508,0.062349833548069,-0.2142597734928131
19.852999999999998,0.008304881863296032,0.008304881863296032,nan,nan,nan,nan,-0.0486089289188385,1.0,-1.862645149230957e-09,0.7751553058624268,0.0,0.0,0.0,0.0,0.004999999888241291,0.014000000432133675,64.0,0.12044962495565414,2.432027816772461,0.011706724762916565,8.56723403930664,-0.02106732502579689,-0.025792013853788376,-0.004724690690636635,0.0,0.804370105266571,0.017600398510694504,0.19108372926712036,9.0,1.0,0.0,0.0,0.008304866962134838,-1.4901161193847656e-08,nan,0.01145930401980877,-0.09895019233226776,0.005845610983669758,0.04201200604438782,-0.10082661360502243,0.11952044814825058,0.15408645570278168,-0.17382721602916718,-0.05874012038111687,0.003470148891210556,0.024939723312854767,-0.05985402315855026,0.07095130532979965,0.09147083759307861,-0.10318960249423981,-0.1405779868364334,0.03192654252052307,0.05422237887978554,-0.1360047608613968,0.1595304310321808,0.22023166716098785,-0.22492723166942596,0.0014674531994387507,0.0008178880671039224,-0.0021412374917417765,0.00031445163767784834,0.001209049136377871,-0.0006201743381097913,-0.00073124875780195,0.06940239667892456,0.04228014498949051,-0.1377500742673874,0.09859928488731384,0.05865699052810669,-0.14378169178962708,-0.0020324736833572388,-0.07117559015750885,0.07420668751001358,-0.08352769911289215,-0.03740547597408295,0.21818742156028748,0.07644996792078018,-0.2269597053527832,-0.07117559015750885,0.07420668751001358,-0.08352769911289215,-0.03740547597408295,0.21818742156028748,0.07644996792078018,-0.2269597053527832,-0.07117559015750885,0.07420668751001358,-0.08352769911289215,-0.03740547224879265,0.21818742156028748,0.07644996792078018,-0.2269597053527832
19.913999999999998,0.006665079854428768,0.006665079854428768,nan,nan,nan,nan,-0.05844860151410103,0.0,0.0,0.7689684629440308,0.0,0.0,0.0,0.0,0.0020000000949949026,0.009999999776482582,64.0,0.1206156313419342,3.61606764793396,0.01912936568260193,15.526782035827637,-0.010903116315603256,-0.024614721536636353,-0.013711605221033096,0.0,0.9069508910179138,0.016925621777772903,0.1611490547657013,9.0,1.0,0.0,0.0,0.006665048189461231,-3.166496753692627e-08,nan,0.011529418639838696,-0.17512162029743195,0.1612788289785385,0.06760628521442413,0.056373465806245804,0.11901675164699554,-0.05130209028720856,-0.09368077665567398,-0.01021570060402155,0.00940818339586258,0.003943805117160082,0.003288540057837963,0.006942829582840204,-0.002992701716721058,-0.0054648579098284245,-0.1572771817445755,0.07438943535089493,0.06157005578279495,-0.07435748726129532,0.15226444602012634,0.13227710127830505,-0.18997935950756073,0.00041838703327812254,0.00019006144430022687,-0.0006717124488204718,0.00027354733902029693,0.0003100652538705617,-0.00040520503534935415,-0.0001926681725308299,0.044444143772125244,-0.03590245544910431,-0.09193620085716248,0.03903796896338463,0.05084185302257538,-0.06450864672660828,-0.03885228931903839,-0.11283303797245026,0.03848697990179062,-0.03036614879965782,-0.03531951829791069,0.20310629904270172,0.06776845455169678,-0.22883164882659912,-0.11283303797245026,0.03848697990179062,-0.03036614879965782,-0.03531951829791069,0.20310629904270172,0.06776845455169678,-0.22883164882659912,-0.11283303797245026,0.03848697990179062,-0.03036614879965782,-0.03531951829791069,0.20310629904270172,0.06776845455169678,-0.22883164882659912
20.023999999999997,0.006284424103796482,0.006284424103796482,nan,nan,nan,nan,-0.07193339616060257,0.0,0.0,0.7741975784301758,0.0,0.0,0.0,0.0,0.004000000189989805,0.01600000075995922,64.0,0.1210126057267189,3.125424385070801,0.012088567018508911,9.642391204833984,-0.010219201445579529,-0.005289635621011257,0.004929565824568272,0.0,0.828209638595581,0.015305934473872185,0.20428554713726044,9.0,1.0,0.0,0.0,0.006284407339990139,-1.6763806343078613e-08,nan,0.009703509509563446,0.026600824669003487,-0.03684161603450775,0.0611533522605896,-0.2023339420557022,0.10335034877061844,0.1619037389755249,-0.07976353168487549,0.011999193578958511,-0.016618646681308746,0.027585269883275032,-0.09126950800418854,0.04661963880062103,0.07303210347890854,-0.035980015993118286,-0.08424140512943268,0.038730502128601074,0.07179415225982666,-0.1353749781847,0.14405396580696106,0.14056074619293213,-0.14450760185718536,3.827623004326597e-05,-3.741599721251987e-05,-0.0001431702694389969,0.0002589354116935283,-1.7748103346093558e-05,-0.0003211029397789389,1.6103166444736416e-07,-0.04410420358181,-0.013421708717942238,-0.0595528781414032,0.10608351230621338,0.0396040678024292,-0.10232990980148315,-0.056479573249816895,-0.12834560871124268,0.025308793410658836,0.012241273187100887,-0.029291467741131783,0.18365803360939026,0.038230832666158676,-0.20098717510700226,-0.12834560871124268,0.025308793410658836,0.012241273187100887,-0.029291467741131783,0.18365803360939026,0.038230832666158676,-0.20098717510700226,-0.12834560871124268,0.025308793410658836,0.012241273187100887,-0.029291467741131783,0.18365803360939026,0.038230832666158676,-0.20098717510700226
20.084999999999997,0.005484114401042461,0.005484114401042461,nan,nan,nan,nan,-0.08819498121738434,1.0,0.0,0.7745731472969055,0.0,0.0,0.0,0.0,0.00800000037997961,0.014999999664723873,64.0,0.12327833473682404,2.2862489223480225,0.012015923857688904,9.217805862426758,-0.0016555823385715485,-0.0032448573037981987,-0.0015892749652266502,-0.018444037064909935,0.525124192237854,0.012900193221867085,0.17505766451358795,9.0,1.0,0.0,0.0,0.005484095774590969,-1.862645149230957e-08,nan,0.013255802914500237,0.05772298201918602,-0.02858085185289383,-0.018674761056900024,-0.18185079097747803,-0.009908080101013184,0.22831888496875763,-0.014319602400064468,0.0454598143696785,-0.022508889436721802,-0.014707333408296108,-0.14321684837341309,-0.007803122512996197,0.17981284856796265,-0.011277422308921814,0.01020878180861473,-0.006497344933450222,0.018254000693559647,-0.22612883150577545,0.06096943840384483,0.2696789503097534,-0.08258668333292007,-2.7483027224661782e-05,-7.221745909191668e-05,-5.793825039290823e-05,0.00026207708287984133,-7.106608973117545e-05,-0.0003109147946815938,3.222877057851292e-05,-0.1066277027130127,-0.01302396785467863,-0.0012673791497945786,0.1667861044406891,0.09001478552818298,-0.2179153561592102,-0.08355339616537094,-0.09641891717910767,-0.019521312788128853,0.016986621543765068,-0.059342727065086365,0.15098422765731812,0.05176359415054321,-0.16614007949829102,-0.09641891717910767,-0.019521312788128853,0.016986621543765068,-0.059342727065086365,0.15098422765731812,0.05176359415054321,-0.16614007949829102,-0.09641891717910767,-0.019521314650774002,0.016986621543765068,-0.059342723339796066,0.15098422765731812,0.051763590425252914,-0.16614007949829102
20.169,0.005058818496763706,0.005058818496763706,nan,nan,nan,nan,-0.153983011841774,1.0,1.862645149230957e-09,0.7772605419158936,0.0,0.0,0.0,0.0,0.0,0.024000000208616257,64.0,0.12481231987476349,3.450422525405884,0.020908191800117493,11.036714553833008,-0.0018410757184028625,-0.0010196398943662643,0.0008214376866817474,-0.009472094476222992,0.6073992252349854,0.011432114988565445,0.17407655715942383,9.0,1.0,0.0,0.0,0.005058805458247662,-1.30385160446167e-08,nan,0.01034502312541008,0.018677564337849617,0.16009707748889923,0.05240795388817787,-0.1925797015428543,0.04648860916495323,0.1202244833111763,0.08701391518115997,0.015580215491354465,0.13354776799678802,0.04371700808405876,-0.16064371168613434,0.038779281079769135,0.10028734803199768,0.07258416712284088,0.054185375571250916,0.044268690049648285,0.015886690467596054,-0.30538472533226013,0.03697884827852249,0.3262360990047455,-0.006872285157442093,-9.488570867688395e-06,-4.989498484064825e-05,-9.582525672158226e-05,0.0002706040977500379,-4.2760100768646225e-05,-0.00032138399546965957,1.0555995686445385e-05,-0.10399621725082397,-0.10504916310310364,-0.01048007421195507,0.1951831579208374,0.07035721838474274,-0.23446513712406158,-0.11138617992401123,-0.04981084167957306,-0.06078047677874565,0.005406616255640984,-0.11020156741142273,0.10733606666326523,0.0917709618806839,-0.11825846135616302,-0.04981084167957306,-0.06078047677874565,0.005406616255640984,-0.11020156741142273,0.10733606666326523,0.0917709618806839,-0.11825846135616302,-0.04981084167957306,-0.06078047677874565,0.005406616255640984,-0.11020156741142273,0.10733606666326523,0.0917709618806839,-0.11825846135616302
20.256000000000004,0.004813400097191334,0.004813400097191334,nan,nan,nan,nan,-0.24601143598556519,0.0,7.450580596923828e-09,0.7797677516937256,0.0,0.0,0.0,0.0,0.003000000026077032,0.02500000037252903,64.0,0.12654171884059906,2.576606273651123,0.019540078938007355,9.572259902954102,0.013685191050171852,0.0016992706805467606,-0.011985912919044495,0.003171190619468689,0.11093828827142715,0.009988272562623024,0.19880005717277527,9.0,1.0,0.0,0.0,0.004813372157514095,-2.7939677238464355e-08,nan,0.024274740368127823,0.0021866157185286283,0.014720547944307327,0.03576899319887161,-0.1697225421667099,0.05641214922070503,0.21789367496967316,-0.0950441062450409,0.0020434174221009016,0.013756520114839077,0.03342653065919876,-0.15860764682292938,0.052717797458171844,0.20362412929534912,-0.08881980180740356,0.03615471348166466,0.14065679907798767,0.060855619609355927,-0.3396586775779724,0.0744687169790268,0.3176184892654419,0.016662750393152237,-2.6635143512976356e-05,-4.8678488383302465e-05,-8.840120426611975e-05,0.0002744878293015063,-4.537973291007802e-05,-0.00032174645457416773,5.655392669723369e-06,-0.11239415407180786,-0.209077388048172,-0.04183612018823624,0.26327478885650635,0.050834402441978455,-0.35456520318984985,-0.0950842946767807,-0.0762394368648529,-0.06842058897018433,0.01901949942111969,-0.07638387382030487,0.12530311942100525,-0.03694670647382736,-0.07842154055833817,-0.0762394368648529,-0.06842058897018433,0.01901949942111969,-0.07638387382030487,0.12530311942100525,-0.03694670647382736,-0.07842154055833817,-0.0762394368648529,-0.06842058897018433,0.01901949942111969,-0.07638387382030487,0.12530311942100525,-0.03694670647382736,-0.07842154055833817
20.342000000000002,0.0039592524990439415,0.0039592524990439415,nan,nan,nan,nan,0.045327022671699524,1.0,0.010157642886042595,0.20827625691890717,0.0,0.0,0.0,0.0,0.008999999612569809,0.027000000700354576,64.0,0.12717124819755554,3.161008358001709,0.014263205230236053,11.121448516845703,-0.00709967827424407,-0.013618428260087967,0.0036388933658599854,-0.022494889795780182,-0.000750908104237169,0.009287557564675808,0.16155752539634705,9.0,1.0,0.0,0.0,0.003959243185818195,-9.313225746154785e-09,nan,0.0022811000235378742,0.05907922610640526,0.005071595311164856,-0.014989469200372696,-0.18128618597984314,-0.016093892976641655,0.23043854534626007,-0.005798293277621269,0.028416689485311508,0.00243940157815814,-0.0072098285891115665,-0.08719737827777863,-0.0077410489320755005,0.11083931475877762,-0.0027889381162822247,0.08307185024023056,0.10904853045940399,0.031445205211639404,-0.2944161891937256,0.0018492452800273895,0.2947152853012085,0.03297458961606026,0.12813854217529297,0.08042572438716888,-0.18109723925590515,0.007639593910425901,0.11379951238632202,-0.03331870585680008,-0.06712982058525085,-0.10114080458879471,-0.1336328685283661,-0.061765156686306,0.21449898183345795,0.13140305876731873,-0.3499002158641815,-0.1069001704454422,-0.018068952485919,-0.0245843343436718,-0.030319953337311745,-0.07991720736026764,0.1332523077726364,-0.055184923112392426,-0.07392557710409164,-0.018068952485919,-0.0245843343436718,-0.030319953337311745,-0.07991720736026764,0.1332523077726364,-0.055184923112392426,-0.07392557710409164,-0.018068954348564148,-0.024584338068962097,-0.030319953337311745,-0.07991719990968704,0.1332523077726364,-0.05518493056297302,-0.07392557710409164
20.398999999999997,0.0030022980645298958,0.0030022980645298958,nan,nan,nan,nan,0.03365067392587662,0.0,0.01648978888988495,0.20392073690891266,0.0,0.0,0.0,0.0,0.004000000189989805,0.012000000104308128,64.0,0.12852314114570618,7.4640045166015625,0.013418495655059814,13.91349983215332,0.004618164151906967,-0.012513834983110428,-0.0006422102451324463,0.0,0.27221617102622986,0.011621256358921528,0.12635308504104614,9.0,1.0,0.0,0.0,0.0030022868886590004,-1.1175870895385742e-08,nan,0.001794719137251377,0.05907922610640526,0.005071595311164856,-0.014989469200372696,-0.18128618597984314,-0.016093892976641655,0.23043854534626007,-0.005798293277621269,0.05299197882413864,0.004549041856080294,-0.013445023447275162,-0.1626073122024536,-0.014435653574764729,0.20669524371623993,-0.005200864281505346,0.09582434594631195,0.05237501859664917,-0.0015606037341058254,-0.3111538887023926,-0.015499759465456009,0.3610678017139435,0.008411257527768612,0.13388989865779877,0.08250068873167038,-0.18791048228740692,0.007990759797394276,0.11605746299028397,-0.0351843386888504,-0.06855682283639908,-0.042238473892211914,-0.05237795040011406,-0.10688698291778564,0.2085052728652954,0.15795519948005676,-0.37021398544311523,-0.10047214478254318,0.05358587205410004,-2.932734787464142e-06,-0.1084475889801979,-0.10264862328767776,0.14245544373989105,-0.009146172553300858,-0.092060886323452,0.05358587205410004,-2.932734787464142e-06,-0.1084475889801979,-0.10264862328767776,0.14245544373989105,-0.009146172553300858,-0.092060886323452,0.05358587205410004,-2.932734787464142e-06,-0.1084475889801979,-0.10264862328767776,0.14245544373989105,-0.009146172553300858,-0.092060886323452
20.452,0.0028847409412264824,0.0028847409412264824,nan,nan,nan,nan,0.03435633331537247,0.0,0.017562702298164368,0.202946275472641,0.0,0.0,0.0,0.0,0.004000000189989805,0.013000000268220901,64.0,0.12934698164463043,2.4061734676361084,0.024082139134407043,8.905685424804688,0.007555997930467129,-0.007673540152609348,0.0023331651464104652,0.004336237907409668,0.33030563592910767,0.013327031396329403,0.09871766716241837,9.0,1.0,0.0,0.0,0.0028847316280007362,-9.313225746154785e-09,nan,0.0029492685571312904,0.029915140941739082,0.09173518419265747,0.048553258180618286,-0.19658266007900238,0.0665316954255104,0.1833343505859375,0.040615618228912354,0.028996460139751434,0.088918037712574,0.04706220701336861,-0.1905456930398941,0.06448853015899658,0.17770422995090485,0.03936832770705223,0.08875654637813568,0.07913615554571152,0.019355401396751404,-0.33465611934661865,0.0192291010171175,0.37107881903648376,0.02387639507651329,0.13438692688941956,0.08280406147241592,-0.18860676884651184,0.008018172346055508,0.11648573726415634,-0.03531375527381897,-0.06881016492843628,-0.013202950358390808,-0.07529155910015106,-0.15706193447113037,0.22209571301937103,0.13298296928405762,-0.36343780159950256,-0.1261555552482605,0.07555359601974487,0.0038445983082056046,-0.13770653307437897,-0.11256040632724762,0.15221206843852997,0.007641017436981201,-0.10227915644645691,0.07555359601974487,0.0038445983082056046,-0.13770653307437897,-0.11256040632724762,0.15221206843852997,0.007641017436981201,-0.10227915644645691,0.07555359601974487,0.0038445983082056046,-0.13770653307437897,-0.11256040632724762,0.15221206843852997,0.007641017436981201,-0.10227915644645691
20.512000000000004,0.003145241178572178,0.003145241178572178,nan,nan,nan,nan,0.03973064571619034,0.0,0.022386226803064346,0.20326939225196838,0.0,0.0,0.0,0.0,0.003000000026077032,0.014000000432133675,64.0,0.1294485181570053,4.945967197418213,0.01853145658969879,17.04592514038086,0.009305042214691639,-0.0021386919543147087,0.010942491702735424,0.0,0.324686735868454,0.015183644369244576,0.10221049189567566,9.0,1.0,0.0,0.0,0.003145226277410984,-1.4901161193847656e-08,nan,0.0014948381576687098,0.006568972487002611,0.030270567163825035,0.04259057715535164,-0.1742844134569168,0.05379604548215866,0.21364949643611908,-0.0911669060587883,0.006641760468482971,0.0306059829890728,0.04306250438094139,-0.17621557414531708,0.05439213663339615,0.21601684391498566,-0.09217708557844162,0.06865918636322021,0.1151975691318512,0.057447388768196106,-0.3637617528438568,0.07363485544919968,0.3846123218536377,0.013994591310620308,0.13329166173934937,0.08262641727924347,-0.18719851970672607,0.008045787923038006,0.11573522537946701,-0.03539131581783295,-0.06842834502458572,0.011028692126274109,-0.09783802926540375,-0.20759589970111847,0.244422048330307,0.11764045804738998,-0.38500598073005676,-0.12441400438547134,0.07968787848949432,0.017359541729092598,-0.15014851093292236,-0.11933969706296921,0.19127531349658966,-0.0003936672583222389,-0.11041941493749619,0.07968787848949432,0.017359541729092598,-0.15014851093292236,-0.11933969706296921,0.19127531349658966,-0.0003936672583222389,-0.11041941493749619,0.07968787848949432,0.017359541729092598,-0.15014851093292236,-0.11933969706296921,0.19127531349658966,-0.0003936672583222389,-0.11041941493749619
20.569,0.003625418059527874,0.003625418059527874,nan,nan,nan,nan,0.03627651929855347,0.0,0.02326621487736702,0.20420148968696594,0.0,0.0,0.0,0.0,0.0,0.009999999776482582,64.0,0.12893368303775787,2.645899534225464,0.013066455721855164,14.495858192443848,0.007441327907145023,0.0020710621029138565,0.017895948141813278,0.0,0.3404885530471802,0.017266854643821716,0.12124138325452805,9.0,1.0,0.0,0.0,0.0036254143342375755,-3.725290298461914e-09,nan,0.0017289395909756422,0.006568972487002611,0.030270567163825035,0.04259057715535164,-0.1742844134569168,0.05379604548215866,0.21364949643611908,-0.0911669060587883,0.008221013471484184,0.03788335993885994,0.053301744163036346,-0.2181154489517212,0.06732529401779175,0.2673805356025696,-0.11409460753202438,0.04289639741182327,0.09149853140115738,0.0735199972987175,-0.3687584102153778,0.09342925995588303,0.41969358921051025,-0.08509442210197449,0.13192115724086761,0.08178417384624481,-0.18527814745903015,0.007969154044985771,0.11455205827951431,-0.03503130376338959,-0.06772866100072861,0.026008836925029755,-0.07414982467889786,-0.2271425426006317,0.2516578733921051,0.13584420084953308,-0.42489171028137207,-0.07079896330833435,0.06890523433685303,0.01734870672225952,-0.15362253785133362,-0.1171005442738533,0.2292734533548355,-0.00519813597202301,-0.15589338541030884,0.06890523433685303,0.01734870672225952,-0.15362253785133362,-0.1171005442738533,0.2292734533548355,-0.00519813597202301,-0.15589338541030884,0.06890523433685303,0.01734870672225952,-0.15362253785133362,-0.1171005442738533,0.2292734533548355,-0.00519813597202301,-0.15589338541030884
20.639,0.0038688043132424355,0.0038688043132424355,nan,nan,nan,nan,0.03855108097195625,1.0,0.017760396003723145,0.20507283508777618,0.0,0.0,0.0,0.0,0.00800000037997961,0.01600000075995922,64.0,0.12854497134685516,2.8731319904327393,0.012498348951339722,9.368739128112793,0.003141113556921482,0.003359726397320628,0.017979009076952934,0.013321055099368095,0.2317066192626953,0.018521925434470177,0.10684981197118759,9.0,1.0,0.0,0.0,0.0038687875494360924,-1.6763806343078613e-08,nan,0.004433922003954649,0.13117940723896027,0.06513753533363342,-0.04138490557670593,-0.1153859943151474,-0.1510656177997589,0.15294292569160461,0.08549891412258148,0.048657067120075226,0.02416081540286541,-0.015350489877164364,-0.0427989736199379,-0.056033264845609665,0.05672959238290787,0.03171325847506523,0.07490727305412292,0.08540459722280502,0.04270348325371742,-0.3173556923866272,0.015583977103233337,0.3786103129386902,-0.05928826332092285,0.1311960518360138,0.08289532363414764,-0.18456484377384186,0.008220822550356388,0.11482138931751251,-0.036175020039081573,-0.06790092587471008,-0.022116340696811676,-0.08352901041507721,-0.19324323534965515,0.20950661599636078,0.2246263325214386,-0.388843834400177,-0.14646649360656738,0.05279093235731125,0.0018755905330181122,-0.15053975582122803,-0.10784907639026642,0.24021030962467194,-0.01023351401090622,-0.20575475692749023,0.05279093235731125,0.0018755905330181122,-0.15053975582122803,-0.10784907639026642,0.24021030962467194,-0.01023351401090622,-0.20575475692749023,0.05279092863202095,0.001875585992820561,-0.15053975582122803,-0.10784906893968582,0.24021030962467194,-0.01023352425545454,-0.20575475692749023
20.709999999999997,0.004290728829801083,0.004290728829801083,nan,nan,nan,nan,0.050274260342121124,1.0,0.02299155667424202,0.20561333000659943,0.0,0.0,0.0,0.0,0.003000000026077032,0.013000000268220901,64.0,0.12782001495361328,4.698424816131592,0.016119331121444702,11.950072288513184,0.008003334514796734,0.005092143081128597,0.020080365240573883,0.012462671846151352,-0.048648297786712646,0.016467146575450897,0.1857597529888153,9.0,1.0,0.0,0.0,0.004290715791285038,-1.30385160446167e-08,nan,0.006688500288873911,0.13117940723896027,0.06513753533363342,-0.04138490557670593,-0.1153859943151474,-0.1510656177997589,0.15294292569160461,0.08549891412258148,0.10211582481861115,0.0507059246301651,-0.03221583366394043,-0.08982153236865997,-0.11759612709283829,0.11905750632286072,0.06655611842870712,0.14868950843811035,0.09694045782089233,-0.01511227898299694,-0.25132429599761963,-0.12241162359714508,0.3129759132862091,0.045090507715940475,0.12940983474254608,0.0827116072177887,-0.18229317665100098,0.0081759262830019,0.11394575238227844,-0.03666781261563301,-0.06733968108892441,-0.06443411111831665,-0.08890360593795776,-0.1635066717863083,0.17907698452472687,0.29956114292144775,-0.3507828414440155,-0.2221994400024414,0.0842553973197937,0.008036848157644272,-0.17861895263195038,-0.07224731147289276,0.17714951932430267,-0.03780693560838699,-0.17710892856121063,0.0842553973197937,0.008036848157644272,-0.17861895263195038,-0.07224731147289276,0.17714951932430267,-0.03780693560838699,-0.17710892856121063,0.0842553973197937,0.008036846294999123,-0.17861895263195038,-0.07224731147289276,0.17714951932430267,-0.03780693933367729,-0.17710892856121063
20.798,0.004735938273370266,0.004735938273370266,nan,nan,nan,nan,0.051506783813238144,1.0,0.03485790640115738,0.20545533299446106,0.0,0.0,0.0,0.0,0.0010000000474974513,0.010999999940395355,64.0,0.1278466135263443,3.6885757446289062,0.01902785152196884,11.232181549072266,0.017113428562879562,0.004907690919935703,0.022652167826890945,0.008524310775101185,0.12714146077632904,0.01530519500374794,0.19765828549861908,9.0,1.0,0.0,0.0,0.004735938273370266,0.0,nan,0.0067187524400651455,0.07086432725191116,-0.010450306348502636,-0.0209055095911026,-0.18493333458900452,-0.01864788867533207,0.22321215271949768,0.007762134075164795,0.05987563356757164,-0.0088298125192523,-0.01766376383602619,-0.15625633299350739,-0.01575622335076332,0.1885993927717209,0.006558486260473728,0.16774317622184753,0.06464968621730804,-0.03850438818335533,-0.2752261161804199,-0.13316363096237183,0.34257906675338745,0.06334652751684189,0.12740865349769592,0.08260863274335861,-0.179855614900589,0.00826217234134674,0.11295466125011444,-0.03708332031965256,-0.06674528867006302,-0.03370139002799988,-0.039061617106199265,-0.1739366501569748,0.21236413717269897,0.23028236627578735,-0.369760662317276,-0.18914076685905457,0.13404178619384766,0.02558806911110878,-0.21244104206562042,-0.06286197155714035,0.09711872786283493,-0.027181606739759445,-0.12579423189163208,0.13404178619384766,0.02558806911110878,-0.21244104206562042,-0.06286197155714035,0.09711872786283493,-0.027181606739759445,-0.12579423189163208,0.13404178619384766,0.02558806724846363,-0.21244104206562042,-0.06286197155714035,0.09711872786283493,-0.027181610465049744,-0.12579423189163208
20.854000000000003,0.0048955949023365974,0.0048955949023365974,nan,nan,nan,nan,0.050352126359939575,0.0,0.046423524618148804,0.20533834397792816,0.0,0.0,0.0,0.0,0.006000000052154064,0.014000000432133675,64.0,0.1288873553276062,2.3259119987487793,0.012143515050411224,8.565469741821289,0.023113366216421127,0.004155955743044615,0.02746611461043358,0.0,0.43590545654296875,0.01659962721168995,0.15274284780025482,9.0,1.0,0.0,0.0,0.004895583726465702,-1.1175870895385742e-08,nan,0.002153850859031081,0.07086432725191116,-0.010450306348502636,-0.0209055095911026,-0.18493333458900452,-0.01864788867533207,0.22321215271949768,0.007762134075164795,0.07629059255123138,-0.011250514537096024,-0.02250630035996437,-0.19909416139125824,-0.020075807347893715,0.240304097533226,0.00835650134831667,0.15583273768424988,0.02461203746497631,-0.040125101804733276,-0.3201371133327484,-0.08840575069189072,0.39193055033683777,0.04101422429084778,0.12669454514980316,0.08214861899614334,-0.17885011434555054,0.00821853056550026,0.1123245507478714,-0.03687768802046776,-0.06637345254421234,0.009661316871643066,0.011071188375353813,-0.18326881527900696,0.21038579940795898,0.16772523522377014,-0.34405115246772766,-0.1460070013999939,0.16549405455589294,0.035683225840330124,-0.22339391708374023,-0.10975132137537003,0.07931948453187943,0.047879401594400406,-0.10499276965856552,0.16549405455589294,0.035683225840330124,-0.22339391708374023,-0.10975132137537003,0.07931948453187943,0.047879401594400406,-0.10499276965856552,0.16549405455589294,0.035683225840330124,-0.22339391708374023,-0.10975132137537003,0.07931948453187943,0.047879401594400406,-0.10499276965856552
20.988000000000003,0.00648923683911562,0.00648923683911562,nan,nan,nan,nan,0.06129513308405876,0.0,0.057779859751462936,0.20761971175670624,0.0,0.0,0.0,0.0,0.0010000000474974513,0.03700000047683716,64.0,0.13087113201618195,2.3706014156341553,0.012176111340522766,19.510284423828125,0.025463778525590897,0.011460242792963982,0.04377632588148117,0.015597790479660034,0.541020929813385,0.01818096451461315,0.2103283852338791,9.0,1.0,0.0,0.0,0.006489225663244724,-1.1175870895385742e-08,nan,0.0030511587392538786,0.13846369087696075,0.06411096453666687,-0.05719966068863869,-0.09201919287443161,-0.15742947161197662,0.13192476332187653,0.11309323459863663,0.051387909799814224,0.023793447762727737,-0.02122846059501171,-0.03415100276470184,-0.058426663279533386,0.04896112531423569,0.041972193866968155,0.1633981317281723,0.032739754766225815,-0.052259769290685654,-0.2753353714942932,-0.11479860544204712,0.3434865474700928,0.06936483085155487,0.12259405106306076,0.08190684020519257,-0.17406406998634338,0.008361981250345707,0.11056438833475113,-0.03714478015899658,-0.06528908759355545,0.017514467239379883,0.002825971692800522,-0.1851276159286499,0.13922496140003204,0.1903829574584961,-0.25162169337272644,-0.1652507781982422,0.18091259896755219,0.03556572645902634,-0.23738738894462585,-0.13611041009426117,0.07558435201644897,0.09186485409736633,-0.09588594734668732,0.18091259896755219,0.03556572645902634,-0.23738738894462585,-0.13611041009426117,0.07558435201644897,0.09186485409736633,-0.09588594734668732,0.18091259896755219,0.03556572645902634,-0.23738738894462585,-0.13611041009426117,0.07558435201644897,0.09186485409736633,-0.09588594734668732
21.058000000000003,0.006987622939050198,0.006987622939050198,nan,nan,nan,nan,-0.10726599395275116,1.0,-1.862645149230957e-09,0.7793152928352356,0.0,0.0,0.0,0.0,0.006000000052154064,0.014000000432133675,64.0,0.13162699341773987,2.489780902862549,0.0123586505651474,8.832051277160645,-0.012512005865573883,-0.0001926664263010025,0.012319337576627731,0.0,0.6655400395393372,0.014647913165390491,0.194319486618042,9.0,1.0,0.0,0.0,0.006987608037889004,-1.4901161193847656e-08,nan,0.011677756905555725,0.13846369087696075,0.06411096453666687,-0.05719966068863869,-0.09201919287443161,-0.15742947161197662,0.13192476332187653,0.11309323459863663,0.10285231471061707,0.04762231186032295,-0.042488522827625275,-0.0683528408408165,-0.11694029718637466,0.09799513220787048,0.08400686830282211,0.1963936686515808,0.06838507950305939,-0.07312331348657608,-0.21812675893306732,-0.18600071966648102,0.28579264879226685,0.1267334222793579,0.0015159696340560913,0.0011460779933258891,-0.0023976860102266073,0.00039468586328439415,0.0015018208650872111,-0.0008085334557108581,-0.0009474510443396866,-0.044437557458877563,-0.044476449489593506,-0.11493518203496933,0.09569215029478073,0.19044826924800873,-0.1877783238887787,-0.17342203855514526,0.15195611119270325,0.023908628150820732,-0.1880584955215454,-0.12243460863828659,0.004447553306818008,0.09801433235406876,-0.04668862000107765,0.15195611119270325,0.023908628150820732,-0.1880584955215454,-0.12243460863828659,0.004447553306818008,0.09801433235406876,-0.04668862000107765,0.15195611119270325,0.023908626288175583,-0.1880584955215454,-0.12243460863828659,0.004447554238140583,0.09801433235406876,-0.04668862000107765
21.13,0.0064506931230425835,0.0064506931230425835,nan,nan,nan,nan,-0.1342187523841858,0.0,-1.862645149230957e-09,0.7872526049613953,0.0,0.0,0.0,0.0,0.008999999612569809,0.02500000037252903,64.0,0.13160960376262665,3.402839422225952,0.014436431229114532,13.396385192871094,0.006843229755759239,-0.005341261625289917,-0.012184493243694305,-0.01152142882347107,0.7507186532020569,0.011190538294613361,0.22088803350925446,9.0,1.0,0.0,0.0,0.006450672633945942,-2.0489096641540527e-08,nan,0.027478747069835663,0.13846369087696075,0.06411096453666687,-0.05719966068863869,-0.09201919287443161,-0.15742947161197662,0.13192476332187653,0.11309323459863663,0.13272081315517426,0.06145191565155983,-0.054827261716127396,-0.08820262551307678,-0.1508999615907669,0.12645308673381805,0.10840260982513428,0.23576104640960693,0.09916748106479645,-0.0938444584608078,-0.19550982117652893,-0.2515249252319336,0.26836076378822327,0.17763759195804596,0.00042303066584281623,0.00039718003245070577,-0.0008412248571403325,0.00031444523483514786,0.0005002524121664464,-0.000464355805888772,-0.00035942785325460136,-0.12168747186660767,-0.08669396489858627,-0.06010214984416962,0.1273747682571411,0.17445971071720123,-0.2169874608516693,-0.1791914999485016,0.11407357454299927,0.012473514303565025,-0.15394660830497742,-0.06813505291938782,-0.07706521451473236,0.051373302936553955,-0.0015539005398750305,0.11407357454299927,0.012473514303565025,-0.15394660830497742,-0.06813505291938782,-0.07706521451473236,0.051373302936553955,-0.0015539005398750305,0.11407357454299927,0.012473514303565025,-0.15394660830497742,-0.06813505291938782,-0.07706521451473236,0.051373302936553955,-0.0015539005398750305
21.202,0.0061440905556082726,0.0061440905556082726,nan,nan,nan,nan,-0.08695873618125916,1.0,3.725290298461914e-09,0.7989134192466736,0.0,0.0,0.0,0.0,0.006000000052154064,0.01899999938905239,64.0,0.13171109557151794,2.5817015171051025,0.010909512639045715,8.926858901977539,-0.008391795679926872,-0.004362352192401886,0.004029447212815285,0.0,0.8825590014457703,0.011900425888597965,0.16919834911823273,9.0,1.0,0.0,0.0,0.006144088692963123,-1.862645149230957e-09,nan,0.010035928338766098,0.07770104706287384,-0.02086026407778263,-0.022936666384339333,-0.18188270926475525,-0.012484638951718807,0.22305627167224884,0.0031659025698900223,0.04908432438969612,-0.013177582062780857,-0.014489262364804745,-0.11489665508270264,-0.00788663886487484,0.14090628921985626,0.001999923959374428,0.1694048047065735,0.02394154667854309,-0.06036899611353874,-0.2442673146724701,-0.11851110309362411,0.3117809593677521,0.07870370149612427,0.00024204247165471315,0.0003168419934809208,-0.0006147312233224511,0.000307172245811671,0.0003806136373896152,-0.00040874662226997316,-0.0003048274666070938,-0.06222870200872421,-0.016559813171625137,-0.0577373243868351,0.14432986080646515,0.022440828382968903,-0.20391534268856049,-0.061213038861751556,0.10717610269784927,0.0073817335069179535,-0.11810632050037384,-0.09993745386600494,-0.09607027471065521,0.10786561667919159,0.01749066263437271,0.10717610269784927,0.0073817335069179535,-0.11810632050037384,-0.09993745386600494,-0.09607027471065521,0.10786561667919159,0.01749066263437271,0.10717609524726868,0.007381729315966368,-0.11810632050037384,-0.09993744641542435,-0.09607027471065521,0.1078656017780304,0.017490655183792114
21.26,0.006279907189309597,0.006279907189309597,nan,nan,nan,nan,-0.08436670899391174,0.0,-3.725290298461914e-09,0.6796317100524902,0.0,0.0,0.0,0.0,0.0020000000949949026,0.01600000075995922,64.0,0.1321035474538803,1.9874433279037476,0.009309500455856323,8.567353248596191,-0.0031024236232042313,-0.005255389958620071,-0.0021529700607061386,0.005426583345979452,0.9002569913864136,0.011091193184256554,0.21188043057918549,9.0,1.0,0.0,0.0,0.006279897876083851,-9.313225746154785e-09,nan,0.019156206399202347,0.13365845382213593,0.10216870903968811,-0.04116756469011307,-0.09649945795536041,-0.14577071368694305,0.12829278409481049,0.11393822729587555,0.02676309458911419,0.02045774832367897,-0.008243185468018055,-0.01932256482541561,-0.02918839454650879,0.02568870037794113,0.022814415395259857,0.15637396275997162,0.021808933466672897,-0.05190245062112808,-0.24340924620628357,-0.09756043553352356,0.30686742067337036,0.06548893451690674,0.000666904088575393,0.0006481019081547856,-0.001238077413290739,0.0003388597979210317,0.0008101257844828069,-0.0005503370775841177,-0.0005644341581501067,-0.07376494258642197,-0.0395243801176548,-0.04907439649105072,0.13279497623443604,0.022844232618808746,-0.188361257314682,-0.06858519464731216,0.08260902017354965,-0.017715446650981903,-0.1009768471121788,-0.11061427742242813,-0.07471620291471481,0.11850616335868835,-0.0030962619930505753,0.08260902017354965,-0.017715446650981903,-0.1009768471121788,-0.11061427742242813,-0.07471620291471481,0.11850616335868835,-0.0030962619930505753,0.08260902017354965,-0.017715446650981903,-0.1009768471121788,-0.11061427742242813,-0.07471620291471481,0.11850616335868835,-0.0030962619930505753
21.312,0.005774714983999729,0.005774714983999729,nan,nan,nan,nan,-0.08699092268943787,1.0,1.862645149230957e-09,0.6560607552528381,0.0,0.0,0.0,0.0,0.00800000037997961,0.004999999888241291,64.0,0.13267922401428223,3.0039753913879395,0.019564293324947357,11.467591285705566,-0.003959864377975464,-0.005551153793931007,-0.0015912875533103943,-0.08985958993434906,0.888680636882782,0.010192680172622204,0.22929421067237854,9.0,1.0,0.0,0.0,0.005774694494903088,-2.0489096641540527e-08,nan,0.015730582177639008,0.13365845382213593,0.10216870903968811,-0.04116756469011307,-0.09649945795536041,-0.14577071368694305,0.12829278409481049,0.11393822729587555,0.03367023169994354,0.025737574324011803,-0.01037062332034111,-0.024309419095516205,-0.03672146424651146,0.03231855481863022,0.02870246022939682,0.16486915946006775,0.07427241653203964,-0.05276046320796013,-0.18815019726753235,-0.14115771651268005,0.24127554893493652,0.10463051497936249,0.0003499888989608735,0.00034504415816627443,-0.0007382521289400756,0.0002935297379735857,0.0004349065711721778,-0.0004367785295471549,-0.0003340404655318707,-0.08989880234003067,-0.08892729878425598,-0.03446390852332115,0.08659036457538605,0.05990859866142273,-0.1355689913034439,-0.09983765333890915,0.07497035712003708,-0.014654879458248615,-0.08722437173128128,-0.1015598326921463,-0.08124911785125732,0.10570655763149261,0.004792862571775913,0.07497035712003708,-0.014654879458248615,-0.08722437173128128,-0.1015598326921463,-0.08124911785125732,0.10570655763149261,0.004792862571775913,0.07497034966945648,-0.014654882252216339,-0.08722437173128128,-0.1015598252415657,-0.08124911785125732,0.10570655018091202,0.004792858846485615
21.381000000000004,0.0048860227689146996,0.0048860227689146996,nan,nan,nan,nan,-0.09070425480604172,1.0,-9.313225746154785e-10,0.6261999607086182,0.0,0.0,0.0,0.0,0.0010000000474974513,0.009999999776482582,64.0,0.13310447335243225,2.201988458633423,0.010136514902114868,8.60947036743164,0.0006558727473020554,-0.004139432683587074,-0.004795306362211704,-0.04208013415336609,0.8402025103569031,0.007881714031100273,0.2087016999721527,9.0,1.0,0.0,0.0,0.004886007867753506,-1.4901161193847656e-08,nan,0.015538516454398632,0.07046004384756088,0.010408022440969944,-0.0192884411662817,-0.178397998213768,-0.010058429092168808,0.2293379157781601,0.0056670294143259525,0.0122222313657403,0.0018054097890853882,-0.0033458364196121693,-0.03094550408422947,-0.0017447681166231632,0.039781708270311356,0.0009830215713009238,0.1688433140516281,0.10049088299274445,-0.05256632715463638,-0.16912318766117096,-0.15832757949829102,0.21989849209785461,0.12094290554523468,-0.00017291816766373813,-1.6050909835030325e-05,-6.5876652115548495e-06,0.00027394789503887296,-4.611333497450687e-05,-0.00027112363022752106,-5.384652831708081e-05,-0.11223819851875305,-0.09256786108016968,-0.02816765010356903,0.11091484874486923,0.0663028210401535,-0.1646026074886322,-0.10872054845094681,0.05660511553287506,0.007923022843897343,-0.08073397725820541,-0.05820833891630173,-0.09202475845813751,0.055295877158641815,0.012222356162965298,0.05660511553287506,0.007923022843897343,-0.08073397725820541,-0.05820833891630173,-0.09202475845813751,0.055295877158641815,0.012222356162965298,0.05660511553287506,0.007923021912574768,-0.08073397725820541,-0.05820833891630173,-0.09202475845813751,0.05529587343335152,0.012222355231642723
21.442000000000004,0.004670578055083752,0.004670578055083752,nan,nan,nan,nan,-0.06823987513780594,1.0,-9.313225746154785e-10,0.5931558609008789,0.0,0.0,0.0,0.0,0.004000000189989805,0.014999999664723873,64.0,0.1337093859910965,2.3339428901672363,0.011664815247058868,8.833763122558594,-0.006087832152843475,-0.002955024130642414,0.0031328070908784866,0.0,0.8633931279182434,0.007807638496160507,0.1398342400789261,9.0,1.0,0.0,0.0,0.004670570604503155,-7.450580596923828e-09,nan,0.008274383842945099,0.07046004384756088,0.010408022440969944,-0.0192884411662817,-0.178397998213768,-0.010058429092168808,0.2293379157781601,0.0056670294143259525,0.027738118544220924,0.00409734295681119,-0.007593311835080385,-0.07023023068904877,-0.003959717694669962,0.0902838259935379,0.002230948768556118,0.13380232453346252,0.06073055416345596,-0.04006912559270859,-0.1986764371395111,-0.09188199043273926,0.25675341486930847,0.06897753477096558,0.00044452777365222573,0.000496412452775985,-0.0009200790082104504,0.0003447088529355824,0.0006088047521188855,-0.0004991352325305343,-0.0004463557561393827,-0.08164382725954056,-0.04651007428765297,-0.029066428542137146,0.13192054629325867,0.008489802479743958,-0.18528097867965698,-0.05624065548181534,0.05215849727392197,0.014220480807125568,-0.06913555413484573,-0.06675589084625244,-0.0833921879529953,0.07147242873907089,0.012736881151795387,0.05215849727392197,0.014220480807125568,-0.06913555413484573,-0.06675589084625244,-0.0833921879529953,0.07147242873907089,0.012736881151795387,0.05215849354863167,0.01422047894448042,-0.06913555413484573,-0.06675589084625244,-0.0833921879529953,0.0714724212884903,0.012736879289150238
21.519000000000002,0.004671272821724415,0.004671272821724415,nan,nan,nan,nan,-0.062204837799072266,1.0,-9.313225746154785e-10,0.58066725730896,0.0,0.0,0.0,0.0,0.00800000037997961,0.009999999776482582,64.0,0.13416865468025208,3.487621545791626,0.013163313269615173,24.99226951599121,-0.009499712847173214,-0.00020463066175580025,0.009295081719756126,0.0,0.933649480342865,0.008434505201876163,0.07930179685354233,9.0,1.0,0.0,0.0,0.004671257920563221,-1.4901161193847656e-08,nan,0.0051790629513561726,0.07046004384756088,0.010408022440969944,-0.0192884411662817,-0.178397998213768,-0.010058429092168808,0.2293379157781601,0.0056670294143259525,0.04744793474674225,0.007008783519268036,-0.01298887562006712,-0.12013357132673264,-0.006773366592824459,0.1544366180896759,0.003816189244389534,0.12255360186100006,0.037939105182886124,-0.03521508350968361,-0.2424570620059967,-0.0527363084256649,0.31234055757522583,0.03804555907845497,-0.00010051250865217298,7.588997686980292e-05,-0.00013178086373955011,0.00030700460774824023,6.149164983071387e-05,-0.00031559576746076345,-0.00011781338980654255,-0.08048009872436523,-0.030855396762490273,-0.021323923021554947,0.15032701194286346,-0.0042305439710617065,-0.20415441691875458,-0.039371270686388016,0.042073506861925125,0.0070837088860571384,-0.056539006531238556,-0.09213005006313324,-0.05696685239672661,0.10818614065647125,-0.0013257106766104698,0.042073506861925125,0.0070837088860571384,-0.056539006531238556,-0.09213005006313324,-0.05696685239672661,0.10818614065647125,-0.0013257106766104698,0.042073506861925125,0.007083707954734564,-0.056539006531238556,-0.09213005006313324,-0.05696685239672661,0.10818614065647125,-0.0013257117243483663
21.62,0.00386617798358202,0.00386617798358202,nan,nan,nan,nan,-0.09766650944948196,0.0,-9.313225746154785e-10,0.4798135757446289,0.0,0.0,0.0,0.0,0.0010000000474974513,0.01899999938905239,64.0,0.13446219265460968,4.8270039558410645,0.24486052989959717,11.788191795349121,-0.00559475552290678,-0.006328963674604893,-0.0007342090830206871,-0.02060007117688656,0.8158600926399231,0.006143464706838131,0.1313544511795044,9.0,1.0,0.0,0.0,0.003866163082420826,-1.4901161193847656e-08,nan,0.006573518272489309,0.020200973376631737,0.033243656158447266,0.04370001703500748,-0.17355263233184814,0.05152571201324463,0.21940597891807556,-0.07525083422660828,0.01662589982151985,0.027360348030924797,0.035966191440820694,-0.14283809065818787,0.04240692779421806,0.18057653307914734,-0.06193329393863678,0.07242836803197861,0.09187982231378555,0.047191593796014786,-0.2976064383983612,0.05135701969265938,0.3307967483997345,-0.0006179492920637131,-0.00014645219198428094,-3.506455686874688e-05,-2.197104367951397e-05,0.000292259210254997,-6.316489452729002e-05,-0.00030184639035724103,-2.9783337595290504e-05,-0.08580680936574936,-0.09891378879547119,-0.07047346979379654,0.21027159690856934,-0.03545265644788742,-0.26269498467445374,-0.041904330253601074,-0.013378444127738476,-0.00703396275639534,-0.023281877860426903,-0.08733483403921127,0.015904361382126808,0.06810177117586136,-0.042522281408309937,-0.013378444127738476,-0.00703396275639534,-0.023281877860426903,-0.08733483403921127,0.015904361382126808,0.06810177117586136,-0.042522281408309937,-0.013378444127738476,-0.00703396275639534,-0.023281877860426903,-0.08733483403921127,0.015904361382126808,0.06810177117586136,-0.042522281408309937
21.693,0.0033477777615189552,0.0033477777615189552,nan,nan,nan,nan,-0.07402457296848297,0.0,0.0,0.46818456053733826,0.0,0.0,0.0,0.0,0.007000000216066837,0.01899999938905239,64.0,0.1347206085920334,5.864125728607178,0.018659047782421112,14.041889190673828,-0.003686261363327503,-0.005279550328850746,-0.001593288965523243,0.0,0.6081753373146057,0.006800706032663584,0.08700189739465714,9.0,1.0,0.0,0.0,0.003347760997712612,-1.6763806343078613e-08,nan,0.005532735027372837,0.06583202630281448,0.02042340487241745,-0.016759492456912994,-0.1761503368616104,-0.00697480421513319,0.2320549637079239,0.006407341454178095,0.018809622153639793,0.0058354041539132595,-0.004788546357303858,-0.05032992735505104,-0.0019928510300815105,0.0663030818104744,0.0018307148711755872,0.07723422348499298,0.07472256571054459,0.01758565939962864,-0.25074586272239685,0.014378229156136513,0.2962762415409088,0.011029953137040138,5.748597686761059e-05,0.00019128143321722746,-0.0003588807303458452,0.0003334086504764855,0.00021329359151422977,-0.0003867733175866306,-0.0002079810219584033,-0.12017829716205597,-0.07671364396810532,-0.0218795333057642,0.16922959685325623,0.034989215433597565,-0.24055925011634827,-0.0777163952589035,-0.04294407367706299,-0.001991075463593006,-0.004293873440474272,-0.08151627331972122,0.04936744645237923,0.05571698769927025,-0.06668644398450851,-0.04294407367706299,-0.001991075463593006,-0.004293873440474272,-0.08151627331972122,0.04936744645237923,0.05571698769927025,-0.06668644398450851,-0.04294407367706299,-0.001991075463593006,-0.004293873440474272,-0.08151627331972122,0.04936744645237923,0.05571698769927025,-0.06668644398450851
21.758,0.0034517263993620872,0.0034517263993620872,nan,nan,nan,nan,-0.05825655162334442,0.0,-9.313225746154785e-10,0.4631096422672272,0.0,0.0,0.0,0.0,0.007000000216066837,0.014000000432133675,64.0,0.13513612747192383,2.4236981868743896,0.014324672520160675,9.15272331237793,-0.005060046911239624,-0.0017674202099442482,0.003292625769972801,0.0,0.7139512300491333,0.008196022361516953,0.07384511828422546,9.0,1.0,0.0,0.0,0.0034517208114266396,-5.587935447692871e-09,nan,0.00493550393730402,0.06583202630281448,0.02042340487241745,-0.016759492456912994,-0.1761503368616104,-0.00697480421513319,0.2320549637079239,0.006407341454178095,0.03493387624621391,0.01083771325647831,-0.0088934525847435,-0.09347447007894516,-0.0037011916283518076,0.1231403574347496,0.0034000666346400976,0.08626848459243774,0.052409298717975616,-0.0031438686419278383,-0.25310635566711426,0.0022582535166293383,0.31623244285583496,0.010171150788664818,0.0004612489137798548,0.000552743673324585,-0.0009672806481830776,0.00036925458698533475,0.0006726215360686183,-0.0005231666727922857,-0.0004949177382513881,-0.12654760479927063,-0.05085035040974617,0.0004459344781935215,0.15545131266117096,0.0509815588593483,-0.22726882994174957,-0.08054518699645996,-0.04027911648154259,0.0015589487738907337,-0.002697934163734317,-0.0976550430059433,0.05323981121182442,0.08896361291408539,-0.07037403434515,-0.04027911648154259,0.0015589487738907337,-0.002697934163734317,-0.0976550430059433,0.05323981121182442,0.08896361291408539,-0.07037403434515,-0.04027911648154259,0.0015589487738907337,-0.002697934163734317,-0.0976550430059433,0.05323981121182442,0.08896361291408539,-0.07037403434515
21.825999999999997,0.004113736562430859,0.004113736562430859,nan,nan,nan,nan,-0.08798960596323013,1.0,3.725290298461914e-09,0.48565274477005005,0.0,0.0,0.0,0.0,0.008999999612569809,0.012000000104308128,64.0,0.13657332956790924,4.174373149871826,0.01889653503894806,10.914727210998535,-0.009379962459206581,0.003633699379861355,0.013013665564358234,0.0,0.7328596115112305,0.010373029857873917,0.05623694509267807,9.0,1.0,0.0,0.0,0.0041137272492051125,-9.313225746154785e-09,nan,0.004189567640423775,0.010577864944934845,0.0949481800198555,0.07369626313447952,-0.1857885718345642,0.09113561362028122,0.1804533451795578,0.007436887361109257,0.008708260953426361,0.07816638797521591,0.06067068129777908,-0.15295101702213287,0.07502768188714981,0.14855878055095673,0.006122441031038761,0.04870486631989479,0.1153428703546524,0.06999034434556961,-0.2928118109703064,0.08929260075092316,0.3157844841480255,0.011738555505871773,-8.90431329025887e-05,0.0001295193360419944,-0.0001781353639671579,0.00031633590697310865,0.00012077797146048397,-0.0003226484695915133,-0.00016813162073958665,-0.11867709457874298,-0.09706438332796097,-0.04662356898188591,0.1836709976196289,0.001078292727470398,-0.21757292747497559,-0.09856884181499481,-0.06997223198413849,0.018278487026691437,0.0233667753636837,-0.10914082080125809,0.09037089347839355,0.09821155667304993,-0.08683028817176819,-0.06997223198413849,0.018278487026691437,0.0233667753636837,-0.10914082080125809,0.09037089347839355,0.09821155667304993,-0.08683028817176819,-0.06997223943471909,0.018278485164046288,0.0233667753636837,-0.10914081335067749,0.09037089347839355,0.09821154922246933,-0.08683028817176819
21.894000000000002,0.0042962441220879555,0.0042962441220879555,nan,nan,nan,nan,-0.08617519587278366,0.0,0.00698469951748848,0.4956013560295105,0.0,0.0,0.0,0.0,0.007000000216066837,0.012000000104308128,64.0,0.13766948878765106,2.9481751918792725,0.011809170246124268,9.619721412658691,-0.001600285992026329,0.002160892356187105,0.010745877400040627,0.0,0.5876360535621643,0.013379573822021484,0.09425388276576996,9.0,1.0,0.0,0.0,0.004296231083571911,-1.30385160446167e-08,nan,0.005876506213098764,0.016760291531682014,0.03903740271925926,0.04643309488892555,-0.1705217808485031,0.055813923478126526,0.2205761969089508,-0.07205841690301895,0.014669789932668209,0.03416828811168671,0.04064152017235756,-0.14925269782543182,0.048852283507585526,0.1930638551712036,-0.06307061016559601,0.03869323432445526,0.10807210206985474,0.08448109030723572,-0.30818599462509155,0.10482162982225418,0.3517802059650421,-0.03975069150328636,-0.00010325730545446277,0.00014347069372888654,-0.00017116073286160827,0.000312771531753242,0.0001333535765297711,-0.00031163005041889846,-0.00018177520541939884,-0.1659461110830307,-0.08037138730287552,-0.03367149457335472,0.213011234998703,0.03430243581533432,-0.2741096615791321,-0.09297773241996765,-0.12725287675857544,0.027700714766979218,0.050809595733881,-0.09517475962638855,0.1391240656375885,0.07767054438591003,-0.1327284276485443,-0.12725287675857544,0.027700714766979218,0.050809595733881,-0.09517475962638855,0.1391240656375885,0.07767054438591003,-0.1327284276485443,-0.12725287675857544,0.027700714766979218,0.050809595733881,-0.09517475962638855,0.1391240656375885,0.07767054438591003,-0.1327284276485443
22.013,0.004672703333199024,0.004672703333199024,nan,nan,nan,nan,-0.06938949972391129,1.0,-9.313225746154785e-10,0.5160366892814636,0.0,0.0,0.0,0.0,0.00800000037997961,0.04899999871850014,64.0,0.13836389780044556,3.0251853466033936,0.030924566090106964,9.255508422851562,-0.011161057278513908,0.0012630303390324116,0.012424087151885033,0.0009493408142589033,0.684491753578186,0.01618114486336708,0.07848922163248062,9.0,1.0,0.0,0.0,0.0046726977452635765,-5.587935447692871e-09,nan,0.0051424214616417885,0.059837616980075836,0.03567012399435043,-0.011830547824501991,-0.17000803351402283,0.0008682775660417974,0.23644495010375977,0.014051451347768307,0.013237295672297478,0.007890955545008183,-0.0026171572972089052,-0.03760922700166702,0.00019208060984965414,0.05230642110109329,0.00310846627689898,0.05291838198900223,0.1375526487827301,0.06958232074975967,-0.25367414951324463,0.03799290955066681,0.3011380434036255,-0.025285981595516205,-0.00028338193078525364,4.856459781876765e-05,6.303680856944993e-05,0.0002854951599147171,-4.772409738507122e-07,-0.0002278661704622209,-0.00011483385605970398,-0.16919466853141785,-0.07158239185810089,0.001333490014076233,0.11971797049045563,0.10013887286186218,-0.15509766340255737,-0.1279396414756775,-0.11627628654241562,0.06597025692462921,0.07091581076383591,-0.133956179022789,0.138131782412529,0.14604038000106812,-0.1532256305217743,-0.11627628654241562,0.06597025692462921,0.07091581076383591,-0.133956179022789,0.138131782412529,0.14604038000106812,-0.1532256305217743,-0.11627628654241562,0.06597025692462921,0.07091581076383591,-0.133956179022789,0.138131782412529,0.14604038000106812,-0.1532256305217743
22.077,0.004166104830801487,0.004166104830801487,nan,nan,nan,nan,-0.05604618415236473,0.0,9.313225746154785e-10,0.5233286619186401,0.0,0.0,0.0,0.0,0.007000000216066837,0.014999999664723873,64.0,0.13827918469905853,2.9986891746520996,0.01791585236787796,10.40083122253418,0.0037851519882678986,-0.0008536698296666145,-0.0046388208866119385,-0.019191082566976547,0.5765677690505981,0.01609589159488678,0.17748942971229553,9.0,1.0,0.0,0.0,0.004166086204349995,-1.862645149230957e-08,nan,0.016740089282393456,0.059837616980075836,0.03567012399435043,-0.011830547824501991,-0.17000803351402283,0.0008682775660417974,0.23644495010375977,0.014051451347768307,0.02388516440987587,0.014238312840461731,-0.0047223567962646484,-0.06786148995161057,0.00034658718504942954,0.09438087046146393,0.005608866456896067,0.06744267046451569,0.09245885908603668,0.02612321637570858,-0.2425481528043747,0.019328363239765167,0.3118632435798645,-0.0027527599595487118,-6.364425644278526e-05,0.0002488881873432547,-0.0002648298686835915,0.00030270879506133497,0.0002529835910536349,-0.00030042536673136055,-0.00027341986424289644,-0.197585329413414,-0.017207108438014984,0.03624635189771652,0.12633347511291504,0.10673201829195023,-0.1653127819299698,-0.15931779146194458,-0.13014265894889832,0.0752517506480217,0.06236957013607025,-0.11621467769145966,0.1260603815317154,0.14655046164989471,-0.16207055747509003,-0.13014265894889832,0.0752517506480217,0.06236957013607025,-0.11621467769145966,0.1260603815317154,0.14655046164989471,-0.16207055747509003,-0.13014265894889832,0.0752517506480217,0.06236957013607025,-0.11621467769145966,0.1260603815317154,0.14655046164989471,-0.16207055747509003
22.171000000000003,0.00416532251983881,0.00416532251983881,nan,nan,nan,nan,-0.04681618511676788,0.0,9.313225746154785e-10,0.548344075679779,0.0,0.0,0.0,0.0,0.0010000000474974513,0.020999999716877937,64.0,0.1381014585494995,2.564171314239502,0.013902783393859863,9.069718360900879,-0.0026598386466503143,0.003747595939785242,0.006407435517758131,0.0,0.8773611783981323,0.016250021755695343,0.1632411777973175,9.0,1.0,0.0,0.0,0.004165311343967915,-1.1175870895385742e-08,nan,0.009664824232459068,-0.006451069377362728,0.104029580950737,0.08617215603590012,-0.17307139933109283,0.10233888030052185,0.17660315334796906,-0.009744764305651188,-0.0029419250786304474,0.04744131863117218,0.0392976775765419,-0.0789269283413887,0.04667029529809952,0.08053753525018692,-0.004443971440196037,0.031644899398088455,0.11409614980220795,0.06802088022232056,-0.24209913611412048,0.07833109050989151,0.28236010670661926,-0.005698005203157663,0.0006513287662528455,0.000900413142517209,-0.0013233182253316045,0.0003462854365352541,0.0010792870307341218,-0.0005244567873887718,-0.000788734934758395,-0.10874804854393005,-0.022951513528823853,-0.01102035865187645,0.08580045402050018,0.0272357314825058,-0.08192028105258942,-0.10554054379463196,-0.0771031528711319,0.0911446362733841,0.05700052157044411,-0.1562986820936203,0.10556682199239731,0.20043982565402985,-0.11123854666948318,-0.0771031528711319,0.0911446362733841,0.05700052157044411,-0.1562986820936203,0.10556682199239731,0.20043982565402985,-0.11123854666948318,-0.0771031528711319,0.0911446362733841,0.05700052157044411,-0.1562986820936203,0.10556682199239731,0.20043982565402985,-0.11123854666948318
22.264999999999997,0.005159868858754635,0.005159868858754635,nan,nan,nan,nan,-0.02425304427742958,0.0,0.005026034079492092,0.5887783765792847,0.0,0.0,0.0,0.0,0.004000000189989805,0.029999999329447746,64.0,0.13829420506954193,2.872128963470459,0.014766119420528412,10.391958236694336,-0.0024189502000808716,0.011699605733156204,0.019144590944051743,0.010731320828199387,0.9617080688476562,0.017515886574983597,0.16997359693050385,9.0,1.0,0.0,0.0,0.005159861408174038,-7.450580596923828e-09,nan,0.010084735229611397,0.013410786166787148,0.04479575529694557,0.050496626645326614,-0.16361196339130402,0.06322876363992691,0.22351248562335968,-0.06737209111452103,0.007655459456145763,0.025571364909410477,0.02882567048072815,-0.09339682012796402,0.03609372675418854,0.12759064137935638,-0.038458917289972305,0.026500392705202103,0.09312860667705536,0.07169940322637558,-0.2442326843738556,0.0860205590724945,0.3070805072784424,-0.04894571751356125,0.0003189728013239801,0.0006554917199537158,-0.0008439182420261204,0.0003029142681043595,0.00075822341023013,-0.00038717096322216094,-0.0005972519284114242,-0.0736398994922638,0.0030079856514930725,-0.008695036172866821,0.060356080532073975,0.015751056373119354,-0.07293933629989624,-0.04215201735496521,-0.04713950306177139,0.09613659232854843,0.06300436705350876,-0.18387660384178162,0.10177161544561386,0.23414117097854614,-0.09109773486852646,-0.04713950306177139,0.09613659232854843,0.06300436705350876,-0.18387660384178162,0.10177161544561386,0.23414117097854614,-0.09109773486852646,-0.04713950306177139,0.09613659232854843,0.06300436705350876,-0.18387660384178162,0.10177161544561386,0.23414117097854614,-0.09109773486852646
22.334,0.005752961151301861,0.005752961151301861,nan,nan,nan,nan,-0.03731405735015869,0.0,1.862645149230957e-09,0.6043819189071655,0.0,0.0,0.0,0.0,0.007000000216066837,0.010999999940395355,64.0,0.13810719549655914,8.797370910644531,0.02092309296131134,17.529525756835938,-0.009439848363399506,0.011882358230650425,0.021322209388017654,0.0,0.8204818367958069,0.016641302034258842,0.19774065911769867,9.0,1.0,0.0,0.0,0.005752951838076115,-9.313225746154785e-09,nan,0.011406606994569302,0.11901034414768219,0.18074890971183777,0.002535035600885749,-0.054236918687820435,-0.14827211201190948,0.03253130242228508,0.13105495274066925,0.06611905992031097,0.10041940957307816,0.0014084001304581761,-0.030132627114653587,-0.0823761448264122,0.0180735494941473,0.07281073182821274,0.09107273072004318,0.1682794690132141,0.04224371537566185,-0.17304006218910217,-0.04602120816707611,0.1947767287492752,0.05602388083934784,0.0005053153145126998,0.0008290413534268737,-0.0011038868688046932,0.0003039659059140831,0.0009806035086512566,-0.0004366928187664598,-0.0007328432402573526,-0.10292445123195648,-0.05195862799882889,0.01705309748649597,-0.01021912693977356,0.1120341569185257,0.03444454073905945,-0.11172714829444885,-0.011851723305881023,0.11632084101438522,0.05929681286215782,-0.18325918912887573,0.06601294875144958,0.22922126948833466,-0.055703263729810715,-0.011851723305881023,0.11632084101438522,0.05929681286215782,-0.18325918912887573,0.06601294875144958,0.22922126948833466,-0.055703263729810715,-0.011851723305881023,0.11632084101438522,0.05929681286215782,-0.18325918912887573,0.06601294875144958,0.22922126948833466,-0.055703263729810715
22.412000000000003,0.006045238114893436,0.006045238114893436,nan,nan,nan,nan,-0.011537427082657814,0.0,0.0,0.6069239974021912,0.0,0.0,0.0,0.0,0.003000000026077032,0.014000000432133675,64.0,0.13628265261650085,2.184067964553833,0.012477859854698181,9.861929893493652,-0.012313881888985634,0.005806158296763897,0.018120039254426956,-0.0017707102233543992,0.9418889284133911,0.015793325379490852,0.2397199273109436,9.0,1.0,0.0,0.0,0.006045232526957989,-5.587935447692871e-09,nan,0.01029575802385807,0.06796355545520782,0.060000285506248474,-0.013105547986924648,-0.15513940155506134,-0.006362915970385075,0.23600508272647858,0.04245048761367798,0.007537578232586384,0.006654402706772089,-0.0014534862712025642,-0.017205920070409775,-0.0007056867470964789,0.026174422353506088,0.00470802141353488,0.08309394121170044,0.11952923238277435,0.015398913994431496,-0.17136679589748383,-0.027479393407702446,0.22472187876701355,0.05144878476858139,0.00016429563402198255,0.0005536023527383804,-0.0006096612196415663,0.00026488275034353137,0.0006254721083678305,-0.0003023654280696064,-0.0005194321274757385,-0.05929812043905258,0.005083069205284119,0.02932901494204998,-0.005125269293785095,0.0553838312625885,-0.0021937787532806396,-0.06661153584718704,0.023795820772647858,0.12461230158805847,0.044727928936481476,-0.17649206519126892,0.027904435992240906,0.2225281000137329,-0.015162752009928226,0.023795820772647858,0.12461230158805847,0.044727928936481476,-0.17649206519126892,0.027904435992240906,0.2225281000137329,-0.015162752009928226,0.023795820772647858,0.12461230158805847,0.044727928936481476,-0.17649206519126892,0.027904435992240906,0.2225281000137329,-0.015162752009928226
22.467000000000002,0.005970765836536884,0.005970765836536884,nan,nan,nan,nan,-0.005830010399222374,0.0,-1.862645149230957e-09,0.603441596031189,0.0,0.0,0.0,0.0,0.0010000000474974513,0.014000000432133675,64.0,0.13523545861244202,2.331965684890747,0.01052767038345337,9.407343864440918,-0.012290464714169502,0.0009282464161515236,0.013218709267675877,0.0,0.9941784739494324,0.01577051728963852,0.182404562830925,9.0,1.0,0.0,0.0,0.005970760248601437,-5.587935447692871e-09,nan,0.009940783493220806,-0.006058590020984411,0.09431549161672592,0.08780348300933838,-0.1621147245168686,0.0991196483373642,0.19006386399269104,-0.03358975052833557,-0.0,0.0,0.0,-0.0,0.0,0.0,-0.0,0.05978288874030113,0.10096128284931183,0.02630193904042244,-0.17508181929588318,0.011639280244708061,0.23445598781108856,0.029145408421754837,0.0010640881955623627,0.0012949327938258648,-0.0018851273925974965,0.00034159256028942764,0.0015926423948258162,-0.0006370390183292329,-0.0011050573084503412,-0.018294472247362137,0.016358070075511932,0.004030508920550346,0.0014335662126541138,0.0026256348937749863,-0.004929244518280029,-0.022846020758152008,0.041488416492938995,0.11731935292482376,0.030332447960972786,-0.17364825308322906,0.014264915138483047,0.22952674329280853,0.006299387663602829,0.041488416492938995,0.11731935292482376,0.030332447960972786,-0.17364825308322906,0.014264915138483047,0.22952674329280853,0.006299387663602829,0.041488416492938995,0.11731935292482376,0.030332447960972786,-0.17364825308322906,0.014264915138483047,0.22952674329280853,0.006299387663602829
22.537000000000003,0.0051065972074866295,0.0051065972074866295,nan,nan,nan,nan,-0.011549397371709347,0.0,2.7939677238464355e-09,0.58818119764328,0.0,0.0,0.0,0.0,0.0010000000474974513,0.020999999716877937,64.0,0.13263097405433655,2.5097644329071045,0.012855976819992065,14.701194763183594,-0.007795952260494232,-0.008687008172273636,-0.0008910531178116798,-0.029929161071777344,0.993534505367279,0.015124890021979809,0.22746112942695618,9.0,1.0,0.0,0.0,0.00510659534484148,-1.862645149230957e-09,nan,0.009415746666491032,-0.006058590020984411,0.09431549161672592,0.08780348300933838,-0.1621147245168686,0.0991196483373642,0.19006386399269104,-0.03358975052833557,-0.0,0.0,0.0,-0.0,0.0,0.0,-0.0,0.027239399030804634,0.09767647087574005,0.05670033395290375,-0.168672576546669,0.05487823858857155,0.21251428127288818,-0.0018627247773110867,0.00012149777467129752,0.0005188737995922565,-0.0005437604268081486,0.0002543935552239418,0.0005840024678036571,-0.00028117859619669616,-0.0004988230648450553,-0.00958925113081932,0.01760377734899521,-0.015637274831533432,0.005890294909477234,-0.01863047108054161,0.00718022882938385,-0.009991427883505821,0.017650147899985313,0.11528024822473526,0.041063059121370316,-0.16278228163719177,0.03624776750802994,0.21969451010227203,-0.011854153126478195,0.017650147899985313,0.11528024822473526,0.041063059121370316,-0.16278228163719177,0.03624776750802994,0.21969451010227203,-0.011854153126478195,0.017650147899985313,0.11528024822473526,0.041063059121370316,-0.16278228163719177,0.03624776750802994,0.21969451010227203,-0.011854153126478195
22.602999999999998,0.003938180394470692,0.003938180394470692,nan,nan,nan,nan,-0.01355669740587473,0.0,-9.313225746154785e-10,0.5680441856384277,0.0,0.0,0.0,0.0,0.003000000026077032,0.017999999225139618,64.0,0.12965181469917297,1.9708043336868286,0.010039657354354858,9.697867393493652,-0.0012978091835975647,-0.01276649720966816,-0.01146868895739317,0.0,0.982860803604126,0.014778101816773415,0.16884759068489075,9.0,1.0,0.0,0.0,0.003938176669180393,-3.725290298461914e-09,nan,0.00911471527069807,0.00925460085272789,0.0345769077539444,0.05665997415781021,-0.1552906483411789,0.0817786231637001,0.22362324595451355,-0.06854304671287537,0.0011150130303576589,0.004165895748883486,0.006826508324593306,-0.018709732219576836,0.00985285360366106,0.026942580938339233,-0.008258204907178879,0.017574980854988098,0.06382773816585541,0.05825984850525856,-0.16562463343143463,0.07200305908918381,0.22488635778427124,-0.040565889328718185,-7.522940722992644e-05,0.00036082896986044943,-0.00027465849416330457,0.00024056073743849993,0.000377964781364426,-0.0002115284587489441,-0.0003828874323517084,-0.03216085582971573,0.03921869397163391,-0.004593688994646072,0.016413122415542603,-0.006243497133255005,-0.01359507441520691,-0.00855771079659462,-0.01458587683737278,0.10304643213748932,0.05366615951061249,-0.14921151101589203,0.0657595619559288,0.21129128336906433,-0.049123600125312805,-0.01458587683737278,0.10304643213748932,0.05366615951061249,-0.14921151101589203,0.0657595619559288,0.21129128336906433,-0.049123600125312805,-0.01458587683737278,0.10304643213748932,0.05366615951061249,-0.14921151101589203,0.0657595619559288,0.21129128336906433,-0.049123600125312805
22.671000000000003,0.003419593907892704,0.003419593907892704,nan,nan,nan,nan,-0.02928999811410904,0.0,9.313225746154785e-10,0.5574641227722168,0.0,0.0,0.0,0.0,0.004999999888241291,0.014000000432133675,64.0,0.12726810574531555,2.4037277698516846,0.01336168497800827,9.172834396362305,0.000998038798570633,-0.013321811333298683,-0.014319849200546741,0.0,0.8797990679740906,0.01436488889157772,0.20024138689041138,9.0,1.0,0.0,0.0,0.0034195883199572563,-5.587935447692871e-09,nan,0.008433896116912365,0.07045955210924149,0.08446054905653,-0.00385644705966115,-0.13734279572963715,0.005531003698706627,0.23222777247428894,0.07115910947322845,0.01042934413999319,0.012501755729317665,-0.000570826989132911,-0.020329326391220093,0.0008186929626390338,0.034374091774225235,0.010532891377806664,0.059272635728120804,0.11498016119003296,0.047594647854566574,-0.1569354236125946,0.014023351483047009,0.20381897687911987,0.019380586221814156,0.0006216205656528473,0.0009442917653359473,-0.0012530359672382474,0.0003076016146223992,0.0011479143286123872,-0.0004862534406129271,-0.0008514301152899861,-0.09324450045824051,0.004433915019035339,0.015094701200723648,0.02510017156600952,0.053467731922864914,-0.012479811906814575,-0.08756591379642487,-0.033971864730119705,0.1194140762090683,0.06268934905529022,-0.13183525204658508,0.0674910843372345,0.1913391649723053,-0.06818532943725586,-0.033971864730119705,0.1194140762090683,0.06268934905529022,-0.13183525204658508,0.0674910843372345,0.1913391649723053,-0.06818532943725586,-0.033971864730119705,0.1194140762090683,0.06268934905529022,-0.13183525204658508,0.0674910843372345,0.1913391649723053,-0.06818532943725586
22.730999999999998,0.003687010146677494,0.003687010146677494,nan,nan,nan,nan,-0.02417173609137535,1.0,9.313225746154785e-10,0.5652783513069153,0.0,0.0,0.0,0.0,0.004000000189989805,0.00800000037997961,64.0,0.12621037662029266,2.875037431716919,0.013235025107860565,18.578083038330078,0.0018431590870022774,-0.004812589846551418,-0.006655748002231121,0.022233694791793823,0.8607181906700134,0.014291312545537949,0.2052634060382843,9.0,1.0,0.0,0.0,0.003687002696096897,-7.450580596923828e-09,nan,0.01075501274317503,0.07045955210924149,0.08446054905653,-0.00385644705966115,-0.13734279572963715,0.005531003698706627,0.23222777247428894,0.07115910947322845,0.02006560191512108,0.024052830412983894,-0.0010982461972162127,-0.03911273553967476,0.0015751294558867812,0.0661342516541481,0.020264822989702225,0.07360274344682693,0.11092509329319,0.022238079458475113,-0.16485880315303802,0.010619143024086952,0.24695952236652374,0.05341868847608566,-1.9876102669513784e-05,0.0004045934765599668,-0.00035140232648700476,0.00024757240316830575,0.00043817461119033396,-0.00023628630151506513,-0.0004215472436044365,-0.10090469568967819,0.012765161693096161,0.03249138966202736,0.036215901374816895,0.048487260937690735,-0.04711528122425079,-0.10515803843736649,-0.027301954105496407,0.12369025498628616,0.05472946912050247,-0.12864290177822113,0.059106405824422836,0.19984424114227295,-0.05173934996128082,-0.027301954105496407,0.12369025498628616,0.05472946912050247,-0.12864290177822113,0.059106405824422836,0.19984424114227295,-0.05173934996128082,-0.027301959693431854,0.12369025498628616,0.05472946912050247,-0.12864290177822113,0.059106409549713135,0.19984424114227295,-0.05173935368657112
22.791,0.004498935304582119,0.004498935304582119,nan,nan,nan,nan,-0.0236307792365551,0.0,6.235577166080475e-05,0.58302241563797,0.0,0.0,0.0,0.0,0.004000000189989805,0.010999999940395355,64.0,0.12624487280845642,4.652674198150635,0.018044374883174896,11.313535690307617,-0.0028951140120625496,0.003740196116268635,0.006697665899991989,0.03997524082660675,0.9693662524223328,0.014707816764712334,0.20525912940502167,9.0,1.0,0.0,0.0,0.004498929716646671,-5.587935447692871e-09,nan,0.010585315525531769,-0.005625027697533369,0.10197677463293076,0.09905727207660675,-0.14517831802368164,0.10259587317705154,0.1916147917509079,-0.03791922330856323,-0.001043845433741808,0.018923992291092873,0.01838221587240696,-0.026940973475575447,0.019038880243897438,0.03555826097726822,-0.0070367311127483845,0.03828561305999756,0.11533945798873901,0.06414701789617538,-0.16808941960334778,0.05948646739125252,0.23830239474773407,0.010128989815711975,-0.0003360521513968706,0.0001342845498584211,9.351463086204603e-05,0.00021677938639186323,7.970142178237438e-05,-0.00010911203571595252,-0.00020219676662236452,-0.053481969982385635,0.008136868476867676,-0.007787935435771942,0.03233766555786133,0.0011186935007572174,-0.027643278241157532,-0.047498345375061035,-0.015196356922388077,0.12347632646560669,0.05635908246040344,-0.13575175404548645,0.060605160892009735,0.21065911650657654,-0.03736935555934906,-0.015196356922388077,0.12347632646560669,0.05635908246040344,-0.13575175404548645,0.060605160892009735,0.21065911650657654,-0.03736935555934906,-0.015196356922388077,0.12347632646560669,0.05635908246040344,-0.13575175404548645,0.060605160892009735,0.21065911650657654,-0.03736935555934906
22.846999999999998,0.004999400116503239,0.004999400116503239,nan,nan,nan,nan,-0.02434501424431801,1.0,0.0,0.5915111899375916,0.0,0.0,0.0,0.0,0.008999999612569809,0.012000000104308128,64.0,0.12662369012832642,2.362896680831909,0.011709518730640411,8.942832946777344,-0.005852989852428436,0.00527242012321949,0.011125409975647926,0.0,0.9839303493499756,0.015549790114164352,0.1781308501958847,9.0,1.0,0.0,0.0,0.004999392665922642,-7.450580596923828e-09,nan,0.010605480521917343,-0.005625027697533369,0.10197677463293076,0.09905727207660675,-0.14517831802368164,0.10259587317705154,0.1916147917509079,-0.03791922330856323,-0.0018028037156909704,0.03268323466181755,0.031747542321681976,-0.046529196202754974,0.03288165479898453,0.061411935836076736,-0.012152992188930511,0.01697363145649433,0.12240196764469147,0.09344927221536636,-0.17632219195365906,0.09309329837560654,0.2414606809616089,-0.017341500148177147,0.00039206372457556427,0.0007442978676408529,-0.0009102111798711121,0.0002842383401002735,0.0008947334717959166,-0.00039745369576849043,-0.0006926447385922074,-0.03994309902191162,0.0050169676542282104,-0.021845944225788116,0.03580541908740997,-0.013211414217948914,-0.02552826702594757,-0.028218207880854607,-0.02296946756541729,0.12741893529891968,0.07160332798957825,-0.14051677286624908,0.07988188415765762,0.21593241393566132,-0.045559708029031754,-0.02296946756541729,0.12741893529891968,0.07160332798957825,-0.14051677286624908,0.07988188415765762,0.21593241393566132,-0.045559708029031754,-0.02296946756541729,0.12741893529891968,0.07160332798957825,-0.14051677286624908,0.07988188415765762,0.21593241393566132,-0.045559708029031754
22.950999999999997,0.0055887410417199135,0.0055887410417199135,nan,nan,nan,nan,-0.014567449688911438,0.0,1.862645149230957e-09,0.6027564406394958,0.0,0.0,0.0,0.0,0.0020000000949949026,0.027000000700354576,64.0,0.12665267288684845,2.9082894325256348,0.012271106243133545,16.42298698425293,-0.008886123076081276,0.0015816111117601395,0.010467736050486565,-0.00673346221446991,0.9864680767059326,0.016672497615218163,0.18379221856594086,9.0,1.0,0.0,0.0,0.0055887335911393166,-7.450580596923828e-09,nan,0.010974598117172718,-0.0035654185339808464,0.03521518036723137,0.07047111541032791,-0.14066830277442932,0.10540620982646942,0.21850669384002686,-0.07167833298444748,-0.0014493349008262157,0.014314894564449787,0.028646355494856834,-0.057181358337402344,0.042847394943237305,0.08882249146699905,-0.029137086123228073,0.005397834815084934,0.08240513503551483,0.09401777386665344,-0.18289119005203247,0.11878235638141632,0.268919438123703,-0.059267088770866394,0.00011159933637827635,0.0005035545909777284,-0.0005123920273035765,0.0002552426012698561,0.0005780755891464651,-0.00028424456831999123,-0.0004987531574442983,-0.031400345265865326,0.032685503363609314,-0.009430915117263794,0.03229118883609772,-0.01671873778104782,-0.038099825382232666,-0.0018728040158748627,-0.026002511382102966,0.11509063839912415,0.08458685874938965,-0.15060000121593475,0.1020636186003685,0.23081961274147034,-0.06113989278674126,-0.026002511382102966,0.11509063839912415,0.08458685874938965,-0.15060000121593475,0.1020636186003685,0.23081961274147034,-0.06113989278674126,-0.026002511382102966,0.11509063839912415,0.08458685874938965,-0.15060000121593475,0.1020636186003685,0.23081961274147034,-0.06113989278674126
23.046000000000003,0.004418156109750271,0.004418156109750271,nan,nan,nan,nan,-0.018859533593058586,1.0,1.862645149230957e-09,0.5959952473640442,0.0,0.0,0.0,0.0,0.0010000000474974513,0.01600000075995922,64.0,0.12496978044509888,2.3419904708862305,0.014526769518852234,8.624116897583008,-0.0010896585881710052,-0.005644616670906544,-0.004554956220090389,0.0,0.927302360534668,0.016884971410036087,0.17454808950424194,9.0,1.0,0.0,0.0,0.004418150521814823,-5.587935447692871e-09,nan,0.011623932980000973,0.06773948669433594,0.07511606812477112,0.003210761584341526,-0.1377159059047699,0.02118097059428692,0.23970545828342438,0.05371798947453499,0.014864879660308361,0.01648361049592495,0.0007045755046419799,-0.03022063709795475,0.004647991620004177,0.052601415663957596,0.011787976138293743,0.03723566606640816,0.08322162926197052,0.05321178585290909,-0.17003139853477478,0.0758923590183258,0.268838107585907,-0.005340171977877617,0.0007001615012995899,0.0010151996975764632,-0.0013281834544613957,0.0003181328356731683,0.0012688483111560345,-0.0005343211814761162,-0.0009237467893399298,-0.07998572289943695,0.027163490653038025,0.030123069882392883,0.028269141912460327,0.03842154145240784,-0.03673027455806732,-0.07240866124629974,-0.042750053107738495,0.11038511991500854,0.08333485573530197,-0.14176225662231445,0.11431390047073364,0.23210783302783966,-0.07774883508682251,-0.042750053107738495,0.11038511991500854,0.08333485573530197,-0.14176225662231445,0.11431390047073364,0.23210783302783966,-0.07774883508682251,-0.04275006055831909,0.11038511991500854,0.08333485573530197,-0.14176225662231445,0.11431390047073364,0.23210783302783966,-0.0777488425374031
23.128000000000004,0.003876912407577038,0.003876912407577038,nan,nan,nan,nan,-0.025510132312774658,1.0,1.862645149230957e-09,0.5928065776824951,0.0,0.0,0.0,0.0,0.004000000189989805,0.013000000268220901,64.0,0.12444541603326797,3.325915813446045,0.016802921891212463,20.080312728881836,0.0005091410130262375,-0.005824466235935688,-0.006333605386316776,0.0,0.966731607913971,0.016737263649702072,0.16734422743320465,9.0,1.0,0.0,0.0,0.00387690681964159,-5.587935447692871e-09,nan,0.009919675998389721,-0.035988397896289825,0.13154877722263336,0.12717095017433167,-0.11191871017217636,0.1260775625705719,0.15938550233840942,-0.03744613751769066,-0.009786988608539104,0.035774484276771545,0.03458394110202789,-0.030436119064688683,0.03428659588098526,0.043344639241695404,-0.010183419100940228,0.009586045518517494,0.11458254605531693,0.08830973505973816,-0.15563097596168518,0.10121317952871323,0.24041572213172913,-0.013739780522882938,4.513873932410206e-07,0.0004155266797170043,-0.00036582056782208383,0.0002484506112523377,0.0004632898489944637,-0.0002466730948071927,-0.00043873986578546464,-0.05630172789096832,-0.0025356635451316833,-0.004717253148555756,0.020445287227630615,0.01510244607925415,-0.009912163019180298,-0.05970212072134018,-0.04671568423509598,0.11204688251018524,0.0835924819111824,-0.13518568873405457,0.11631562560796738,0.23050355911254883,-0.07344190031290054,-0.04671568423509598,0.11204688251018524,0.0835924819111824,-0.13518568873405457,0.11631562560796738,0.23050355911254883,-0.07344190031290054,-0.04671568423509598,0.11204688251018524,0.0835924819111824,-0.13518568873405457,0.11631562560796738,0.23050355911254883,-0.07344190031290054
23.203999999999997,0.00393411610275507,0.00393411610275507,nan,nan,nan,nan,-0.02626967616379261,0.0,1.862645149230957e-09,0.5976979732513428,0.0,0.0,0.0,0.0,0.004000000189989805,0.020999999716877937,64.0,0.12475372105836868,4.616511821746826,0.01641828566789627,11.55475902557373,0.0028980951756238937,-0.00047268718481063843,-0.003370780497789383,0.0009541178587824106,0.968458890914917,0.017413510009646416,0.17384015023708344,9.0,1.0,0.0,0.0,0.0039341142401099205,-1.862645149230957e-09,nan,0.012543869204819202,-0.005042108707129955,0.03772721067070961,0.07416553795337677,-0.1327177882194519,0.10830751806497574,0.2192179411649704,-0.07516428828239441,-0.0016502365469932556,0.01234777458012104,0.024273710325360298,-0.04343733564019203,0.035448070615530014,0.07174805551767349,-0.024600593373179436,-0.006034945137798786,0.10348396003246307,0.1051430031657219,-0.15943247079849243,0.12576726078987122,0.24913190305233002,-0.047722503542900085,-0.0003677866770885885,9.825287997955456e-05,0.00013748866331297904,0.00020864723774138838,3.185828245477751e-05,-8.863030961947516e-05,-0.00017827420379035175,-0.06270354241132736,0.016935192048549652,-0.0033101066946983337,0.03270047903060913,0.00996948778629303,-0.02741880714893341,-0.042019061744213104,-0.06873849034309387,0.12041915208101273,0.10183289647102356,-0.1267319917678833,0.13573674857616425,0.2217130959033966,-0.08974156528711319,-0.06873849034309387,0.12041915208101273,0.10183289647102356,-0.1267319917678833,0.13573674857616425,0.2217130959033966,-0.08974156528711319,-0.06873849034309387,0.12041915208101273,0.10183289647102356,-0.1267319917678833,0.13573674857616425,0.2217130959033966,-0.08974156528711319
23.272000000000002,0.0041414229199290276,0.0041414229199290276,nan,nan,nan,nan,-0.027825528755784035,0.0,5.587935447692871e-09,0.6029046773910522,0.0,0.0,0.0,0.0,0.003000000026077032,0.017999999225139618,64.0,0.12519139051437378,2.3239431381225586,0.012635253369808197,9.720335006713867,0.0020702332258224487,0.0032191770151257515,0.0011489493772387505,0.007610043976455927,0.9836300015449524,0.018295183777809143,0.20737873017787933,9.0,1.0,0.0,0.0,0.004141421057283878,-1.862645149230957e-09,nan,0.012881503440439701,-0.08323706686496735,0.1463068723678589,0.18679440021514893,-0.04615206643939018,0.132196843624115,-0.014402310363948345,-0.08342840522527695,-0.017871560528874397,0.03141307458281517,0.040106017142534256,-0.009909159503877163,0.02838355302810669,-0.003092273138463497,-0.017912641167640686,-0.023926153779029846,0.09952609986066818,0.1279732882976532,-0.1515226662158966,0.14274917542934418,0.22352418303489685,-0.07902583479881287,0.0001868139806902036,0.0005745887174271047,-0.0006139459437690675,0.0002650464593898505,0.0006848452030681074,-0.0003244067484047264,-0.0005726098897866905,-0.05081811547279358,0.0131300687789917,-0.014291003346443176,0.02189573645591736,0.008469238877296448,0.003015682101249695,-0.029109351336956024,-0.07474426925182343,0.11265616863965988,0.11368228495121002,-0.12962692975997925,0.15121841430664062,0.22653986513614655,-0.10813518613576889,-0.07474426925182343,0.11265616863965988,0.11368228495121002,-0.12962692975997925,0.15121841430664062,0.22653986513614655,-0.10813518613576889,-0.07474426925182343,0.11265616863965988,0.11368228495121002,-0.12962692975997925,0.15121841430664062,0.22653986513614655,-0.10813518613576889
23.354000000000003,0.004360920749604702,0.004360920749604702,nan,nan,nan,nan,-0.024747177958488464,1.0,9.313225746154785e-10,0.605573296546936,0.0,0.0,0.0,0.0,0.004000000189989805,0.017000000923871994,64.0,0.1258305013179779,2.9379847049713135,0.014697201550006866,19.83417320251465,0.00045562349259853363,0.004713641479611397,0.004258018918335438,0.0055993301793932915,0.9241708517074585,0.017401522025465965,0.2192038893699646,9.0,1.0,0.0,0.0,0.0043609170243144035,-3.725290298461914e-09,nan,0.012572044506669044,0.059704676270484924,0.07425907254219055,0.017166147008538246,-0.13494054973125458,0.04324622452259064,0.2424825131893158,0.04182472079992294,0.0018208394758403301,0.002264711307361722,0.0005235234857536852,-0.0041153402999043465,0.0013188989832997322,0.0073950947262346745,0.0012755467323586345,0.001687447540462017,0.10076014697551727,0.09529562294483185,-0.1342330127954483,0.10440387576818466,0.20349761843681335,-0.03087061271071434,-1.6485580999869853e-05,0.00039985301555134356,-0.0003340794355608523,0.0002427811996312812,0.0004467784601729363,-0.00023607791808899492,-0.0004277292755432427,-0.0862191915512085,0.01240423321723938,0.02922271192073822,0.02087288349866867,0.04911725968122482,-0.01221323013305664,-0.08164462447166443,-0.0845317468047142,0.11316438019275665,0.12451833486557007,-0.11336012929677963,0.15352113544940948,0.1912843883037567,-0.11251524090766907,-0.0845317468047142,0.11316438019275665,0.12451833486557007,-0.11336012929677963,0.15352113544940948,0.1912843883037567,-0.11251524090766907,-0.0845317468047142,0.11316437274217606,0.12451833486557007,-0.11336012184619904,0.15352113544940948,0.19128437340259552,-0.11251524090766907
23.41,0.004472390748560429,0.004472390748560429,nan,nan,nan,nan,-0.02207474410533905,1.0,2.7939677238464355e-09,0.6047640442848206,0.0,0.0,0.0,0.0,0.004999999888241291,0.012000000104308128,64.0,0.12616705894470215,2.6349966526031494,0.013095326721668243,9.138538360595703,-0.0032214801758527756,0.0035351011902093887,0.006756584160029888,0.0,0.9054585099220276,0.014187995344400406,0.20842449367046356,9.0,1.0,0.0,0.0,0.004472388885915279,-1.862645149230957e-09,nan,0.009611858986318111,-0.03874383866786957,0.14904926717281342,0.13909687101840973,-0.09078998118638992,0.13444751501083374,0.14274993538856506,-0.015452970750629902,-0.009052273817360401,0.03482449799776077,0.03249917924404144,-0.021212555468082428,0.03141288459300995,0.033352695405483246,-0.0036104973405599594,0.0013763746246695518,0.1182570606470108,0.10041304677724838,-0.13206525146961212,0.1095433235168457,0.2095288634300232,-0.013806239701807499,0.0002884225104935467,0.0006622016662731767,-0.0007406240329146385,0.00027525416226126254,0.000810375262517482,-0.0003691738529596478,-0.000645545544102788,-0.0677998811006546,-0.04043465107679367,0.006939493119716644,0.032386720180511475,0.02878229320049286,-0.06232590973377228,-0.07444269955158234,-0.06642350554466248,0.07782240957021713,0.10735253989696503,-0.09967853128910065,0.13832561671733856,0.14720295369625092,-0.08824893832206726,-0.06642350554466248,0.07782240957021713,0.10735253989696503,-0.09967853128910065,0.13832561671733856,0.14720295369625092,-0.08824893832206726,-0.06642352044582367,0.07782240957021713,0.10735253989696503,-0.09967852383852005,0.13832561671733856,0.14720295369625092,-0.08824895322322845
23.489,0.004458672367036343,0.004458672367036343,nan,nan,nan,nan,-0.03087749518454075,1.0,4.190951585769653e-09,0.6016758680343628,0.0,0.0,0.0,0.0,0.007000000216066837,0.014000000432133675,64.0,0.12616705894470215,5.00139856338501,0.010355375707149506,22.799013137817383,-0.0006131506524980068,0.0006657503545284271,0.0012789051979780197,-0.0009681762894615531,0.8094487190246582,0.012890547513961792,0.22459197044372559,9.0,1.0,0.0,0.0,0.004458672367036343,0.0,nan,0.012211651541292667,-0.03874383866786957,0.14904926717281342,0.13909687101840973,-0.09078998118638992,0.13444751501083374,0.14274993538856506,-0.015452970750629902,-0.012083173729479313,0.04648450389504433,0.04338062182068825,-0.02831498347222805,0.041930608451366425,0.04451991245150566,-0.004819371271878481,-0.025551404803991318,0.15919514000415802,0.14366215467453003,-0.12655921280384064,0.14501474797725677,0.19991755485534668,-0.017266731709241867,0.000645742635242641,0.0009673971799202263,-0.0012200323399156332,0.0003126250230707228,0.0012335897190496325,-0.0005253506824374199,-0.0009002214064821601,-0.06836079061031342,-0.10571417957544327,-0.0290701761841774,0.06249171495437622,0.009440779685974121,-0.13005980849266052,-0.07661639153957367,-0.09391219913959503,0.05348096042871475,0.11459197849035263,-0.06406749784946442,0.1544555276632309,0.06985774636268616,-0.09388311952352524,-0.09391219913959503,0.05348096042871475,0.11459197849035263,-0.06406749784946442,0.1544555276632309,0.06985774636268616,-0.09388311952352524,-0.09391221404075623,0.05348096415400505,0.11459197849035263,-0.06406749039888382,0.1544555276632309,0.06985773891210556,-0.09388312697410583
23.561000000000003,0.004425616003572941,0.004425616003572941,nan,nan,nan,nan,-0.02486158348619938,0.0,9.313225746154785e-10,0.5958635210990906,0.0,0.0,0.0,0.0,0.006000000052154064,0.019999999552965164,64.0,0.12596772611141205,2.3101119995117188,0.01324433833360672,9.11306381225586,0.0013429289683699608,-0.0023932410404086113,-0.0037361690774559975,0.0,0.6807825565338135,0.01317133940756321,0.16945961117744446,9.0,1.0,0.0,0.0,0.004425612278282642,-3.725290298461914e-09,nan,0.014106439426541328,-0.01048806868493557,0.04694809019565582,0.08302443474531174,-0.12295521795749664,0.11444688588380814,0.21582497656345367,-0.0774359256029129,-0.00496703339740634,0.022234095260500908,0.03931945189833641,-0.05823022872209549,0.05420077592134476,0.1022123172879219,-0.03667279705405235,-0.0198677871376276,0.11039675772190094,0.12921136617660522,-0.15007907152175903,0.1527252197265625,0.2527890205383301,-0.0646185576915741,0.0006450274959206581,0.0009604441584087908,-0.0012100515887141228,0.0003138608590234071,0.0012298196088522673,-0.000530631048604846,-0.0008966737659648061,-0.08920811116695404,-0.0924500972032547,-0.011416688561439514,0.09914441406726837,0.013333871960639954,-0.21953843533992767,-0.04503144323825836,-0.10907589644193649,0.01794666051864624,0.11779467761516571,-0.05093465372920036,0.16605909168720245,0.033250585198402405,-0.10965000092983246,-0.10907589644193649,0.01794666051864624,0.11779467761516571,-0.05093465372920036,0.16605909168720245,0.033250585198402405,-0.10965000092983246,-0.10907589644193649,0.01794666051864624,0.11779467761516571,-0.05093465372920036,0.16605909168720245,0.033250585198402405,-0.10965000092983246
23.639,0.004350223578512669,0.004350223578512669,nan,nan,nan,nan,-0.02167346328496933,1.0,5.122274160385132e-09,0.5886691808700562,0.0,0.0,0.0,0.0,0.0010000000474974513,0.013000000268220901,64.0,0.1254202276468277,2.297355890274048,0.011597760021686554,8.950153350830078,0.0012099877931177616,-0.003506880719214678,-0.004716863390058279,-0.002260391367599368,0.5291958451271057,0.013003254309296608,0.20159220695495605,9.0,1.0,0.0,0.0,0.004350223578512669,0.0,nan,0.013682150281965733,0.06543559581041336,0.06140811741352081,0.018586179241538048,-0.1388193666934967,0.046052634716033936,0.24374452233314514,0.028261717408895493,0.012936903163790703,0.012140654027462006,0.0036745688412338495,-0.027445197105407715,0.009104807861149311,0.04818935692310333,0.00558746512979269,0.011487378738820553,0.08780525624752045,0.0937596932053566,-0.16185370087623596,0.12577761709690094,0.2795339822769165,-0.046591248363256454,0.0002039181417785585,0.0005801841034553945,-0.0006169148837216198,0.00026882343809120357,0.0006993020069785416,-0.0003388621553312987,-0.0005768854753114283,-0.1134723424911499,-0.11050962656736374,0.015306860208511353,0.10507753491401672,0.0380525141954422,-0.24737980961799622,-0.07055802643299103,-0.10198496282100677,-0.02270437218248844,0.10906655341386795,-0.05677616968750954,0.16383013129234314,0.03215417638421059,-0.11714927852153778,-0.10198496282100677,-0.02270437218248844,0.10906655341386795,-0.05677616968750954,0.16383013129234314,0.03215417638421059,-0.11714927852153778,-0.10198499262332916,-0.022704366594552994,0.10906656086444855,-0.05677615478634834,0.16383014619350433,0.03215416520833969,-0.11714930087327957
23.727,0.0044565824791789055,0.0044565824791789055,nan,nan,nan,nan,-0.02392420545220375,1.0,4.656612873077393e-10,0.5873080492019653,0.0,0.0,0.0,0.0,0.004999999888241291,0.01600000075995922,64.0,0.1253448873758316,3.797412872314453,0.01607462763786316,23.163799285888672,0.0021948893554508686,-0.0013355915434658527,-0.003530480433255434,0.005250330548733473,0.43799352645874023,0.011322046630084515,0.22189070284366608,9.0,1.0,0.0,0.0,0.004456578753888607,-3.725290298461914e-09,nan,0.015365826897323132,0.06543559581041336,0.06140811741352081,0.018586179241538048,-0.1388193666934967,0.046052634716033936,0.24374452233314514,0.028261717408895493,0.032609667629003525,0.030602585524320602,0.009262376464903355,-0.06918029487133026,0.022950218990445137,0.12146948277950287,0.014084157533943653,0.057416412979364395,0.0874897912144661,0.055793747305870056,-0.18179339170455933,0.0917603000998497,0.3171689212322235,0.0023049120791256428,-0.00010540508083067834,0.000315219716867432,-0.00020462056272663176,0.0002368303103139624,0.0003244464169256389,-0.0002026475267484784,-0.00035092176403850317,-0.1343340426683426,-0.12468672543764114,0.027650006115436554,0.11404955387115479,0.05070585757493973,-0.26344946026802063,-0.0984349325299263,-0.0769176334142685,-0.03719693422317505,0.08344375342130661,-0.06774383783340454,0.14246615767478943,0.05371946468949318,-0.09613002091646194,-0.0769176334142685,-0.03719693422317505,0.08344375342130661,-0.06774383783340454,0.14246615767478943,0.05371946468949318,-0.09613002091646194,-0.0769176334142685,-0.03719693794846535,0.08344375342130661,-0.06774383783340454,0.14246615767478943,0.05371946096420288,-0.09613002091646194
23.790000000000003,0.004661220125854015,0.004661220125854015,nan,nan,nan,nan,-0.03130039572715759,0.0,0.0,0.5896003246307373,0.0,0.0,0.0,0.0,0.007000000216066837,0.00800000037997961,64.0,0.1257655918598175,3.0868194103240967,0.010902993381023407,9.547551155090332,5.003251135349274e-05,0.0021664523519575596,0.002116419840604067,0.009807524271309376,0.5207005739212036,0.010902348905801773,0.2053801566362381,9.0,1.0,0.0,0.0,0.004661218263208866,-1.862645149230957e-09,nan,0.01444264966994524,-0.04441205784678459,0.15752190351486206,0.14669229090213776,-0.07257761806249619,0.14147649705410004,0.12808401882648468,-0.0026772429700940847,-0.020665965974330902,0.0732986181974411,0.0682593435049057,-0.0337720587849617,0.06583231687545776,0.059600479900836945,-0.0012457836419343948,0.0054632872343063354,0.14745621383190155,0.1226021945476532,-0.14901567995548248,0.13999015092849731,0.2608849108219147,-0.0003332490159664303,-0.0003710642922669649,9.565164509695023e-05,0.00014648742217104882,0.0002091151400236413,1.1979573173448443e-05,-8.434230403508991e-05,-0.00016277081158477813,-0.08362041413784027,-0.18488679826259613,-0.036865197122097015,0.08744589984416962,0.0029870569705963135,-0.22371020913124084,-0.0837438628077507,-0.07815712690353394,-0.03743058443069458,0.08573699742555618,-0.061569783836603165,0.14297720789909363,0.03717469424009323,-0.08407711237668991,-0.07815712690353394,-0.03743058443069458,0.08573699742555618,-0.061569783836603165,0.14297720789909363,0.03717469424009323,-0.08407711237668991,-0.07815712690353394,-0.03743058443069458,0.08573699742555618,-0.061569783836603165,0.14297720789909363,0.03717469424009323,-0.08407711237668991
23.855999999999998,0.004843599162995815,0.004843599162995815,nan,nan,nan,nan,-0.027736511081457138,1.0,1.862645149230957e-09,0.5922166705131531,0.0,0.0,0.0,0.0,0.009999999776482582,0.01600000075995922,64.0,0.12644951045513153,2.373485803604126,0.012487173080444336,8.978578567504883,0.0016245702281594276,0.003895402420312166,0.002270834054797888,0.0037343704607337713,0.5763786435127258,0.01242129597812891,0.21461595594882965,9.0,1.0,0.0,0.0,0.004843591712415218,-7.450580596923828e-09,nan,0.017091646790504456,-0.007684978656470776,0.04359434172511101,0.08546231687068939,-0.12065479159355164,0.11753382533788681,0.21506938338279724,-0.07816678285598755,-0.004169790539890528,0.023653844371438026,0.046370979398489,-0.06546605378389359,0.06377264857292175,0.11669445037841797,-0.042412497103214264,-0.0038855825550854206,0.10334096848964691,0.1267467439174652,-0.16797232627868652,0.1612715721130371,0.2972550392150879,-0.06499039381742477,0.00016153976321220398,0.0005262175691314042,-0.0005493927747011185,0.0002671967667993158,0.00061859714332968,-0.00032772013219073415,-0.0005224396008998156,-0.09393225610256195,-0.14086273312568665,-0.027224473655223846,0.11282429099082947,0.0006264746189117432,-0.2689417898654938,-0.038838647305965424,-0.09781783819198608,-0.03752176836133003,0.09952227026224136,-0.055148039013147354,0.16189804673194885,0.02831326052546501,-0.1038290411233902,-0.09781783819198608,-0.03752176836133003,0.09952227026224136,-0.055148039013147354,0.16189804673194885,0.02831326052546501,-0.1038290411233902,-0.09781785309314728,-0.037521764636039734,0.09952227026224136,-0.05514803156256676,0.16189804673194885,0.028313254937529564,-0.10382905602455139
23.922,0.004804282449185848,0.004804282449185848,nan,nan,nan,nan,-0.020972508937120438,0.0,0.0062987590208649635,0.5916736125946045,0.0,0.0,0.0,0.0,0.008999999612569809,0.007000000216066837,64.0,0.1270025223493576,3.812805652618408,0.02254825085401535,20.59009552001953,0.0022058775648474693,0.0025988230481743813,0.0066917045041918755,0.0,0.6469191312789917,0.013827629387378693,0.1863289475440979,9.0,1.0,0.0,0.0,0.0048042768612504005,-5.587935447692871e-09,nan,0.011142042465507984,-0.007684978656470776,0.04359434172511101,0.08546231687068939,-0.12065479159355164,0.11753382533788681,0.21506938338279724,-0.07816678285598755,-0.005455527454614639,0.030947403982281685,0.060669273138046265,-0.08565223217010498,0.08343666791915894,0.15267667174339294,-0.05549020692706108,-0.00790141336619854,0.08970918506383896,0.13399140536785126,-0.18311232328414917,0.1770750731229782,0.32520923018455505,-0.09443002194166183,-5.423218317446299e-05,0.0003484062326606363,-0.00026463341782800853,0.0002453044871799648,0.0003649472491815686,-0.00023297274310607463,-0.00036998948780819774,-0.09639715403318405,-0.12850934267044067,-0.026108115911483765,0.12026475369930267,-0.0012617558240890503,-0.27928194403648376,-0.030025824904441833,-0.10429856926202774,-0.038800161331892014,0.10788328945636749,-0.0628475695848465,0.17581331729888916,0.045927293598651886,-0.12445584684610367,-0.10429856926202774,-0.038800161331892014,0.10788328945636749,-0.0628475695848465,0.17581331729888916,0.045927293598651886,-0.12445584684610367,-0.10429856926202774,-0.038800161331892014,0.10788328945636749,-0.0628475695848465,0.17581331729888916,0.045927293598651886,-0.12445584684610367
24.004,0.004132860340178013,0.004132860340178013,nan,nan,nan,nan,-0.14610430598258972,0.0,5.587935447692871e-09,0.6936555504798889,0.0,0.0,0.0,0.0,0.008999999612569809,0.00800000037997961,64.0,0.12745000422000885,2.6180055141448975,0.01084897667169571,9.582636833190918,-0.003732088953256607,-0.00684474129229784,-0.0031126467511057854,-0.047761011868715286,0.026952160522341728,0.011334407143294811,0.1764669269323349,9.0,1.0,0.0,0.0,0.004132845439016819,-1.4901161193847656e-08,nan,0.004756894428282976,0.11846718192100525,0.17844152450561523,-0.01861739531159401,-0.019451269879937172,-0.131840318441391,0.07381444424390793,0.143418088555336,0.07302181422710419,0.10998930782079697,-0.011475549079477787,-0.011989539489150047,-0.08126486837863922,0.045498378574848175,0.08840126544237137,0.061752211302518845,0.17095452547073364,0.07182666659355164,-0.10901571065187454,0.024093249812722206,0.21656782925128937,0.04212234169244766,0.0006329243187792599,0.0002642176696099341,-0.000908280024304986,0.0001939237117767334,0.0004298201238270849,-0.000535090162884444,-0.0002763934317044914,-0.15086954832077026,-0.2062416672706604,0.024252980947494507,0.06299393624067307,0.12065014988183975,-0.2062954604625702,-0.1410917341709137,-0.08911733329296112,-0.03528713434934616,0.09607964754104614,-0.04602177441120148,0.1447433978319168,0.01027236133813858,-0.09896939992904663,-0.08911733329296112,-0.03528713434934616,0.09607964754104614,-0.04602177441120148,0.1447433978319168,0.01027236133813858,-0.09896939992904663,-0.08911733329296112,-0.03528713434934616,0.09607964754104614,-0.04602177441120148,0.1447433978319168,0.01027236133813858,-0.09896939992904663
24.061000000000003,0.004044343717396259,0.004044343717396259,nan,nan,nan,nan,-0.18365414440631866,0.0,2.7939677238464355e-09,0.6945357322692871,0.0,0.0,0.0,0.0,0.0010000000474974513,0.013000000268220901,64.0,0.12805794179439545,2.325969696044922,0.010882504284381866,8.739482879638672,-0.0005983030423521996,-0.003414303995668888,-0.0028159981593489647,0.0016799625009298325,-0.6136444211006165,0.008013271726667881,0.1675812155008316,9.0,1.0,0.0,0.0,0.004044326953589916,-1.6763806343078613e-08,nan,0.007315449882298708,0.11846718192100525,0.17844152450561523,-0.01861739531159401,-0.019451269879937172,-0.131840318441391,0.07381444424390793,0.143418088555336,0.1341082751750946,0.2020009607076645,-0.021075429394841194,-0.02201939933001995,-0.14924705028533936,0.08356008678674698,0.16235342621803284,0.13521593809127808,0.24875366687774658,0.025912020355463028,-0.07939618080854416,-0.0967903584241867,0.1872667521238327,0.1448162943124771,0.0005290493718348444,0.00018837381503544748,-0.0007791342213749886,0.00018766347784548998,0.00032086001010611653,-0.0004928453708998859,-0.00021392639609985054,-0.21251773834228516,-0.25774890184402466,0.04306009039282799,0.07415808737277985,0.18519431352615356,-0.24078544974327087,-0.20934680104255676,-0.07730180025100708,-0.008995233103632927,0.06897211074829102,-0.005238095298409462,0.08840395510196686,-0.05351869389414787,-0.06453049927949905,-0.07730180025100708,-0.008995233103632927,0.06897211074829102,-0.005238095298409462,0.08840395510196686,-0.05351869389414787,-0.06453049927949905,-0.07730180025100708,-0.008995233103632927,0.06897211074829102,-0.005238095298409462,0.08840395510196686,-0.05351869389414787,-0.06453049927949905
24.141000000000002,0.004061845131218433,0.004061845131218433,nan,nan,nan,nan,-0.13445809483528137,0.0,0.0,0.6962218880653381,0.0,0.0,0.0,0.0,0.004000000189989805,0.01600000075995922,64.0,0.12768146395683289,2.339498996734619,0.014829449355602264,19.318754196166992,-0.00412464514374733,-0.0011694366112351418,0.002955208532512188,0.0,-0.5218664407730103,0.0049665882252156734,0.16180065274238586,9.0,1.0,0.0,0.0,0.00406182836741209,-1.6763806343078613e-08,nan,0.003856339491903782,0.054419852793216705,0.03257204592227936,0.028822340071201324,-0.14977328479290009,0.06209058687090874,0.24204732477664948,-0.01651151105761528,0.023010998964309692,0.013772828504443169,0.012187295593321323,-0.06333043426275253,0.026254506781697273,0.10234777629375458,-0.006981760263442993,0.09873143583536148,0.1330978274345398,0.03213793784379959,-0.14263755083084106,0.0019369525834918022,0.25651252269744873,0.05199379101395607,0.00014701674808748066,-9.767448500497267e-05,-0.00029038803768344223,0.00015080775483511388,-8.838557550916448e-05,-0.0003197342448402196,2.744505400187336e-05,-0.1433716118335724,-0.13405057787895203,0.008736401796340942,0.1365842968225479,0.044954728335142136,-0.31024307012557983,-0.08485680818557739,-0.044640179723501205,-0.000952746719121933,0.04087433964014053,-0.006053256802260876,0.04689168184995651,-0.05373053252696991,-0.03286301717162132,-0.044640179723501205,-0.000952746719121933,0.04087433964014053,-0.006053256802260876,0.04689168184995651,-0.05373053252696991,-0.03286301717162132,-0.044640179723501205,-0.000952746719121933,0.04087433964014053,-0.006053256802260876,0.04689168184995651,-0.05373053252696991,-0.03286301717162132
24.209999999999997,0.0036240974441170692,0.0036240974441170692,nan,nan,nan,nan,-0.1404789686203003,0.0,-9.313225746154785e-10,0.6939488053321838,0.0,0.0,0.0,0.0,0.006000000052154064,0.012000000104308128,64.0,0.127656489610672,2.707188844680786,0.01146271824836731,9.207037925720215,-0.0029258625581860542,-0.0033998098224401474,-0.0004739481955766678,0.0,0.0060398210771381855,0.005385947413742542,0.0724872574210167,9.0,1.0,0.0,0.0,0.0036240844056010246,-1.30385160446167e-08,nan,0.0023760281037539244,-0.05402515456080437,0.17667222023010254,0.15793590247631073,-0.04341523349285126,0.1476932317018509,0.07879482954740524,0.0319007970392704,-0.013430468738079071,0.043920110911130905,0.039262328296899796,-0.010792878456413746,0.0367160327732563,0.019588125869631767,0.00793042965233326,0.023881100118160248,0.15552830696105957,0.10380273312330246,-0.11572849750518799,0.09386534243822098,0.20214933156967163,0.03419184684753418,0.0008284863433800638,0.0004077478079125285,-0.0011655858252197504,0.00021844470757059753,0.0006293279584497213,-0.000632433861028403,-0.00039435274084098637,-0.0644318237900734,-0.16903842985630035,-0.0595821812748909,0.09426068514585495,-0.026935361325740814,-0.24704959988594055,-0.06359627097845078,-0.04055072367191315,-0.013510128483176231,0.04422055184841156,-0.021467814221978188,0.06692998111248016,-0.04490026459097862,-0.029404424130916595,-0.04055072367191315,-0.013510128483176231,0.04422055184841156,-0.021467814221978188,0.06692998111248016,-0.04490026459097862,-0.029404424130916595,-0.04055072367191315,-0.013510128483176231,0.04422055184841156,-0.021467814221978188,0.06692998111248016,-0.04490026459097862,-0.029404424130916595
24.267999999999997,0.003660065121948719,0.003660065121948719,nan,nan,nan,nan,-0.14103485643863678,0.0,9.313225746154785e-10,0.6945512890815735,0.0,0.0,0.0,0.0,0.0010000000474974513,0.012000000104308128,64.0,0.12763532996177673,2.0453035831451416,0.024104490876197815,9.743321418762207,-0.003465087153017521,-0.0011665364727377892,0.0022985516116023064,0.0,-0.004880405031144619,0.007972817867994308,0.05648526921868324,9.0,1.0,0.0,0.0,0.003660040907561779,-2.421438694000244e-08,nan,0.0020465359557420015,0.1341743767261505,0.13414664566516876,-0.052918292582035065,-0.02120358496904373,-0.13859650492668152,0.08669909089803696,0.15500403940677643,0.04253086447715759,0.04252207651734352,-0.016774145886301994,-0.006721155252307653,-0.04393259808421135,0.0274820514023304,0.04913349077105522,0.023187926039099693,0.16316618025302887,0.10528628528118134,-0.10541680455207825,0.08816827088594437,0.19306400418281555,0.03733611851930618,0.000654788629617542,0.00027948818751610816,-0.0009434173116460443,0.00020165828755125403,0.0004468101542443037,-0.0005533831426873803,-0.0002871040196623653,-0.0933835431933403,-0.1662694215774536,-0.03877800703048706,0.09722892940044403,0.01068839430809021,-0.2615742087364197,-0.07648196816444397,-0.07019561529159546,-0.0031032338738441467,0.06650827825069427,-0.008187875151634216,0.09885666519403458,-0.06851018965244293,-0.03914584591984749,-0.07019561529159546,-0.0031032338738441467,0.06650827825069427,-0.008187875151634216,0.09885666519403458,-0.06851018965244293,-0.03914584591984749,-0.07019561529159546,-0.0031032338738441467,0.06650827825069427,-0.008187875151634216,0.09885666519403458,-0.06851018965244293,-0.03914584591984749
24.323000000000004,0.003760247491300106,0.003760247491300106,nan,nan,nan,nan,-0.030077029019594193,0.0,0.001113219652324915,0.5715264081954956,0.0,0.0,0.0,0.0,0.010999999940395355,0.009999999776482582,64.0,0.12712107598781586,2.652252197265625,0.016143545508384705,17.649738311767578,-0.0038942531682550907,-0.003332055639475584,0.0016754171811044216,0.0,-0.5345650911331177,0.006853113416582346,0.05663890391588211,9.0,1.0,0.0,0.0,0.0037602419033646584,-5.587935447692871e-09,nan,0.004205914214253426,0.1341743767261505,0.13414664566516876,-0.052918292582035065,-0.02120358496904373,-0.13859650492668152,0.08669909089803696,0.15500403940677643,0.07671607285737991,0.07670021802186966,-0.03025677055120468,-0.012123445980250835,-0.07924448698759079,0.04957141354680061,0.0886257216334343,0.10265625268220901,0.181374192237854,0.02387912943959236,-0.07345755398273468,-0.042972929775714874,0.16650186479091644,0.12452633678913116,-0.0002876710204873234,0.00017374928575009108,3.206625478924252e-05,0.00023031191085465252,0.00010390740499133244,-0.0001399263710482046,-0.00021588694653473794,-0.16269437968730927,-0.17099341750144958,0.028761375695466995,0.08065846562385559,0.11515884101390839,-0.24850404262542725,-0.1422959715127945,-0.06003812700510025,0.010380779393017292,0.05264050513505936,0.007200909778475761,0.07218591123819351,-0.0820021852850914,-0.01776963099837303,-0.06003812700510025,0.010380779393017292,0.05264050513505936,0.007200909778475761,0.07218591123819351,-0.0820021852850914,-0.01776963099837303,-0.06003812700510025,0.010380779393017292,0.05264050513505936,0.007200909778475761,0.07218591123819351,-0.0820021852850914,-0.01776963099837303
24.377,0.003261902369558811,0.003261902369558811,nan,nan,nan,nan,-0.03925275057554245,1.0,0.001821671612560749,0.5613417625427246,0.0,0.0,0.0,0.0,0.0020000000949949026,0.014000000432133675,64.0,0.126812145113945,2.875011444091797,0.01440383493900299,9.090717315673828,0.002097143791615963,-0.005266482010483742,-0.005541954189538956,0.0,-0.33735185861587524,0.006603168323636055,0.1094178780913353,9.0,1.0,0.0,0.0,0.0032618986442685127,-3.725290298461914e-09,nan,0.00662881787866354,0.1341743767261505,0.13414664566516876,-0.052918292582035065,-0.02120358496904373,-0.13859650492668152,0.08669909089803696,0.15500403940677643,0.14074204862117767,0.14071296155452728,-0.0555085763335228,-0.02224147506058216,-0.1453806310892105,0.09094290435314178,0.16259129345417023,0.18000569939613342,0.21944701671600342,-0.038721758872270584,-0.05714288353919983,-0.15431778132915497,0.16653674840927124,0.21092528104782104,-0.0003484675835352391,0.00013208137534093112,0.00010667908645700663,0.000226983058382757,4.009276381111704e-05,-0.00011626329796854407,-0.00017951009795069695,-0.22369863092899323,-0.1833667904138565,0.056627221405506134,0.09754803776741028,0.16454018652439117,-0.2754676043987274,-0.19340923428535461,-0.043692927807569504,0.03608022257685661,0.01790546253323555,0.04040515795350075,0.010222402401268482,-0.10893085598945618,0.017516039311885834,-0.043692927807569504,0.03608022257685661,0.01790546253323555,0.04040515795350075,0.010222402401268482,-0.10893085598945618,0.017516039311885834,-0.0436929315328598,0.036080218851566315,0.01790546253323555,0.040405161678791046,0.010222403332591057,-0.10893086344003677,0.017516037449240685
24.430000000000003,0.0032191546633839607,0.0032191546633839607,nan,nan,nan,nan,-0.17731314897537231,1.0,-9.313225746154785e-10,0.6957963705062866,0.0,0.0,0.0,0.0,-0.0010000000474974513,0.006000000052154064,64.0,0.126812145113945,2.996957778930664,0.016308389604091644,10.002633094787598,0.003635645844042301,-0.003952992148697376,-0.007588638924062252,0.0,-0.03515605255961418,0.00924780685454607,0.1327514350414276,9.0,1.0,0.0,0.0,0.003219147212803364,-7.450580596923828e-09,nan,0.006360454484820366,0.1341743767261505,0.13414664566516876,-0.052918292582035065,-0.02120358496904373,-0.13859650492668152,0.08669909089803696,0.15500403940677643,0.1770096719264984,0.17697308957576752,-0.06981250643730164,-0.02797285094857216,-0.18284356594085693,0.11437785625457764,0.20448921620845795,0.23083031177520752,0.2537165582180023,-0.07229161262512207,-0.05314859375357628,-0.22006899118423462,0.17833060026168823,0.2683933675289154,0.0007244731532409787,0.00033184251515194774,-0.00103876949287951,0.00021131578250788152,0.0005166081828065217,-0.0005902780103497207,-0.00032864679815247655,-0.2673916220664978,-0.19890838861465454,0.058845650404691696,0.12673866748809814,0.18078866600990295,-0.3231675326824188,-0.22655485570430756,-0.03656132519245148,0.05480816587805748,-0.0134459612891078,0.07359007000923157,-0.039280328899621964,-0.1448369324207306,0.04183851182460785,-0.03656132519245148,0.05480816587805748,-0.0134459612891078,0.07359007000923157,-0.039280328899621964,-0.1448369324207306,0.04183851182460785,-0.03656132519245148,0.05480816587805748,-0.0134459612891078,0.07359007000923157,-0.039280328899621964,-0.1448369324207306,0.04183851182460785
24.51,0.0028014173731207848,0.0028014173731207848,nan,nan,nan,nan,-0.1879054754972458,0.0,0.0,0.6932141780853271,0.0,0.0,0.0,0.0,0.0,0.012000000104308128,64.0,0.12776131927967072,3.6647300720214844,0.020198523998260498,10.739618301391602,0.0020446721464395523,-0.005229391157627106,-0.007274063304066658,0.0,0.30848032236099243,0.013063719496130943,0.0652119368314743,9.0,1.0,0.0,0.0,0.0028014080598950386,-9.313225746154785e-09,nan,0.002223176648840308,0.05501066893339157,0.04047248139977455,0.028803259134292603,-0.14580312371253967,0.061194099485874176,0.2437128722667694,-0.010341286659240723,0.03197219967842102,0.02352260798215866,0.016740454360842705,-0.0847407802939415,0.03556601330637932,0.14164592325687408,-0.006010355893522501,0.25196361541748047,0.2602669596672058,-0.07967968285083771,-0.07634709030389786,-0.2268354296684265,0.2201845496892929,0.2766949236392975,0.0008930754265747964,0.0004585924616549164,-0.0012587874662131071,0.0002315590245416388,0.0006926442729309201,-0.0006730160675942898,-0.00043193824240006506,-0.21695855259895325,-0.20264899730682373,0.0172988660633564,0.15427792072296143,0.11081349104642868,-0.38333970308303833,-0.1597592681646347,0.03500506281852722,0.05761795490980148,-0.06238081678748131,0.07793083786964417,-0.11602193862199783,-0.16315516829490662,0.11693565547466278,0.03500506281852722,0.05761795490980148,-0.06238081678748131,0.07793083786964417,-0.11602193862199783,-0.16315516829490662,0.11693565547466278,0.03500506281852722,0.05761795490980148,-0.06238081678748131,0.07793083786964417,-0.11602193862199783,-0.16315516829490662,0.11693565547466278
24.599,0.003072916530072689,0.003072916530072689,nan,nan,nan,nan,-0.17750409245491028,1.0,0.0,0.6946625709533691,0.0,0.0,0.0,0.0,0.0020000000949949026,0.013000000268220901,64.0,0.12797510623931885,2.640897512435913,0.012151896953582764,10.827027320861816,0.001109762117266655,0.0011731665581464767,6.340444087982178e-05,0.0,-0.2736678719520569,0.009487210772931576,0.11865861713886261,9.0,1.0,0.0,0.0,0.003072901628911495,-1.4901161193847656e-08,nan,0.0029489260632544756,0.05501066893339157,0.04047248139977455,0.028803259134292603,-0.14580312371253967,0.061194099485874176,0.2437128722667694,-0.010341286659240723,0.06539610028266907,0.04811325669288635,0.03424100950360298,-0.1733292192220688,0.07274690270423889,0.28972327709198,-0.012293611653149128,0.18342694640159607,0.17314766347408295,-0.01188278291374445,-0.18450096249580383,-0.054598234593868256,0.35560929775238037,0.13079647719860077,0.0013158003566786647,0.0007671125349588692,-0.0017983666621148586,0.0002699581964407116,0.0011293208226561546,-0.000863978173583746,-0.000688097148668021,-0.16766221821308136,-0.12246203422546387,-0.0447276309132576,0.23924396932125092,-0.027335278689861298,-0.4751271903514862,-0.053428515791893005,0.015764722600579262,0.05068562552332878,-0.056610412895679474,0.05474300682544708,-0.08193351328372955,-0.11951790004968643,0.07736796140670776,0.015764722600579262,0.05068562552332878,-0.056610412895679474,0.05474300682544708,-0.08193351328372955,-0.11951790004968643,0.07736796140670776,0.015764720737934113,0.05068562179803848,-0.056610412895679474,0.05474300682544708,-0.08193351328372955,-0.11951790750026703,0.07736796140670776
24.678,0.0037920912727713585,0.0037920912727713585,nan,nan,nan,nan,-0.15128478407859802,0.0,1.1175870895385742e-08,0.698611319065094,0.0,0.0,0.0,0.0,0.00800000037997961,0.014000000432133675,64.0,0.12826703488826752,6.7381134033203125,0.04231557250022888,9.941242218017578,0.00424538366496563,0.005225923843681812,0.000980551354587078,0.009182706475257874,0.07922913134098053,0.006974322255700827,0.16273708641529083,9.0,1.0,0.0,0.0,0.0037920763716101646,-1.4901161193847656e-08,nan,0.010480659082531929,0.14814484119415283,0.08490080386400223,-0.06293234974145889,-0.06744318455457687,-0.1128588616847992,0.15550075471401215,0.12417038530111313,0.09363330900669098,0.053660616278648376,-0.03977569565176964,-0.04262671619653702,-0.0713311955332756,0.09828253090381622,0.07848051935434341,0.20829260349273682,0.1516612470149994,-0.05713743716478348,-0.1427648365497589,-0.11826755851507187,0.29604125022888184,0.16369251906871796,0.0008698796154931188,0.00044845425873063505,-0.0012276106281206012,0.00022441320470534265,0.0006770251202397048,-0.0006562710041180253,-0.0004237578541506082,-0.182917520403862,-0.12609264254570007,-0.003032851964235306,0.16766297817230225,0.050835490226745605,-0.3703782558441162,-0.10168293118476868,0.025375081226229668,0.025568602606654167,-0.060170289129018784,0.024898137897253036,-0.06743206828832626,-0.07433699816465378,0.06200959160923958,0.025375081226229668,0.025568602606654167,-0.060170289129018784,0.024898137897253036,-0.06743206828832626,-0.07433699816465378,0.06200959160923958,0.025375081226229668,0.025568602606654167,-0.060170289129018784,0.024898137897253036,-0.06743206828832626,-0.07433699816465378,0.06200959160923958
24.788999999999998,0.003763957880437374,0.003763957880437374,nan,nan,nan,nan,-0.1443212777376175,0.0,1.3969838619232178e-09,0.6976879239082336,0.0,0.0,0.0,0.0,0.007000000216066837,0.010999999940395355,64.0,0.12852686643600464,2.168015480041504,0.010726973414421082,64.31571960449219,-0.00018126750364899635,0.0022363457828760147,0.002417614683508873,-0.003987923264503479,0.571334719657898,0.008707081899046898,0.14509955048561096,9.0,1.0,0.0,0.0,0.0037639429792761803,-1.4901161193847656e-08,nan,0.005901269614696503,0.14814484119415283,0.08490080386400223,-0.06293234974145889,-0.06744318455457687,-0.1128588616847992,0.15550075471401215,0.12417038530111313,0.13973857462406158,0.08008323609828949,-0.05936134606599808,-0.06361621618270874,-0.10645484924316406,0.14667709171772003,0.1171245202422142,0.24331551790237427,0.1547553539276123,-0.08849608153104782,-0.13350388407707214,-0.16619646549224854,0.2921050786972046,0.1987742930650711,0.0008571484358981252,0.00044741813326254487,-0.0012146499939262867,0.00022477115271613002,0.0006731587345711887,-0.0006512170075438917,-0.0004220831615384668,-0.16774150729179382,-0.14259400963783264,0.0065282657742500305,0.13260602951049805,0.0745735615491867,-0.32632291316986084,-0.1083269715309143,0.07557401061058044,0.012161344289779663,-0.08196781575679779,-0.000897861085832119,-0.09162290394306183,-0.034217845648527145,0.0904473215341568,0.07557401061058044,0.012161344289779663,-0.08196781575679779,-0.000897861085832119,-0.09162290394306183,-0.034217845648527145,0.0904473215341568,0.07557401061058044,0.012161344289779663,-0.08196781575679779,-0.000897861085832119,-0.09162290394306183,-0.034217845648527145,0.0904473215341568
24.87,0.0036097997799515724,0.0036097997799515724,nan,nan,nan,nan,-0.16791513562202454,0.0,1.30385160446167e-08,0.6951780319213867,0.0,0.0,0.0,0.0,0.007000000216066837,0.017999999225139618,64.0,0.12895256280899048,2.554548978805542,0.01967046409845352,11.28986930847168,0.004839109256863594,-0.0005500861443579197,-0.005389182362705469,-0.002595803001895547,0.629274845123291,0.010234187357127666,0.1081610843539238,9.0,1.0,0.0,0.0,0.0036097941920161247,-5.587935447692871e-09,nan,0.010020893067121506,0.14814484119415283,0.08490080386400223,-0.06293234974145889,-0.06744318455457687,-0.1128588616847992,0.15550075471401215,0.12417038530111313,0.22134478390216827,0.12685120105743408,-0.09402789175510406,-0.100767582654953,-0.16862362623214722,0.23233534395694733,0.18552429974079132,0.29690253734588623,0.17847013473510742,-0.11805100739002228,-0.14751356840133667,-0.21577513217926025,0.33158305287361145,0.2460489571094513,0.0005577787524089217,0.00023369718110188842,-0.0008337220060639083,0.00020016246708109975,0.0003706768620759249,-0.0005177345010451972,-0.0002464227727614343,-0.20796766877174377,-0.170662060379982,0.018141888082027435,0.14972275495529175,0.1028195396065712,-0.3615860342979431,-0.1446627676486969,0.08893487602472305,0.007808079943060875,-0.09990911930799484,0.0022091902792453766,-0.11295559257268906,-0.03000296652317047,0.1013861894607544,0.08893487602472305,0.007808079943060875,-0.09990911930799484,0.0022091902792453766,-0.11295559257268906,-0.03000296652317047,0.1013861894607544,0.08893487602472305,0.007808079943060875,-0.09990911930799484,0.0022091902792453766,-0.11295559257268906,-0.03000296652317047,0.1013861894607544
24.985000000000003,0.004018883220851421,0.004018883220851421,nan,nan,nan,nan,-0.16385039687156677,1.0,0.0,0.6960037350654602,0.0,0.0,0.0,0.0,0.008999999612569809,0.032999999821186066,64.0,0.1292310357093811,2.842264175415039,0.014165416359901428,10.049834251403809,-0.004997588694095612,0.003366564866155386,0.008364154025912285,0.007710899226367474,0.604955792427063,0.011402408592402935,0.08806241303682327,9.0,1.0,0.0,0.0,0.004018873907625675,-9.313225746154785e-09,nan,0.0027203382924199104,0.1364433318376541,0.055030569434165955,-0.045859768986701965,-0.107355497777462,-0.05996643379330635,0.20860792696475983,0.08725418150424957,0.044836338609457016,0.018083471804857254,-0.015069876797497272,-0.035277847200632095,-0.019705435261130333,0.06855018436908722,0.02867240272462368,0.2427583783864975,0.14818841218948364,-0.0611380860209465,-0.2077990174293518,-0.10644848644733429,0.4026394188404083,0.15386509895324707,0.0010649139294400811,0.0006186941172927618,-0.001487877918407321,0.00024846740416251123,0.0009062528843060136,-0.0007501960499212146,-0.0005619736621156335,-0.12212833017110825,-0.14817188680171967,-0.044795967638492584,0.17619922757148743,-0.00655742734670639,-0.38442257046699524,-0.04372134059667587,0.12063004821538925,1.6527250409126282e-05,-0.10593405365943909,-0.03159978985786438,-0.11300591379404068,0.018216846510767937,0.1101437583565712,0.12063004821538925,1.6527250409126282e-05,-0.10593405365943909,-0.03159978985786438,-0.11300591379404068,0.018216846510767937,0.1101437583565712,0.12063004821538925,1.6525118553545326e-05,-0.10593405365943909,-0.03159978985786438,-0.11300591379404068,0.018216842785477638,0.1101437583565712
25.071,0.0038916664198040962,0.0038916664198040962,nan,nan,nan,nan,-0.14761336147785187,0.0,1.3969838619232178e-08,0.6937492489814758,0.0,0.0,0.0,0.0,0.006000000052154064,0.013000000268220901,64.0,0.1286628097295761,6.839334011077881,0.017034821212291718,9.054839134216309,0.0058356523513793945,-1.4499528333544731e-05,-0.005850138142704964,0.0,0.6445629596710205,0.007722768001258373,0.08861881494522095,9.0,1.0,0.0,0.0,0.0038916515186429024,-1.4901161193847656e-08,nan,0.012814822606742382,0.1364433318376541,0.055030569434165955,-0.045859768986701965,-0.107355497777462,-0.05996643379330635,0.20860792696475983,0.08725418150424957,0.0952632948756218,0.038421761244535446,-0.03201880678534508,-0.07495447248220444,-0.0418679341673851,0.14564785361289978,0.060919951647520065,0.22953304648399353,0.11707261204719543,-0.06718184053897858,-0.18878190219402313,-0.10076066106557846,0.3662736713886261,0.14611348509788513,0.0003827050677500665,9.456810221308842e-05,-0.0006004298920743167,0.0001792798429960385,0.00017905948334373534,-0.000432804343290627,-0.00013296394899953157,-0.159109428524971,-0.1270756870508194,-0.021220512688159943,0.16200046241283417,0.0230536088347435,-0.3406234085559845,-0.08637595921754837,0.07042361795902252,-0.010003076866269112,-0.08840235322713852,-0.026781437918543816,-0.07770705223083496,0.0256502665579319,0.05973752588033676,0.07042361795902252,-0.010003076866269112,-0.08840235322713852,-0.026781437918543816,-0.07770705223083496,0.0256502665579319,0.05973752588033676,0.07042361795902252,-0.010003076866269112,-0.08840235322713852,-0.026781437918543816,-0.07770705223083496,0.0256502665579319,0.05973752588033676
25.153000000000002,0.0038415519520640373,0.0038415519520640373,nan,nan,nan,nan,-0.13537444174289703,1.0,9.313225746154785e-10,0.6905958652496338,0.0,0.0,0.0,0.0,0.004000000189989805,0.010999999940395355,64.0,0.12839864194393158,2.202615976333618,0.15607476234436035,8.79483413696289,-0.0036240676417946815,0.00044149882160127163,0.0040655676275491714,0.016434118151664734,0.8199852705001831,0.010339043103158474,0.1049809530377388,9.0,1.0,0.0,0.0,0.0038415389135479927,-1.30385160446167e-08,nan,0.0031207336578518152,0.1364433318376541,0.055030569434165955,-0.045859768986701965,-0.107355497777462,-0.05996643379330635,0.20860792696475983,0.08725418150424957,0.13623753190040588,0.054947566241025925,-0.04579060152173042,-0.10719357430934906,-0.059875987470149994,0.20829328894615173,0.08712258189916611,0.24442686140537262,0.11027746647596359,-0.07739612460136414,-0.19622457027435303,-0.10736832767724991,0.3810275197029114,0.1559884250164032,0.0006766515434719622,0.00031937527819536626,-0.0009800390107557178,0.00020785295055247843,0.000491159618832171,-0.0005683753988705575,-0.0003179713967256248,-0.13454501330852509,-0.13150456547737122,-0.015504099428653717,0.13559454679489136,0.027784742414951324,-0.30733683705329895,-0.07748080790042877,0.10988184809684753,-0.02122710458934307,-0.09290022403001785,-0.06063001602888107,-0.07958358526229858,0.07369067519903183,0.07850761711597443,0.10988184809684753,-0.02122710458934307,-0.09290022403001785,-0.06063001602888107,-0.07958358526229858,0.07369067519903183,0.07850761711597443,0.10988184809684753,-0.02122710831463337,-0.09290022403001785,-0.060630012303590775,-0.07958358526229858,0.07369066774845123,0.07850761711597443
25.212999999999997,0.003959904424846172,0.003959904424846172,nan,nan,nan,nan,-0.1488291174173355,0.0,0.0,0.6907542943954468,0.0,0.0,0.0,0.0,-0.0020000000949949026,0.009999999776482582,64.0,0.1280890852212906,3.3654580116271973,0.013301149010658264,9.551713943481445,-0.0017120074480772018,0.0007380703464150429,0.0024500777944922447,-0.0060772523283958435,0.8411186337471008,0.011956408619880676,0.07775918394327164,9.0,1.0,0.0,0.0,0.003959893248975277,-1.1175870895385742e-08,nan,0.005768537055701017,0.1364433318376541,0.055030569434165955,-0.045859768986701965,-0.107355497777462,-0.05996643379330635,0.20860792696475983,0.08725418150424957,0.1793525665998459,0.07233679294586182,-0.06028192862868309,-0.14111706614494324,-0.07882491499185562,0.2742117643356323,0.11469422280788422,0.2745799422264099,0.11635434627532959,-0.09000622481107712,-0.21791717410087585,-0.12064992636442184,0.42331811785697937,0.17543759942054749,-0.0001592260814504698,-0.00034159928327426314,0.00011100181291112676,0.000120709250040818,-0.00041986547876149416,-0.00017826100520323962,0.00022329487546812743,-0.14628417789936066,-0.15351542830467224,-0.009513355791568756,0.14133289456367493,0.037664130330085754,-0.32807403802871704,-0.0881790816783905,0.12829576432704926,-0.03716108575463295,-0.09951958060264587,-0.07658427208662033,-0.08298579603433609,0.09524408727884293,0.08725851774215698,0.12829576432704926,-0.03716108575463295,-0.09951958060264587,-0.07658427208662033,-0.08298579603433609,0.09524408727884293,0.08725851774215698,0.12829576432704926,-0.03716108575463295,-0.09951958060264587,-0.07658427208662033,-0.08298579603433609,0.09524408727884293,0.08725851774215698
25.291999999999998,0.0037562930956482887,0.0037562930956482887,nan,nan,nan,nan,-0.14988915622234344,1.0,9.313225746154785e-10,0.6882439851760864,0.0,0.0,0.0,0.0,0.0020000000949949026,0.017000000923871994,64.0,0.1281958520412445,3.1591999530792236,0.014940276741981506,10.028938293457031,0.0079151950776577,-0.0014883819967508316,-0.009403576143085957,0.0,0.8014202117919922,0.008708644658327103,0.09180504828691483,9.0,1.0,0.0,0.0,0.003756272606551647,-2.0489096641540527e-08,nan,0.014185925014317036,0.12084303051233292,0.06294403225183487,-0.024422645568847656,-0.11609664559364319,-0.03068702481687069,0.22656187415122986,0.07133117318153381,0.03884574770927429,0.020233752205967903,-0.007850811816751957,-0.03731999173760414,-0.009864536114037037,0.0728297308087349,0.022929850965738297,0.22306516766548157,0.10018126666545868,-0.05444572865962982,-0.21892286837100983,-0.06634288281202316,0.40819045901298523,0.1185818612575531,0.00040092947892844677,0.00010174449562327936,-0.0006189073319546878,0.00017920085520017892,0.0001909546263050288,-0.00043932112748734653,-0.00014051602920517325,-0.14847832918167114,-0.13870659470558167,-0.03056468814611435,0.15479999780654907,0.016435883939266205,-0.31777074933052063,-0.0827457383275032,0.07458683848381042,-0.03852532058954239,-0.08501041680574417,-0.06412287801504135,-0.04990699887275696,0.090419702231884,0.035836122930049896,0.07458683848381042,-0.03852532058954239,-0.08501041680574417,-0.06412287801504135,-0.04990699887275696,0.090419702231884,0.035836122930049896,0.07458683103322983,-0.03852532058954239,-0.08501041680574417,-0.06412287801504135,-0.04990699514746666,0.090419702231884,0.0358361192047596
25.361,0.003861977718770504,0.003861977718770504,nan,nan,nan,nan,-0.13256685435771942,0.0,9.313225746154785e-10,0.6841081380844116,0.0,0.0,0.0,0.0,0.00800000037997961,0.014000000432133675,64.0,0.12809105217456818,3.376729726791382,0.012150965631008148,10.018760681152344,0.004391854628920555,9.94773581624031e-05,-0.004292376339435577,0.01467311941087246,0.821723461151123,0.00939219817519188,0.17306125164031982,9.0,1.0,0.0,0.0,0.0038619646802544594,-1.30385160446167e-08,nan,0.011426511220633984,0.12084303051233292,0.06294403225183487,-0.024422645568847656,-0.11609664559364319,-0.03068702481687069,0.22656187415122986,0.07133117318153381,0.05065719410777092,0.02638603374361992,-0.01023793127387762,-0.04866752028465271,-0.012863949872553349,0.09497435390949249,0.029901906847953796,0.19883538782596588,0.0948873907327652,-0.04526299238204956,-0.1935305893421173,-0.05575137585401535,0.3673505187034607,0.11027039587497711,0.0006258441135287285,0.00027895590756088495,-0.0009098467417061329,0.00020289939129725099,0.0004348750808276236,-0.000544198090210557,-0.0002859747037291527,-0.11142697185277939,-0.13856589794158936,-0.03519695997238159,0.11760233342647552,0.014046017080545425,-0.26644957065582275,-0.07054208219051361,0.08740841597318649,-0.04367850720882416,-0.08045995235443115,-0.07592825591564178,-0.041705358773469925,0.10090094059705734,0.0397283136844635,0.08740841597318649,-0.04367850720882416,-0.08045995235443115,-0.07592825591564178,-0.041705358773469925,0.10090094059705734,0.0397283136844635,0.08740841597318649,-0.04367850720882416,-0.08045995235443115,-0.07592825591564178,-0.041705358773469925,0.10090094059705734,0.0397283136844635
25.424000000000003,0.004395336844027042,0.004395336844027042,nan,nan,nan,nan,-0.12761229276657104,0.0,-9.313225746154785e-10,0.6837413311004639,0.0,0.0,0.0,0.0,0.0020000000949949026,0.017999999225139618,64.0,0.12814685702323914,2.6428475379943848,0.012124888598918915,9.605478286743164,0.0006228098645806313,0.003556378185749054,0.002933567389845848,0.017134783789515495,0.846028208732605,0.00926864892244339,0.2003501057624817,9.0,1.0,0.0,0.0,0.004395327530801296,-9.313225746154785e-09,nan,0.011000133119523525,0.12084303051233292,0.06294403225183487,-0.024422645568847656,-0.11609664559364319,-0.03068702481687069,0.22656187415122986,0.07133117318153381,0.07076359540224075,0.0368589386343956,-0.014301479794085026,-0.0679841935634613,-0.01796979270875454,0.13267071545124054,0.04177030175924301,0.19400492310523987,0.09687487781047821,-0.04165235906839371,-0.1875903159379959,-0.05179646611213684,0.3611137568950653,0.11110147833824158,0.00019505676755215973,-7.135663327062503e-05,-0.0003440128930378705,0.00015524958143942058,-4.710615394287743e-05,-0.0003401080030016601,1.5370195569630596e-06,-0.10878974944353104,-0.13870428502559662,-0.02875286340713501,0.10891006141901016,0.018661797046661377,-0.25303927063941956,-0.07333561778068542,0.08521517366170883,-0.04182940721511841,-0.07040522247552872,-0.07868025451898575,-0.033134669065475464,0.10807447880506516,0.03776586428284645,0.08521517366170883,-0.04182940721511841,-0.07040522247552872,-0.07868025451898575,-0.033134669065475464,0.10807447880506516,0.03776586428284645,0.08521517366170883,-0.04182940721511841,-0.07040522247552872,-0.07868025451898575,-0.033134669065475464,0.10807447880506516,0.03776586428284645
25.493,0.004822808317840099,0.004822808317840099,nan,nan,nan,nan,-0.13072332739830017,0.0,2.7939677238464355e-09,0.6826356053352356,0.0,0.0,0.0,0.0,0.008999999612569809,0.017000000923871994,64.0,0.12842245399951935,3.786742687225342,0.021072104573249817,10.71654987335205,-0.0012803906574845314,0.0037186145782470703,0.0049990080296993256,0.01026503648608923,0.8608090877532959,0.00897788442671299,0.20750819146633148,9.0,1.0,0.0,0.0,0.0048227934166789055,-1.4901161193847656e-08,nan,0.011796267703175545,0.12084303051233292,0.06294403225183487,-0.024422645568847656,-0.11609664559364319,-0.03068702481687069,0.22656187415122986,0.07133117318153381,0.08488239347934723,0.04421306028962135,-0.01715492084622383,-0.08154844492673874,-0.021555138751864433,0.15914127230644226,0.05010434612631798,0.20029523968696594,0.10234628617763519,-0.04163969308137894,-0.1930001974105835,-0.05206412822008133,0.37428128719329834,0.11660927534103394,-5.114213490742259e-05,-0.00027826090808957815,-2.014219353441149e-05,0.00012606364907696843,-0.0003322303236927837,-0.00022162948152981699,0.00017270426906179637,-0.11903244256973267,-0.14024586975574493,-0.023392483592033386,0.11580688506364822,0.02681376226246357,-0.26381221413612366,-0.08237296342849731,0.08126279711723328,-0.03789958730340004,-0.06503217667341232,-0.07719331234693527,-0.02525036595761776,0.11046906560659409,0.03423631191253662,0.08126279711723328,-0.03789958730340004,-0.06503217667341232,-0.07719331234693527,-0.02525036595761776,0.11046906560659409,0.03423631191253662,0.08126279711723328,-0.03789958730340004,-0.06503217667341232,-0.07719331234693527,-0.02525036595761776,0.11046906560659409,0.03423631191253662
25.563,0.004887931980192661,0.004887931980192661,nan,nan,nan,nan,-0.1440752148628235,0.0,6.51925802230835e-09,0.6794342398643494,0.0,0.0,0.0,0.0,0.006000000052154064,0.012000000104308128,64.0,0.12863774597644806,2.3988616466522217,0.01128949224948883,8.772266387939453,-0.0009011337533593178,0.0004355385899543762,0.0013366788625717163,-0.001165395020507276,0.8376941084861755,0.00845161359757185,0.20667439699172974,9.0,1.0,0.0,0.0,0.00488791149109602,-2.0489096641540527e-08,nan,0.012662578374147415,0.04539564624428749,0.04395211115479469,0.034942880272865295,-0.14495034515857697,0.061934880912303925,0.2430378645658493,-0.029538189992308617,0.04190204292535782,0.040569599717855453,0.03225371241569519,-0.1337951123714447,0.05716843530535698,0.22433391213417053,-0.02726496197283268,0.14009088277816772,0.09250596910715103,0.015613069757819176,-0.23700973391532898,0.03791245073080063,0.42126092314720154,0.025142531841993332,0.0005907440208829939,0.0002516003150958568,-0.000854159879963845,0.00019558198982849717,0.0003947654040530324,-0.0005195796256884933,-0.00026403789524920285,-0.08250151574611664,-0.13921377062797546,-0.06068774312734604,0.15006884932518005,-0.028310030698776245,-0.3055412471294403,-0.024710483849048615,0.057589367032051086,-0.046707794070243835,-0.04507467523217201,-0.08694089204072952,0.009602420032024384,0.11571967601776123,0.0004320479929447174,0.057589367032051086,-0.046707794070243835,-0.04507467523217201,-0.08694089204072952,0.009602420032024384,0.11571967601776123,0.0004320479929447174,0.057589367032051086,-0.046707794070243835,-0.04507467523217201,-0.08694089204072952,0.009602420032024384,0.11571967601776123,0.0004320479929447174
25.623,0.004764835350215435,0.004764835350215435,nan,nan,nan,nan,-0.15650172531604767,0.0,-9.313225746154785e-10,0.6754505038261414,0.0,0.0,0.0,0.0,0.004999999888241291,0.01600000075995922,64.0,0.1285291612148285,3.457406520843506,0.012802891433238983,9.841182708740234,-0.0015563583001494408,-0.0028872601687908173,-0.0013309027999639511,-0.003854278242215514,0.7489138245582581,0.008968053385615349,0.1967896819114685,9.0,1.0,0.0,0.0,0.0047648148611187935,-2.0489096641540527e-08,nan,0.011337599717080593,0.06874924898147583,0.1865544319152832,0.05184714123606682,-0.07455509901046753,-0.0023923185653984547,0.1855684518814087,0.08822144567966461,0.020153485238552094,0.05468745902180672,0.01519872061908245,-0.021855439990758896,-0.0007012957357801497,0.05439842864871025,0.02586165815591812,0.11321684718132019,0.1277710497379303,0.04365600273013115,-0.21679304540157318,0.05204588174819946,0.39401182532310486,0.02322244830429554,0.00034108455292880535,4.053556767757982e-05,-0.0005271272966638207,0.00016823472105897963,0.00010427719098515809,-0.0004033306904602796,-9.018788114190102e-05,-0.07737883925437927,-0.18708090484142303,-0.0642387866973877,0.1163623034954071,-0.007109399884939194,-0.2763304114341736,-0.054680176079273224,0.03583800420165062,-0.05930985137820244,-0.020582780241966248,-0.10043074190616608,0.04493648186326027,0.11768142879009247,-0.031457725912332535,0.03583800420165062,-0.05930985137820244,-0.020582780241966248,-0.10043074190616608,0.04493648186326027,0.11768142879009247,-0.031457725912332535,0.03583800420165062,-0.05930985137820244,-0.020582780241966248,-0.10043074190616608,0.04493648186326027,0.11768142879009247,-0.031457725912332535
25.702,0.00466530304402113,0.00466530304402113,nan,nan,nan,nan,-0.15131473541259766,0.0,-9.313225746154785e-10,0.673267126083374,0.0,0.0,0.0,0.0,0.003000000026077032,0.020999999716877937,64.0,0.12821508944034576,5.4208598136901855,0.020845793187618256,11.442500114440918,-0.008182861842215061,-0.0033405590802431107,0.004842301830649376,0.0,0.6632495522499084,0.006763067562133074,0.14381125569343567,9.0,1.0,0.0,0.0,0.0046652862802147865,-1.6763806343078613e-08,nan,0.004143602680414915,0.03758874163031578,0.035314761102199554,0.033518947660923004,-0.14930003881454468,0.06448336690664291,0.2409375160932541,-0.041436053812503815,0.010727542452514172,0.010078566148877144,0.009566054679453373,-0.04260910302400589,0.01840306632220745,0.06876174360513687,-0.01182553730905056,0.09505818039178848,0.1585085242986679,0.054092660546302795,-0.17485211789608002,0.039738237857818604,0.3340708017349243,0.0425020270049572,0.00036980267032049596,5.599606811301783e-05,-0.000561651133466512,0.0001697089901426807,0.00012512494868133217,-0.0004158364317845553,-0.00010294140520272776,-0.07283026725053787,-0.1967599242925644,-0.05541388317942619,0.09404540807008743,0.011030279099941254,-0.2525325417518616,-0.06659947335720062,0.02222791314125061,-0.03825140371918678,-0.0013212226331233978,-0.08080670982599258,0.05076851695775986,0.08153825998306274,-0.024097442626953125,0.02222791314125061,-0.03825140371918678,-0.0013212226331233978,-0.08080670982599258,0.05076851695775986,0.08153825998306274,-0.024097442626953125,0.02222791314125061,-0.03825140371918678,-0.0013212226331233978,-0.08080670982599258,0.05076851695775986,0.08153825998306274,-0.024097442626953125
25.772000000000002,0.004207375459372997,0.004207375459372997,nan,nan,nan,nan,-0.12951843440532684,1.0,-1.862645149230957e-09,0.6693833470344543,0.0,0.0,0.0,0.0,0.006000000052154064,0.00800000037997961,64.0,0.12811779975891113,2.3416671752929688,0.011640600860118866,8.903247833251953,-0.0013787932693958282,-0.004722297191619873,-0.003343505784869194,0.0,0.6539868116378784,0.006690365727990866,0.13905644416809082,9.0,1.0,0.0,0.0,0.0042073680087924,-7.450580596923828e-09,nan,0.00818272028118372,0.03758874163031578,0.035314761102199554,0.033518947660923004,-0.14930003881454468,0.06448336690664291,0.2409375160932541,-0.041436053812503815,0.017945608124136925,0.01685996726155281,0.016002608463168144,-0.07127879559993744,0.030785636976361275,0.11502833664417267,-0.01978239417076111,0.07146541029214859,0.09826632589101791,0.0499318465590477,-0.19268248975276947,0.06712725013494492,0.33428916335105896,-0.012534098699688911,0.0005372800515033305,0.00020081881666556,-0.0007822519983164966,0.00019575517217162997,0.00032157893292605877,-0.0005013680784031749,-0.000221826892811805,-0.06328515708446503,-0.14873692393302917,-0.04282614588737488,0.1150277704000473,-0.0048568882048130035,-0.2728210985660553,-0.02687801979482174,0.008180253207683563,-0.05047060549259186,0.007105699274688959,-0.07765471935272217,0.06227036193013191,0.061468057334423065,-0.03941211849451065,0.008180253207683563,-0.05047060549259186,0.007105699274688959,-0.07765471935272217,0.06227036193013191,0.061468057334423065,-0.03941211849451065,0.00818025041371584,-0.050470609217882156,0.0071056983433663845,-0.07765471935272217,0.06227036193013191,0.06146804988384247,-0.03941211849451065
25.848000000000003,0.0035692183300852776,0.0035692183300852776,nan,nan,nan,nan,-0.14975889027118683,0.0,9.313225746154785e-10,0.6644799709320068,0.0,0.0,0.0,0.0,0.00800000037997961,0.01600000075995922,64.0,0.1280478537082672,3.340276002883911,0.02309028059244156,9.688352584838867,-0.0006167339161038399,-0.006222780793905258,-0.005606045946478844,-0.00943860411643982,0.4751136302947998,0.007253167685121298,0.13390867412090302,9.0,1.0,0.0,0.0,0.0035691997036337852,-1.862645149230957e-08,nan,0.005078879650682211,-0.09036482125520706,0.17638905346393585,0.15702176094055176,0.003976811654865742,0.15305395424365997,0.036647435277700424,0.03578978404402733,-0.07104553282260895,0.1386784464120865,0.12345173209905624,0.0031266005244106054,0.12033221125602722,0.028812499716877937,0.028138209134340286,-0.033939287066459656,0.18606463074684143,0.15095871686935425,-0.10747251659631729,0.16159974038600922,0.2167012244462967,0.0139448381960392,0.0006515613640658557,0.00028977415058761835,-0.0009290262241847813,0.00020943408890161663,0.0004432763671502471,-0.0005572066875174642,-0.00029616872780025005,0.0005864128470420837,-0.22644077241420746,-0.11076831817626953,0.05047142878174782,-0.05978474020957947,-0.19571971893310547,-0.06522612273693085,-0.03335287421941757,-0.04037614166736603,0.04019039869308472,-0.05700108781456947,0.10181500017642975,0.020981505513191223,-0.051281288266181946,-0.03335287421941757,-0.04037614166736603,0.04019039869308472,-0.05700108781456947,0.10181500017642975,0.020981505513191223,-0.051281288266181946,-0.03335287421941757,-0.04037614166736603,0.04019039869308472,-0.05700108781456947,0.10181500017642975,0.020981505513191223,-0.051281288266181946
25.906000000000002,0.0035913409665226936,0.0035913409665226936,nan,nan,nan,nan,-0.16235379874706268,0.0,3.725290298461914e-09,0.6647129058837891,0.0,0.0,0.0,0.0,-0.0010000000474974513,0.010999999940395355,64.0,0.12811622023582458,3.435197353363037,0.012974254786968231,10.165863990783691,0.0002587363123893738,-0.002675644587725401,-0.0029343771748244762,0.005720691289752722,0.37848129868507385,0.009104762226343155,0.1056576818227768,9.0,1.0,0.0,0.0,0.0035913316532969475,-9.313225746154785e-09,nan,0.006086790002882481,0.027303507551550865,0.07320886105298996,0.07155191153287888,-0.13259483873844147,0.08145566284656525,0.22960960865020752,-0.04287560656666756,0.022952960804104805,0.061543744057416916,0.060150813311338425,-0.111467145383358,0.06847649812698364,0.19302354753017426,-0.03604379668831825,0.007437422405928373,0.15844321250915527,0.13941335678100586,-0.17223381996154785,0.15358437597751617,0.3135450482368469,-0.03135030344128609,0.0007593915215693414,0.0003646223049145192,-0.001062222640030086,0.0002158697898266837,0.000547144387383014,-0.0006045839400030673,-0.00035935387131758034,-0.06892763078212738,-0.19456559419631958,-0.07316678017377853,0.12828660011291504,-0.02176976203918457,-0.32097384333610535,-0.03439539298415184,-0.06149021163582802,-0.036122389137744904,0.06624657660722733,-0.04394721984863281,0.1318146139383316,-0.007428798824548721,-0.06574569642543793,-0.06149021163582802,-0.036122389137744904,0.06624657660722733,-0.04394721984863281,0.1318146139383316,-0.007428798824548721,-0.06574569642543793,-0.06149021163582802,-0.036122389137744904,0.06624657660722733,-0.04394721984863281,0.1318146139383316,-0.007428798824548721,-0.06574569642543793
25.994000000000003,0.0037652039900422096,0.0037652039900422096,nan,nan,nan,nan,-0.16799302399158478,1.0,-9.313225746154785e-10,0.6666235327720642,0.0,0.0,0.0,0.0,0.003000000026077032,0.014999999664723873,64.0,0.1277291178703308,2.420271635055542,0.014388002455234528,9.248000144958496,-0.0035539167001843452,-7.461849600076675e-05,0.003479297272861004,0.0,0.08350739628076553,0.01018197275698185,0.11271898448467255,9.0,1.0,0.0,0.0,0.0037651890888810158,-1.4901161193847656e-08,nan,0.003313020570203662,0.07423727214336395,0.22052335739135742,0.016201898455619812,0.019066529348492622,-0.09629830718040466,0.036041636019945145,0.15703465044498444,0.03721282631158829,0.11054147779941559,0.008121506310999393,0.009557456709444523,-0.048271335661411285,0.01806654781103134,0.07871656864881516,0.04700981825590134,0.2044752538204193,0.10568855702877045,-0.1315886676311493,0.0679941475391388,0.2654508352279663,0.035031288862228394,0.0006403265870176256,0.0002729671832639724,-0.0009129879181273282,0.0002067617460852489,0.00041589391184970737,-0.0005517418612726033,-0.00027939421124756336,-0.13077259063720703,-0.2256549894809723,-0.025744788348674774,0.09898102283477783,0.07064186036586761,-0.28200817108154297,-0.11903053522109985,-0.0837627723813057,-0.021179739385843277,0.07994376868009567,-0.03260764107108116,0.1386360079050064,-0.016557324677705765,-0.08399924635887146,-0.0837627723813057,-0.021179739385843277,0.07994376868009567,-0.03260764107108116,0.1386360079050064,-0.016557324677705765,-0.08399924635887146,-0.0837627723813057,-0.021179741248488426,0.07994376868009567,-0.03260764107108116,0.1386360079050064,-0.016557328402996063,-0.08399924635887146
26.071,0.0035387007519602776,0.0035387007519602776,nan,nan,nan,nan,-0.1735871434211731,1.0,7.916241884231567e-09,0.6670225262641907,0.0,0.0,0.0,0.0,0.00800000037997961,0.014000000432133675,64.0,0.12757974863052368,3.5414676666259766,0.0096149742603302,9.667113304138184,0.0007211384363472462,-0.0022748028859496117,-0.0029959334060549736,-0.009837293066084385,-0.40526941418647766,0.008701736107468605,0.17986346781253815,9.0,1.0,0.0,0.0,0.0035386821255087852,-1.862645149230957e-08,nan,0.006162445526570082,0.041914839297533035,0.025804100558161736,0.036515526473522186,-0.14738324284553528,0.07528079301118851,0.2403591275215149,-0.0328996516764164,0.0,0.0,0.0,-0.0,0.0,0.0,-0.0,0.07778939604759216,0.24882769584655762,0.06882297992706299,-0.07548962533473969,-0.01703452691435814,0.19198819994926453,0.1142016351222992,2.4691689759492874e-05,-0.00021139196178410202,-0.00013510536518879235,0.00014970223128329962,-0.0002578004205133766,-0.00027177235460840166,0.00012612645514309406,-0.16306370496749878,-0.23990492522716522,-0.001434318721294403,0.09470628201961517,0.10514014959335327,-0.28274357318878174,-0.15922267735004425,-0.08527431637048721,0.008922768756747246,0.06738866120576859,0.019216660410165787,0.08810561895370483,-0.09075535833835602,-0.045021045953035355,-0.08527431637048721,0.008922768756747246,0.06738866120576859,0.019216660410165787,0.08810561895370483,-0.09075535833835602,-0.045021045953035355,-0.08527431637048721,0.008922768756747246,0.06738866120576859,0.019216660410165787,0.08810561895370483,-0.09075535833835602,-0.045021045953035355
26.142,0.003424321301281452,0.003424321301281452,nan,nan,nan,nan,-0.1261458843946457,0.0,-6.984919309616089e-10,0.6679026484489441,0.0,0.0,0.0,0.0,0.006000000052154064,0.014999999664723873,64.0,0.12780164182186127,1.9814213514328003,0.012610107660293579,8.616470336914062,9.922613389790058e-05,-0.001984521746635437,-0.0020837485790252686,-0.0009595106821507215,-0.4553545117378235,0.0064594801515340805,0.1705688238143921,9.0,1.0,0.0,0.0,0.0034243138507008553,-7.450580596923828e-09,nan,0.004803669638931751,0.041914839297533035,0.025804100558161736,0.036515526473522186,-0.14738324284553528,0.07528079301118851,0.2403591275215149,-0.0328996516764164,0.012650035321712494,0.007787761744111776,0.011020504869520664,-0.044480741024017334,0.022719988599419594,0.07254116982221603,-0.00992922205477953,0.062288735061883926,0.13136473298072815,0.05475291237235069,-0.1273479163646698,0.0393119640648365,0.23956872522830963,0.03223941847681999,0.0006827014731243253,0.0003107212542090565,-0.0009741174289956689,0.00021644702064804733,0.00046111654955893755,-0.0005781042855232954,-0.0003075482964050025,-0.11957021802663803,-0.12649191915988922,-0.007170356810092926,0.13746848702430725,0.025614570826292038,-0.3177310824394226,-0.05857701227068901,-0.057281482964754105,0.0048728156834840775,0.04758255556225777,0.010120563209056854,0.06492653489112854,-0.07816234976053238,-0.02633759379386902,-0.057281482964754105,0.0048728156834840775,0.04758255556225777,0.010120563209056854,0.06492653489112854,-0.07816234976053238,-0.02633759379386902,-0.057281482964754105,0.0048728156834840775,0.04758255556225777,0.010120563209056854,0.06492653489112854,-0.07816234976053238,-0.02633759379386902
26.212,0.003373977728188038,0.003373977728188038,nan,nan,nan,nan,-0.11583030968904495,1.0,0.0,0.6689044833183289,0.0,0.0,0.0,0.0,0.0020000000949949026,0.017000000923871994,64.0,0.1281515508890152,4.355504989624023,0.016978010535240173,11.207342147827148,0.0001305416226387024,-0.0014891033060848713,-0.0016196449287235737,-0.0018115865532308817,-0.08456951379776001,0.005700163543224335,0.15312494337558746,9.0,1.0,0.0,0.0,0.00337397214025259,-5.587935447692871e-09,nan,0.004495290573686361,-0.09740247577428818,0.17965282499790192,0.16010713577270508,0.019085582345724106,0.14178040623664856,-0.01272624358534813,0.04444579780101776,-0.0,0.0,0.0,0.0,0.0,-0.0,0.0,0.03401228040456772,0.1119396835565567,0.07281962782144547,-0.12797674536705017,0.07836650311946869,0.22873273491859436,0.010437080636620522,0.0009794748621061444,0.00054173544049263,-0.001352352905087173,0.0002466858131811023,0.0007750843069516122,-0.000718184863217175,-0.0004955651238560677,-0.08379586040973663,-0.12045103311538696,-0.030160553753376007,0.11663351953029633,-0.005893200635910034,-0.27321746945381165,-0.04602087289094925,-0.049783580005168915,-0.00851135142147541,0.04265907406806946,-0.01134322676807642,0.07247330248355865,-0.044484734535217285,-0.03558379411697388,-0.049783580005168915,-0.00851135142147541,0.04265907406806946,-0.01134322676807642,0.07247330248355865,-0.044484734535217285,-0.03558379411697388,-0.049783580005168915,-0.008511352352797985,0.04265907406806946,-0.01134322676807642,0.07247330248355865,-0.044484734535217285,-0.03558379411697388
26.276,0.0033875731751322746,0.0033875731751322746,nan,nan,nan,nan,-0.11140044033527374,0.0,-6.984919309616089e-10,0.6698349714279175,0.0,0.0,0.0,0.0,0.00800000037997961,0.017000000923871994,64.0,0.1281687319278717,3.053281545639038,0.015479512512683868,10.513428688049316,-0.001568333012983203,-0.0006907631177455187,0.0008775691967457533,0.0017002661479637027,-0.06416624039411545,0.0063993302173912525,0.13981088995933533,9.0,1.0,0.0,0.0,0.0033875638619065285,-9.313225746154785e-09,nan,0.002858124440535903,0.1408764123916626,0.1239790990948677,-0.05643461272120476,-0.033046189695596695,-0.13286972045898438,0.11066476255655289,0.14354459941387177,0.04808074235916138,0.04231373220682144,-0.019260982051491737,-0.011278575286269188,-0.04534807801246643,0.037769585847854614,0.04899138584733009,0.021348154172301292,0.14561636745929718,0.07591748982667923,-0.07127881050109863,0.055272847414016724,0.14616186916828156,0.05319609493017197,0.0006550378166139126,0.0002948017790913582,-0.0009455807157792151,0.000215794745599851,0.00043404020834714174,-0.0005690587568096817,-0.0002925426233559847,-0.07910866290330887,-0.14715950191020966,-0.02454584464430809,0.06596405059099197,0.02650298923254013,-0.1996787190437317,-0.08188948780298233,-0.05776050686836243,-0.001543138176202774,0.05137164518237114,-0.005314761772751808,0.08177583664655685,-0.05351685732603073,-0.028693391010165215,-0.05776050686836243,-0.001543138176202774,0.05137164518237114,-0.005314761772751808,0.08177583664655685,-0.05351685732603073,-0.028693391010165215,-0.05776050686836243,-0.001543138176202774,0.05137164518237114,-0.005314761772751808,0.08177583664655685,-0.05351685732603073,-0.028693391010165215
26.364,0.003496612422168255,0.003496612422168255,nan,nan,nan,nan,-0.13417188823223114,0.0,3.958120942115784e-08,0.6716017127037048,0.0,0.0,0.0,0.0,0.0020000000949949026,0.023000000044703484,64.0,0.12797865271568298,2.2430717945098877,0.010779127478599548,8.649470329284668,0.0016153552569448948,0.0003104462521150708,-0.0013048694236204028,0.001761738327331841,-0.511218249797821,0.005499295890331268,0.12423238158226013,9.0,1.0,0.0,0.0,0.0034966012462973595,-1.1175870895385742e-08,nan,0.006679099053144455,0.1408764123916626,0.1239790990948677,-0.05643461272120476,-0.033046189695596695,-0.13286972045898438,0.11066476255655289,0.14354459941387177,0.12867309153079987,0.11323948949575424,-0.05154600366950035,-0.030183585360646248,-0.12135997414588928,0.10107850283384323,0.13111014664173126,0.15708401799201965,0.1883281022310257,-0.029569856822490692,-0.06301891058683395,-0.11837726831436157,0.1744941622018814,0.17247645556926727,0.0007468838593922555,0.0003695807827170938,-0.0010643713176250458,0.00022744886518921703,0.0005316277965903282,-0.0006146425730548799,-0.00034982172655873,-0.20300106704235077,-0.15941567718982697,0.04541938006877899,0.09676379710435867,0.14082500338554382,-0.25953996181488037,-0.1673605740070343,-0.045917052775621414,0.02891242876648903,0.0158495232462883,0.03374488651752472,0.022447727620601654,-0.08504580706357956,0.005115879699587822,-0.045917052775621414,0.02891242876648903,0.0158495232462883,0.03374488651752472,0.022447727620601654,-0.08504580706357956,0.005115879699587822,-0.045917052775621414,0.02891242876648903,0.0158495232462883,0.03374488651752472,0.022447727620601654,-0.08504580706357956,0.005115879699587822
26.443,0.00320469681173563,0.00320469681173563,nan,nan,nan,nan,-0.16212022304534912,0.0,0.0,0.6699228882789612,0.0,0.0,0.0,0.0,0.004000000189989805,0.010999999940395355,64.0,0.1281803548336029,3.0799078941345215,0.011175870895385742,9.596445083618164,-0.0011452361941337585,-0.002113899914547801,-0.0009686637204140425,0.0,0.3965756297111511,0.008752980269491673,0.060952506959438324,9.0,1.0,0.0,0.0,0.003204687498509884,-9.313225746154785e-09,nan,0.00213604629971087,0.1408764123916626,0.1239790990948677,-0.05643461272120476,-0.033046189695596695,-0.13286972045898438,0.11066476255655289,0.14354459941387177,0.18859665095806122,0.16597557067871094,-0.07555117458105087,-0.04424019902944565,-0.1778777837753296,0.14815115928649902,0.19216865301132202,0.2487579584121704,0.23955757915973663,-0.08590731024742126,-0.06913574039936066,-0.22235003113746643,0.2164643406867981,0.25858572125434875,0.00115826609544456,0.0006799747934564948,-0.001585518242791295,0.00026906729908660054,0.000952468253672123,-0.0008095467928797007,-0.0006008269847370684,-0.2121214121580124,-0.19768661260604858,0.03719806671142578,0.11407408118247986,0.14694151282310486,-0.31649118661880493,-0.17217576503753662,0.03663654625415802,0.04187097027897835,-0.04870924353599548,0.0449383445084095,-0.07540852576494217,-0.10002684593200684,0.08640994876623154,0.03663654625415802,0.04187097027897835,-0.04870924353599548,0.0449383445084095,-0.07540852576494217,-0.10002684593200684,0.08640994876623154,0.03663654625415802,0.04187097027897835,-0.04870924353599548,0.0449383445084095,-0.07540852576494217,-0.10002684593200684,0.08640994876623154
26.523,0.0032559046521782875,0.0032559046521782875,nan,nan,nan,nan,-0.18789851665496826,0.0,0.0,0.6704344749450684,0.0,0.0,0.0,0.0,0.0,0.013000000268220901,64.0,0.1282907873392105,3.1309854984283447,0.013590790331363678,24.142480850219727,-0.0018240660429000854,-0.00031009805388748646,0.001513967989012599,0.0,0.5409990549087524,0.013543801382184029,0.041728731244802475,9.0,1.0,0.0,0.0,0.003255886025726795,-1.862645149230957e-08,nan,0.0017644756007939577,0.1408764123916626,0.1239790990948677,-0.05643461272120476,-0.033046189695596695,-0.13286972045898438,0.11066476255655289,0.14354459941387177,0.2346656173467636,0.20651882886886597,-0.09400624781847,-0.05504686012864113,-0.22132842242717743,0.18434040248394012,0.23911015689373016,0.3081470727920532,0.280771404504776,-0.11705905199050903,-0.07729211449623108,-0.28493475914001465,0.2518419325351715,0.31635966897010803,0.0012498064897954464,0.0007494919118471444,-0.0017005738336592913,0.0002773325832094997,0.0010462149512022734,-0.0008525052107870579,-0.0006565757794305682,-0.23639163374900818,-0.21624848246574402,0.02501622587442398,0.14438587427139282,0.14330828189849854,-0.37137269973754883,-0.18696467578411102,0.07175543159246445,0.06452292948961258,-0.09204282611608505,0.06709375977516174,-0.1416264772415161,-0.11953075230121613,0.129394993185997,0.07175543159246445,0.06452292948961258,-0.09204282611608505,0.06709375977516174,-0.1416264772415161,-0.11953075230121613,0.129394993185997,0.07175543159246445,0.06452292948961258,-0.09204282611608505,0.06709375977516174,-0.1416264772415161,-0.11953075230121613,0.129394993185997
26.599999999999998,0.0033214883878827095,0.0033214883878827095,nan,nan,nan,nan,-0.1811385452747345,0.0,0.0,0.6711036562919617,0.0,0.0,0.0,0.0,0.004999999888241291,0.014000000432133675,64.0,0.1282617151737213,3.0206973552703857,0.016145408153533936,9.439395904541016,-0.0014544632285833359,0.0011789030395448208,0.0026333662681281567,0.0019967553671449423,0.02606542594730854,0.010957370512187481,0.07945805788040161,9.0,1.0,0.0,0.0,0.0033214734867215157,-1.4901161193847656e-08,nan,0.002527248114347458,0.038683269172906876,0.06185217574238777,0.045603666454553604,-0.13414297997951508,0.07557447254657745,0.2424110770225525,-0.011368724517524242,0.042385876178741455,0.06777241826057434,0.0499686673283577,-0.1469826102256775,0.08280815929174423,0.26561370491981506,-0.012456893920898438,0.19638323783874512,0.20484356582164764,-0.015886731445789337,-0.1704312413930893,-0.07316970825195312,0.3657609522342682,0.15187546610832214,0.0008674135315231979,0.0004650199261959642,-0.0012200650526210666,0.00023822582443244755,0.0006572913262061775,-0.0006729155429638922,-0.0004254611558280885,-0.14708414673805237,-0.14301958680152893,-0.06831873953342438,0.2258935570716858,-0.04081699252128601,-0.4602069854736328,-0.053422875702381134,0.04929909110069275,0.06182397902011871,-0.08420547097921371,0.0554623119533062,-0.11398670077323914,-0.09444601833820343,0.09845259040594101,0.04929909110069275,0.06182397902011871,-0.08420547097921371,0.0554623119533062,-0.11398670077323914,-0.09444601833820343,0.09845259040594101,0.04929909110069275,0.06182397902011871,-0.08420547097921371,0.0554623119533062,-0.11398670077323914,-0.09444601833820343,0.09845259040594101
26.706,0.003233480267226696,0.003233480267226696,nan,nan,nan,nan,-0.14223511517047882,0.0,-9.313225746154785e-10,0.6703481674194336,0.0,0.0,0.0,0.0,0.0,0.013000000268220901,64.0,0.12764865159988403,2.325756549835205,0.011431053280830383,11.870452880859375,-0.0009605409577488899,4.6749599277973175e-05,0.0010072896257042885,0.0,0.3622726798057556,0.008760293945670128,0.07776115089654922,9.0,1.0,0.0,0.0,0.003233465366065502,-1.4901161193847656e-08,nan,0.0024900068528950214,0.14594131708145142,0.0986170619726181,-0.05765395238995552,-0.060396309942007065,-0.10655643790960312,0.15263839066028595,0.13172458112239838,0.08266817033290863,0.05586143955588341,-0.03265796974301338,-0.03421137109398842,-0.0603586845099926,0.08646170794963837,0.07461512833833694,0.20543919503688812,0.16977012157440186,-0.054691798985004425,-0.12326840311288834,-0.11987520009279251,0.28366321325302124,0.174539715051651,0.0010154034243896604,0.0005706881638616323,-0.001403303467668593,0.0002486680168658495,0.0008038011728785932,-0.0007389836246147752,-0.0005118937115184963,-0.15076075494289398,-0.12997646629810333,-0.024184174835681915,0.1515282839536667,0.027011573314666748,-0.33872056007385254,-0.08823212236166,0.05467843636870384,0.03979365527629852,-0.07887597382068634,0.028259875252842903,-0.09286362677812576,-0.0550573393702507,0.086307592689991,0.05467843636870384,0.03979365527629852,-0.07887597382068634,0.028259875252842903,-0.09286362677812576,-0.0550573393702507,0.086307592689991,0.05467843636870384,0.03979365527629852,-0.07887597382068634,0.028259875252842903,-0.09286362677812576,-0.0550573393702507,0.086307592689991
26.781000000000002,0.002973484806716442,0.002973484806716442,nan,nan,nan,nan,-0.1445162296295166,0.0,9.313225746154785e-10,0.6676246523857117,0.0,0.0,0.0,0.0,0.0010000000474974513,0.014999999664723873,64.0,0.12803013622760773,2.6045870780944824,0.018843449652194977,10.501346588134766,0.0016524503007531166,-0.0008587250486016273,-0.0025111744180321693,0.0,0.5213510990142822,0.009438859298825264,0.12180381268262863,9.0,1.0,0.0,0.0,0.00297346618026495,-1.862645149230957e-08,nan,0.003546111285686493,0.14594131708145142,0.0986170619726181,-0.05765395238995552,-0.060396309942007065,-0.10655643790960312,0.15263839066028595,0.13172458112239838,0.13575001060962677,0.09173047542572021,-0.05362788587808609,-0.0561787411570549,-0.09911543130874634,0.1419794112443924,0.12252604961395264,0.2353256642818451,0.17561964690685272,-0.07876663655042648,-0.11790666729211807,-0.15565909445285797,0.2830315828323364,0.20656123757362366,0.0017919638194143772,0.0011736430460587144,-0.0023894626647233963,0.00032575830118730664,0.001623543561436236,-0.0011048986343666911,-0.001004598569124937,-0.1623798906803131,-0.14475876092910767,-0.012469857931137085,0.13886034488677979,0.05715836584568024,-0.32755550742149353,-0.1121392771601677,0.07294576615095139,0.030860882252454758,-0.09123649448156357,0.020953670144081116,-0.09850072860717773,-0.04452391341328621,0.09442196041345596,0.07294576615095139,0.030860882252454758,-0.09123649448156357,0.020953670144081116,-0.09850072860717773,-0.04452391341328621,0.09442196041345596,0.07294576615095139,0.030860882252454758,-0.09123649448156357,0.020953670144081116,-0.09850072860717773,-0.04452391341328621,0.09442196041345596
26.865,0.0031108809635043144,0.0031108809635043144,nan,nan,nan,nan,-0.15713128447532654,0.0,-1.862645149230957e-09,0.667259931564331,0.0,0.0,0.0,0.0,0.0,0.017000000923871994,64.0,0.12846332788467407,3.5090129375457764,0.01163966953754425,10.04988956451416,0.0006413962692022324,0.0007289149798452854,8.751684799790382e-05,0.0,0.638203501701355,0.010961685329675674,0.11625904589891434,9.0,1.0,0.0,0.0,0.0031108641996979713,-1.6763806343078613e-08,nan,0.0034029060043394566,0.14594131708145142,0.0986170619726181,-0.05765395238995552,-0.060396309942007065,-0.10655643790960312,0.15263839066028595,0.13172458112239838,0.18773451447486877,0.12685802578926086,-0.07416431605815887,-0.07769200205802917,-0.13707099854946136,0.19634942710399628,0.16944654285907745,0.27920621633529663,0.19655270874500275,-0.10355744510889053,-0.12529106438159943,-0.19618341326713562,0.3095453083515167,0.24923409521579742,0.0011969248298555613,0.0007320016738958657,-0.001640771864913404,0.00026863874518312514,0.0010195075301453471,-0.0008284260402433574,-0.0006457615527324378,-0.1886397898197174,-0.16332536935806274,-0.0021802857518196106,0.14510716497898102,0.0782838985323906,-0.3404644727706909,-0.138202965259552,0.09056643396615982,0.0332273468375206,-0.10573773086071014,0.019816095009446144,-0.11789951473474503,-0.030919162556529045,0.11103112995624542,0.09056643396615982,0.0332273468375206,-0.10573773086071014,0.019816095009446144,-0.11789951473474503,-0.030919162556529045,0.11103112995624542,0.09056643396615982,0.0332273468375206,-0.10573773086071014,0.019816095009446144,-0.11789951473474503,-0.030919162556529045,0.11103112995624542
26.952,0.0035117072984576225,0.0035117072984576225,nan,nan,nan,nan,-0.1587933450937271,0.0,3.725290298461914e-09,0.6689028739929199,0.0,0.0,0.0,0.0,0.004999999888241291,0.04399999976158142,64.0,0.1287844032049179,2.211869716644287,0.011119060218334198,8.833578109741211,-0.0029352419078350067,0.0024107496719807386,0.0053459955379366875,0.001513610826805234,0.639801561832428,0.01330827921628952,0.06843914836645126,9.0,1.0,0.0,0.0,0.0035116812214255333,-2.60770320892334e-08,nan,0.002290352014824748,0.13532452285289764,0.085041843354702,-0.03845260292291641,-0.09072250127792358,-0.061155054718256,0.1997060775756836,0.10546813160181046,0.04555850103497505,0.02863028086721897,-0.01294549461454153,-0.030542735010385513,-0.020588526502251625,0.06723326444625854,0.03550701588392258,0.2633761763572693,0.18823477625846863,-0.08336827158927917,-0.14980725944042206,-0.15764038264751434,0.34409666061401367,0.21851885318756104,0.0006090156966820359,0.0002701027551665902,-0.0008906929870136082,0.0002082620485452935,0.0003947523364331573,-0.0005487974267452955,-0.00027060139109380543,-0.1346655935049057,-0.163804292678833,-0.03710338473320007,0.15330637991428375,0.01854194700717926,-0.35428714752197266,-0.07815168797969818,0.1287105828523636,0.024430477991700172,-0.12047165632247925,0.0034991223365068436,-0.13909843564033508,-0.010190486907958984,0.14036716520786285,0.1287105828523636,0.024430477991700172,-0.12047165632247925,0.0034991223365068436,-0.13909843564033508,-0.010190486907958984,0.14036716520786285,0.1287105828523636,0.024430477991700172,-0.12047165632247925,0.0034991223365068436,-0.13909843564033508,-0.010190486907958984,0.14036716520786285
27.040000000000003,0.003377762623131275,0.003377762623131275,nan,nan,nan,nan,-0.1384953409433365,0.0,0.0,0.6655544638633728,0.0,0.0,0.0,0.0,0.004999999888241291,0.009999999776482582,64.0,0.12886177003383636,2.909982681274414,0.010428950190544128,9.405232429504395,-0.0008152984082698822,-0.0002273060381412506,0.0005879923701286316,0.0,0.6297281384468079,0.010493493638932705,0.12601540982723236,9.0,1.0,0.0,0.0,0.003377753309905529,-9.313225746154785e-09,nan,0.0036568562500178814,0.13532452285289764,0.085041843354702,-0.03845260292291641,-0.09072250127792358,-0.061155054718256,0.1997060775756836,0.10546813160181046,0.07760029286146164,0.04876627027988434,-0.022050203755497932,-0.05202377587556839,-0.03506866469979286,0.1145191565155983,0.06047949194908142,0.23044157028198242,0.15517356991767883,-0.06936836987733841,-0.14229044318199158,-0.12174297124147415,0.3197532594203949,0.18563997745513916,0.0011633142130449414,0.0007184655405580997,-0.0015993318520486355,0.00026458126376383007,0.0009984461357817054,-0.0008118341211229563,-0.0006347352755255997,-0.1365669071674347,-0.12802383303642273,-0.03606068342924118,0.14804840087890625,0.011772945523262024,-0.3161044120788574,-0.0796184241771698,0.09387467056512833,0.027149736881256104,-0.10542905330657959,0.005757962353527546,-0.10997002571821213,0.0036488333716988564,0.10602155327796936,0.09387467056512833,0.027149736881256104,-0.10542905330657959,0.005757962353527546,-0.10997002571821213,0.0036488333716988564,0.10602155327796936,0.09387467056512833,0.027149736881256104,-0.10542905330657959,0.005757962353527546,-0.10997002571821213,0.0036488333716988564,0.10602155327796936
27.099,0.003449046052992344,0.003449046052992344,nan,nan,nan,nan,-0.13885770738124847,0.0,9.313225746154785e-10,0.6641785502433777,0.0,0.0,0.0,0.0,0.004999999888241291,0.009999999776482582,64.0,0.12884578108787537,5.929380416870117,0.02144649624824524,11.512800216674805,-0.0004389723762869835,0.000967102125287056,0.001406075432896614,0.0,0.6662377119064331,0.010350726544857025,0.15663152933120728,9.0,1.0,0.0,0.0,0.0034490199759602547,-2.60770320892334e-08,nan,0.0045130993239581585,0.13532452285289764,0.085041843354702,-0.03845260292291641,-0.09072250127792358,-0.061155054718256,0.1997060775756836,0.10546813160181046,0.10904562473297119,0.06852742284536362,-0.030985424295067787,-0.07310494035482407,-0.04927924647927284,0.16092480719089508,0.0849870964884758,0.2328883558511734,0.15267929434776306,-0.06855005770921707,-0.14867964386940002,-0.11599620431661606,0.33127516508102417,0.18519559502601624,0.0005391439772211015,0.0002119540877174586,-0.0007969439029693604,0.00019867166702169925,0.00031873895204626024,-0.0005132813239470124,-0.0002257825544802472,-0.13228464126586914,-0.13376083970069885,-0.03584550321102142,0.14437764883041382,0.014583781361579895,-0.31512144207954407,-0.08072832226753235,0.10060370713472366,0.018918460234999657,-0.1043955609202385,-0.004301989451050758,-0.10141242295503616,0.0161537267267704,0.10446727275848389,0.10060370713472366,0.018918460234999657,-0.1043955609202385,-0.004301989451050758,-0.10141242295503616,0.0161537267267704,0.10446727275848389,0.10060370713472366,0.018918460234999657,-0.1043955609202385,-0.004301989451050758,-0.10141242295503616,0.0161537267267704,0.10446727275848389
27.166,0.0035796472802758217,0.0035796472802758217,nan,nan,nan,nan,-0.15778733789920807,1.0,9.313225746154785e-09,0.6622644662857056,0.0,0.0,0.0,0.0,0.004000000189989805,0.013000000268220901,64.0,0.1288178712129593,2.3569650650024414,0.01277867704629898,9.832475662231445,0.008932165801525116,0.0018821004778146744,-0.0070500560104846954,-0.00034501918707974255,0.6219367980957031,0.008410408161580563,0.19889599084854126,9.0,1.0,0.0,0.0,0.003579641692340374,-5.587935447692871e-09,nan,0.014748340472579002,0.13532452285289764,0.085041843354702,-0.03845260292291641,-0.09072250127792358,-0.061155054718256,0.1997060775756836,0.10546813160181046,0.13704603910446167,0.08612369745969772,-0.038941770792007446,-0.09187661111354828,-0.06193302944302559,0.20224660634994507,0.1068098321557045,0.25226548314094543,0.1611688882112503,-0.0726717859506607,-0.1660134494304657,-0.11848574876785278,0.3671064078807831,0.19814704358577728,0.0013219536049291492,0.0008577247499488294,-0.001800429541617632,0.00027703921659849584,0.0011852167081087828,-0.0008840251830406487,-0.0007498027407564223,-0.177841454744339,-0.1503627598285675,-0.026241153478622437,0.16776356101036072,0.03894531726837158,-0.35142451524734497,-0.11890757083892822,0.07442402839660645,0.010806134901940823,-0.09891293942928314,0.0017501171678304672,-0.0795404314994812,0.015681900084018707,0.07923947274684906,0.07442402839660645,0.010806134901940823,-0.09891293942928314,0.0017501171678304672,-0.0795404314994812,0.015681900084018707,0.07923947274684906,0.07442401349544525,0.010806137695908546,-0.09891293942928314,0.0017501231050118804,-0.0795404240489006,0.01568189635872841,0.07923946529626846
27.218999999999998,0.003614869900047779,0.003614869900047779,nan,nan,nan,nan,-0.1629655510187149,0.0,9.313225746154785e-10,0.6615430116653442,0.0,0.0,0.0,0.0,0.0010000000474974513,0.012000000104308128,64.0,0.1288079023361206,2.3529558181762695,0.011149793863296509,9.013564109802246,-0.0013698721304535866,0.0016377377323806286,0.0030076107941567898,0.0,0.6121211051940918,0.009289036504924297,0.16239963471889496,9.0,1.0,0.0,0.0,0.0036148475483059883,-2.2351741790771484e-08,nan,0.004684489220380783,0.028444528579711914,0.05728553608059883,0.04858103767037392,-0.1340586096048355,0.07488159835338593,0.24204133450984955,-0.03723159804940224,0.03889870643615723,0.07833961397409439,0.06643596291542053,-0.18332898616790771,0.10240273177623749,0.3309984505176544,-0.050915274769067764,0.1968577802181244,0.1536870002746582,-0.015607109293341637,-0.2131829410791397,-0.028224464505910873,0.4319372773170471,0.11143681406974792,0.0008248002268373966,0.00045406646677292883,-0.001161597203463316,0.00022695070947520435,0.0006440354627557099,-0.0006480953306891024,-0.0004231455968692899,-0.09835983067750931,-0.15096861124038696,-0.07739325612783432,0.1838873326778412,-0.042066749185323715,-0.3760767877101898,-0.02636820077896118,0.09849794954061508,0.0027183815836906433,-0.0930003672838211,-0.029295608401298523,-0.07029121369123459,0.055860500782728195,0.08506861329078674,0.09849794954061508,0.0027183815836906433,-0.0930003672838211,-0.029295608401298523,-0.07029121369123459,0.055860500782728195,0.08506861329078674,0.09849794954061508,0.0027183815836906433,-0.0930003672838211,-0.029295608401298523,-0.07029121369123459,0.055860500782728195,0.08506861329078674
27.299000000000003,0.003780425526201725,0.003780425526201725,nan,nan,nan,nan,-0.15991565585136414,0.0,-9.313225746154785e-10,0.6604506373405457,0.0,0.0,0.0,0.0,0.00800000037997961,0.017000000923871994,64.0,0.12897364795207977,4.398387908935547,0.01996755599975586,12.63433837890625,-0.0024130912497639656,0.002348913811147213,0.004762004129588604,0.0,0.749869167804718,0.007701999042183161,0.16302631795406342,9.0,1.0,0.0,0.0,0.0037804031744599342,-2.2351741790771484e-08,nan,0.004703302402049303,0.07832905650138855,0.07724762707948685,0.026555802673101425,-0.1234423816204071,0.03642631322145462,0.24404987692832947,0.03266364336013794,0.026161301881074905,0.025800110772252083,0.008869432844221592,-0.041228801012039185,0.012166108004748821,0.08151078224182129,0.010909405536949635,0.13461098074913025,0.1347493678331375,0.036267612129449844,-0.2293999195098877,0.05225091427564621,0.4429365396499634,0.03647417575120926,0.0003495696291793138,4.96392349305097e-05,-0.0005451805773191154,0.00017694388225208968,0.00010377552098361775,-0.0004197031958028674,-9.520823368802667e-05,-0.0612625926733017,-0.16415271162986755,-0.09269185364246368,0.15920044481754303,-0.05137377977371216,-0.3497265577316284,-0.010343380272388458,0.07334838807582855,-0.029403340071439743,-0.05642424523830414,-0.07019947469234467,0.0008771347347646952,0.09320996701717377,0.0261307954788208,0.07334838807582855,-0.029403340071439743,-0.05642424523830414,-0.07019947469234467,0.0008771347347646952,0.09320996701717377,0.0261307954788208,0.07334838807582855,-0.029403340071439743,-0.05642424523830414,-0.07019947469234467,0.0008771347347646952,0.09320996701717377,0.0261307954788208
27.369000000000003,0.003923255018889904,0.003923255018889904,nan,nan,nan,nan,-0.14486409723758698,0.0,0.0,0.6594045162200928,0.0,0.0,0.0,0.0,0.006000000052154064,0.014999999664723873,64.0,0.12894250452518463,2.7273306846618652,0.013144686818122864,9.19530200958252,-0.004278838634490967,0.0022160960361361504,0.006494934670627117,0.0,0.7981394529342651,0.008008784614503384,0.13960672914981842,9.0,1.0,0.0,0.0,0.003923236392438412,-1.862645149230957e-08,nan,0.0037563915830105543,0.07832905650138855,0.07724762707948685,0.026555802673101425,-0.1234423816204071,0.03642631322145462,0.24404987692832947,0.03266364336013794,0.04507838189601898,0.04445601627230644,0.015282866545021534,-0.07104109972715378,0.02096334658563137,0.14045073091983795,0.01879793033003807,0.1259932816028595,0.12519240379333496,0.03831137344241142,-0.20667165517807007,0.05372781306505203,0.40361690521240234,0.04329921677708626,0.0010054492158815265,0.0006249932921491563,-0.0013966752449050546,0.00024969654623419046,0.0008694084244780242,-0.0007376158027909696,-0.0005614213878288865,-0.06429067254066467,-0.16566359996795654,-0.07204943895339966,0.12375563383102417,-0.020840764045715332,-0.2983785569667816,-0.03690342605113983,0.061702609062194824,-0.04047119617462158,-0.033738069236278534,-0.0829160213470459,0.0328870490193367,0.10523835569620132,0.006395789794623852,0.061702609062194824,-0.04047119617462158,-0.033738069236278534,-0.0829160213470459,0.0328870490193367,0.10523835569620132,0.006395789794623852,0.061702609062194824,-0.04047119617462158,-0.033738069236278534,-0.0829160213470459,0.0328870490193367,0.10523835569620132,0.006395789794623852
27.426,0.003960014320909977,0.003960014320909977,nan,nan,nan,nan,-0.14849445223808289,0.0,3.725290298461914e-09,0.6588064432144165,0.0,0.0,0.0,0.0,0.006000000052154064,0.010999999940395355,64.0,0.1286710500717163,2.342559337615967,0.012384727597236633,8.87632942199707,-0.005342984572052956,0.0009657046757638454,0.0063086929731070995,0.0,0.7974672317504883,0.008408096618950367,0.09735845029354095,9.0,1.0,0.0,0.0,0.003960003145039082,-1.1175870895385742e-08,nan,0.0029369378462433815,0.07832905650138855,0.07724762707948685,0.026555802673101425,-0.1234423816204071,0.03642631322145462,0.24404987692832947,0.03266364336013794,0.06335762143135071,0.062482886016368866,0.021480053663253784,-0.0998481959104538,0.029463961720466614,0.19740335643291473,0.02642047218978405,0.13118663430213928,0.12985680997371674,0.04221750795841217,-0.21090377867221832,0.05851266533136368,0.4144101142883301,0.04996655508875847,0.00018939592700917274,-9.128959936788306e-05,-0.000335411517880857,0.00016192469047382474,-8.637896098662168e-05,-0.0003430618380662054,2.1521380404010415e-05,-0.0764942392706871,-0.17794978618621826,-0.06011078134179115,0.12230648100376129,-0.01123812049627304,-0.3022981286048889,-0.04939746856689453,0.05469239503145218,-0.04809298366308212,-0.017893273383378983,-0.08859729766845703,0.04727454483509064,0.11211197823286057,0.000569087453186512,0.05469239503145218,-0.04809298366308212,-0.017893273383378983,-0.08859729766845703,0.04727454483509064,0.11211197823286057,0.000569087453186512,0.05469239503145218,-0.04809298366308212,-0.017893273383378983,-0.08859729766845703,0.04727454483509064,0.11211197823286057,0.000569087453186512
27.51,0.00345491711050272,0.00345491711050272,nan,nan,nan,nan,-0.1616644561290741,1.0,2.3283064365386963e-09,0.6537149548530579,0.0,0.0,0.0,0.0,0.003000000026077032,0.028999999165534973,64.0,0.12832112610340118,2.276562213897705,0.011771917343139648,24.693126678466797,0.005078547168523073,-0.0036809127777814865,-0.008759457617998123,-0.004272522870451212,0.7132441997528076,0.008871749974787235,0.14078129827976227,9.0,1.0,0.0,0.0,0.003454900346696377,-1.6763806343078613e-08,nan,0.010328901931643486,0.029493318870663643,0.05077185854315758,0.0453043170273304,-0.1384110301733017,0.07069946080446243,0.2416084110736847,-0.04437600448727608,0.02955763414502144,0.050882577896118164,0.04540311545133591,-0.13871286809444427,0.07085363566875458,0.24213528633117676,-0.04447277635335922,0.08821380138397217,0.11180276423692703,0.06902395188808441,-0.24506738781929016,0.10463941097259521,0.4470919370651245,-0.029498938471078873,0.0002778960042633116,-1.8037120753433555e-05,-0.000450298422947526,0.00017287084483541548,9.991937986342236e-06,-0.0003881708544213325,-3.724124326254241e-05,-0.08443091064691544,-0.17695221304893494,-0.06316764652729034,0.16108527779579163,-0.01868521422147751,-0.34795433282852173,-0.024540375918149948,0.003782887477427721,-0.0651494562625885,0.005856305360794067,-0.08398211002349854,0.0859541967511177,0.09913760423660278,-0.05403931438922882,0.003782887477427721,-0.0651494562625885,0.005856305360794067,-0.08398211002349854,0.0859541967511177,0.09913760423660278,-0.05403931438922882,0.00378288421779871,-0.0651494637131691,0.0058563039638102055,-0.08398210257291794,0.0859541967511177,0.09913758933544159,-0.05403931811451912
27.569,0.0035438956692814827,0.0035438956692814827,nan,nan,nan,nan,-0.16498221457004547,0.0,1.0244548320770264e-08,0.6533342003822327,0.0,0.0,0.0,0.0,0.0,0.012000000104308128,64.0,0.12803003191947937,2.6676225662231445,0.014210119843482971,12.224206924438477,0.005417658016085625,-0.0016595246270298958,-0.0070771723985672,0.006576689891517162,0.6337039470672607,0.010548281483352184,0.16589216887950897,9.0,1.0,0.0,0.0,0.003543873317539692,-2.2351741790771484e-08,nan,0.011233641766011715,-0.10798992216587067,0.16392439603805542,0.16190305352210999,0.023064641281962395,0.15454256534576416,0.02138424664735794,0.019537203013896942,-0.07700152695178986,0.116885244846344,0.11544394493103027,0.016446096822619438,0.110195592045784,0.015247900038957596,0.013930878601968288,0.015710826963186264,0.15049587190151215,0.12600570917129517,-0.19031491875648499,0.1551927924156189,0.3665325939655304,-0.03267719969153404,0.00027232468710280955,-1.6006793885026127e-05,-0.0004458415205590427,0.00017895022756420076,9.379001312481705e-06,-0.00039091266808100045,-3.596431633923203e-05,-0.04746348783373833,-0.21922743320465088,-0.09564894437789917,0.10574892908334732,-0.03731713443994522,-0.27254170179367065,-0.056611593812704086,-0.03175266087055206,-0.06873156130313873,0.030356764793395996,-0.08456598967313766,0.11787565797567368,0.09399089962244034,-0.08928879350423813,-0.03175266087055206,-0.06873156130313873,0.030356764793395996,-0.08456598967313766,0.11787565797567368,0.09399089962244034,-0.08928879350423813,-0.03175266087055206,-0.06873156130313873,0.030356764793395996,-0.08456598967313766,0.11787565797567368,0.09399089962244034,-0.08928879350423813
27.648,0.0036958036944270134,0.0036958036944270134,nan,nan,nan,nan,-0.16740314662456512,0.0,0.0,0.6539315581321716,0.0,0.0,0.0,0.0,0.004000000189989805,0.014999999664723873,64.0,0.1277369111776352,2.5571930408477783,0.01332256942987442,13.29992389678955,-0.0027947574853897095,4.4223852455616e-06,0.002799179870635271,0.0,0.34163698554039,0.009229029528796673,0.1370730698108673,9.0,1.0,0.0,0.0,0.0036957869306206703,-1.6763806343078613e-08,nan,0.00395572604611516,0.05687293782830238,0.20242805778980255,0.06934737414121628,-0.060272011905908585,0.003711455035954714,0.17481645941734314,0.08229222148656845,0.023728564381599426,0.084457166492939,0.02893315628170967,-0.02514672838151455,0.0015484957257285714,0.07293704152107239,0.03433401510119438,0.014139401726424694,0.22185063362121582,0.13362671434879303,-0.11252246797084808,0.10662245005369186,0.26634639501571655,0.038015834987163544,0.00044288794742897153,0.00012530140520539135,-0.0006630306597799063,0.00019307895854581147,0.00019611501193139702,-0.00046970907715149224,-0.00014939105312805623,-0.07619262486696243,-0.25184115767478943,-0.06817727535963058,0.06952302157878876,0.026519544422626495,-0.23690935969352722,-0.10579659044742584,-0.06205322593450546,-0.029990527778863907,0.06544943898916245,-0.042999446392059326,0.13314199447631836,0.029437031596899033,-0.0677807554602623,-0.06205322593450546,-0.029990527778863907,0.06544943898916245,-0.042999446392059326,0.13314199447631836,0.029437031596899033,-0.0677807554602623,-0.06205322593450546,-0.029990527778863907,0.06544943898916245,-0.042999446392059326,0.13314199447631836,0.029437031596899033,-0.0677807554602623
27.717000000000002,0.003865099512040615,0.003865099512040615,nan,nan,nan,nan,-0.16451512277126312,0.0,3.725290298461914e-09,0.6569119095802307,0.0,0.0,0.0,0.0,0.0010000000474974513,0.014999999664723873,64.0,0.12845683097839355,3.8815970420837402,0.015892088413238525,14.561195373535156,-0.003302754834294319,0.002345404587686062,0.0056481631472706795,0.0,0.09496008604764938,0.007977473549544811,0.15384051203727722,9.0,1.0,0.0,0.0,0.003865082748234272,-1.6763806343078613e-08,nan,0.0044313152320683,0.030921394005417824,0.06897186487913132,0.050042107701301575,-0.12808337807655334,0.07563655078411102,0.24338431656360626,-0.020503059029579163,0.012903557159006596,0.028782090172171593,0.02088266797363758,-0.05344943702220917,0.031563278287649155,0.10156474262475967,-0.00855596549808979,0.040455162525177,0.2084111124277115,0.10911035537719727,-0.12692923843860626,0.081873320043087,0.28867051005363464,0.04073888808488846,0.0006068872753530741,0.0002713690046221018,-0.0008761889766901731,0.00021297468629200011,0.0003875983238685876,-0.00055120192700997,-0.00026671821251511574,-0.10901061445474625,-0.2141982764005661,-0.03981929272413254,0.1178513839840889,0.033176228404045105,-0.30984193086624146,-0.08715204149484634,-0.06855545192956924,-0.0057871658354997635,0.06929106265306473,-0.009077856317162514,0.11504954844713211,-0.021171409636735916,-0.046413153409957886,-0.06855545192956924,-0.0057871658354997635,0.06929106265306473,-0.009077856317162514,0.11504954844713211,-0.021171409636735916,-0.046413153409957886,-0.06855545192956924,-0.0057871658354997635,0.06929106265306473,-0.009077856317162514,0.11504954844713211,-0.021171409636735916,-0.046413153409957886
27.776999999999997,0.0038883620873093605,0.0038883620873093605,nan,nan,nan,nan,-0.15070407092571259,0.0,4.656612873077393e-10,0.659519374370575,0.0,0.0,0.0,0.0,0.0020000000949949026,0.013000000268220901,64.0,0.12941418588161469,1.9832634925842285,0.010230578482151031,9.318208694458008,-0.003529434558004141,0.002309497445821762,0.00583893246948719,0.0,0.21484537422657013,0.007626823615282774,0.1487767994403839,9.0,1.0,0.0,0.0,0.0038883471861481667,-1.4901161193847656e-08,nan,0.004284843802452087,0.030921394005417824,0.06897186487913132,0.050042107701301575,-0.12808337807655334,0.07563655078411102,0.24338431656360626,-0.020503059029579163,0.02242833748459816,0.05002763867378235,0.03629724308848381,-0.09290322661399841,0.05486176162958145,0.17653492093086243,-0.014871565625071526,0.04562971740961075,0.1552014797925949,0.09357316046953201,-0.17063438892364502,0.10389155149459839,0.34570348262786865,0.0002872198820114136,0.001169051742181182,0.0007521678344346583,-0.001597613445483148,0.00027625163784250617,0.0010257222456857562,-0.0008306243107654154,-0.0006542095215991139,-0.10677715390920639,-0.16653576493263245,-0.030209556221961975,0.1511620581150055,0.008209146559238434,-0.35116326808929443,-0.049371905624866486,-0.06114743649959564,-0.011334285140037537,0.06336360424757004,-0.019472327083349228,0.11210069805383682,-0.005459774285554886,-0.04908468574285507,-0.06114743649959564,-0.011334285140037537,0.06336360424757004,-0.019472327083349228,0.11210069805383682,-0.005459774285554886,-0.04908468574285507,-0.06114743649959564,-0.011334285140037537,0.06336360424757004,-0.019472327083349228,0.11210069805383682,-0.005459774285554886,-0.04908468574285507
27.858,0.0034079840406775475,0.0034079840406775475,nan,nan,nan,nan,-0.13658171892166138,1.0,-6.984919309616089e-10,0.6593706011772156,0.0,0.0,0.0,0.0,0.007000000216066837,0.014999999664723873,64.0,0.12977063655853271,2.4487171173095703,0.012674368917942047,9.034017562866211,0.001413316698744893,-0.0021999715827405453,-0.0036132889799773693,-0.014112021774053574,0.43210747838020325,0.009227204136550426,0.1744675487279892,9.0,1.0,0.0,0.0,0.003407972864806652,-1.1175870895385742e-08,nan,0.006228951271623373,-0.10662417113780975,0.16058285534381866,0.16549129784107208,0.02135736122727394,0.15502090752124786,0.029593974351882935,0.0096769193187356,-0.035936132073402405,0.05412212014198303,0.0557764433324337,0.007198188919574022,0.0522475503385067,0.009974219836294651,0.0032614651136100292,-0.042170748114585876,0.17879924178123474,0.15222734212875366,-0.08093088865280151,0.15425057709217072,0.2070484459400177,0.002877975581213832,0.0007778172148391604,0.0004293421225156635,-0.0011052441550418735,0.00023967650486156344,0.0005911967600695789,-0.0006448556669056416,-0.00039260019548237324,-0.040967829525470734,-0.1893414705991745,-0.07616094499826431,0.07369551807641983,-0.02266836166381836,-0.2319265753030777,-0.05999283120036125,-0.08313857764005661,-0.010542228817939758,0.07606639713048935,-0.007235368713736534,0.13158221542835236,-0.0248781256377697,-0.0571148544549942,-0.08313857764005661,-0.010542228817939758,0.07606639713048935,-0.007235368713736534,0.13158221542835236,-0.0248781256377697,-0.0571148544549942,-0.08313857764005661,-0.010542231611907482,0.07606639713048935,-0.007235366851091385,0.13158221542835236,-0.024878131225705147,-0.0571148544549942
27.956999999999997,0.003229890950024128,0.003229890950024128,nan,nan,nan,nan,-0.1433061957359314,0.0,-4.656612873077393e-10,0.6611279845237732,0.0,0.0,0.0,0.0,0.007000000216066837,0.013000000268220901,64.0,0.12928736209869385,2.2637619972229004,0.011246651411056519,8.941089630126953,0.0011554327793419361,-0.0014657783322036266,-0.00262121157720685,-0.0012955412967130542,0.0030541715677827597,0.010206271894276142,0.18771634995937347,9.0,1.0,0.0,0.0,0.003229881636798382,-9.313225746154785e-09,nan,0.004814052022993565,0.13149581849575043,0.15467506647109985,-0.03540869429707527,-0.02536066249012947,-0.12298919260501862,0.10427048802375793,0.144529789686203,0.07007226347923279,0.08242415636777878,-0.018868792802095413,-0.013514338992536068,-0.06553919613361359,0.0555642694234848,0.0770178809762001,0.025286953896284103,0.20384055376052856,0.10069382190704346,-0.06419810652732849,0.06029020622372627,0.18870507180690765,0.06973691284656525,0.000748342601582408,0.0004041296197101474,-0.001072102808393538,0.0002394568728050217,0.0005530000198632479,-0.0006361356354318559,-0.0003683820541482419,-0.12471187114715576,-0.19497865438461304,-0.011864714324474335,0.08446396887302399,0.07257479429244995,-0.25076159834861755,-0.11330285668373108,-0.09942491352558136,0.008861906826496124,0.08882910758256912,0.020265860483050346,0.13286499679088593,-0.0620565265417099,-0.04356594383716583,-0.09942491352558136,0.008861906826496124,0.08882910758256912,0.020265860483050346,0.13286499679088593,-0.0620565265417099,-0.04356594383716583,-0.09942491352558136,0.008861906826496124,0.08882910758256912,0.020265860483050346,0.13286499679088593,-0.0620565265417099,-0.04356594383716583
28.011,0.00333287101238966,0.00333287101238966,nan,nan,nan,nan,-0.16192686557769775,0.0,2.421438694000244e-08,0.6636390089988708,0.0,0.0,0.0,0.0,0.008999999612569809,0.014999999664723873,64.0,0.1292419135570526,2.9537129402160645,0.01389719545841217,14.842720985412598,0.0029650572687387466,0.0004075830802321434,-0.0025574499741196632,0.006899486295878887,-0.4628756046295166,0.008275378495454788,0.1796920746564865,9.0,1.0,0.0,0.0,0.0033328579738736153,-1.30385160446167e-08,nan,0.007204500958323479,0.13149581849575043,0.15467506647109985,-0.03540869429707527,-0.02536066249012947,-0.12298919260501862,0.10427048802375793,0.144529789686203,0.1263473629951477,0.14861907064914703,-0.034022338688373566,-0.024367718026041985,-0.11817380040884018,0.1001879945397377,0.13887101411819458,0.13298538327217102,0.2424987107515335,0.01733865588903427,-0.05497577786445618,-0.08288261294364929,0.18883240222930908,0.16690346598625183,0.0012642056681215763,0.0008248257217928767,-0.0017282279441133142,0.00029472829191945493,0.0011105566518381238,-0.0008929941686801612,-0.0007021784549579024,-0.20916028320789337,-0.20915871858596802,0.0365588441491127,0.10588493198156357,0.15381711721420288,-0.2883634567260742,-0.17353565990924835,-0.07617489993572235,0.03333999589085579,0.05389750003814697,0.05090915411710739,0.07093451172113419,-0.09953103959560394,-0.006632191129028797,-0.07617489993572235,0.03333999589085579,0.05389750003814697,0.05090915411710739,0.07093451172113419,-0.09953103959560394,-0.006632191129028797,-0.07617489993572235,0.03333999589085579,0.05389750003814697,0.05090915411710739,0.07093451172113419,-0.09953103959560394,-0.006632191129028797
28.115,0.0031505832448601723,0.0031505832448601723,nan,nan,nan,nan,-0.18618975579738617,0.0,3.4924596548080444e-09,0.6629639863967896,0.0,0.0,0.0,0.0,0.003000000026077032,0.012000000104308128,64.0,0.12946844100952148,8.837174415588379,0.01507531851530075,16.258514404296875,-0.00010695145465433598,-0.0015186065575107932,-0.0014116516103968024,-0.013173247687518597,-0.09604068100452423,0.007983965799212456,0.10042009502649307,9.0,1.0,0.0,0.0,0.0031505776569247246,-5.587935447692871e-09,nan,0.003010090906172991,0.13149581849575043,0.15467506647109985,-0.03540869429707527,-0.02536066249012947,-0.12298919260501862,0.10427048802375793,0.144529789686203,0.1827184110879898,0.2149268388748169,-0.04920171946287155,-0.03523959964513779,-0.17089812457561493,0.1448877900838852,0.20082959532737732,0.2079056054353714,0.29173216223716736,-0.026851851493120193,-0.0561726950109005,-0.17170874774456024,0.210563525557518,0.23987963795661926,0.0015812127385288477,0.0010818771552294493,-0.002133389702066779,0.00032988196471706033,0.001447794958949089,-0.0010541833471506834,-0.0009019707795232534,-0.23084543645381927,-0.2396945357322693,0.03552471101284027,0.12240684032440186,0.1697668731212616,-0.33500075340270996,-0.1917850375175476,-0.022939836606383324,0.05203762650489807,0.008672859519720078,0.06623414158821106,-0.0019418722949922085,-0.12443722784519196,0.048094600439071655,-0.022939836606383324,0.05203762650489807,0.008672859519720078,0.06623414158821106,-0.0019418722949922085,-0.12443722784519196,0.048094600439071655,-0.022939836606383324,0.05203762650489807,0.008672859519720078,0.06623414158821106,-0.0019418722949922085,-0.12443722784519196,0.048094600439071655
28.188,0.0035083862021565437,0.0035083862021565437,nan,nan,nan,nan,-0.17250871658325195,0.0,0.0,0.6654976010322571,0.0,0.0,0.0,0.0,-0.0010000000474974513,0.014999999664723873,64.0,0.12966367602348328,12.053902626037598,0.013904646039009094,18.729896545410156,-0.0031262636184692383,0.001847430132329464,0.004973693750798702,0.0,-0.32271310687065125,0.007495207246392965,0.06231411546468735,9.0,1.0,0.0,0.0,0.0035083619877696037,-2.421438694000244e-08,nan,0.0021637100726366043,0.03148391470313072,0.08427435904741287,0.05342291295528412,-0.12044616788625717,0.07619263231754303,0.24230022728443146,-0.005531113129109144,0.02511124312877655,0.06721635162830353,0.0426095575094223,-0.09606660902500153,0.06077045202255249,0.19325613975524902,-0.0044115581549704075,0.1384688764810562,0.22551339864730835,0.02687089517712593,-0.12455588579177856,-0.03480331599712372,0.3040439784526825,0.12717896699905396,0.0015762225957587361,0.0010779098374769092,-0.0021266706753522158,0.00032720493618398905,0.0014432944590225816,-0.0010496010072529316,-0.0008999339188449085,-0.14207297563552856,-0.17008443176746368,-0.03624715283513069,0.1828289031982422,0.0167550016194582,-0.41513195633888245,-0.07029366493225098,-0.003604106605052948,0.055428970605134964,-0.00937625765800476,0.058273009955883026,-0.01804831437766552,-0.11108797043561935,0.05688530579209328,-0.003604106605052948,0.055428970605134964,-0.00937625765800476,0.058273009955883026,-0.01804831437766552,-0.11108797043561935,0.05688530579209328,-0.003604106605052948,0.055428970605134964,-0.00937625765800476,0.058273009955883026,-0.01804831437766552,-0.11108797043561935,0.05688530579209328
28.270999999999997,0.003874971531331539,0.003874971531331539,nan,nan,nan,nan,-0.14129044115543365,1.0,1.862645149230957e-09,0.6677729487419128,0.0,0.0,0.0,0.0,0.0,0.013000000268220901,64.0,0.12943647801876068,2.6155030727386475,0.015188008546829224,16.351045608520508,-0.004959682002663612,0.0024907737970352173,0.007450457662343979,0.0,-0.2902757525444031,0.006039460655301809,0.09838934987783432,9.0,1.0,0.0,0.0,0.003874952904880047,-1.862645149230957e-08,nan,0.00256456364877522,-0.10274893045425415,0.1553436815738678,0.16790731251239777,0.009198443964123726,0.15670208632946014,0.04954509064555168,-0.004823319148272276,-0.0,0.0,0.0,0.0,0.0,0.0,-0.0,0.045594703406095505,0.19631466269493103,0.08398858457803726,-0.08465080708265305,0.04832722991704941,0.22528059780597687,0.06941023468971252,0.0014550227206200361,0.0009789087343961,-0.0019725679885596037,0.0003086281940340996,0.001311750733293593,-0.0009853208903223276,-0.0008208398357965052,-0.06219926476478577,-0.14572705328464508,-0.08145921677350998,0.130443274974823,-0.04055703058838844,-0.31544363498687744,-0.031178437173366547,-0.016604559496045113,0.05058760941028595,0.002529366873204708,0.045792460441589355,0.007770198862999678,-0.09016303718090057,0.03823179751634598,-0.016604559496045113,0.05058760941028595,0.002529366873204708,0.045792460441589355,0.007770198862999678,-0.09016303718090057,0.03823179751634598,-0.016604561358690262,0.05058760568499565,0.0025293659418821335,0.045792464166879654,0.007770199328660965,-0.09016304463148117,0.03823179751634598
28.358999999999998,0.0034602703526616096,0.0034602703526616096,nan,nan,nan,nan,-0.13620588183403015,0.0,6.984919309616089e-10,0.6648157835006714,0.0,0.0,0.0,0.0,0.0010000000474974513,0.01600000075995922,64.0,0.12894301116466522,2.127462148666382,0.009305775165557861,8.517059326171875,-0.0029155679512768984,-0.002389536937698722,0.0005260317120701075,0.0,-0.2975786626338959,0.00562876695767045,0.05870264023542404,9.0,1.0,0.0,0.0,0.003460248000919819,-2.2351741790771484e-08,nan,0.0020907262805849314,0.14524219930171967,0.11342833936214447,-0.052953869104385376,-0.052840396761894226,-0.10888143628835678,0.1463002860546112,0.131086066365242,0.10502055287361145,0.08201684802770615,-0.03828945755958557,-0.03820740431547165,-0.07872910797595978,0.10578562319278717,0.09478464722633362,0.1235847994685173,0.18852809071540833,0.012547904625535011,-0.08393096923828125,-0.04540594667196274,0.22717466950416565,0.12771955132484436,0.0012367627350613475,0.0008035894716158509,-0.001699934247881174,0.00028631967143155634,0.0010767490603029728,-0.000881009385921061,-0.0006790321785956621,-0.1405271291732788,-0.14283022284507751,-0.011669782921671867,0.12757065892219543,0.05431467294692993,-0.3109785318374634,-0.09180096536874771,-0.016942329704761505,0.04569786787033081,0.0008781212382018566,0.043639689683914185,0.008908728137612343,-0.08380386233329773,0.03591858595609665,-0.016942329704761505,0.04569786787033081,0.0008781212382018566,0.043639689683914185,0.008908728137612343,-0.08380386233329773,0.03591858595609665,-0.016942329704761505,0.04569786787033081,0.0008781212382018566,0.043639689683914185,0.008908728137612343,-0.08380386233329773,0.03591858595609665
28.423,0.003498499281704426,0.003498499281704426,nan,nan,nan,nan,-0.15108321607112885,0.0,4.656612873077393e-10,0.6652255654335022,0.0,0.0,0.0,0.0,0.0020000000949949026,0.012000000104308128,64.0,0.1286434829235077,2.4589085578918457,0.011691823601722717,9.304170608520508,-0.002768424805253744,-0.0016496781026944518,0.0011187471682205796,0.0,0.14353293180465698,0.006155283190310001,0.0766860619187355,9.0,1.0,0.0,0.0,0.003498491831123829,-7.450580596923828e-09,nan,0.002466555219143629,0.14524219930171967,0.11342833936214447,-0.052953869104385376,-0.052840396761894226,-0.10888143628835678,0.1463002860546112,0.131086066365242,0.16045419871807098,0.1253083050251007,-0.0585000179708004,-0.05837465822696686,-0.12028518319129944,0.16162310540676117,0.14481541514396667,0.21492791175842285,0.2092549055814743,-0.05243875831365585,-0.0957285463809967,-0.1398642659187317,0.2627026438713074,0.20126061141490936,0.0011776672909036279,0.0007570032612420619,-0.0016263389261439443,0.0002784097450785339,0.0010149802546948195,-0.0008514330838806927,-0.0006424154271371663,-0.20188008248806,-0.15995049476623535,0.021603533998131752,0.13945837318897247,0.10707077383995056,-0.33375778794288635,-0.14153939485549927,0.013047832995653152,0.04930441826581955,-0.0308352243155241,0.04372982680797577,-0.03279348835349083,-0.07105513662099838,0.05972122400999069,0.013047832995653152,0.04930441826581955,-0.0308352243155241,0.04372982680797577,-0.03279348835349083,-0.07105513662099838,0.05972122400999069,0.013047832995653152,0.04930441826581955,-0.0308352243155241,0.04372982680797577,-0.03279348835349083,-0.07105513662099838,0.05972122400999069
28.474999999999998,0.0034959902986884117,0.0034959902986884117,nan,nan,nan,nan,-0.1667081117630005,1.0,0.0,0.6652236580848694,0.0,0.0,0.0,0.0,0.003000000026077032,0.012000000104308128,64.0,0.12877941131591797,2.9099574089050293,0.012235715985298157,9.444092750549316,-0.0029590073972940445,-0.0013660960830748081,0.0015929113142192364,0.0,0.4564872980117798,0.008524622768163681,0.07030019909143448,9.0,1.0,0.0,0.0,0.003495977260172367,-1.30385160446167e-08,nan,0.002260340377688408,0.14524219930171967,0.11342833936214447,-0.052953869104385376,-0.052840396761894226,-0.10888143628835678,0.1463002860546112,0.131086066365242,0.1984238475561142,0.15496107935905457,-0.0723433792591095,-0.0721883550286293,-0.14874929189682007,0.19986936450004578,0.17908433079719543,0.2664598524570465,0.23101498186588287,-0.0827990472316742,-0.10664781183004379,-0.18798531591892242,0.29398098587989807,0.24451959133148193,0.0009684775723144412,0.0005974293453618884,-0.001365948235616088,0.0002594927791506052,0.000799170637037605,-0.0007525444962084293,-0.0005126314354129136,-0.2122204452753067,-0.18343716859817505,0.019668057560920715,0.1463606357574463,0.11297646909952164,-0.35810333490371704,-0.1519901603460312,0.05423940718173981,0.04757781699299812,-0.06313098967075348,0.0397128164768219,-0.07500884681940079,-0.06412236392498016,0.09252943098545074,0.05423940718173981,0.04757781699299812,-0.06313098967075348,0.0397128164768219,-0.07500884681940079,-0.06412236392498016,0.09252943098545074,0.05423940718173981,0.04757781699299812,-0.06313098967075348,0.0397128164768219,-0.07500884681940079,-0.06412236392498016,0.09252943098545074
28.552000000000003,0.0032599428668618202,0.0032599428668618202,nan,nan,nan,nan,-0.19408901035785675,0.0,5.587935447692871e-09,0.6634936928749084,0.0,0.0,0.0,0.0,0.0010000000474974513,0.024000000208616257,64.0,0.12901656329631805,2.2923202514648438,0.0107521191239357,8.594361305236816,-0.00116637721657753,-0.0017719496972858906,-0.000605566892772913,0.0009957391303032637,0.5987210869789124,0.013241070322692394,0.041124939918518066,9.0,1.0,0.0,0.0,0.0032599372789263725,-5.587935447692871e-09,nan,0.0026209161151200533,0.14524219930171967,0.11342833936214447,-0.052953869104385376,-0.052840396761894226,-0.10888143628835678,0.1463002860546112,0.131086066365242,0.24704131484031677,0.19292938709259033,-0.09006882458925247,-0.08987581729888916,-0.18519558012485504,0.24884101748466492,0.22296325862407684,0.3285282552242279,0.2666665017604828,-0.11345548927783966,-0.12379869818687439,-0.24109767377376556,0.34219250082969666,0.2982838749885559,0.0010789314983412623,0.0006882147281430662,-0.0015086171915754676,0.0002718568139243871,0.0009191058343276381,-0.0008096525561995804,-0.000585441361181438,-0.21604621410369873,-0.2233719378709793,0.004568837583065033,0.16114097833633423,0.10712116956710815,-0.4067629277706146,-0.15603649616241455,0.11248203366994858,0.04329456016421318,-0.10888665169477463,0.037342287600040436,-0.1339765042066574,-0.06457043439149857,0.14224737882614136,0.11248203366994858,0.04329456016421318,-0.10888665169477463,0.037342287600040436,-0.1339765042066574,-0.06457043439149857,0.14224737882614136,0.11248203366994858,0.04329456016421318,-0.10888665169477463,0.037342287600040436,-0.1339765042066574,-0.06457043439149857,0.14224737882614136
28.631000000000004,0.00340422336012125,0.00340422336012125,nan,nan,nan,nan,-0.15287470817565918,0.0,2.7939677238464355e-09,0.6629297733306885,0.0,0.0,0.0,0.0,0.007000000216066837,0.014000000432133675,64.0,0.1292124092578888,2.525968551635742,0.010407529771327972,9.941337585449219,-0.0016315178945660591,0.0003132852725684643,0.0019448059611022472,0.0,0.3879742920398712,0.009153750725090504,0.10296700894832611,9.0,1.0,0.0,0.0,0.0034042121842503548,-1.1175870895385742e-08,nan,0.0030716308392584324,0.1472046673297882,0.09195923060178757,-0.0547732450067997,-0.07120846956968307,-0.08915839344263077,0.1706874519586563,0.12132643908262253,0.03546693176031113,0.022156307473778725,-0.013196857646107674,-0.017156697809696198,-0.021481484174728394,0.04112478718161583,0.029231930151581764,0.21282432973384857,0.18620611727237701,-0.04494485259056091,-0.13421261310577393,-0.10305804014205933,0.323060005903244,0.1692040115594864,0.0016425801441073418,0.0011551547795534134,-0.0022279659751802683,0.0003299857198726386,0.001534965354949236,-0.0010924639645963907,-0.0009543943451717496,-0.1512860208749771,-0.13302291929721832,-0.04325961321592331,0.17006918787956238,0.011256448924541473,-0.3594789505004883,-0.07930850982666016,0.06153830885887146,0.05318319797515869,-0.08820446580648422,0.035856567323207855,-0.09180159121751785,-0.03641895204782486,0.08989550173282623,0.06153830885887146,0.05318319797515869,-0.08820446580648422,0.035856567323207855,-0.09180159121751785,-0.03641895204782486,0.08989550173282623,0.06153830885887146,0.05318319797515869,-0.08820446580648422,0.035856567323207855,-0.09180159121751785,-0.03641895204782486,0.08989550173282623
28.723000000000003,0.003738994710147381,0.003738994710147381,nan,nan,nan,nan,-0.12703494727611542,0.0,0.0,0.6645859479904175,0.0,0.0,0.0,0.0,0.003000000026077032,0.02199999988079071,64.0,0.12919224798679352,10.68525218963623,0.02682022750377655,12.319090843200684,-0.0036077965050935745,0.0030444012954831123,0.006652197800576687,0.00952785275876522,0.6132665872573853,0.009394138120114803,0.10602205991744995,9.0,1.0,0.0,0.0,0.0037389853969216347,-9.313225746154785e-09,nan,0.003146270290017128,0.1472046673297882,0.09195923060178757,-0.0547732450067997,-0.07120846956968307,-0.08915839344263077,0.1706874519586563,0.12132643908262253,0.07640261948108673,0.04772896692156792,-0.0284285806119442,-0.03695884346961975,-0.046275265514850616,0.08859073370695114,0.06297122687101364,0.21094024181365967,0.15699994564056396,-0.06226781755685806,-0.11684741079807281,-0.11551967263221741,0.28072434663772583,0.17091768980026245,0.0006951846880838275,0.00037937291199341416,-0.0010175020433962345,0.00022922373318579048,0.000511840102262795,-0.0006153942667879164,-0.00034279501414857805,-0.12373609840869904,-0.12143757939338684,-0.02939477562904358,0.12952300906181335,0.024831756949424744,-0.29077982902526855,-0.07323206216096878,0.08720414340496063,0.035562366247177124,-0.09166259318590164,0.012675603851675987,-0.09068791568279266,-0.010055474936962128,0.09768562763929367,0.08720414340496063,0.035562366247177124,-0.09166259318590164,0.012675603851675987,-0.09068791568279266,-0.010055474936962128,0.09768562763929367,0.08720414340496063,0.035562366247177124,-0.09166259318590164,0.012675603851675987,-0.09068791568279266,-0.010055474936962128,0.09768562763929367
28.802000000000003,0.003572600893676281,0.003572600893676281,nan,nan,nan,nan,-0.13738244771957397,0.0,2.8870999813079834e-08,0.6627362966537476,0.0,0.0,0.0,0.0,0.004000000189989805,0.014000000432133675,64.0,0.12844550609588623,3.647322654724121,0.017464160919189453,10.151515007019043,0.0021835844963788986,-0.0004453565925359726,-0.002628912217915058,-0.013396941125392914,0.6320703625679016,0.00910766888409853,0.10027889162302017,9.0,1.0,0.0,0.0,0.003572585992515087,-1.4901161193847656e-08,nan,0.007943903096020222,0.1472046673297882,0.09195923060178757,-0.0547732450067997,-0.07120846956968307,-0.08915839344263077,0.1706874519586563,0.12132643908262253,0.13189981877803802,0.08239825069904327,-0.04907848313450813,-0.06380493938922882,-0.07988861203193665,0.15294112265110016,0.10871215164661407,0.24041926860809326,0.16317209601402283,-0.08110974729061127,-0.12392029166221619,-0.13931627571582794,0.29736757278442383,0.1966412365436554,0.0006388946203514934,0.0003266687854193151,-0.0009409868507646024,0.0002193311956943944,0.0004451361019164324,-0.0005825122934766114,-0.00030094239627942443,-0.160741925239563,-0.1342313289642334,-0.013015903532505035,0.13938532769680023,0.04781471937894821,-0.30585741996765137,-0.10471449792385101,0.07967734336853027,0.028940774500370026,-0.0941256508231163,0.015465030446648598,-0.09150155633687973,-0.008489835076034069,0.09192673861980438,0.07967734336853027,0.028940774500370026,-0.0941256508231163,0.015465030446648598,-0.09150155633687973,-0.008489835076034069,0.09192673861980438,0.07967734336853027,0.028940774500370026,-0.0941256508231163,0.015465030446648598,-0.09150155633687973,-0.008489835076034069,0.09192673861980438
28.876,0.0032278774306178093,0.0032278774306178093,nan,nan,nan,nan,-0.146038219332695,1.0,-9.313225746154785e-10,0.6589972376823425,0.0,0.0,0.0,0.0,0.006000000052154064,0.02199999988079071,64.0,0.1286054402589798,2.718930244445801,0.3920532763004303,9.591917037963867,-0.00014065857976675034,-0.0021051038056612015,-0.0019644461572170258,0.0,0.6954069137573242,0.009662100113928318,0.12228375673294067,9.0,1.0,0.0,0.0,0.0032278625294566154,-1.4901161193847656e-08,nan,0.0035586454905569553,0.1472046673297882,0.09195923060178757,-0.0547732450067997,-0.07120846956968307,-0.08915839344263077,0.1706874519586563,0.12132643908262253,0.17131946980953217,0.10702383518218994,-0.06374610215425491,-0.08287371695041656,-0.10376416146755219,0.19864918291568756,0.1412019282579422,0.2746475636959076,0.1780637502670288,-0.09801964461803436,-0.13666751980781555,-0.1631976217031479,0.32775813341140747,0.2256087362766266,0.0018182217609137297,0.0013223787536844611,-0.002459342125803232,0.00034507931559346616,0.0017539288382977247,-0.0011818933999165893,-0.001088879187591374,-0.191886305809021,-0.13925883173942566,-0.005213655531406403,0.15242579579353333,0.06639952957630157,-0.3227756917476654,-0.13240359723567963,0.0827612653374672,0.038804925978183746,-0.10323330014944077,0.015758279711008072,-0.09679809212684631,0.00498243048787117,0.09320513904094696,0.0827612653374672,0.038804925978183746,-0.10323330014944077,0.015758279711008072,-0.09679809212684631,0.00498243048787117,0.09320513904094696,0.0827612653374672,0.03880492225289345,-0.10323330014944077,0.01575828343629837,-0.09679809212684631,0.004982422571629286,0.09320513904094696
28.935,0.0033762389793992043,0.0033762389793992043,nan,nan,nan,nan,-0.16614903509616852,0.0,2.7939677238464355e-08,0.6585795283317566,0.0,0.0,0.0,0.0,0.004000000189989805,0.012000000104308128,64.0,0.1288396567106247,2.6928586959838867,0.016003847122192383,18.161949157714844,0.010530306957662106,0.0006980989128351212,-0.009832180105149746,0.009036468341946602,0.615419328212738,0.009879226796329021,0.173230841755867,9.0,1.0,0.0,0.0,0.003376227803528309,-1.1175870895385742e-08,nan,0.015167283825576305,0.1472046673297882,0.09195923060178757,-0.0547732450067997,-0.07120846956968307,-0.08915839344263077,0.1706874519586563,0.12132643908262253,0.1895650029182434,0.11842186748981476,-0.07053506374359131,-0.09169977158308029,-0.11481504142284393,0.21980531513690948,0.15623992681503296,0.29901963472366333,0.19054344296455383,-0.1088537648320198,-0.1468454748392105,-0.17929168045520782,0.352085143327713,0.2460162341594696,0.000854775367770344,0.0005128266639076173,-0.0012194151058793068,0.00024176036822609603,0.0006907355855219066,-0.0006946935318410397,-0.0004511153092607856,-0.22366532683372498,-0.1603875756263733,-0.003164932131767273,0.1732226461172104,0.0757124274969101,-0.3611052334308624,-0.15437613427639008,0.07535431534051895,0.03015587292611599,-0.11201869696378708,0.02637716569006443,-0.10357925295829773,-0.009020080789923668,0.09164009988307953,0.07535431534051895,0.03015587292611599,-0.11201869696378708,0.02637716569006443,-0.10357925295829773,-0.009020080789923668,0.09164009988307953,0.07535431534051895,0.03015587292611599,-0.11201869696378708,0.02637716569006443,-0.10357925295829773,-0.009020080789923668,0.09164009988307953
29.007,0.0037189247086644173,0.0037189247086644173,nan,nan,nan,nan,-0.132915660738945,0.0,1.862645149230957e-09,0.6587607860565186,0.0,0.0,0.0,0.0,0.003000000026077032,0.027000000700354576,64.0,0.12978695333003998,4.369168758392334,0.0201445072889328,10.944135665893555,-0.0019452404230833054,0.003428479190915823,0.005373721476644278,0.0,0.7196667790412903,0.011472128331661224,0.16718216240406036,9.0,1.0,0.0,0.0,0.0037189098075032234,-1.4901161193847656e-08,nan,0.004829017911106348,0.12736566364765167,0.08690599352121353,-0.02624817006289959,-0.09770241379737854,-0.03732484206557274,0.21548405289649963,0.09035532921552658,0.06217562034726143,0.042424578219652176,-0.01281347218900919,-0.04769502580165863,-0.018220728263258934,0.10519205033779144,0.044108424335718155,0.2362765520811081,0.15472623705863953,-0.07143083959817886,-0.1415148675441742,-0.11337026208639145,0.32569655776023865,0.18393240869045258,0.0007712474907748401,0.0004535805492196232,-0.0011122775031253695,0.00023197940026875585,0.0006132678245194256,-0.0006520612514577806,-0.0004062109801452607,-0.120000459253788,-0.12949691712856293,-0.042654700577259064,0.13700556755065918,0.006140686571598053,-0.29311710596084595,-0.07039039582014084,0.1162760928273201,0.025229325518012047,-0.11408554017543793,-0.004509299993515015,-0.1072295755147934,0.0325794517993927,0.11354201287031174,0.1162760928273201,0.025229325518012047,-0.11408554017543793,-0.004509299993515015,-0.1072295755147934,0.0325794517993927,0.11354201287031174,0.1162760928273201,0.025229325518012047,-0.11408554017543793,-0.004509299993515015,-0.1072295755147934,0.0325794517993927,0.11354201287031174
29.096,0.004294891841709614,0.004294891841709614,nan,nan,nan,nan,-0.1356661170721054,0.0,8.381903171539307e-09,0.658683717250824,0.0,0.0,0.0,0.0,0.0,0.019999999552965164,64.0,0.13053514063358307,5.165279865264893,0.02003740519285202,11.82832145690918,0.001388530246913433,0.0060034021735191345,0.004614880308508873,0.006088241934776306,0.7050800323486328,0.011005451902747154,0.23381005227565765,9.0,1.0,0.0,0.0,0.0042948732152581215,-1.862645149230957e-08,nan,0.01176450401544571,0.12736566364765167,0.08690599352121353,-0.02624817006289959,-0.09770241379737854,-0.03732484206557274,0.21548405289649963,0.09035532921552658,0.08575576543807983,0.058514125645160675,-0.017672989517450333,-0.06578339636325836,-0.025130951777100563,0.14508619904518127,0.06083657220005989,0.21975666284561157,0.1471921056509018,-0.05493728816509247,-0.1517150104045868,-0.08312620222568512,0.3403736650943756,0.16282179951667786,0.00013803613546770066,-0.00011424205877119675,-0.00028419645968824625,0.00016158843936864287,-0.00012728309957310557,-0.00032291930983774364,4.233042636769824e-05,-0.09620217233896255,-0.1418306976556778,-0.05281796306371689,0.13155066967010498,-0.00446242094039917,-0.2956404387950897,-0.055757299065589905,0.12355449050664902,0.0053614042699337006,-0.10775525122880936,-0.02016434818506241,-0.08758862316608429,0.044733233749866486,0.10706450045108795,0.12355449050664902,0.0053614042699337006,-0.10775525122880936,-0.02016434818506241,-0.08758862316608429,0.044733233749866486,0.10706450045108795,0.12355449050664902,0.0053614042699337006,-0.10775525122880936,-0.02016434818506241,-0.08758862316608429,0.044733233749866486,0.10706450045108795
29.178,0.004294785670936108,0.004294785670936108,nan,nan,nan,nan,-0.14414305984973907,1.0,1.30385160446167e-08,0.6559540033340454,0.0,0.0,0.0,0.0,0.004999999888241291,0.017999999225139618,64.0,0.13035595417022705,2.7800612449645996,0.010456889867782593,9.44587230682373,0.0026473132893443108,0.003423500806093216,0.0007762005552649498,-0.0013501073699444532,0.7364097833633423,0.009425929747521877,0.24228955805301666,9.0,1.0,0.0,0.0,0.004294763319194317,-2.2351741790771484e-08,nan,0.013090859167277813,0.12736566364765167,0.08690599352121353,-0.02624817006289959,-0.09770241379737854,-0.03732484206557274,0.21548405289649963,0.09035532921552658,0.10799507796764374,0.07368877530097961,-0.02225618064403534,-0.08284320682287216,-0.031648240983486176,0.18271185457706451,0.07661351561546326,0.22603663802146912,0.1530367136001587,-0.050770439207553864,-0.16607536375522614,-0.07436789572238922,0.36878323554992676,0.16335871815681458,0.0012079779990017414,0.0008716273587197065,-0.0016840226016938686,0.0002804925316013396,0.0011577880941331387,-0.0008788194973021746,-0.0007378541049547493,-0.12079919874668121,-0.15102843940258026,-0.04457451403141022,0.14279040694236755,0.010536208748817444,-0.31254494190216064,-0.07623755931854248,0.1052374392747879,0.0020082732662558556,-0.09534495323896408,-0.023284953087568283,-0.06383168697357178,0.05623830482363701,0.0871211588382721,0.1052374392747879,0.0020082732662558556,-0.09534495323896408,-0.023284953087568283,-0.06383168697357178,0.05623830482363701,0.0871211588382721,0.10523740947246552,0.002008278388530016,-0.09534494578838348,-0.02328494004905224,-0.06383167952299118,0.05623829364776611,0.0871211439371109
29.275000000000002,0.004011622630059719,0.004011622630059719,nan,nan,nan,nan,-0.16100797057151794,1.0,-1.862645149230957e-09,0.650588870048523,0.0,0.0,0.0,0.0,0.0010000000474974513,0.02500000037252903,64.0,0.1287107914686203,2.009669303894043,0.028080306947231293,9.781006813049316,-0.0035091321915388107,-0.0001789601519703865,0.003330170176923275,-0.0035006552934646606,0.747428297996521,0.006531386636197567,0.18225207924842834,9.0,1.0,0.0,0.0,0.004011604003608227,-1.862645149230957e-08,nan,0.005298789590597153,0.004120863042771816,0.1069260910153389,0.09832248091697693,-0.09827254712581635,0.10886000096797943,0.21731705963611603,-0.012158265337347984,0.0011429947335273027,0.02965785376727581,0.027271490544080734,-0.027257641777396202,0.03019426017999649,0.060276757925748825,-0.0033723115921020508,0.10485249757766724,0.15894447267055511,0.06492766737937927,-0.20401635766029358,0.07679334282875061,0.42448458075523376,0.02303130552172661,0.0008796328911557794,0.0005653426051139832,-0.0012472078669816256,0.00023999888799153268,0.0007614805945195258,-0.0007060305215418339,-0.0004965110565535724,-0.04477767273783684,-0.16967234015464783,-0.11293287575244904,0.15531083941459656,-0.07047395408153534,-0.3345387876033783,4.433281719684601e-05,0.0600748248398304,-0.01072787120938301,-0.04800520837306976,-0.04870551452040672,0.006319387815892696,0.08994579315185547,0.023075638338923454,0.0600748248398304,-0.01072787120938301,-0.04800520837306976,-0.04870551452040672,0.006319387815892696,0.08994579315185547,0.023075638338923454,0.0600748248398304,-0.010727875865995884,-0.04800520837306976,-0.048705510795116425,0.006319388281553984,0.08994578570127487,0.023075636476278305
29.34,0.003856454975903034,0.003856454975903034,nan,nan,nan,nan,-0.15704728662967682,0.0,2.7939677238464355e-09,0.6480885148048401,0.0,0.0,0.0,0.0,0.003000000026077032,0.010999999940395355,64.0,0.12814833223819733,2.965855360031128,0.011622905731201172,9.713500022888184,0.00019093696027994156,-0.0015068808570504189,-0.0016978150233626366,-0.009527090936899185,0.7392745018005371,0.00568013172596693,0.1536761224269867,9.0,1.0,0.0,0.0,0.003856436349451542,-1.862645149230957e-08,nan,0.008091564290225506,0.004120863042771816,0.1069260910153389,0.09832248091697693,-0.09827254712581635,0.10886000096797943,0.21731705963611603,-0.012158265337347984,0.002333472017198801,0.060547761619091034,0.05567590147256851,-0.055647626519203186,0.061642859131097794,0.12305755168199539,-0.00688471645116806,0.050795115530490875,0.15927478671073914,0.10971763730049133,-0.17259031534194946,0.12369605898857117,0.3695971369743347,0.0004819293972104788,0.0002889227180276066,-9.17921988730086e-06,-0.00046290093450807035,0.00016907961980905384,1.579679701535497e-05,-0.00039255330921150744,-4.0621274820296094e-05,-0.04304056242108345,-0.18640467524528503,-0.1085512712597847,0.12673558294773102,-0.06116662174463272,-0.2946434020996094,-0.022331420332193375,0.0077545540407299995,-0.0271298810839653,0.0011663688346743584,-0.045854732394218445,0.06252943724393845,0.07495372742414474,-0.021849490702152252,0.0077545540407299995,-0.0271298810839653,0.0011663688346743584,-0.045854732394218445,0.06252943724393845,0.07495372742414474,-0.021849490702152252,0.0077545540407299995,-0.0271298810839653,0.0011663688346743584,-0.045854732394218445,0.06252943724393845,0.07495372742414474,-0.021849490702152252
29.406000000000002,0.0037572039291262627,0.0037572039291262627,nan,nan,nan,nan,-0.15428157150745392,0.0,-9.313225746154785e-10,0.6469858288764954,0.0,0.0,0.0,0.0,0.006000000052154064,0.013000000268220901,64.0,0.12739665806293488,3.856388807296753,0.01590140163898468,16.706541061401367,-0.004030526615679264,-0.0018421383574604988,0.0021883873268961906,0.0,0.7122977375984192,0.007265058346092701,0.11130092293024063,9.0,1.0,0.0,0.0,0.0037571946159005165,-9.313225746154785e-09,nan,0.003277352312579751,0.0069504547864198685,0.07238329946994781,0.06409512460231781,-0.120969258248806,0.08369604498147964,0.23660460114479065,-0.054624542593955994,0.005011786241084337,0.05219365283846855,0.04621727392077446,-0.08722768723964691,0.060350969433784485,0.1706092208623886,-0.03938829153776169,0.0315437987446785,0.1576368808746338,0.12431054562330246,-0.17673277854919434,0.14297150075435638,0.37425899505615234,-0.022968444973230362,0.00022692122729495168,-7.352155807893723e-05,-0.00038016418693587184,0.0001623537827981636,-6.858346023363993e-05,-0.00036063496372662485,1.1216299753868952e-05,-0.049253106117248535,-0.18468937277793884,-0.0918503850698471,0.12959955632686615,-0.04555170238018036,-0.3006383180618286,-0.020405974239110947,-0.01770930550992489,-0.027052493765950203,0.03246016427874565,-0.047133222222328186,0.09741979837417603,0.07362066209316254,-0.04337441921234131,-0.01770930550992489,-0.027052493765950203,0.03246016427874565,-0.047133222222328186,0.09741979837417603,0.07362066209316254,-0.04337441921234131,-0.01770930550992489,-0.027052493765950203,0.03246016427874565,-0.047133222222328186,0.09741979837417603,0.07362066209316254,-0.04337441921234131
29.474,0.0035789264366030693,0.0035789264366030693,nan,nan,nan,nan,-0.16501681506633759,1.0,1.862645149230957e-09,0.6460220813751221,0.0,0.0,0.0,0.0,0.0,0.013000000268220901,64.0,0.12740929424762726,2.5681750774383545,0.025889836251735687,10.52418327331543,0.004460821859538555,-0.0026750429533421993,-0.007135862950235605,-0.006881470326334238,0.5716920495033264,0.009279095567762852,0.12358208745718002,9.0,1.0,0.0,0.0,0.0035789189860224724,-7.450580596923828e-09,nan,0.010678556747734547,0.0069504547864198685,0.07238329946994781,0.06409512460231781,-0.120969258248806,0.08369604498147964,0.23660460114479065,-0.054624542593955994,0.00649989303201437,0.06769106537103653,0.059940170496702194,-0.1131274551153183,0.07827046513557434,0.2212667465209961,-0.0510835200548172,0.02299656718969345,0.14774571359157562,0.12262581288814545,-0.2003566324710846,0.14973382651805878,0.40722793340682983,-0.0599546954035759,0.00014333176659420133,-0.00014713966811541468,-0.0002737086615525186,0.0001581037213327363,-0.00016718044935259968,-0.00032114508212544024,7.117192581063136e-05,-0.07538233697414398,-0.1917082816362381,-0.07121317088603973,0.15673336386680603,-0.02637457102537155,-0.3471713662147522,-0.020002156496047974,-0.05238577350974083,-0.043962568044662476,0.05141264200210571,-0.043623268604278564,0.12335925549268723,0.06005655229091644,-0.07995685189962387,-0.05238577350974083,-0.043962568044662476,0.05141264200210571,-0.043623268604278564,0.12335925549268723,0.06005655229091644,-0.07995685189962387,-0.05238577350974083,-0.043962568044662476,0.05141264200210571,-0.043623268604278564,0.12335925549268723,0.06005655229091644,-0.07995685189962387
29.544,0.003671281971037388,0.003671281971037388,nan,nan,nan,nan,-0.14339950680732727,0.0,1.862645149230957e-09,0.647395133972168,0.0,0.0,0.0,0.0,0.006000000052154064,0.024000000208616257,64.0,0.12810100615024567,2.5554466247558594,0.012089498341083527,9.159428596496582,0.0019947513937950134,-0.0007308479398488998,-0.002725597470998764,0.004159286618232727,0.6574780344963074,0.011493290774524212,0.15780244767665863,9.0,1.0,0.0,0.0,0.0036712652072310448,-1.6763806343078613e-08,nan,0.008755382150411606,-0.12677894532680511,0.1510341465473175,0.16168320178985596,0.04369834437966347,0.15142761170864105,0.001251596724614501,0.01152798067778349,-0.10173304378986359,0.12119648605585098,0.12974175810813904,0.035065487027168274,0.12151221930980682,0.0010043366346508265,0.009250561706721783,-0.11509060859680176,0.2127210795879364,0.2123776376247406,-0.04340546205639839,0.21396738290786743,0.17704078555107117,-0.014515453949570656,0.00030221385532058775,7.208348961285083e-06,-0.0004861830093432218,0.000176028668647632,3.123707210761495e-05,-0.0004062568477820605,-5.0653408834477887e-05,0.010245494544506073,-0.23231695592403412,-0.11525870859622955,0.037007227540016174,-0.05387100577354431,-0.17474853992462158,-0.06518597900867462,-0.10484511405229568,-0.019595880061388016,0.09711892902851105,-0.006398232653737068,0.16009637713432312,0.002292245626449585,-0.07970143109560013,-0.10484511405229568,-0.019595880061388016,0.09711892902851105,-0.006398232653737068,0.16009637713432312,0.002292245626449585,-0.07970143109560013,-0.10484511405229568,-0.019595880061388016,0.09711892902851105,-0.006398232653737068,0.16009637713432312,0.002292245626449585,-0.07970143109560013
29.618,0.004103734157979488,0.004103734157979488,nan,nan,nan,nan,-0.15969248116016388,0.0,2.7939677238464355e-09,0.6525256037712097,0.0,0.0,0.0,0.0,0.007000000216066837,0.013000000268220901,64.0,0.12916885316371918,3.682614326477051,0.017743557691574097,10.509441375732422,-0.0045517487451434135,0.0032487651333212852,0.007800516672432423,0.0,0.5428137183189392,0.014700577594339848,0.16568201780319214,9.0,1.0,0.0,0.0,0.004103732295334339,-1.862645149230957e-09,nan,0.0047834464348852634,0.012828144244849682,0.251680463552475,0.10922214388847351,0.0019410428358241916,-0.0004286668263375759,0.08137581497430801,0.08908946067094803,0.003952417988330126,0.07754406332969666,0.03365191072225571,0.0005980454152449965,-0.0001320744922850281,0.025072313845157623,0.027448926120996475,-0.08556368947029114,0.2517961263656616,0.21101725101470947,-0.04408709332346916,0.1873805820941925,0.1843416839838028,0.022214334458112717,0.000409513246268034,0.00012542687181849033,-0.0006342193810269237,0.00019223781418986619,0.0001798884040908888,-0.0004666695895139128,-0.0001416952145518735,-0.06517936289310455,-0.23415875434875488,-0.07143735885620117,0.07921195030212402,0.0009863674640655518,-0.23929060995578766,-0.08694607019424438,-0.1507430523633957,0.01763737015426159,0.1395798921585083,0.03512486070394516,0.18836694955825806,-0.054948922246694565,-0.06473173946142197,-0.1507430523633957,0.01763737015426159,0.1395798921585083,0.03512486070394516,0.18836694955825806,-0.054948922246694565,-0.06473173946142197,-0.1507430523633957,0.01763737015426159,0.1395798921585083,0.03512486070394516,0.18836694955825806,-0.054948922246694565,-0.06473173946142197
29.692000000000004,0.004347828216850758,0.004347828216850758,nan,nan,nan,nan,-0.17138691246509552,0.0,0.0,0.6580086946487427,0.0,0.0,0.0,0.0,0.0020000000949949026,0.024000000208616257,64.0,0.13008596003055573,3.1404411792755127,0.015624798834323883,9.742402076721191,-0.004582185298204422,0.0035552154295146465,0.008137401193380356,0.0,0.2182755023241043,0.014757396653294563,0.20769882202148438,9.0,1.0,0.0,0.0,0.004347815178334713,-1.30385160446167e-08,nan,0.006141524761915207,0.025244299322366714,0.09613935649394989,0.06109536811709404,-0.11048386991024017,0.07956145703792572,0.24044620990753174,-0.006018095649778843,0.009946534410119057,0.03787996992468834,0.024072252213954926,-0.0435318686068058,0.0313480980694294,0.09473847597837448,-0.0023711964022368193,-0.022490736097097397,0.266818642616272,0.16610947251319885,-0.053666889667510986,0.10656929016113281,0.1982191801071167,0.05257010459899902,0.0010743592865765095,0.0007527632405981421,-0.0015086596831679344,0.000271863944362849,0.000996108865365386,-0.0008291448466479778,-0.0006327435839921236,-0.12809792160987854,-0.2271794229745865,-0.02762472629547119,0.12118078023195267,0.0502653568983078,-0.3119901120662689,-0.09241476655006409,-0.15058866143226624,0.039639223366975784,0.13848474621772766,0.06751389056444168,0.1568346470594406,-0.11377092450857162,-0.03984466567635536,-0.15058866143226624,0.039639223366975784,0.13848474621772766,0.06751389056444168,0.1568346470594406,-0.11377092450857162,-0.03984466567635536,-0.15058866143226624,0.039639223366975784,0.13848474621772766,0.06751389056444168,0.1568346470594406,-0.11377092450857162,-0.03984466567635536
29.779999999999998,0.003653137944638729,0.003653137944638729,nan,nan,nan,nan,-0.15617451071739197,0.0,0.0,0.6579510569572449,0.0,0.0,0.0,0.0,0.004999999888241291,0.014999999664723873,64.0,0.13048987090587616,1.9979504346847534,0.00965408980846405,8.550854682922363,0.0006920620799064636,-0.005180557258427143,-0.005872619338333607,-0.033160921186208725,0.11039473861455917,0.013429253362119198,0.19966277480125427,9.0,1.0,0.0,0.0,0.0036531230434775352,-1.4901161193847656e-08,nan,0.00707539776340127,-0.11450541764497757,0.154059499502182,0.166982501745224,0.03294447436928749,0.1529807150363922,0.026536347344517708,0.00885485578328371,-0.0,0.0,0.0,0.0,0.0,0.0,0.0,-0.014517934992909431,0.21229255199432373,0.14410929381847382,-0.08564575761556625,0.12318392843008041,0.24218997359275818,0.023907694965600967,0.0010888314573094249,0.0007673476357012987,-0.0015354010974988341,0.0002762418007478118,0.0010112801101058722,-0.000843382440507412,-0.0006407155888155103,-0.12347753345966339,-0.18364666402339935,-0.023287668824195862,0.14437416195869446,0.021760307252407074,-0.34920352697372437,-0.06595104932785034,-0.13799546658992767,0.028645891696214676,0.12082162499427795,0.0587284117937088,0.1449442356824875,-0.10701353847980499,-0.042043354362249374,-0.13799546658992767,0.028645891696214676,0.12082162499427795,0.0587284117937088,0.1449442356824875,-0.10701353847980499,-0.042043354362249374,-0.13799546658992767,0.028645891696214676,0.12082162499427795,0.0587284117937088,0.1449442356824875,-0.10701353847980499,-0.042043354362249374
29.843,0.0034911883994936943,0.0034911883994936943,nan,nan,nan,nan,-0.12376394867897034,0.0,0.0,0.6580623388290405,0.0,0.0,0.0,0.0,0.004000000189989805,0.012000000104308128,64.0,0.13039593398571014,2.5770058631896973,0.01636054366827011,9.087989807128906,-0.0007202737033367157,-0.00434931181371212,-0.0036290381103754044,0.0,0.4661688506603241,0.013586398214101791,0.16118371486663818,9.0,1.0,0.0,0.0,0.0034911753609776497,-1.30385160446167e-08,nan,0.004648094996809959,-0.11450541764497757,0.154059499502182,0.166982501745224,0.03294447436928749,0.1529807150363922,0.026536347344517708,0.00885485578328371,-0.02371049113571644,0.031900905072689056,0.03457685187458992,0.006821770220994949,0.031677521765232086,0.0054948474280536175,0.001833563786931336,-0.07200688868761063,0.19492369890213013,0.16753697395324707,-0.024969283491373062,0.14899161458015442,0.13816103339195251,0.017157504335045815,0.0006083869957365096,0.00032756690052337945,-0.0009133971761912107,0.00022100211936049163,0.00043791491771116853,-0.0005861406680196524,-0.0002994827809743583,-0.06835142523050308,-0.16110312938690186,-0.045833878219127655,0.0850849524140358,-0.00039887428283691406,-0.24206246435642242,-0.058274783194065094,-0.1403583139181137,0.03382056951522827,0.12170309573411942,0.060115668922662735,0.1485927402973175,-0.10390143096446991,-0.04111727699637413,-0.1403583139181137,0.03382056951522827,0.12170309573411942,0.060115668922662735,0.1485927402973175,-0.10390143096446991,-0.04111727699637413,-0.1403583139181137,0.03382056951522827,0.12170309573411942,0.060115668922662735,0.1485927402973175,-0.10390143096446991,-0.04111727699637413
29.918000000000003,0.0036115972325205803,0.0036115972325205803,nan,nan,nan,nan,-0.17056678235530853,0.0,3.725290298461914e-09,0.6619316339492798,0.0,0.0,0.0,0.0,0.008999999612569809,0.023000000044703484,64.0,0.12983152270317078,3.5657026767730713,0.016983598470687866,15.0166015625,-0.0005846414715051651,-0.0013950178399682045,-0.0008103726431727409,0.0,0.19174635410308838,0.014111481606960297,0.1866360902786255,9.0,1.0,0.0,0.0,0.0036115823313593864,-1.4901161193847656e-08,nan,0.00543954549357295,0.03852309659123421,0.11021441221237183,0.0770186111330986,-0.1041475385427475,0.08567430824041367,0.22795744240283966,0.016896631568670273,0.05140858143568039,0.147079735994339,0.10278035700321198,-0.1389835625886917,0.11433127522468567,0.30420631170272827,0.022548340260982513,-0.012643428519368172,0.2173716276884079,0.17498014867305756,-0.10663912445306778,0.1728397011756897,0.2859674394130707,0.025356145575642586,0.0005590170039795339,0.0002850437304005027,-0.0008519990951754153,0.00021451983775477856,0.00038089105510152876,-0.0005600719014182687,-0.0002634204865898937,-0.13210099935531616,-0.18666337430477142,-0.04654154181480408,0.16298778355121613,-0.009291037917137146,-0.3833206295967102,-0.06851289421319962,-0.14474442601203918,0.030708257108926773,0.12843860685825348,0.056348659098148346,0.16354866325855255,-0.09735319763422012,-0.04315675050020218,-0.14474442601203918,0.030708257108926773,0.12843860685825348,0.056348659098148346,0.16354866325855255,-0.09735319763422012,-0.04315675050020218,-0.14474442601203918,0.030708257108926773,0.12843860685825348,0.056348659098148346,0.16354866325855255,-0.09735319763422012,-0.04315675050020218
29.976000000000003,0.003392529673874378,0.003392529673874378,nan,nan,nan,nan,-0.16496695578098297,1.0,1.3969838619232178e-08,0.6646010279655457,0.0,0.0,0.0,0.0,0.003000000026077032,0.014999999664723873,64.0,0.12966836988925934,3.7035512924194336,0.01831166446208954,10.476582527160645,0.0026922160759568214,-0.0009813988581299782,-0.0036736009642481804,0.0,-0.42145827412605286,0.010630590841174126,0.19125425815582275,9.0,1.0,0.0,0.0,0.0033925222232937813,-7.450580596923828e-09,nan,0.007280488032847643,0.14327193796634674,0.13465912640094757,-0.03724535182118416,-0.05109347030520439,-0.1094249039888382,0.14751511812210083,0.1166524589061737,0.10570608824491501,0.09935155510902405,-0.027479633688926697,-0.03769678249955177,-0.08073373883962631,0.10883670300245285,0.08606622368097305,0.11702276766300201,0.21665701270103455,0.049464911222457886,-0.09344809502363205,-0.01345011591911316,0.2596021592617035,0.11186794936656952,0.0010074679739773273,0.0006827432662248611,-0.0014404688263311982,0.0002672674891073257,0.0008966433233581483,-0.0008077920065261424,-0.0005666146753355861,-0.2252899557352066,-0.19249163568019867,0.042686983942985535,0.14392900466918945,0.12909835577011108,-0.34848225116729736,-0.13601970672607422,-0.10826718807220459,0.02416537143290043,0.09215189516544342,0.050480909645557404,0.11564824730157852,-0.08888010680675507,-0.024151764810085297,-0.10826718807220459,0.02416537143290043,0.09215189516544342,0.050480909645557404,0.11564824730157852,-0.08888010680675507,-0.024151764810085297,-0.10826719552278519,0.024165373295545578,0.09215189516544342,0.0504809133708477,0.11564824730157852,-0.08888010680675507,-0.024151768535375595
30.081,0.0031494954600930214,0.0031494954600930214,nan,nan,nan,nan,-0.19634045660495758,1.0,9.313225746154785e-08,0.668813943862915,0.0,0.0,0.0,0.0,0.0020000000949949026,0.01600000075995922,64.0,0.12985284626483917,2.9267425537109375,0.012733042240142822,9.441278457641602,0.00939712394028902,0.0008431943133473396,-0.00855383649468422,0.002684769919142127,-0.6313714981079102,0.008313220925629139,0.20547431707382202,9.0,1.0,0.0,0.0,0.003149476833641529,-1.862645149230957e-08,nan,0.012361028231680393,0.14327193796634674,0.13465912640094757,-0.03724535182118416,-0.05109347030520439,-0.1094249039888382,0.14751511812210083,0.1166524589061737,0.18635337054729462,0.17515072226524353,-0.04844491556286812,-0.0664571225643158,-0.1423286497592926,0.1918724626302719,0.1517294943332672,0.21818576753139496,0.2539442479610443,-0.020116962492465973,-0.10150472819805145,-0.1318519413471222,0.28838813304901123,0.18524783849716187,0.0004452717839740217,0.00018989054660778493,-0.0007130438461899757,0.00020346300152596086,0.0002549702185206115,-0.0005038602976128459,-0.00018903186719398946,-0.30201607942581177,-0.21571119129657745,0.06055189669132233,0.1716461479663849,0.17293182015419006,-0.3926171064376831,-0.19225139915943146,-0.083830326795578,0.03823305666446686,0.040434934198856354,0.07014141231775284,0.041079871356487274,-0.10422897338867188,-0.007003565318882465,-0.083830326795578,0.03823305666446686,0.040434934198856354,0.07014141231775284,0.041079871356487274,-0.10422897338867188,-0.007003565318882465,-0.0838303342461586,0.038233060389757156,0.04043493792414665,0.07014141976833344,0.04107987508177757,-0.10422897338867188,-0.0070035713724792
30.176,0.0035883942618966103,0.0035883942618966103,nan,nan,nan,nan,-0.2047630101442337,0.0,6.984919309616089e-10,0.6768272519111633,0.0,0.0,0.0,0.0,0.004999999888241291,0.017999999225139618,64.0,0.13069400191307068,2.544736385345459,0.013523735105991364,13.256360054016113,-0.0013643645215779543,0.0050794705748558044,0.00644383579492569,0.0,-0.4365789592266083,0.005095240660011768,0.14376918971538544,9.0,1.0,0.0,0.0,0.0035883793607354164,-1.4901161193847656e-08,nan,0.004142415709793568,0.027848612517118454,0.10651549696922302,0.06652870774269104,-0.09994100779294968,0.08433350175619125,0.2371850311756134,0.009785078465938568,0.03037472441792488,0.11617738008499146,0.07256344705820084,-0.10900652408599854,0.09198328107595444,0.25869977474212646,0.010672670789062977,0.18084681034088135,0.2552052438259125,0.027139225974678993,-0.14456944167613983,-0.04070716351270676,0.3760930597782135,0.1412336528301239,0.0004477993643376976,0.00020169086928945035,-0.0007219719118438661,0.00020054342166986316,0.0002692459966056049,-0.000503924791701138,-0.00019927351968362927,-0.20356866717338562,-0.21572290360927582,-0.021568726748228073,0.19056953489780426,0.036781199276447296,-0.44890254735946655,-0.11214841902256012,-0.022721853107213974,0.039482343941926956,0.00557049922645092,0.04600009322166443,-0.003925963770598173,-0.07280948758125305,0.02908523753285408,-0.022721853107213974,0.039482343941926956,0.00557049922645092,0.04600009322166443,-0.003925963770598173,-0.07280948758125305,0.02908523753285408,-0.022721853107213974,0.039482343941926956,0.00557049922645092,0.04600009322166443,-0.003925963770598173,-0.07280948758125305,0.02908523753285408
30.226000000000003,0.003716760315001011,0.003716760315001011,nan,nan,nan,nan,-0.21896380186080933,0.0,2.3283064365386963e-10,0.6798093318939209,0.0,0.0,0.0,0.0,0.00800000037997961,0.009999999776482582,64.0,0.13164666295051575,2.137622833251953,0.011327676475048065,8.582796096801758,0.0002221225295215845,0.005097514018416405,0.004875391721725464,0.0,-0.45069873332977295,0.003660567570477724,0.1419292837381363,9.0,1.0,0.0,0.0,0.003716745413839817,-1.4901161193847656e-08,nan,0.006456638686358929,0.027848612517118454,0.10651549696922302,0.06652870774269104,-0.09994100779294968,0.08433350175619125,0.2371850311756134,0.009785078465938568,0.039381954818964005,0.15062826871871948,0.09408119320869446,-0.14133098721504211,0.11925972998142242,0.3354138433933258,0.013837512582540512,0.12792566418647766,0.25115111470222473,0.08471018075942993,-0.18388372659683228,0.06640344113111496,0.454402357339859,0.0873340591788292,0.000776562315877527,0.0004975202027708292,-0.0011564495507627726,0.00024002601276151836,0.0006508574006147683,-0.0006873421953059733,-0.00042342906817793846,-0.15529640018939972,-0.22568845748901367,-0.07367876172065735,0.20986662805080414,-0.03919067606329918,-0.5013937950134277,-0.07261141389608383,-0.02737073414027691,0.025462651625275612,0.011031420901417732,0.02598290517926216,0.02721276506781578,-0.046991411596536636,0.014722642488777637,-0.02737073414027691,0.025462651625275612,0.011031420901417732,0.02598290517926216,0.02721276506781578,-0.046991411596536636,0.014722642488777637,-0.02737073414027691,0.025462651625275612,0.011031420901417732,0.02598290517926216,0.02721276506781578,-0.046991411596536636,0.014722642488777637
30.307,0.0037079723551869392,0.0037079723551869392,nan,nan,nan,nan,-0.15233924984931946,0.0,-9.313225746154785e-10,0.6804555058479309,0.0,0.0,0.0,0.0,0.004999999888241291,0.009999999776482582,64.0,0.13217414915561676,2.5075132846832275,0.014049932360649109,8.803561210632324,-0.003543010912835598,0.002632652409374714,0.006175662390887737,0.0,-0.2234329879283905,0.003308721352368593,0.08364994078874588,9.0,1.0,0.0,0.0,0.0037079649046063423,-7.450580596923828e-09,nan,0.002620429964736104,0.15367384254932404,0.08705774694681168,-0.06071054935455322,-0.07114613056182861,-0.09564919769763947,0.1700897365808487,0.10944619029760361,0.06105106696486473,0.03458603098988533,-0.024118898436427116,-0.028264714404940605,-0.037999216467142105,0.06757272034883499,0.043480440974235535,0.1307346224784851,0.18483994901180267,0.027487702667713165,-0.12174736708402634,-0.0021568574011325836,0.31118565797805786,0.10182561725378036,0.0007209356408566236,0.00046059477608650923,-0.0010899512562900782,0.00023845542455092072,0.0005995688261464238,-0.00066292256815359,-0.00039247010136023164,-0.1579592227935791,-0.1621370166540146,-0.01004066877067089,0.13374947011470795,0.048053938895463943,-0.3328356146812439,-0.09188516438007355,-0.027224604040384293,0.022702928632497787,0.017447033897042274,0.012002096511423588,0.04589708149433136,-0.021649949252605438,0.009940452873706818,-0.027224604040384293,0.022702928632497787,0.017447033897042274,0.012002096511423588,0.04589708149433136,-0.021649949252605438,0.009940452873706818,-0.027224604040384293,0.022702928632497787,0.017447033897042274,0.012002096511423588,0.04589708149433136,-0.021649949252605438,0.009940452873706818
30.373,0.003338991664350033,0.003338991664350033,nan,nan,nan,nan,-0.14709734916687012,0.0,4.656612873077393e-10,0.6802192330360413,0.0,0.0,0.0,0.0,0.0010000000474974513,0.014999999664723873,64.0,0.13220876455307007,2.3075687885284424,0.014910474419593811,9.171804428100586,4.428299143910408e-05,-0.00147260632365942,-0.0015168888494372368,-0.013806920498609543,-0.04314364492893219,0.0019241215195506811,0.08032865822315216,9.0,1.0,0.0,0.0,0.0033389711752533913,-2.0489096641540527e-08,nan,0.003907499369233847,0.15367384254932404,0.08705774694681168,-0.06071054935455322,-0.07114613056182861,-0.09564919769763947,0.1700897365808487,0.10944619029760361,0.13325150310993195,0.07548829168081284,-0.05264247953891754,-0.06169123202562332,-0.08293798565864563,0.14748582243919373,0.094901442527771,0.19335317611694336,0.1703263521194458,-0.03296000137925148,-0.1231120228767395,-0.07687678188085556,0.3053677976131439,0.14248907566070557,0.0006111430120654404,0.0003645935794338584,-0.0009474151884205639,0.00022544831153936684,0.00047593185445293784,-0.0006027397466823459,-0.00032116047805175185,-0.19361315667629242,-0.15726062655448914,0.02604369819164276,0.12914162874221802,0.09603624045848846,-0.3202168345451355,-0.11722306907176971,-0.00025997869670391083,0.013065723702311516,-0.006916303653270006,0.006029605865478516,0.019159458577632904,-0.014849048107862473,0.025266008451581,-0.00025997869670391083,0.013065723702311516,-0.006916303653270006,0.006029605865478516,0.019159458577632904,-0.014849048107862473,0.025266008451581,-0.00025997869670391083,0.013065723702311516,-0.006916303653270006,0.006029605865478516,0.019159458577632904,-0.014849048107862473,0.025266008451581
30.455000000000002,0.0028834184631705284,0.0028834184631705284,nan,nan,nan,nan,-0.1600225418806076,0.0,4.6566128730773926e-09,0.6778678894042969,0.0,0.0,0.0,0.0,0.004999999888241291,0.014000000432133675,64.0,0.13219702243804932,2.312037229537964,0.011255964636802673,8.755903244018555,0.0008261455222964287,-0.0035373668652027845,-0.004363507963716984,0.0,0.6754321455955505,0.005915544927120209,0.04899797961115837,9.0,1.0,0.0,0.0,0.0028834203258156776,1.862645149230957e-09,nan,0.001900809700600803,0.15367384254932404,0.08705774694681168,-0.06071054935455322,-0.07114613056182861,-0.09564919769763947,0.1700897365808487,0.10944619029760361,0.19624614715576172,0.11117537319660187,-0.07752920687198639,-0.09085576236248016,-0.12214691191911697,0.21720972657203674,0.13976608216762543,0.27712497115135193,0.18102020025253296,-0.09231775254011154,-0.14157819747924805,-0.15530666708946228,0.34283682703971863,0.19925835728645325,0.0008599117863923311,0.0005848215078003705,-0.001279511023312807,0.00025739555712789297,0.0007583887781947851,-0.0007480915519408882,-0.00048686028458178043,-0.2137896716594696,-0.1744324415922165,0.031236834824085236,0.13671106100082397,0.1112181693315506,-0.342052698135376,-0.13411381840705872,0.06333529204130173,0.0065877605229616165,-0.061080917716026306,-0.004867130890488625,-0.044088494032621384,0.0007841289043426514,0.06514454632997513,0.06333529204130173,0.0065877605229616165,-0.061080917716026306,-0.004867130890488625,-0.044088494032621384,0.0007841289043426514,0.06514454632997513,0.06333529204130173,0.0065877605229616165,-0.061080917716026306,-0.004867130890488625,-0.044088494032621384,0.0007841289043426514,0.06514454632997513
30.503000000000004,0.002718205563724041,0.002718205563724041,nan,nan,nan,nan,-0.17523306608200073,0.0,2.3283064365386963e-09,0.6766653060913086,0.0,0.0,0.0,0.0,0.0,0.013000000268220901,64.0,0.13220052421092987,2.492262125015259,0.016318634152412415,9.222068786621094,0.0015274607576429844,-0.0032475516200065613,-0.004775010049343109,-0.0013209019089117646,0.7219477891921997,0.009395334869623184,0.027283310890197754,9.0,1.0,0.0,0.0,0.0027181794866919518,-2.60770320892334e-08,nan,0.0015996096190065145,0.15367384254932404,0.08705774694681168,-0.06071054935455322,-0.07114613056182861,-0.09564919769763947,0.1700897365808487,0.10944619029760361,0.24120710790157318,0.13664621114730835,-0.09529153257608414,-0.11167126893997192,-0.15013137459754944,0.2669735550880432,0.17178718745708466,0.324485719203949,0.19663220643997192,-0.11904214322566986,-0.15730491280555725,-0.19280678033828735,0.3783969283103943,0.23210585117340088,0.000773081905208528,0.000511647725943476,-0.001167402253486216,0.00024931420921348035,0.0006621277425438166,-0.0007033834117464721,-0.0004299785941839218,-0.221661776304245,-0.19343070685863495,0.023666076362133026,0.1467740535736084,0.10867228358983994,-0.3700686991214752,-0.14061681926250458,0.10282395035028458,0.0032014939934015274,-0.09537606686353683,-0.010530859231948853,-0.08413449674844742,0.00832822173833847,0.0914890319108963,0.10282395035028458,0.0032014939934015274,-0.09537606686353683,-0.010530859231948853,-0.08413449674844742,0.00832822173833847,0.0914890319108963,0.10282395035028458,0.0032014939934015274,-0.09537606686353683,-0.010530859231948853,-0.08413449674844742,0.00832822173833847,0.0914890319108963
30.56,0.0028539588674902916,0.0028539588674902916,nan,nan,nan,nan,-0.20034083724021912,1.0,4.6566128730773926e-09,0.6756507158279419,0.0,0.0,0.0,0.0,0.0,0.013000000268220901,64.0,0.13219107687473297,2.883704423904419,0.016451813280582428,11.073369026184082,0.01008983701467514,-0.0006427778862416744,-0.010732609778642654,0.007810787297785282,0.6855819821357727,0.012623508460819721,0.0715738907456398,9.0,1.0,0.0,0.0,0.002853947691619396,-1.1175870895385742e-08,nan,0.011035806499421597,0.15367384254932404,0.08705774694681168,-0.06071054935455322,-0.07114613056182861,-0.09564919769763947,0.1700897365808487,0.10944619029760361,0.27177542448043823,0.15396346151828766,-0.10736788064241409,-0.12582342326641083,-0.16915760934352875,0.30080726742744446,0.19355787336826324,0.3693747818470001,0.21571868658065796,-0.14130772650241852,-0.17458131909370422,-0.22528265416622162,0.41854751110076904,0.26357656717300415,0.0010074642486870289,0.0007150799501687288,-0.001473920070566237,0.000275634229183197,0.0009248292190022767,-0.0008334472076967359,-0.0005831907619722188,-0.2329494059085846,-0.2225784808397293,0.0087127685546875,0.16515859961509705,0.10509791225194931,-0.41977038979530334,-0.149706169962883,0.13642537593841553,-0.00685978913679719,-0.13259495794773102,-0.00942272413522005,-0.12018474191427231,-0.0012228847481310368,0.11387039721012115,0.13642537593841553,-0.00685978913679719,-0.13259495794773102,-0.00942272413522005,-0.12018474191427231,-0.0012228847481310368,0.11387039721012115,0.13642536103725433,-0.006859784480184317,-0.13259495794773102,-0.009422714821994305,-0.12018473446369171,-0.0012228917330503464,0.11387038975954056
30.623,0.0030405716970562935,0.0030405716970562935,nan,nan,nan,nan,-0.15809708833694458,0.0,3.725290298461914e-09,0.6751689314842224,0.0,0.0,0.0,0.0,0.004000000189989805,0.009999999776482582,64.0,0.13218021392822266,2.129547357559204,0.0093141570687294,8.756782531738281,0.0009107105433940887,0.0009506866335868835,3.997981548309326e-05,0.0,0.7563521265983582,0.013129031285643578,0.10145643353462219,9.0,1.0,0.0,0.0,0.003040558658540249,-1.30385160446167e-08,nan,0.0030350564047694206,0.15226678550243378,0.07968954741954803,-0.061582040041685104,-0.07751515507698059,-0.08461567759513855,0.17876440286636353,0.10745666176080704,0.05014472454786301,0.026243481785058975,-0.02028028853237629,-0.025527406483888626,-0.027865761891007423,0.058870960026979446,0.0353877879679203,0.31145498156547546,0.1768353432416916,-0.12121094018220901,-0.14947164058685303,-0.18651561439037323,0.3548690974712372,0.22162503004074097,0.0011173723032698035,0.0008150383946485817,-0.0016154893673956394,0.0002864694397430867,0.0010530870640650392,-0.0008927599410526454,-0.0006583445356227458,-0.17542776465415955,-0.16034069657325745,-0.01695381850004196,0.1407977193593979,0.05479519069194794,-0.33124905824661255,-0.10717000812292099,0.13602721691131592,0.016494639217853546,-0.13816475868225098,-0.008673918433487415,-0.1317204236984253,0.02362002432346344,0.11445502191781998,0.13602721691131592,0.016494639217853546,-0.13816475868225098,-0.008673918433487415,-0.1317204236984253,0.02362002432346344,0.11445502191781998,0.13602721691131592,0.016494639217853546,-0.13816475868225098,-0.008673918433487415,-0.1317204236984253,0.02362002432346344,0.11445502191781998
30.693,0.0037762196734547615,0.0037762196734547615,nan,nan,nan,nan,-0.12602363526821136,0.0,1.862645149230957e-09,0.6757737994194031,0.0,0.0,0.0,0.0,-0.0010000000474974513,0.01899999938905239,64.0,0.13163301348686218,2.9852445125579834,0.010392628610134125,10.030845642089844,-0.001739397644996643,0.005521914456039667,0.007261313963681459,0.0,0.7858049869537354,0.01350345741957426,0.17170210182666779,9.0,1.0,0.0,0.0,0.0037761935964226723,-2.60770320892334e-08,nan,0.004967628046870232,0.15226678550243378,0.07968954741954803,-0.061582040041685104,-0.07751515507698059,-0.08461567759513855,0.17876440286636353,0.10745666176080704,0.07258762419223785,0.03798907995223999,-0.02935698628425598,-0.03695251792669296,-0.04033743217587471,0.08521939814090729,0.05122603476047516,0.25990745425224304,0.142586812376976,-0.10286110639572144,-0.1280035674571991,-0.15080749988555908,0.3000199496746063,0.1842869222164154,0.000520236324518919,0.00028642587130889297,-0.0008237289148382843,0.0002133624948328361,0.0003739918174687773,-0.0005523309228010476,-0.0002599361469037831,-0.11339381337165833,-0.12677162885665894,-0.03619064390659332,0.11133528500795364,0.021205738186836243,-0.26403674483299255,-0.06802818924188614,0.14651364088058472,0.01581518165767193,-0.13905175030231476,-0.016668280586600304,-0.12960176169872284,0.03598319739103317,0.11625873297452927,0.14651364088058472,0.01581518165767193,-0.13905175030231476,-0.016668280586600304,-0.12960176169872284,0.03598319739103317,0.11625873297452927,0.14651364088058472,0.01581518165767193,-0.13905175030231476,-0.016668280586600304,-0.12960176169872284,0.03598319739103317,0.11625873297452927
30.761,0.004477479495108128,0.004477479495108128,nan,nan,nan,nan,-0.11154209077358246,1.0,0.0,0.6759546399116516,0.0,0.0,0.0,0.0,0.00800000037997961,0.010999999940395355,64.0,0.1312960386276245,3.0307424068450928,0.017010606825351715,9.754745483398438,-0.0048598237335681915,0.0073107327334582806,0.01217055693268776,0.0,0.8199682831764221,0.013515922240912914,0.21013760566711426,9.0,1.0,0.0,0.0,0.0044774701818823814,-9.313225746154785e-09,nan,0.0062255566008389,0.15226678550243378,0.07968954741954803,-0.061582040041685104,-0.07751515507698059,-0.08461567759513855,0.17876440286636353,0.10745666176080704,0.08450759202241898,0.04422745108604431,-0.03417783975601196,-0.043020669370889664,-0.04696143791079521,0.09921368211507797,0.05963810905814171,0.24225054681301117,0.12982018291950226,-0.09693126380443573,-0.12132962793111801,-0.13757053017616272,0.2820392847061157,0.17136052250862122,0.0015398565446957946,0.0012019457062706351,-0.0021603091154247522,0.0003249999135732651,0.0015513349790126085,-0.001116664265282452,-0.000950039888266474,-0.09043751657009125,-0.11538920551538467,-0.036937370896339417,0.0963086262345314,0.01378854364156723,-0.2317747175693512,-0.05551159381866455,0.15181303024291992,0.014430978335440159,-0.13386863470077515,-0.02502100169658661,-0.12378198653459549,0.05026456341147423,0.11584892868995667,0.15181303024291992,0.014430978335440159,-0.13386863470077515,-0.02502100169658661,-0.12378198653459549,0.05026456341147423,0.11584892868995667,0.15181303024291992,0.014430973678827286,-0.13386863470077515,-0.02502099797129631,-0.12378198653459549,0.05026455596089363,0.11584892868995667
30.821,0.004741164855659008,0.004741164855659008,nan,nan,nan,nan,-0.11040002852678299,1.0,0.0,0.6744673848152161,0.0,0.0,0.0,0.0,0.007000000216066837,0.008999999612569809,64.0,0.13079124689102173,2.5218818187713623,0.012761913239955902,8.936206817626953,-0.0072037577629089355,0.004718828480690718,0.01192258670926094,0.0,0.8476167321205139,0.013278205879032612,0.19055211544036865,9.0,1.0,0.0,0.0,0.0047411443665623665,-2.0489096641540527e-08,nan,0.005566836800426245,0.15226678550243378,0.07968954741954803,-0.061582040041685104,-0.07751515507698059,-0.08461567759513855,0.17876440286636353,0.10745666176080704,0.11294381320476532,0.05910968407988548,-0.04567844793200493,-0.05749683082103729,-0.06276363879442215,0.132598415017128,0.07970592379570007,0.24908876419067383,0.13174806535243988,-0.1002640426158905,-0.1258946657180786,-0.1397669017314911,0.29135462641716003,0.17596828937530518,0.0010910768760368228,0.0008060489781200886,-0.0015675502363592386,0.0002718938631005585,0.0010435511358082294,-0.0008635674603283405,-0.0006521519972011447,-0.1002027839422226,-0.1155148595571518,-0.02774190902709961,0.0974009782075882,0.02040751278400421,-0.22869707643985748,-0.0631691962480545,0.14888598024845123,0.016233209520578384,-0.1280059516429901,-0.02849368378520012,-0.11935938894748688,0.06265754997730255,0.11279909312725067,0.14888598024845123,0.016233209520578384,-0.1280059516429901,-0.02849368378520012,-0.11935938894748688,0.06265754997730255,0.11279909312725067,0.14888598024845123,0.016233207657933235,-0.1280059516429901,-0.02849368192255497,-0.11935938894748688,0.06265754997730255,0.11279909312725067
30.878000000000004,0.004354645498096943,0.004354645498096943,nan,nan,nan,nan,-0.12159544974565506,1.0,-1.862645149230957e-09,0.6679880023002625,0.0,0.0,0.0,0.0,0.0020000000949949026,0.012000000104308128,64.0,0.13042670488357544,2.17596435546875,0.01029670238494873,8.86658000946045,0.0019807666540145874,-0.0014597941190004349,-0.0034405626356601715,0.0,0.8123382329940796,0.01213272288441658,0.24887417256832123,9.0,1.0,0.0,0.0,0.0043546287342906,-1.6763806343078613e-08,nan,0.01249760389328003,0.15226678550243378,0.07968954741954803,-0.061582040041685104,-0.07751515507698059,-0.08461567759513855,0.17876440286636353,0.10745666176080704,0.12447494268417358,0.06514455378055573,-0.05034204199910164,-0.06336703896522522,-0.06917156279087067,0.14613619446754456,0.08784359693527222,0.25907036662101746,0.13632912933826447,-0.10452178120613098,-0.1313980668783188,-0.14468929171562195,0.30357444286346436,0.18292751908302307,0.0002673472627066076,3.188482514815405e-05,-0.0004703024751506746,0.00017472886247560382,5.371894803829491e-05,-0.00039786039269529283,-6.698735523968935e-05,-0.1282452791929245,-0.12372589856386185,-0.023512572050094604,0.11406873911619186,0.03256642073392868,-0.2546239197254181,-0.0831974595785141,0.13082508742809296,0.012603232637047768,-0.12803435325622559,-0.017329329624772072,-0.11212287098169327,0.048950519412755966,0.09973005950450897,0.13082508742809296,0.012603232637047768,-0.12803435325622559,-0.017329329624772072,-0.11212287098169327,0.048950519412755966,0.09973005950450897,0.13082508742809296,0.012603220529854298,-0.12803435325622559,-0.017329322174191475,-0.11212287098169327,0.048950500786304474,0.09973005205392838
30.943,0.004124724306166172,0.004124724306166172,nan,nan,nan,nan,-0.12484844774007797,1.0,9.313225746154785e-09,0.6623443365097046,0.0,0.0,0.0,0.0,0.0,0.014999999664723873,64.0,0.13042670488357544,2.205807685852051,0.009498558938503265,12.722541809082031,0.002927551046013832,-0.0031092725694179535,-0.006036814302206039,-0.0035310788080096245,0.7949201464653015,0.012292019091546535,0.2597697675228119,9.0,1.0,0.0,0.0,0.004124709405004978,-1.4901161193847656e-08,nan,0.012148460373282433,0.10812149196863174,0.11776404082775116,-0.001686778268776834,-0.09039277583360672,-0.010875695385038853,0.218302384018898,0.09215999394655228,0.024896306917071342,0.027116622775793076,-0.0003884015022777021,-0.02081405185163021,-0.002504263073205948,0.0502668134868145,0.0212209764868021,0.24892914295196533,0.1425449401140213,-0.09237762540578842,-0.13333922624588013,-0.1291445791721344,0.30969759821891785,0.17880339920520782,0.0008275032741948962,0.0005648174555972219,-0.0012156597804278135,0.00024094573745969683,0.000736487505491823,-0.0007171431207098067,-0.0004730910004582256,-0.11622831225395203,-0.1322266161441803,-0.03571883589029312,0.11442562937736511,0.01624716818332672,-0.2555868327617645,-0.07740820944309235,0.1327008306980133,0.0103183314204216,-0.12809646129608154,-0.018913600593805313,-0.11289741098880768,0.05411076545715332,0.10139518976211548,0.1327008306980133,0.0103183314204216,-0.12809646129608154,-0.018913600593805313,-0.11289741098880768,0.05411076545715332,0.10139518976211548,0.1327008306980133,0.0103183314204216,-0.12809646129608154,-0.018913600593805313,-0.11289741098880768,0.05411076545715332,0.10139518976211548
31.006000000000004,0.004321758635342121,0.004321758635342121,nan,nan,nan,nan,-0.1262740045785904,0.0,0.0,0.6591704487800598,0.0,0.0,0.0,0.0,0.0020000000949949026,0.020999999716877937,64.0,0.1298641562461853,4.895761489868164,0.013496726751327515,18.313932418823242,-0.0009298324584960938,-0.0004524439573287964,0.00047738850116729736,0.007500872015953064,0.7277675867080688,0.011505527421832085,0.265419602394104,9.0,1.0,0.0,0.0,0.004321740008890629,-1.862645149230957e-08,nan,0.009601899422705173,0.10812149196863174,0.11776404082775116,-0.001686778268776834,-0.09039277583360672,-0.010875695385038853,0.218302384018898,0.09215999394655228,0.045916978269815445,0.05001197010278702,-0.0007163400878198445,-0.038387954235076904,-0.00461868429556489,0.0927085354924202,0.03913845866918564,0.19442863762378693,0.15361817181110382,-0.043053220957517624,-0.1287333071231842,-0.06663702428340912,0.30532386898994446,0.1506316214799881,0.0007561956299468875,0.0004974465700797737,-0.0011171776568517089,0.00023103647981770337,0.0006518703885376453,-0.0006759044481441379,-0.0004232467617839575,-0.0627860426902771,-0.1444758176803589,-0.06995426118373871,0.10215990245342255,-0.0238020196557045,-0.24522311985492706,-0.04929504543542862,0.13164259493350983,0.009142350405454636,-0.11300748586654663,-0.026573404669761658,-0.09043904393911362,0.0601007454097271,0.10133657604455948,0.13164259493350983,0.009142350405454636,-0.11300748586654663,-0.026573404669761658,-0.09043904393911362,0.0601007454097271,0.10133657604455948,0.13164259493350983,0.009142350405454636,-0.11300748586654663,-0.026573404669761658,-0.09043904393911362,0.0601007454097271,0.10133657604455948
31.086000000000002,0.004491814412176609,0.004491814412176609,nan,nan,nan,nan,-0.13017109036445618,1.0,0.0,0.6570418477058411,0.0,0.0,0.0,0.0,0.006000000052154064,0.029999999329447746,64.0,0.12940923869609833,2.5166115760803223,0.013016164302825928,12.658201217651367,-0.005205588415265083,0.0015998370945453644,0.006805425509810448,0.0022612514439970255,0.7282374501228333,0.010431922972202301,0.21635034680366516,9.0,1.0,0.0,0.0,0.004491803236305714,-1.1175870895385742e-08,nan,0.006442204117774963,0.10812149196863174,0.11776404082775116,-0.001686778268776834,-0.09039277583360672,-0.010875695385038853,0.218302384018898,0.09215999394655228,0.06665753573179245,0.07260221987962723,-0.0010399087332189083,-0.055727675557136536,-0.0067049297504127026,0.1345846951007843,0.056817177683115005,0.18088065087795258,0.16612112522125244,-0.024081597104668617,-0.13325823843479156,-0.04320451244711876,0.31886404752731323,0.14615949988365173,0.0001412892306689173,-0.00011834317410830408,-0.0002859494707081467,0.0001528455613879487,-0.00013381638564169407,-0.0003173166187480092,4.752099994220771e-05,-0.05868862569332123,-0.15302135050296783,-0.07250849902629852,0.10316373407840729,-0.024155553430318832,-0.2533837556838989,-0.04937569051980972,0.12219202518463135,0.01309977937489748,-0.09659009426832199,-0.030094508081674576,-0.06736006587743759,0.06548027694225311,0.09678380936384201,0.12219202518463135,0.01309977937489748,-0.09659009426832199,-0.030094508081674576,-0.06736006587743759,0.06548027694225311,0.09678380936384201,0.12219202518463135,0.013099774718284607,-0.09659009426832199,-0.030094506219029427,-0.06736006587743759,0.06548026949167252,0.09678380936384201
31.145,0.004491004161536694,0.004491004161536694,nan,nan,nan,nan,-0.14462879300117493,1.0,0.0,0.6557335257530212,0.0,0.0,0.0,0.0,0.004000000189989805,0.013000000268220901,64.0,0.12868674099445343,2.203772783279419,0.010526739060878754,8.600131034851074,-0.006329776719212532,0.001286524347960949,0.007616301067173481,0.0,0.6647651195526123,0.007562828715890646,0.18371830880641937,9.0,1.0,0.0,0.0,0.004490992985665798,-1.1175870895385742e-08,nan,0.005345659330487251,0.014322392642498016,0.06561818718910217,0.06361036747694016,-0.1249295324087143,0.08258217573165894,0.23509089648723602,-0.061220161616802216,0.014427563175559044,0.06610002368688583,0.0640774667263031,-0.12584689259529114,0.08318857848644257,0.23681718111038208,-0.06166970729827881,0.14014515280723572,0.16399434208869934,0.021696530282497406,-0.1695963740348816,0.01887795701622963,0.371646910905838,0.07518284767866135,0.001083509181626141,0.0008304796647280455,-0.0015506527852267027,0.00026815084856934845,0.0010798940202221274,-0.0008627230417914689,-0.0006800601840950549,-0.05739220976829529,-0.14936120808124542,-0.09069205820560455,0.1418822854757309,-0.05143938213586807,-0.3029957413673401,-0.007990702986717224,0.08275294303894043,0.01463314052671194,-0.06899552792310715,-0.027714088559150696,-0.03256142511963844,0.06865115463733673,0.06719214469194412,0.08275294303894043,0.01463314052671194,-0.06899552792310715,-0.027714088559150696,-0.03256142511963844,0.06865115463733673,0.06719214469194412,0.08275294303894043,0.014633137732744217,-0.06899552792310715,-0.027714086696505547,-0.03256142511963844,0.06865115463733673,0.06719214469194412
31.232000000000003,0.003972562961280346,0.003972562961280346,nan,nan,nan,nan,-0.1761162132024765,0.0,-9.313225746154785e-10,0.6495057940483093,0.0,0.0,0.0,0.0,0.004000000189989805,0.017999999225139618,64.0,0.12780413031578064,4.050413131713867,0.013754703104496002,10.720344543457031,0.000683540478348732,-0.0031184805557131767,-0.0038020219653844833,-0.013602380640804768,0.7942076325416565,0.0056524379178881645,0.19006656110286713,9.0,1.0,0.0,0.0,0.003972557373344898,-5.587935447692871e-09,nan,0.009274414740502834,0.014322392642498016,0.06561818718910217,0.06361036747694016,-0.1249295324087143,0.08258217573165894,0.23509089648723602,-0.061220161616802216,0.019432183355093002,0.0890287458896637,0.08630459755659103,-0.16950055956840515,0.11204496026039124,0.3189641237258911,-0.08306164294481277,0.07616609334945679,0.15448860824108124,0.09392086416482925,-0.23611173033714294,0.11815410852432251,0.4656684100627899,-0.051316194236278534,0.0004574373597279191,0.00018889577768277377,-0.0007031975546851754,0.00018855508824344724,0.00026127442833967507,-0.0004980703233741224,-0.00018818239914253354,-0.052900493144989014,-0.1783778816461563,-0.11554884910583496,0.18544235825538635,-0.07695668190717697,-0.38541221618652344,0.029075488448143005,0.023265600204467773,-0.02388927713036537,-0.02162798121571541,-0.05066937208175659,0.04119742661714554,0.08025620877742767,-0.02224070578813553,0.023265600204467773,-0.02388927713036537,-0.02162798121571541,-0.05066937208175659,0.04119742661714554,0.08025620877742767,-0.02224070578813553,0.023265600204467773,-0.02388927713036537,-0.02162798121571541,-0.05066937208175659,0.04119742661714554,0.08025620877742767,-0.02224070578813553
31.309,0.0034769130870699883,0.0034769130870699883,nan,nan,nan,nan,-0.16084839403629303,0.0,0.0,0.6455971002578735,0.0,0.0,0.0,0.0,0.008999999612569809,0.010999999940395355,64.0,0.12707744538784027,2.3982162475585938,0.011443160474300385,9.97637939453125,0.0010383278131484985,-0.005657712928950787,-0.006696040742099285,0.0,0.6179023385047913,0.006328325718641281,0.13153164088726044,9.0,1.0,0.0,0.0,0.003476903773844242,-9.313225746154785e-09,nan,0.006629105191677809,-0.05122562125325203,0.16359160840511322,0.14981409907341003,-0.04501299932599068,0.12711207568645477,0.1413652002811432,0.0012998932506889105,-0.013062912970781326,0.04171707481145859,0.038203705102205276,-0.011478648521006107,0.032414522022008896,0.03604917600750923,0.00033148244256153703,-0.05720730870962143,0.20679596066474915,0.1855231523513794,-0.09993071109056473,0.18541839718818665,0.26212361454963684,-0.01490950956940651,0.00029013058519922197,4.72589090350084e-06,-0.0004752253298647702,0.00016836088616400957,2.5893275960697792e-05,-0.0004025433154311031,-4.6062705223448575e-05,0.027545128017663956,-0.23082104325294495,-0.1564071923494339,0.06703028082847595,-0.09174156934022903,-0.22034284472465515,-0.031035281717777252,-0.029662180691957474,-0.024025090038776398,0.029115960001945496,-0.03290042653679848,0.09367682784795761,0.04178076609969139,-0.04594479128718376,-0.029662180691957474,-0.024025090038776398,0.029115960001945496,-0.03290042653679848,0.09367682784795761,0.04178076609969139,-0.04594479128718376,-0.029662180691957474,-0.024025090038776398,0.029115960001945496,-0.03290042653679848,0.09367682784795761,0.04178076609969139,-0.04594479128718376
31.379,0.0033599352464079857,0.0033599352464079857,nan,nan,nan,nan,-0.15638601779937744,0.0,-1.3969838619232178e-09,0.6449748873710632,0.0,0.0,0.0,0.0,0.00800000037997961,0.014000000432133675,64.0,0.12694835662841797,3.1501612663269043,0.012041069567203522,10.214345932006836,-0.002269505988806486,-0.002881134394556284,-0.0006116298027336597,0.0,0.5258159041404724,0.009070604108273983,0.0829930528998375,9.0,1.0,0.0,0.0,0.0033599240705370903,-1.1175870895385742e-08,nan,0.0026057169307023287,0.019331295043230057,0.08233454823493958,0.06348428875207901,-0.11807765066623688,0.08023077249526978,0.23871272802352905,-0.038131244480609894,0.006998490542173386,0.029807500541210175,0.022983158007264137,-0.04274754226207733,0.029045870527625084,0.0864209458231926,-0.013804619200527668,-0.05099499225616455,0.2047545164823532,0.18306496739387512,-0.09832394123077393,0.17540143430233002,0.2547963559627533,-0.014945300295948982,0.0002577111590653658,-2.088837936753407e-05,-0.00043590081622824073,0.000169765466125682,-9.289698027714621e-06,-0.0003888058417942375,-2.5525165256112814e-05,-0.029011495411396027,-0.21454818546772003,-0.10698328167200089,0.09152236580848694,-0.044074296951293945,-0.2535955309867859,-0.04276467114686966,-0.08000648766756058,-0.009793668985366821,0.07608168572187424,-0.0068015772849321365,0.13132713735103607,0.0012008119374513626,-0.05770996958017349,-0.08000648766756058,-0.009793668985366821,0.07608168572187424,-0.0068015772849321365,0.13132713735103607,0.0012008119374513626,-0.05770996958017349,-0.08000648766756058,-0.009793668985366821,0.07608168572187424,-0.0068015772849321365,0.13132713735103607,0.0012008119374513626,-0.05770996958017349
31.44,0.0034660035744309425,0.0034660035744309425,nan,nan,nan,nan,-0.14737598598003387,1.0,0.0,0.6463351249694824,0.0,0.0,0.0,0.0,0.0010000000474974513,0.014999999664723873,64.0,0.12813639640808105,2.3540351390838623,0.010105781257152557,9.06854248046875,-0.0033296551555395126,-0.0005958136171102524,0.0027338415384292603,0.0,0.4213770031929016,0.01009770855307579,0.06284228712320328,9.0,1.0,0.0,0.0,0.0034659793600440025,-2.421438694000244e-08,nan,0.0021744882687926292,0.019331295043230057,0.08233454823493958,0.06348428875207901,-0.11807765066623688,0.08023077249526978,0.23871272802352905,-0.038131244480609894,0.013034345582127571,0.05551500990986824,0.04280500486493111,-0.07961520552635193,0.054096512496471405,0.1609547734260559,-0.02571042627096176,-0.009504151530563831,0.1662929654121399,0.14056402444839478,-0.14276990294456482,0.1502234786748886,0.3160836100578308,-0.0378691703081131,0.00036186532815918326,9.176698222290725e-05,-0.0005799243226647377,0.00018291074957232922,0.0001328093494521454,-0.0004515022737905383,-0.00011248498049098998,-0.07904310524463654,-0.180348739027977,-0.05305065959692001,0.13161788880825043,-0.008489668369293213,-0.3131183683872223,-0.031894274055957794,-0.08854725956916809,-0.01405576802790165,0.08751336485147476,-0.011152009479701519,0.1417338103055954,0.002965237945318222,-0.06976344436407089,-0.08854725956916809,-0.01405576802790165,0.08751336485147476,-0.011152009479701519,0.1417338103055954,0.002965237945318222,-0.06976344436407089,-0.08854725956916809,-0.014055769890546799,0.08751336485147476,-0.011152008548378944,0.1417338103055954,0.002965235151350498,-0.06976344436407089
31.494000000000003,0.0037727495655417442,0.0037727495655417442,nan,nan,nan,nan,-0.13952213525772095,0.0,0.0,0.6498247385025024,0.0,0.0,0.0,0.0,0.0020000000949949026,0.012000000104308128,64.0,0.12857921421527863,2.881498098373413,0.014020130038261414,10.22010326385498,-0.004485107958316803,0.0017945822328329086,0.006279690191149712,0.0,0.5635313987731934,0.010791568085551262,0.09362530708312988,9.0,1.0,0.0,0.0,0.003772730939090252,-1.862645149230957e-08,nan,0.002848958130925894,-0.1295657604932785,0.14360098540782928,0.16527479887008667,0.046114880591630936,0.1514204442501068,-0.0017532591009512544,0.01476156897842884,-0.082304447889328,0.09122008830308914,0.10498800873756409,0.029293695464730263,0.09618727117776871,-0.001113728154450655,0.00937703624367714,-0.049870483577251434,0.1774398386478424,0.16545996069908142,-0.10280298441648483,0.17173874378204346,0.25923779606819153,-0.029140068218111992,0.00029622731381095946,3.098066372331232e-05,-0.0004949605790898204,0.00017492285405751318,5.2492297982098535e-05,-0.0004129291628487408,-6.449257489293814e-05,-0.04324926435947418,-0.1952386200428009,-0.0724206268787384,0.08445125073194504,-0.023389503359794617,-0.24576795101165771,-0.050940923392772675,-0.09311974793672562,-0.017798779532313347,0.09303933382034302,-0.018351733684539795,0.14834924042224884,0.01346985250711441,-0.08008099347352982,-0.09311974793672562,-0.017798779532313347,0.09303933382034302,-0.018351733684539795,0.14834924042224884,0.01346985250711441,-0.08008099347352982,-0.09311974793672562,-0.017798779532313347,0.09303933382034302,-0.018351733684539795,0.14834924042224884,0.01346985250711441,-0.08008099347352982
31.565,0.0037814760580658913,0.0037814760580658913,nan,nan,nan,nan,-0.13438233733177185,0.0,1.862645149230957e-09,0.6518561840057373,0.0,0.0,0.0,0.0,0.0020000000949949026,0.017999999225139618,64.0,0.1290871649980545,2.1283812522888184,0.010642223060131073,8.583287239074707,0.0011573899537324905,0.0008448893204331398,-0.0003124987706542015,-0.0013798061991110444,0.6825639009475708,0.013363674283027649,0.1708955019712448,9.0,1.0,0.0,0.0,0.0037814555689692497,-2.0489096641540527e-08,nan,0.008495207875967026,-0.1295657604932785,0.14360098540782928,0.16527479887008667,0.046114880591630936,0.1514204442501068,-0.0017532591009512544,0.01476156897842884,-0.10100074112415314,0.11194165796041489,0.12883710861206055,0.03594805672764778,0.11803717911243439,-0.0013667227467522025,0.01150712464004755,-0.13590654730796814,0.21212553977966309,0.2246301770210266,-0.012312601320445538,0.21594280004501343,0.12899664044380188,-0.0020447648130357265,-1.1328003893140703e-05,-0.00028400696464814246,-8.320914639625698e-05,0.00013765429321210831,-0.00035206993925385177,-0.0002310915442649275,0.00017793351435102522,-0.002482473850250244,-0.21812079846858978,-0.09976173937320709,0.032787423580884933,-0.04547262191772461,-0.1713794767856598,-0.07130198180675507,-0.13838902115821838,-0.005995262414216995,0.12486843764781952,0.02047482132911682,0.17047017812728882,-0.04238283634185791,-0.07334674894809723,-0.13838902115821838,-0.005995262414216995,0.12486843764781952,0.02047482132911682,0.17047017812728882,-0.04238283634185791,-0.07334674894809723,-0.13838902115821838,-0.005995262414216995,0.12486843764781952,0.02047482132911682,0.17047017812728882,-0.04238283634185791,-0.07334674894809723
31.642,0.0037920745089650154,0.0037920745089650154,nan,nan,nan,nan,-0.15935224294662476,1.0,-9.313225746154785e-10,0.654889702796936,0.0,0.0,0.0,0.0,0.003000000026077032,0.014999999664723873,64.0,0.12948471307754517,2.064115285873413,0.010236166417598724,8.538606643676758,-0.0018106764182448387,0.00028341496363282204,0.002094090450555086,0.0,0.3831923007965088,0.015454061329364777,0.18904119729995728,9.0,1.0,0.0,0.0,0.0037920577451586723,-1.6763806343078613e-08,nan,0.005517548881471157,0.05293368175625801,0.2429809272289276,0.07103005051612854,-3.731812466867268e-05,-0.047439392656087875,0.07526514679193497,0.12327890843153,0.026673974469304085,0.12244126945734024,0.03579297289252281,-1.8805090803653002e-05,-0.023905329406261444,0.037927091121673584,0.06212185323238373,-0.05189982056617737,0.27723047137260437,0.17651715874671936,0.005829765927046537,0.09327325969934464,0.10080185532569885,0.08217962831258774,-0.00017152178043033928,-0.0004285472969058901,0.00012101246102247387,0.00012052868260070682,-0.0005410872981883585,-0.0001398176682414487,0.00028832556563429534,-0.1138933002948761,-0.24628841876983643,-0.029435977339744568,0.06493238359689713,0.06719609349966049,-0.21548284590244293,-0.12148347496986389,-0.16579312086105347,0.030942052602767944,0.1470811814069748,0.07076214998960495,0.16046935319900513,-0.11468099057674408,-0.039303846657276154,-0.16579312086105347,0.030942052602767944,0.1470811814069748,0.07076214998960495,0.16046935319900513,-0.11468099057674408,-0.039303846657276154,-0.16579312086105347,0.030942047014832497,0.1470811814069748,0.07076214998960495,0.16046935319900513,-0.11468099802732468,-0.039303846657276154
31.702,0.003717302344739437,0.003717302344739437,nan,nan,nan,nan,-0.1718941181898117,0.0,0.0,0.6588597893714905,0.0,0.0,0.0,0.0,-0.0010000000474974513,0.010999999940395355,64.0,0.12991799414157867,4.225522994995117,0.019067898392677307,10.993250846862793,-0.0006621368229389191,0.00022119563072919846,0.0008833324536681175,0.0,0.01209038682281971,0.014768815599381924,0.20647312700748444,9.0,1.0,0.0,0.0,0.003717283718287945,-1.862645149230957e-08,nan,0.006099507678300142,0.032394349575042725,0.09758469462394714,0.05850384011864662,-0.11580987274646759,0.07351280748844147,0.23905633389949799,-0.006414270028471947,0.015187319368124008,0.04575026035308838,0.02742813155055046,-0.05429470166563988,0.03446472808718681,0.11207587271928787,-0.0030071777291595936,0.009400807321071625,0.266524076461792,0.13539858162403107,-0.04456047713756561,0.05562172085046768,0.1749376505613327,0.08466973155736923,0.0004223707364872098,0.00018088312936015427,-0.0006811686907894909,0.00019539073400665075,0.00023748147941660136,-0.000496625667437911,-0.0001762040628818795,-0.15581828355789185,-0.21960273385047913,-0.0092354416847229,0.13775072991847992,0.05725143104791641,-0.336778461933136,-0.09324516355991364,-0.14641746878623962,0.04692135006189346,0.12616313993930817,0.0931902527809143,0.1128731518983841,-0.16184081137180328,-0.008575430139899254,-0.14641746878623962,0.04692135006189346,0.12616313993930817,0.0931902527809143,0.1128731518983841,-0.16184081137180328,-0.008575430139899254,-0.14641746878623962,0.04692135006189346,0.12616313993930817,0.0931902527809143,0.1128731518983841,-0.16184081137180328,-0.008575430139899254
31.851000000000003,0.002636241726577282,0.002636241726577282,nan,nan,nan,nan,-0.15524396300315857,0.0,-9.313225746154785e-10,0.6623262763023376,0.0,0.0,0.0,0.0,0.004000000189989805,0.05700000002980232,64.0,0.13023251295089722,2.284564971923828,0.01304876059293747,10.509265899658203,0.004646003246307373,-0.004056794568896294,-0.008702798746526241,-0.01013200543820858,-0.02925090119242668,0.0133951585739851,0.15836788713932037,9.0,1.0,0.0,0.0,0.002636226825416088,-1.4901161193847656e-08,nan,0.004564356990158558,-0.11743029952049255,0.14488543570041656,0.16956789791584015,0.02194717340171337,0.15752935409545898,0.033328477293252945,0.007556517608463764,-0.0005275248549878597,0.0006508599035441875,0.000761739385779947,9.85919323284179e-05,0.0007076594047248363,0.00014971946075093,3.394567465875298e-05,-0.007629529107362032,0.21540021896362305,0.13286976516246796,-0.06256334483623505,0.09110291302204132,0.19217216968536377,0.04669833183288574,-3.7371184589574113e-05,-0.00026242484454996884,-7.571274909423664e-05,0.00013830354146193713,-0.00032906417618505657,-0.00022586184786632657,0.00015586803783662617,-0.12805646657943726,-0.1837795525789261,-0.021512918174266815,0.14285054802894592,0.011521302163600922,-0.34322237968444824,-0.05962016433477402,-0.135685995221138,0.03162066638469696,0.11135684698820114,0.08028721064329147,0.10262421518564224,-0.15105019509792328,-0.012921834364533424,-0.135685995221138,0.03162066638469696,0.11135684698820114,0.08028721064329147,0.10262421518564224,-0.15105019509792328,-0.012921834364533424,-0.135685995221138,0.03162066638469696,0.11135684698820114,0.08028721064329147,0.10262421518564224,-0.15105019509792328,-0.012921834364533424
31.900000000000002,0.0026816455647349358,0.0026816455647349358,nan,nan,nan,nan,-0.18279577791690826,0.0,1.862645149230957e-09,0.6631926894187927,0.0,0.0,0.0,0.0,0.0,0.007000000216066837,64.0,0.12994913756847382,3.557284355163574,0.019534491002559662,12.412302017211914,0.00381608959287405,-0.0016059433110058308,-0.005422031041234732,0.0,-0.10103113949298859,0.012649612501263618,0.11206242442131042,9.0,1.0,0.0,0.0,0.0026816362515091896,-9.313225746154785e-09,nan,0.003996553830802441,0.05304238945245743,0.11169634014368057,0.06803295016288757,-0.1087723821401596,0.07843353599309921,0.22545018792152405,0.03564988449215889,0.07625526189804077,0.16057786345481873,0.09780611842870712,-0.15637429058551788,0.11275830864906311,0.324113667011261,0.05125129967927933,0.021711235865950584,0.22496351599693298,0.14975100755691528,-0.11766619980335236,0.13436299562454224,0.28833839297294617,0.05453231930732727,0.000600429018959403,0.0003617826150730252,-0.000932421360630542,0.00022232629999052733,0.00046556408051401377,-0.0006135291769169271,-0.00031027692602947354,-0.15247876942157745,-0.20058771967887878,-0.041052430868148804,0.1815798282623291,-0.01837022602558136,-0.4172576069831848,-0.07287730276584625,-0.13076753914356232,0.024375803768634796,0.10869857668876648,0.06391362100839615,0.11599276959896088,-0.12891921401023865,-0.018344979733228683,-0.13076753914356232,0.024375803768634796,0.10869857668876648,0.06391362100839615,0.11599276959896088,-0.12891921401023865,-0.018344979733228683,-0.13076753914356232,0.024375803768634796,0.10869857668876648,0.06391362100839615,0.11599276959896088,-0.12891921401023865,-0.018344979733228683
32.010000000000005,0.003189600072801113,0.003189600072801113,nan,nan,nan,nan,-0.1674586534500122,0.0,2.3283064365386963e-09,0.6701061725616455,0.0,0.0,0.0,0.0,0.014000000432133675,0.028999999165534973,64.0,0.1296798586845398,3.996476650238037,0.020808540284633636,14.8440523147583,0.0007081800140440464,0.004038314335048199,0.003330136649310589,0.008113618940114975,-0.5130754113197327,0.008038009516894817,0.1346973329782486,9.0,1.0,0.0,0.0,0.0031895944848656654,-5.587935447692871e-09,nan,0.0038905232213437557,0.14784850180149078,0.12172691524028778,-0.04198870435357094,-0.06273111701011658,-0.09634242951869965,0.16183896362781525,0.11023347824811935,0.10245717316865921,0.08435524255037308,-0.029097652062773705,-0.04347188398241997,-0.06676411628723145,0.11215239763259888,0.07639043778181076,0.1425517499446869,0.20980602502822876,0.03384415805339813,-0.11640958487987518,-0.017070787027478218,0.2860824465751648,0.12095341086387634,0.00073951919330284,0.0004941757651977241,-0.0011176882544532418,0.00023851518926676363,0.0006336532533168793,-0.0006945307250134647,-0.0004066906403750181,-0.22012117505073547,-0.19390028715133667,0.03466995060443878,0.15168198943138123,0.09896035492420197,-0.36932048201560974,-0.11983786523342133,-0.07756941765546799,0.01590574160218239,0.06851410865783691,0.035272397100925446,0.0818895697593689,-0.08323802798986435,0.0011155474931001663,-0.07756941765546799,0.01590574160218239,0.06851410865783691,0.035272397100925446,0.0818895697593689,-0.08323802798986435,0.0011155474931001663,-0.07756941765546799,0.01590574160218239,0.06851410865783691,0.035272397100925446,0.0818895697593689,-0.08323802798986435,0.0011155474931001663
32.108000000000004,0.0031435219570994377,0.0031435219570994377,nan,nan,nan,nan,-0.19128894805908203,0.0,0.0,0.6751280426979065,0.0,0.0,0.0,0.0,0.0010000000474974513,0.050999999046325684,64.0,0.12962311506271362,2.6001827716827393,0.01282617449760437,12.769948959350586,0.0034297071397304535,0.001691737212240696,-0.0017379699274897575,-0.0015328839654102921,-0.6239616274833679,0.005143503192812204,0.14107459783554077,9.0,1.0,0.0,0.0,0.0031435107812285423,-1.1175870895385742e-08,nan,0.006198517978191376,0.14784850180149078,0.12172691524028778,-0.04198870435357094,-0.06273111701011658,-0.09634242951869965,0.16183896362781525,0.11023347824811935,0.23360784351825714,0.19233447313308716,-0.06634420156478882,-0.09911822527647018,-0.15222574770450592,0.25571346282958984,0.17417427897453308,0.22786599397659302,0.23887377977371216,-0.02349131554365158,-0.12769815325737,-0.10643477737903595,0.3215484917163849,0.1780286580324173,0.0007198767852969468,0.00047846449888311327,-0.0010959270875900984,0.00023573442013002932,0.0006109211826696992,-0.0006833355291746557,-0.0003913635737262666,-0.2676316499710083,-0.22488273680210114,0.05277462676167488,0.15984447300434113,0.1371789276599884,-0.39540258049964905,-0.15533649921417236,-0.03976566344499588,0.013991039246320724,0.0292833112180233,0.03214631974697113,0.03074415773153305,-0.07385408133268356,0.022692158818244934,-0.03976566344499588,0.013991039246320724,0.0292833112180233,0.03214631974697113,0.03074415773153305,-0.07385408133268356,0.022692158818244934,-0.03976566344499588,0.013991039246320724,0.0292833112180233,0.03214631974697113,0.03074415773153305,-0.07385408133268356,0.022692158818244934
32.18000000000001,0.0032740524038672447,0.0032740524038672447,nan,nan,nan,nan,-0.20778195559978485,0.0,2.3283064365386963e-10,0.6776219010353088,0.0,0.0,0.0,0.0,0.0020000000949949026,0.00800000037997961,64.0,0.13027377426624298,3.1771035194396973,0.01370161771774292,9.424352645874023,-0.00046981661580502987,0.002642173320055008,0.0031119901686906815,0.0,-0.3651861250400543,0.0030880761332809925,0.1238890215754509,9.0,1.0,0.0,0.0,0.003274046815931797,-5.587935447692871e-09,nan,0.003052463987842202,0.03523681312799454,0.10670899599790573,0.06469745188951492,-0.10479752719402313,0.07880472391843796,0.2364882528781891,0.008148600347340107,0.041458457708358765,0.12555024027824402,0.07612086832523346,-0.12330127507448196,0.09271901100873947,0.27824416756629944,0.009587371721863747,0.17894859611988068,0.2422308623790741,0.03681016340851784,-0.17301295697689056,-0.0035457946360111237,0.4114457368850708,0.12027861177921295,0.0006436794064939022,0.00041821441845968366,-0.0010016546584665775,0.0002300995256518945,0.0005304644000716507,-0.0006430404027923942,-0.00034585350658744574,-0.1768425852060318,-0.2297055721282959,-0.03986423835158348,0.18669438362121582,0.004690965637564659,-0.45541664958000183,-0.08126472681760788,0.0021060053259134293,0.012525282800197601,-0.003054074477404356,0.01368142943829298,0.0011451707687228918,-0.04397091269493103,0.03901388496160507,0.0021060053259134293,0.012525282800197601,-0.003054074477404356,0.01368142943829298,0.0011451707687228918,-0.04397091269493103,0.03901388496160507,0.0021060053259134293,0.012525282800197601,-0.003054074477404356,0.01368142943829298,0.0011451707687228918,-0.04397091269493103,0.03901388496160507
32.25,0.003362744115293026,0.003362744115293026,nan,nan,nan,nan,-0.22905968129634857,0.0,-6.984919309616089e-10,0.6785920262336731,0.0,0.0,0.0,0.0,0.007000000216066837,0.010999999940395355,64.0,0.13017474114894867,2.465986728668213,0.015716999769210815,8.931735038757324,-0.0006966281216591597,0.0022255047224462032,0.002922132145613432,0.0,0.03831566125154495,0.0026046133134514093,0.08686289191246033,9.0,1.0,0.0,0.0,0.003362727351486683,-1.6763806343078613e-08,nan,0.003355723572894931,0.03523681312799454,0.10670899599790573,0.06469745188951492,-0.10479752719402313,0.07880472391843796,0.2364882528781891,0.008148600347340107,0.05344231426715851,0.16184140741825104,0.09812413156032562,-0.15894237160682678,0.11952008306980133,0.3586725890636444,0.012358668260276318,0.13061769306659698,0.2504953444004059,0.09860459715127945,-0.2146044373512268,0.09668640792369843,0.4944557547569275,0.06839443743228912,0.0006546644144691527,0.00042744886013679206,-0.0010155427735298872,0.0002299910265719518,0.0005427525611594319,-0.0006481464952230453,-0.0003531134279910475,-0.1443633735179901,-0.24927525222301483,-0.08755690604448318,0.20618408918380737,-0.051082514226436615,-0.5052811503410339,-0.05684632807970047,-0.013745686039328575,0.0012200865894556046,0.011047691106796265,-0.008420342579483986,0.04560389369726181,-0.010825399309396744,0.011548108421266079,-0.013745686039328575,0.0012200865894556046,0.011047691106796265,-0.008420342579483986,0.04560389369726181,-0.010825399309396744,0.011548108421266079,-0.013745686039328575,0.0012200865894556046,0.011047691106796265,-0.008420342579483986,0.04560389369726181,-0.010825399309396744,0.011548108421266079
32.32300000000001,0.0034114690497517586,0.0034114690497517586,nan,nan,nan,nan,-0.16351407766342163,1.0,9.313225746154785e-10,0.6792381405830383,0.0,0.0,0.0,0.0,0.004999999888241291,0.01600000075995922,64.0,0.1296953707933426,5.356507301330566,0.018885359168052673,14.121581077575684,-0.0011812755838036537,0.0013833644334226847,0.002564640948548913,0.0,0.34848281741142273,0.002526203403249383,0.06025466322898865,9.0,1.0,0.0,0.0,0.0034114429727196693,-2.60770320892334e-08,nan,0.003159451996907592,0.15346480906009674,0.08731219917535782,-0.059798456728458405,-0.07470785826444626,-0.08654708415269852,0.1788576990365982,0.10093334317207336,0.0803220346570015,0.045698381960392,-0.0312979482114315,-0.039101388305425644,-0.04529792442917824,0.0936124324798584,0.052827559411525726,0.17780472338199615,0.1821916252374649,-0.0005226768553256989,-0.15601494908332825,-0.021924952045083046,0.36462512612342834,0.10888712108135223,0.000625563261564821,0.00040273001650348306,-0.0009781834669411182,0.00022761599393561482,0.0005090332706458867,-0.0006324789137579501,-0.00033198800520040095,-0.17553198337554932,-0.18638522922992706,-0.0010484056547284126,0.13467536866664886,0.0634462758898735,-0.35055211186408997,-0.096637062728405,0.00227273628115654,-0.004193607717752457,-0.0015710825100541115,-0.021339574828743935,0.04152132570743561,0.014073003083467484,0.01225005928426981,0.00227273628115654,-0.004193607717752457,-0.0015710825100541115,-0.021339574828743935,0.04152132570743561,0.014073003083467484,0.01225005928426981,0.0022727351170033216,-0.004193609580397606,-0.001571082859300077,-0.021339572966098785,0.04152132570743561,0.01407300028949976,0.012250058352947235
32.403000000000006,0.0031753210350871086,0.0031753210350871086,nan,nan,nan,nan,-0.15162822604179382,0.0,-9.313225746154785e-10,0.6777529120445251,0.0,0.0,0.0,0.0,0.004999999888241291,0.013000000268220901,64.0,0.12944117188453674,3.7379367351531982,0.018435530364513397,10.337138175964355,-0.001157284714281559,-0.0013479567132890224,-0.00019067293033003807,0.0,0.7243725061416626,0.0031315472442656755,0.040648479014635086,9.0,1.0,0.0,0.0,0.003175300545990467,-2.0489096641540527e-08,nan,0.0017446484416723251,0.15346480906009674,0.08731219917535782,-0.059798456728458405,-0.07470785826444626,-0.08654708415269852,0.1788576990365982,0.10093334317207336,0.13306061923503876,0.0757034495472908,-0.05184784531593323,-0.06477493792772293,-0.0750400573015213,0.15507733821868896,0.08751356601715088,0.21932196617126465,0.1711600422859192,-0.046104706823825836,-0.1465226709842682,-0.07884390652179718,0.3457012176513672,0.13963733613491058,0.0007228543399833143,0.0004911936121061444,-0.0011085827136412263,0.0002393764880253002,0.0006189861451275647,-0.0006929211085662246,-0.0003948206140194088,-0.18789172172546387,-0.17606911063194275,0.019841378554701805,0.12136723101139069,0.0911451131105423,-0.3210983872413635,-0.11080406606197357,0.03143024817109108,-0.004909072071313858,-0.02626332826912403,-0.025155439972877502,0.012301206588745117,0.024602826684713364,0.02883327379822731,0.03143024817109108,-0.004909072071313858,-0.02626332826912403,-0.025155439972877502,0.012301206588745117,0.024602826684713364,0.02883327379822731,0.03143024817109108,-0.004909072071313858,-0.02626332826912403,-0.025155439972877502,0.012301206588745117,0.024602826684713364,0.02883327379822731
32.477999999999994,0.002936101518571377,0.002936101518571377,nan,nan,nan,nan,-0.15966925024986267,0.0,1.3969838619232178e-09,0.6754440069198608,0.0,0.0,0.0,0.0,0.0020000000949949026,0.013000000268220901,64.0,0.12945513427257538,2.6375045776367188,0.013899058103561401,10.0165376663208,0.0001843809150159359,-0.0022776913829147816,-0.0024620709009468555,0.0,0.7760448455810547,0.006063286680728197,0.035343997180461884,9.0,1.0,0.0,0.0,0.0029360735788941383,-2.7939677238464355e-08,nan,0.0016489150002598763,0.15346480906009674,0.08731219917535782,-0.059798456728458405,-0.07470785826444626,-0.08654708415269852,0.1788576990365982,0.10093334317207336,0.1953509896993637,0.11114290356636047,-0.07611965388059616,-0.09509837627410889,-0.11016895622015,0.22767451405525208,0.12848176062107086,0.27489030361175537,0.18078495562076569,-0.08641713857650757,-0.15472440421581268,-0.13144397735595703,0.36774927377700806,0.17837026715278625,0.0010384311899542809,0.0007870959234423935,-0.001532315043732524,0.00027975294506177306,0.0009914723923429847,-0.0008851683232933283,-0.0006113614072091877,-0.20263737440109253,-0.18598182499408722,0.023581288754940033,0.1274617612361908,0.1020178571343422,-0.3365343511104584,-0.12427587807178497,0.07225292176008224,-0.005196865648031235,-0.06283584982156754,-0.027262650430202484,-0.029426122084259987,0.031214915215969086,0.05409438908100128,0.07225292176008224,-0.005196865648031235,-0.06283584982156754,-0.027262650430202484,-0.029426122084259987,0.031214915215969086,0.05409438908100128,0.07225292176008224,-0.005196865648031235,-0.06283584982156754,-0.027262650430202484,-0.029426122084259987,0.031214915215969086,0.05409438908100128
32.547,0.002970016561448574,0.002970016561448574,nan,nan,nan,nan,-0.18322856724262238,1.0,6.845220923423767e-08,0.6740149855613708,0.0,0.0,0.0,0.0,0.0,0.017000000923871994,64.0,0.12960083782672882,2.8716773986816406,0.012511387467384338,9.18775463104248,0.0074169025756418705,-0.0011403500102460384,-0.008557183668017387,0.0,0.7355334162712097,0.008748520165681839,0.059210728853940964,9.0,1.0,0.0,0.0,0.0029700035229325294,-1.30385160446167e-08,nan,0.009129063226282597,0.15346480906009674,0.08731219917535782,-0.059798456728458405,-0.07470785826444626,-0.08654708415269852,0.1788576990365982,0.10093334317207336,0.24359086155891418,0.13858847320079803,-0.09491659700870514,-0.11858191341161728,-0.13737401366233826,0.2838963568210602,0.16020897030830383,0.3355056345462799,0.20112280547618866,-0.1220422014594078,-0.17210455238819122,-0.1793084442615509,0.4109112024307251,0.21964316070079803,0.001286824932321906,0.0010209593456238508,-0.0018632111605256796,0.00031042887712828815,0.0012840086128562689,-0.001037116046063602,-0.0007804777706041932,-0.24305151402950287,-0.19627007842063904,0.016631484031677246,0.1592671275138855,0.10631406307220459,-0.38484257459640503,-0.15065288543701172,0.09245412051677704,0.004852721933275461,-0.10541071742773056,-0.012837418355047703,-0.07299438118934631,0.02606862224638462,0.06899027526378632,0.09245412051677704,0.004852721933275461,-0.10541071742773056,-0.012837418355047703,-0.07299438118934631,0.02606862224638462,0.06899027526378632,0.09245410561561584,0.004852725192904472,-0.10541071742773056,-0.012837410904467106,-0.07299437373876572,0.026068616658449173,0.06899026781320572
32.629999999999995,0.0035406043753027916,0.0035406043753027916,nan,nan,nan,nan,-0.16840045154094696,1.0,1.8440186977386475e-07,0.6731038689613342,0.0,0.0,0.0,0.0,0.004000000189989805,0.013000000268220901,64.0,0.12950389087200165,2.4202914237976074,0.011745840311050415,10.616729736328125,0.011773249134421349,0.0034498553723096848,-0.00832320936024189,0.0192229263484478,0.6870248913764954,0.009299813769757748,0.15766815841197968,9.0,1.0,0.0,0.0,0.00354058388620615,-2.0489096641540527e-08,nan,0.01707424595952034,0.15299278497695923,0.09348640590906143,-0.06090547889471054,-0.0698329508304596,-0.08843865245580673,0.17152637243270874,0.10965713858604431,0.03164948523044586,0.01933945342898369,-0.012599465437233448,-0.01444628369063139,-0.018295228481292725,0.03548351675271988,0.022684680297970772,0.3101118206977844,0.18326438963413239,-0.11751853674650192,-0.15309235453605652,-0.17135940492153168,0.3676179349422455,0.2068266123533249,0.001195490942336619,0.0009415199747309089,-0.0017386258114129305,0.00029706937493756413,0.001182063715532422,-0.0009820199338719249,-0.0007220379775390029,-0.23550206422805786,-0.15543021261692047,-0.006242014467716217,0.1626226156949997,0.07912365347146988,-0.34520894289016724,-0.144890695810318,0.07460975646972656,0.027834180742502213,-0.12376055121421814,0.009530259296298027,-0.0922357514500618,0.02240898832678795,0.061935923993587494,0.07460975646972656,0.027834180742502213,-0.12376055121421814,0.009530259296298027,-0.0922357514500618,0.02240898832678795,0.061935923993587494,0.07460974901914597,0.027834182605147362,-0.12376055121421814,0.009530262090265751,-0.0922357514500618,0.0224089864641428,0.061935920268297195
32.693,0.004196044988930225,0.004196044988930225,nan,nan,nan,nan,-0.12127044051885605,0.0,1.862645149230957e-09,0.67546147108078,0.0,0.0,0.0,0.0,0.007000000216066837,0.012000000104308128,64.0,0.12956713140010834,3.117496967315674,0.01140497624874115,10.28817081451416,-0.005721796303987503,0.007447707001119852,0.013169504702091217,0.0,0.8326412439346313,0.012213035486638546,0.12450503557920456,9.0,1.0,0.0,0.0,0.00419603381305933,-1.1175870895385742e-08,nan,0.0036169448867440224,0.15299278497695923,0.09348640590906143,-0.06090547889471054,-0.0698329508304596,-0.08843865245580673,0.17152637243270874,0.10965713858604431,0.07091187685728073,0.043330781161785126,-0.02822957932949066,-0.03236744552850723,-0.040991153568029404,0.0795021578669548,0.05082588642835617,0.2536097466945648,0.15220627188682556,-0.09832890331745148,-0.12087732553482056,-0.14309687912464142,0.29317304491996765,0.17492574453353882,0.0005897088558413088,0.0003720934328157455,-0.0009227190748788416,0.00021858801483176649,0.00046691435272805393,-0.0006087646470405161,-0.00030638178577646613,-0.12435786426067352,-0.12120130658149719,-0.03203138709068298,0.10410144925117493,0.031247295439243317,-0.2371021956205368,-0.07970785349607468,0.1292518824338913,0.031004969030618668,-0.13036029040813446,-0.01677588000893593,-0.1118495836853981,0.05607084929943085,0.09521789103746414,0.1292518824338913,0.031004969030618668,-0.13036029040813446,-0.01677588000893593,-0.1118495836853981,0.05607084929943085,0.09521789103746414,0.1292518824338913,0.031004969030618668,-0.13036029040813446,-0.01677588000893593,-0.1118495836853981,0.05607084929943085,0.09521789103746414
32.775999999999996,0.004081186838448048,0.004081186838448048,nan,nan,nan,nan,-0.12159629166126251,0.0,-1.862645149230957e-09,0.6734474301338196,0.0,0.0,0.0,0.0,0.0010000000474974513,0.014999999664723873,64.0,0.1293153166770935,2.5683817863464355,0.012143515050411224,10.521870613098145,-0.0057709962129592896,0.001531834714114666,0.007302829064428806,0.0,0.8333660364151001,0.012499280273914337,0.09580805152654648,9.0,1.0,0.0,0.0,0.0040811700746417046,-1.6763806343078613e-08,nan,0.002900236751884222,0.15299278497695923,0.09348640590906143,-0.06090547889471054,-0.0698329508304596,-0.08843865245580673,0.17152637243270874,0.10965713858604431,0.12006048858165741,0.07336309552192688,-0.047795336693525314,-0.05480113625526428,-0.06940189003944397,0.13460464775562286,0.08605301380157471,0.25706610083580017,0.15587225556373596,-0.10118531435728073,-0.11957557499408722,-0.14706622064113617,0.2920743525028229,0.1812557876110077,0.000992874032817781,0.0007603512494824827,-0.0014632736565545201,0.00026783987414091825,0.0009547820081934333,-0.000855347840115428,-0.000590550247579813,-0.1231490820646286,-0.12843036651611328,-0.026961959898471832,0.10266460478305817,0.02964039146900177,-0.2384374737739563,-0.07911504805088043,0.13391701877117157,0.027441881597042084,-0.12814727425575256,-0.016910966485738754,-0.1174258291721344,0.053636886179447174,0.10214073956012726,0.13391701877117157,0.027441881597042084,-0.12814727425575256,-0.016910966485738754,-0.1174258291721344,0.053636886179447174,0.10214073956012726,0.13391701877117157,0.027441881597042084,-0.12814727425575256,-0.016910966485738754,-0.1174258291721344,0.053636886179447174,0.10214073956012726
32.82899999999999,0.003568061627447605,0.003568061627447605,nan,nan,nan,nan,-0.13827818632125854,0.0,-2.7939677238464355e-09,0.6670750379562378,0.0,0.0,0.0,0.0,0.00800000037997961,0.00800000037997961,64.0,0.1295420378446579,2.820981740951538,0.015747733414173126,9.586492538452148,0.007685910910367966,-0.0038222866132855415,-0.011508200317621231,0.0,0.7468087673187256,0.01132195070385933,0.17826752364635468,9.0,1.0,0.0,0.0,0.0035680411383509636,-2.0489096641540527e-08,nan,0.013309421949088573,0.15299278497695923,0.09348640590906143,-0.06090547889471054,-0.0698329508304596,-0.08843865245580673,0.17152637243270874,0.10965713858604431,0.1284649670124054,0.07849866151809692,-0.05114110931754112,-0.05863732844591141,-0.0742601603269577,0.1440272480249405,0.09207690507173538,0.268347829580307,0.1633388102054596,-0.1062222570180893,-0.12366361171007156,-0.15431445837020874,0.3028891980648041,0.1907622069120407,0.0017376733012497425,0.0014871589373797178,-0.0024660939816385508,0.00036058167461305857,0.001868591527454555,-0.0013151334132999182,-0.0011247281217947602,-0.15700003504753113,-0.14172805845737457,-0.02414417266845703,0.12510059773921967,0.041436567902565,-0.2784697115421295,-0.10090786218643188,0.11134779453277588,0.02161075361073017,-0.13036642968654633,0.001436981139704585,-0.11287789046764374,0.024419479072093964,0.08985434472560883,0.11134779453277588,0.02161075361073017,-0.13036642968654633,0.001436981139704585,-0.11287789046764374,0.024419479072093964,0.08985434472560883,0.11134779453277588,0.02161075361073017,-0.13036642968654633,0.001436981139704585,-0.11287789046764374,0.024419479072093964,0.08985434472560883
32.885999999999996,0.003700035624206066,0.003700035624206066,nan,nan,nan,nan,-0.14433354139328003,1.0,2.421438694000244e-08,0.6645060777664185,0.0,0.0,0.0,0.0,0.006000000052154064,0.009999999776482582,64.0,0.1297290325164795,3.207868814468384,0.018957071006298065,10.224798202514648,0.008318709209561348,-0.0006473297253251076,-0.008966014720499516,0.014959275722503662,0.7442694306373596,0.011717685498297215,0.21548713743686676,9.0,1.0,0.0,0.0,0.0037000207230448723,-1.4901161193847656e-08,nan,0.01483125425875187,0.15299278497695923,0.09348640590906143,-0.06090547889471054,-0.0698329508304596,-0.08843865245580673,0.17152637243270874,0.10965713858604431,0.1445179134607315,0.08830783516168594,-0.05753168836236,-0.06596463173627853,-0.0835396945476532,0.1620248556137085,0.10358280688524246,0.28342384099960327,0.17285916209220886,-0.11251748353242874,-0.12997408211231232,-0.163420170545578,0.31880536675453186,0.2023318111896515,0.0005412987666204572,0.0003258298966102302,-0.0008574094972573221,0.00021339468366932124,0.00041088109719567,-0.0005832969909533858,-0.00027681837673299015,-0.16827315092086792,-0.1474732607603073,-0.023538358509540558,0.13362674415111542,0.04773354530334473,-0.29533717036247253,-0.10981842130422592,0.11515069007873535,0.025385895743966103,-0.1360558420419693,0.0036526652984321117,-0.11568662524223328,0.023468205705285072,0.09251338988542557,0.11515069007873535,0.025385895743966103,-0.1360558420419693,0.0036526652984321117,-0.11568662524223328,0.023468205705285072,0.09251338988542557,0.11515066772699356,0.02538590133190155,-0.1360558420419693,0.0036526767071336508,-0.11568661779165268,0.023468196392059326,0.09251337498426437
32.977000000000004,0.004233290441334248,0.004233290441334248,nan,nan,nan,nan,-0.13299660384655,0.0,-9.313225746154785e-10,0.6639611124992371,0.0,0.0,0.0,0.0,0.0,0.014000000432133675,64.0,0.12986397743225098,2.0925328731536865,0.010201707482337952,8.958061218261719,0.002334216609597206,0.004035080783069134,0.001700863242149353,0.019586244598031044,0.7618409991264343,0.012873086147010326,0.24691298604011536,9.0,1.0,0.0,0.0,0.004233268089592457,-2.2351741790771484e-08,nan,0.012193256057798862,0.13097114861011505,0.12329886108636856,-0.025981836020946503,-0.07513503730297089,-0.05046452209353447,0.19014231860637665,0.11235146224498749,0.02982332929968834,0.028076279908418655,-0.005916302092373371,-0.017108935862779617,-0.011491233482956886,0.04329714924097061,0.025583455339074135,0.24918809533119202,0.1697264462709427,-0.08842287957668304,-0.12025190144777298,-0.1335938721895218,0.29744964838027954,0.18576794862747192,0.0016053352737799287,0.001392814447171986,-0.002291538054123521,0.0003435360558796674,0.0017501647816970944,-0.001239326666109264,-0.001061134273186326,-0.11253485083580017,-0.14080700278282166,-0.05137073993682861,0.11432616412639618,0.013218089938163757,-0.2606489062309265,-0.0792141929268837,0.13665324449539185,0.02891944721341133,-0.13979361951351166,-0.005925741046667099,-0.12037578225135803,0.03680073842406273,0.10655375570058823,0.13665324449539185,0.02891944721341133,-0.13979361951351166,-0.005925741046667099,-0.12037578225135803,0.03680073842406273,0.10655375570058823,0.13665324449539185,0.02891944721341133,-0.13979361951351166,-0.005925741046667099,-0.12037578225135803,0.03680073842406273,0.10655375570058823
33.05,0.0047570643946528435,0.0047570643946528435,nan,nan,nan,nan,-0.12427772581577301,1.0,0.0,0.6629976630210876,0.0,0.0,0.0,0.0,0.0,0.01600000075995922,64.0,0.1300717145204544,2.7254576683044434,0.010431744158267975,9.341164588928223,-0.0071456097066402435,0.0055868905037641525,0.012732500210404396,0.015090218745172024,0.7793830037117004,0.013118826784193516,0.24720486998558044,9.0,1.0,0.0,0.0,0.004757045768201351,-1.862645149230957e-08,nan,0.006011101417243481,0.13097114861011505,0.12329886108636856,-0.025981836020946503,-0.07513503730297089,-0.05046452209353447,0.19014231860637665,0.11235146224498749,0.06414482742547989,0.060387223958969116,-0.012724942527711391,-0.03679836541414261,-0.024715658277273178,0.09312468022108078,0.05502559244632721,0.2203701138496399,0.1744384616613388,-0.06356614828109741,-0.114863820374012,-0.1040424108505249,0.28718602657318115,0.174789160490036,0.0009645679965615273,0.0007695085369050503,-0.0014265859499573708,0.00026215601246804,0.0009693598840385675,-0.0008430022280663252,-0.0006054420373402536,-0.07238836586475372,-0.142319455742836,-0.06342385709285736,0.09660682082176208,-0.009265221655368805,-0.23416826128959656,-0.05730665475130081,0.14798174798488617,0.03211900591850281,-0.12699000537395477,-0.018257003277540207,-0.11330763250589371,0.053017757833004,0.1174825057387352,0.14798174798488617,0.03211900591850281,-0.12699000537395477,-0.018257003277540207,-0.11330763250589371,0.053017757833004,0.1174825057387352,0.14798174798488617,0.03211900219321251,-0.12699000537395477,-0.018257001414895058,-0.11330763250589371,0.0530177503824234,0.1174825057387352
33.131,0.005022437311708927,0.005022437311708927,nan,nan,nan,nan,-0.13104170560836792,0.0,5.587935447692871e-09,0.6610836386680603,0.0,0.0,0.0,0.0,-0.0010000000474974513,0.01600000075995922,64.0,0.1296442300081253,3.474879026412964,0.012062489986419678,11.619207382202148,-0.00922635942697525,0.003307212144136429,0.012533577159047127,0.0,0.7705371379852295,0.011870375834405422,0.1926848143339157,9.0,1.0,0.0,0.0,0.005022422410547733,-1.4901161193847656e-08,nan,0.0056367781944572926,0.13097114861011505,0.12329886108636856,-0.025981836020946503,-0.07513503730297089,-0.05046452209353447,0.19014231860637665,0.11235146224498749,0.09573213011026382,0.09012414515018463,-0.018991177901625633,-0.054919250309467316,-0.03688656911253929,0.13898274302482605,0.08212224394083023,0.21561884880065918,0.18921317160129547,-0.0510539747774601,-0.11887449026107788,-0.09106054157018661,0.29937395453453064,0.1790202409029007,0.0007621838594786823,0.000569304043892771,-0.0011480904649943113,0.0002337692421860993,0.0007202170672826469,-0.0007143830298446119,-0.0004591369070112705,-0.08114683628082275,-0.1551744043827057,-0.05821044370532036,0.10209538787603378,-0.004138581454753876,-0.24838636815547943,-0.06396458297967911,0.13447201251983643,0.03403877466917038,-0.10926441848278046,-0.01677910052239895,-0.09519912302494049,0.05098758637905121,0.11505565792322159,0.13447201251983643,0.03403877466917038,-0.10926441848278046,-0.01677910052239895,-0.09519912302494049,0.05098758637905121,0.11505565792322159,0.13447201251983643,0.03403877466917038,-0.10926441848278046,-0.01677910052239895,-0.09519912302494049,0.05098758637905121,0.11505565792322159
33.205,0.004672314040362835,0.004672314040362835,nan,nan,nan,nan,-0.1664835661649704,0.0,6.51925802230835e-09,0.6534391045570374,0.0,0.0,0.0,0.0,0.004999999888241291,0.013000000268220901,64.0,0.12892229855060577,3.064058780670166,0.01029670238494873,9.756529808044434,-0.000805162824690342,-0.002375168725848198,-0.0015699993818998337,-0.011711452156305313,0.482064813375473,0.00583778228610754,0.234226256608963,9.0,1.0,0.0,0.0,0.004672299139201641,-1.4901161193847656e-08,nan,0.012060815468430519,0.010507060214877129,0.07773980498313904,0.06979194283485413,-0.11874270439147949,0.0831797793507576,0.23291321098804474,-0.060892850160598755,0.012684631161391735,0.0938512533903122,0.08425620943307877,-0.1433519423007965,0.10041865706443787,0.2811841070652008,-0.07351279258728027,0.1051749512553215,0.17417272925376892,0.061468180269002914,-0.1929553896188736,0.06028120219707489,0.40691834688186646,0.0041340067982673645,0.00021229626145213842,-3.8620259147137403e-05,-0.0003851174551527947,0.0001586575381224975,-3.877893686876632e-05,-0.00035971737815998495,-8.774656635068823e-06,-0.0389532595872879,-0.16758590936660767,-0.12353961169719696,0.16855570673942566,-0.08758431673049927,-0.3559998869895935,0.03350692242383957,0.0662216916680336,0.006586827337741852,-0.062071435153484344,-0.024399686604738235,-0.02730311080813408,0.050918471068143845,0.037640929222106934,0.0662216916680336,0.006586827337741852,-0.062071435153484344,-0.024399686604738235,-0.02730311080813408,0.050918471068143845,0.037640929222106934,0.0662216916680336,0.006586827337741852,-0.062071435153484344,-0.024399686604738235,-0.02730311080813408,0.050918471068143845,0.037640929222106934
33.275999999999996,0.004251004196703434,0.004251004196703434,nan,nan,nan,nan,-0.1658848077058792,0.0,3.259629011154175e-09,0.6488872766494751,0.0,0.0,0.0,0.0,0.0010000000474974513,0.01600000075995922,64.0,0.1284075379371643,2.5223186016082764,0.024429522454738617,10.109908103942871,-0.0035433568991720676,-0.004746623337268829,-0.0012032631784677505,-0.014137010090053082,0.7098203301429749,0.0045891753397881985,0.1807936429977417,9.0,1.0,0.0,0.0,0.004250996746122837,-7.450580596923828e-09,nan,0.00680323364213109,-0.027268173173069954,0.17416277527809143,0.13569509983062744,-0.04779083654284477,0.10962557792663574,0.158126562833786,0.03471130505204201,-0.007308605592697859,0.04668032005429268,0.03636994585394859,-0.012809233739972115,0.02938261069357395,0.04238218069076538,0.009303566068410873,0.019017696380615234,0.19139400124549866,0.13304853439331055,-0.15724699199199677,0.13160349428653717,0.3529181182384491,-0.022402990609407425,0.0009479704895056784,0.0007718881242908537,-0.00139974697958678,0.0002559339045546949,0.0009764852584339678,-0.0008349671261385083,-0.0006120926118455827,-0.0005118008702993393,-0.20279976725578308,-0.14600996673107147,0.11576029658317566,-0.09109927713871002,-0.2910391092300415,-0.0019464902579784393,0.018505895510315895,-0.011405758559703827,-0.012961427681148052,-0.041486695408821106,0.04050421714782715,0.0618789978325367,-0.024349480867385864,0.018505895510315895,-0.011405758559703827,-0.012961427681148052,-0.041486695408821106,0.04050421714782715,0.0618789978325367,-0.024349480867385864,0.018505895510315895,-0.011405758559703827,-0.012961427681148052,-0.041486695408821106,0.04050421714782715,0.0618789978325367,-0.024349480867385864
33.343999999999994,0.0039017358794808388,0.0039017358794808388,nan,nan,nan,nan,-0.1682782620191574,1.0,4.656612873077393e-10,0.6463433504104614,0.0,0.0,0.0,0.0,0.007000000216066837,0.010999999940395355,64.0,0.12729625403881073,2.8591277599334717,0.010633841156959534,18.865446090698242,-0.005346696358174086,-0.0049614449962973595,0.00038525182753801346,-0.010462308302521706,0.553935706615448,0.0054640090093016624,0.09497314691543579,9.0,1.0,0.0,0.0,0.003901720978319645,-1.4901161193847656e-08,nan,0.002880568616092205,-0.027268173173069954,0.17416277527809143,0.13569509983062744,-0.04779083654284477,0.10962557792663574,0.158126562833786,0.03471130505204201,-0.015055699273943901,0.09616127610206604,0.07492195069789886,-0.026386970654129982,0.06052806228399277,0.08730713278055191,0.01916530914604664,-0.011723222211003304,0.22413311898708344,0.1669609546661377,-0.11146538704633713,0.14638972282409668,0.28896138072013855,0.01578468456864357,0.0002643520710989833,-2.351205097284037e-07,-0.0004501237126532942,0.00016356032574549317,1.1119351256638765e-05,-0.0003921995230484754,-3.6709181586047634e-05,-0.01670876331627369,-0.2345637083053589,-0.1298658400774002,0.08744152635335922,-0.06304989755153656,-0.26026445627212524,-0.05187766253948212,-0.028431985527276993,-0.010430591180920601,0.03709511086344719,-0.024023860692977905,0.08333982527256012,0.028696909546852112,-0.03609297797083855,-0.028431985527276993,-0.010430591180920601,0.03709511086344719,-0.024023860692977905,0.08333982527256012,0.028696909546852112,-0.03609297797083855,-0.028431985527276993,-0.01043059304356575,0.03709511086344719,-0.024023858830332756,0.08333982527256012,0.028696907684206963,-0.03609297797083855
