{
  "duration_s": 38.13070583343506,
  "cycles": 283,
  "pct_dummy_selection": 0.7067137809187279,
  "min_h": -0.00528779998421669,
  "min_h_corr": -0.002985214814543724,
  "pct_cbf_active": 30.96085409252669,
  "pct_escape": 0.0,
  "pct_cap_active": 0.0,
  "pct_recovery": 0.0,
  "pct_repair": 14.590747330960854,
  "worst_final_constraint": -0.0009562671184539795,
  "mean_total_ms": 16.483266869197887,
  "p99_total_ms": 51.843761672973656,
  "accel_rms_in_before": 1.0331656158797506,
  "accel_rms_in_after": 0.5137746760055397,
  "accel_rms_in_reduction": 2.010931375427719,
  "accel_rms_out_before": 0.5732409574331268,
  "accel_rms_out_after": 0.3491072572186209,
  "accel_rms_out_reduction": 1.6420195959264947,
  "hdot_execution_ratio": 1.066047819864188,
  "mean_alignment_active": 0.8024604923851874,
  "mean_active_constraints": 8.0,
  "monitor_only": false,
  "contact_time_s": null
}