{
  "args": {
    "samples": 8192,
    "ood_frac": 0.33,
    "eps": 0.0001,
    "band": 0.12,
    "seed": 0,
    "json": "/home/flanthier/Github/src/vision_processing/sdf_gradient_experiments/lipschitz_bound_study.json"
  },
  "links": {
    "panda_link2": {
      "n_func": 8,
      "scale": 0.15493063628673553,
      "G_p": 57.290981777330316,
      "H_p": 2912.210416266119,
      "A": 0.74022817483787,
      "B_kin": 1.0702459770095403,
      "L_assembled": 1657.0254681806264,
      "specnorm_max_in": 3.973249511504941,
      "Lneed_med_in": 0.05661288175673331,
      "Lneed_p99_in": 1.4099365371743746,
      "Lneed_max_in": 3.9732495115049415,
      "Lneed_max_band": 3.9732495115049415,
      "Lneed_max_ood": 2631.1715227828154,
      "n_band": 4581
    },
    "panda_link3": {
      "n_func": 8,
      "scale": 0.1369069218635559,
      "G_p": 84.85244014024326,
      "H_p": 4295.226242828975,
      "A": 0.9451939914767535,
      "B_kin": 1.6400981538406938,
      "L_assembled": 3976.485726028839,
      "specnorm_max_in": 30.756857235499986,
      "Lneed_med_in": 0.12170962374950324,
      "Lneed_p99_in": 8.734706426959619,
      "Lneed_max_in": 30.756857235500007,
      "Lneed_max_band": 30.756857235500007,
      "Lneed_max_ood": 792.9665701951981,
      "n_band": 4807
    },
    "panda_link4": {
      "n_func": 12,
      "scale": 0.13787321746349335,
      "G_p": 35.41688771100856,
      "H_p": 2316.254252600509,
      "A": 1.1375531324026693,
      "B_kin": 2.091346497043798,
      "L_assembled": 3071.364824667912,
      "specnorm_max_in": 20.0423185347199,
      "Lneed_med_in": 0.26388773397605353,
      "Lneed_p99_in": 4.7146661238140855,
      "Lneed_max_in": 20.042318534719904,
      "Lneed_max_band": 20.042318534719904,
      "Lneed_max_ood": 343.7610464110535,
      "n_band": 4785
    },
    "panda_link5": {
      "n_func": 12,
      "scale": 0.18100157380104065,
      "G_p": 33.616872270458146,
      "H_p": 1818.4695115836998,
      "A": 1.5857406924569486,
      "B_kin": 3.457189855402119,
      "L_assembled": 4688.8952336623815,
      "specnorm_max_in": 33.899187625717516,
      "Lneed_med_in": 0.5206372117171687,
      "Lneed_p99_in": 9.585069541119859,
      "Lneed_max_in": 25.890755521971194,
      "Lneed_max_band": 25.890755521971194,
      "Lneed_max_ood": 3196.3656727273083,
      "n_band": 3810
    },
    "panda_link6": {
      "n_func": 12,
      "scale": 0.11214262992143631,
      "G_p": 27.840374200162234,
      "H_p": 2415.67743981359,
      "A": 1.585139480507153,
      "B_kin": 3.7777294489835618,
      "L_assembled": 6174.966804247643,
      "specnorm_max_in": 79.32856414118073,
      "Lneed_med_in": 0.6900174021792911,
      "Lneed_p99_in": 21.80590323213487,
      "Lneed_max_in": 79.32856414118089,
      "Lneed_max_band": 79.32856414118089,
      "Lneed_max_ood": 2556.185698008566,
      "n_band": 4921
    },
    "panda_link7": {
      "n_func": 12,
      "scale": 0.0806969478726387,
      "G_p": 30.26831036874379,
      "H_p": 3571.4416078130093,
      "A": 1.6090765296744318,
      "B_kin": 4.217097771272454,
      "L_assembled": 9374.561314015888,
      "specnorm_max_in": 143.50129812621276,
      "Lneed_med_in": 1.0790089358626545,
      "Lneed_p99_in": 31.97420843632063,
      "Lneed_max_in": 76.99574011432264,
      "Lneed_max_band": 76.99574011432264,
      "Lneed_max_ood": 2018.1183883864865,
      "n_band": 4990
    },
    "panda_hand": {
      "n_func": 12,
      "scale": 0.1090114563703537,
      "G_p": 24.272265823649448,
      "H_p": 1804.9811703290281,
      "A": 1.734396628029475,
      "B_kin": 4.504392859216806,
      "L_assembled": 5538.952831016222,
      "specnorm_max_in": 152.79925788115213,
      "Lneed_med_in": 1.1302712051921977,
      "Lneed_p99_in": 19.717215281067315,
      "Lneed_max_in": 44.33864143609384,
      "Lneed_max_band": 44.33864143609384,
      "Lneed_max_ood": 5068.940519886866,
      "n_band": 5185
    },
    "panda_rightfinger": {
      "n_func": 8,
      "scale": 0.031678903847932816,
      "G_p": 54.77288993051825,
      "H_p": 12327.815353736667,
      "A": 1.6501973538675856,
      "B_kin": 4.622025546616082,
      "L_assembled": 33823.66818594795,
      "specnorm_max_in": 808.4613280020975,
      "Lneed_med_in": 4.78402553312035,
      "Lneed_p99_in": 363.4999514219661,
      "Lneed_max_in": 808.4613280020951,
      "Lneed_max_band": 808.4613280020951,
      "Lneed_max_ood": 3978.4248779653644,
      "n_band": 5165
    },
    "panda_leftfinger": {
      "n_func": 8,
      "scale": 0.031678903847932816,
      "G_p": 55.129259798121794,
      "H_p": 12398.14982323662,
      "A": 1.6165995462109917,
      "B_kin": 4.3759461490601055,
      "L_assembled": 32642.494181928894,
      "specnorm_max_in": 840.3237523039592,
      "Lneed_med_in": 4.716360802882305,
      "Lneed_p99_in": 391.1869848409239,
      "Lneed_max_in": 840.3237523039594,
      "Lneed_max_band": 840.3237523039594,
      "Lneed_max_ood": 6319.114106825524,
      "n_band": 5083
    }
  }
}