{
  "duration_s": 54.64059782028198,
  "cycles": 349,
  "pct_dummy_selection": 0.28653295128939826,
  "min_h": -0.0005923602730035782,
  "min_h_corr": 0.008617980405688286,
  "pct_cbf_active": 100.0,
  "pct_escape": 19.25287356321839,
  "pct_cap_active": 0.0,
  "pct_recovery": 0.0,
  "pct_repair": 14.367816091954023,
  "worst_final_constraint": -2.2351741790771484e-08,
  "mean_total_ms": 9.23207643175535,
  "p99_total_ms": 25.244547271728482,
  "accel_rms_in_before": 2.0729045287808074,
  "accel_rms_in_after": 0.8450413468833425,
  "accel_rms_in_reduction": 2.4530214248403763,
  "accel_rms_out_before": 1.0887347451844553,
  "accel_rms_out_after": 0.5816248609575932,
  "accel_rms_out_reduction": 1.8718848148821408,
  "hdot_execution_ratio": 0.9292341853858199,
  "mean_alignment_active": 0.7883291870955078,
  "mean_active_constraints": 9.0,
  "monitor_only": false,
  "contact_time_s": null
}