{
  "duration_s": 23.159423828125,
  "cycles": 1498,
  "pct_dummy_selection": 3.404539385847797,
  "min_h": -0.0023302650079131126,
  "min_h_corr": 0.0022749050986021757,
  "pct_cbf_active": 15.894955079474776,
  "pct_escape": 0.0,
  "pct_cap_active": 0.0,
  "pct_recovery": 0.0,
  "pct_repair": 26.053904630269525,
  "worst_final_constraint": -0.02303917519748211,
  "mean_total_ms": 11.29197481636689,
  "p99_total_ms": 31.04970386505126,
  "accel_rms_in_before": 9.571989518428175,
  "accel_rms_in_after": 2.0351711731881807,
  "accel_rms_in_reduction": 4.70328473817426,
  "accel_rms_out_before": 2.058537434788539,
  "accel_rms_out_after": 0.39689481092435597,
  "accel_rms_out_reduction": 5.1866070760518825,
  "min_h_real": -0.002841800550196871,
  "median_abs_gap_h_real_soft": 0.001782688078111494,
  "p95_abs_gap_h_real_soft": 0.017638715839131597,
  "max_abs_gap_h_real_soft": 0.03006828252986013,
  "hdot_execution_ratio": -1.1559112665236686,
  "mean_alignment_active": 0.9843644271726194,
  "mean_active_constraints": 1.0,
  "monitor_only": false,
  "contact_time_s": null
}