{
  "duration_s": 42.71291136741638,
  "cycles": 258,
  "pct_dummy_selection": 0.3875968992248062,
  "min_h": -0.0009037135168910027,
  "min_h_corr": -0.0009037135168910027,
  "pct_cbf_active": 100.0,
  "pct_escape": 19.844357976653697,
  "pct_cap_active": 0.0,
  "pct_recovery": 0.0,
  "pct_repair": 14.785992217898833,
  "worst_final_constraint": -1.5832483768463135e-08,
  "mean_total_ms": 10.886610779651376,
  "p99_total_ms": 30.12390548706059,
  "reflex_mean_compute_ms": 0.3860898963623993,
  "reflex_p99_compute_ms": 2.713756971061227,
  "reflex_median_period_ms": 1.2886300683021545,
  "reflex_achieved_rate_hz": 776.0179004029903,
  "rms_meas_vs_cmd_radps": 0.06947578736609958,
  "accel_rms_in_before": 1.7434741849987545,
  "accel_rms_in_after": 0.6109913368860863,
  "accel_rms_in_reduction": 2.8535170300193786,
  "accel_rms_out_before": 0.7282256071384937,
  "accel_rms_out_after": 0.3246960209938434,
  "accel_rms_out_reduction": 2.2427919039768636,
  "hdot_execution_ratio": 0.914607600180757,
  "mean_alignment_active": 0.8264791846188357,
  "mean_active_constraints": 9.0,
  "monitor_only": false,
  "contact_time_s": null
}