{
  "duration_s": 42.03073525428772,
  "cycles": 552,
  "pct_dummy_selection": 0.36231884057971014,
  "min_h": -0.011624224483966827,
  "min_h_corr": 0.011401626281440258,
  "pct_cbf_active": 30.909090909090907,
  "pct_escape": 0.0,
  "pct_cap_active": 0.0,
  "pct_recovery": 0.0,
  "pct_repair": 22.363636363636363,
  "worst_final_constraint": -0.00281638465821743,
  "mean_total_ms": 8.0143886519515,
  "p99_total_ms": 30.60939426422121,
  "accel_rms_in_before": 2.575636615372091,
  "accel_rms_in_after": 1.0630191976976506,
  "accel_rms_in_reduction": 2.422944591170654,
  "accel_rms_out_before": 1.0703867346761964,
  "accel_rms_out_after": 0.09973761163665733,
  "accel_rms_out_reduction": 10.732026936594389,
  "min_h_real": -0.011361421576974933,
  "median_abs_gap_h_real_soft": 0.010414787136852632,
  "p95_abs_gap_h_real_soft": 0.01589241293006472,
  "max_abs_gap_h_real_soft": 0.038829856693666454,
  "hdot_execution_ratio": 0.09293131239757751,
  "mean_alignment_active": 0.9878382816034205,
  "mean_active_constraints": 1.0,
  "monitor_only": false,
  "contact_time_s": null
}