{
  "duration_s": 22.171,
  "cycles": 377,
  "pct_dummy_selection": 0.2652519893899204,
  "min_h": -0.00109955295920372,
  "min_h_corr": -0.00109955295920372,
  "pct_cbf_active": 100.0,
  "pct_escape": 0.0,
  "pct_cap_active": 0.0,
  "pct_recovery": 0.0,
  "pct_repair": 48.138297872340424,
  "worst_final_constraint": -0.006776096299290657,
  "mean_total_ms": 8.30785975342404,
  "p99_total_ms": 24.50192718505861,
  "sampled_margin_mean": 0.01033246020710192,
  "sampled_margin_std": 0.005621307453701972,
  "sampled_margin_p95": 0.02017112635076046,
  "sampled_margin_max": 0.03128613531589508,
  "reflex_L_configured": 5.0,
  "reflex_L_emp_median": 1.3055293560028076,
  "reflex_L_emp_p95": 5.588160514831543,
  "reflex_L_emp_p99": 7.533374905586243,
  "reflex_L_emp_max": 18.988584518432617,
  "reflex_L_exceed_pct": 5.399568034557236,
  "reflex_alpha_min": 0.0,
  "reflex_alpha_braking_pct": 29.88855116514691,
  "reflex_mean_compute_ms": 0.491229665129288,
  "reflex_p99_compute_ms": 3.778367070481171,
  "reflex_median_period_ms": 1.3426546938717365,
  "reflex_achieved_rate_hz": 744.7931359896842,
  "rms_meas_vs_cmd_radps": 0.042584454071210295,
  "accel_rms_in_before": 3.939930329544302,
  "accel_rms_in_after": 1.4277180984583917,
  "accel_rms_in_reduction": 2.759599625303149,
  "accel_rms_out_before": 1.5036897519522017,
  "accel_rms_out_after": 0.6139560074056288,
  "accel_rms_out_reduction": 2.449181592515542,
  "hdot_execution_ratio": 0.5468747157457173,
  "mean_alignment_active": 0.6716667047374822,
  "mean_active_constraints": 9.0,
  "monitor_only": false,
  "contact_time_s": null
}