{
  "duration_s": 27.094568729400635,
  "cycles": 1416,
  "pct_dummy_selection": 0.0,
  "min_h": -0.014998575672507286,
  "min_h_corr": -0.010393405333161354,
  "pct_cbf_active": 40.25423728813559,
  "pct_escape": 0.0,
  "pct_cap_active": 0.0,
  "pct_recovery": 0.0,
  "pct_repair": 65.3954802259887,
  "worst_final_constraint": -0.07507625222206116,
  "mean_total_ms": 13.635488225241838,
  "p99_total_ms": 45.1478754043578,
  "accel_rms_in_before": 9.821833352931279,
  "accel_rms_in_after": 22.505095818227197,
  "accel_rms_in_reduction": 0.4364270844373138,
  "accel_rms_out_before": 22.448312517038868,
  "accel_rms_out_after": 4.509184434639423,
  "accel_rms_out_reduction": 4.978353146212336,
  "min_h_real": -0.014451851709053835,
  "median_abs_gap_h_real_soft": 0.0025453190066806117,
  "p95_abs_gap_h_real_soft": 0.02213393188523026,
  "max_abs_gap_h_real_soft": 0.03505387886377734,
  "hdot_execution_ratio": -0.2437599056635851,
  "mean_alignment_active": 0.9852718904353025,
  "mean_active_constraints": 1.0,
  "monitor_only": false,
  "contact_time_s": null
}