{
  "duration_s": 36.689741134643555,
  "cycles": 429,
  "pct_dummy_selection": 0.0,
  "min_h": -0.0005638739094138145,
  "min_h_corr": 0.007753892336040735,
  "pct_cbf_active": 100.0,
  "pct_escape": 54.07925407925408,
  "pct_cap_active": 0.0,
  "pct_recovery": 0.0,
  "pct_repair": 39.39393939393939,
  "worst_final_constraint": -2.1420419216156006e-08,
  "mean_total_ms": 7.914019592436321,
  "p99_total_ms": 25.28249588012685,
  "reflex_L_configured": 5.0,
  "reflex_L_emp_median": 1.2169703245162964,
  "reflex_L_emp_p95": 5.894659519195557,
  "reflex_L_emp_p99": 8.147393226623535,
  "reflex_L_emp_max": 8.147393226623535,
  "reflex_L_exceed_pct": 9.694323144104803,
  "reflex_alpha_min": 0.0,
  "reflex_alpha_braking_pct": 60.65573770491803,
  "reflex_mean_compute_ms": 0.4883900581435123,
  "reflex_p99_compute_ms": 3.5852075368165264,
  "reflex_median_period_ms": 1.1354773305356503,
  "reflex_achieved_rate_hz": 880.6868909732085,
  "rms_meas_vs_cmd_radps": 0.09075409271390236,
  "accel_rms_in_before": 3.855458685053107,
  "accel_rms_in_after": 1.357562144674544,
  "accel_rms_in_reduction": 2.839986883972371,
  "accel_rms_out_before": 1.8204859296774667,
  "accel_rms_out_after": 0.7546624804409049,
  "accel_rms_out_reduction": 2.4123180585496495,
  "hdot_execution_ratio": 0.7177609324679298,
  "mean_alignment_active": 0.820517090477032,
  "mean_active_constraints": 9.0,
  "monitor_only": false,
  "contact_time_s": null
}