{
  "duration_s": 16.679,
  "cycles": 245,
  "pct_dummy_selection": 0.0,
  "min_h": 0.0003290437161922455,
  "min_h_corr": 0.023354895412921906,
  "pct_cbf_active": 25.71428571428571,
  "pct_escape": 0.0,
  "pct_cap_active": 0.0,
  "pct_recovery": 0.0,
  "pct_repair": 21.63265306122449,
  "worst_final_constraint": -1.2561213225126266e-07,
  "mean_total_ms": 6.192406321545037,
  "p99_total_ms": 25.530177993774423,
  "accel_rms_in_before": 5.214008756093355,
  "accel_rms_in_after": 1.5455337809382366,
  "accel_rms_in_reduction": 3.3735974071871286,
  "accel_rms_out_before": 1.5428666249240823,
  "accel_rms_out_after": 0.6084155372523904,
  "accel_rms_out_reduction": 2.535876437166087,
  "hdot_execution_ratio": 1.6245636335737395,
  "mean_alignment_active": 0.97197449396527,
  "mean_active_constraints": 1.0,
  "monitor_only": false,
  "contact_time_s": null
}