{
  "duration_s": 38.01887273788452,
  "cycles": 375,
  "pct_dummy_selection": 0.26666666666666666,
  "min_h": -0.00033607427030801773,
  "min_h_corr": 0.008874266408383846,
  "pct_cbf_active": 46.79144385026738,
  "pct_escape": 0.0,
  "pct_cap_active": 0.0,
  "pct_recovery": 0.0,
  "pct_repair": 22.459893048128343,
  "worst_final_constraint": -4.4750049710273743e-07,
  "mean_total_ms": 10.057738288879394,
  "p99_total_ms": 32.53529083251953,
  "accel_rms_in_before": 4.025567810786734,
  "accel_rms_in_after": 1.3799327118951648,
  "accel_rms_in_reduction": 2.917220365954019,
  "accel_rms_out_before": 1.3506642344068767,
  "accel_rms_out_after": 0.6338335437934085,
  "accel_rms_out_reduction": 2.130944705645165,
  "min_h_real": 0.0006115487632016494,
  "median_abs_gap_h_real_soft": 0.010566261014044618,
  "p95_abs_gap_h_real_soft": 0.04144368841659142,
  "max_abs_gap_h_real_soft": 0.049820624153993326,
  "hdot_execution_ratio": 1.1882850076684806,
  "mean_alignment_active": 0.9170911724226816,
  "mean_active_constraints": 9.0,
  "monitor_only": false,
  "contact_time_s": null
}