{
  "duration_s": 118.45302486419678,
  "cycles": 1268,
  "pct_dummy_selection": 0.07886435331230283,
  "min_h": -0.018648860976099968,
  "min_h_corr": -0.009438520297408104,
  "pct_cbf_active": 23.283346487766376,
  "pct_escape": 0.0,
  "pct_cap_active": 0.0,
  "pct_recovery": 0.0,
  "pct_repair": 11.207576953433307,
  "worst_final_constraint": -7.230555638670921e-07,
  "mean_total_ms": 9.432147324273263,
  "p99_total_ms": 33.071144714355455,
  "accel_rms_in_before": 7.029358857281692,
  "accel_rms_in_after": 3.257698848356115,
  "accel_rms_in_reduction": 2.157768162280812,
  "accel_rms_out_before": 3.255487231947897,
  "accel_rms_out_after": 1.9652879711388527,
  "accel_rms_out_reduction": 1.6564937453219106,
  "min_h_real": -0.007263785715247298,
  "median_abs_gap_h_real_soft": 0.0710433329550445,
  "p95_abs_gap_h_real_soft": 0.10538460755272701,
  "max_abs_gap_h_real_soft": 0.11897113164975626,
  "hdot_execution_ratio": 0.3379319139549377,
  "mean_alignment_active": 0.9233080116368957,
  "mean_active_constraints": 9.0,
  "monitor_only": false,
  "contact_time_s": null
}