{
  "duration_s": 43.45190405845642,
  "cycles": 275,
  "pct_dummy_selection": 0.7272727272727273,
  "min_h": -0.0002412823960185051,
  "min_h_corr": 0.008969058282673359,
  "pct_cbf_active": 100.0,
  "pct_escape": 36.63003663003663,
  "pct_cap_active": 0.0,
  "pct_recovery": 0.0,
  "pct_repair": 23.076923076923077,
  "worst_final_constraint": -4.7497451305389404e-08,
  "mean_total_ms": 11.537477895563299,
  "p99_total_ms": 34.44181396484373,
  "reflex_L_configured": 5.0,
  "reflex_L_emp_median": 1.210817813873291,
  "reflex_L_emp_p95": 8.222147941589355,
  "reflex_L_emp_p99": 18.00808113098142,
  "reflex_L_emp_max": 30.114078521728516,
  "reflex_L_exceed_pct": 9.249817916970137,
  "reflex_alpha_min": 0.0,
  "reflex_alpha_braking_pct": 41.21915820029027,
  "reflex_mean_compute_ms": 0.4179248443282367,
  "reflex_p99_compute_ms": 2.64130509458485,
  "reflex_median_period_ms": 1.1788620613515377,
  "reflex_achieved_rate_hz": 848.2756658175286,
  "rms_meas_vs_cmd_radps": 0.07209850186685597,
  "accel_rms_in_before": 2.2793681565857433,
  "accel_rms_in_after": 0.8720919168186249,
  "accel_rms_in_reduction": 2.613678802230889,
  "accel_rms_out_before": 1.0128296810535111,
  "accel_rms_out_after": 0.5184374850047954,
  "accel_rms_out_reduction": 1.9536196944635336,
  "hdot_execution_ratio": 0.8388153032851371,
  "mean_alignment_active": 0.7865017566270444,
  "mean_active_constraints": 9.0,
  "monitor_only": false,
  "contact_time_s": null
}