{
  "ade_mean": 11.352329514920712,
  "ade_std": 11.128062382340431,
  "fde_mean": 24.090776219964027,
  "fde_std": 25.14754980802536
}