{
  "ade_mean": 3.0588852241635323,
  "ade_std": 2.1333193872123957,
  "fde_mean": 5.009522661566734,
  "fde_std": 3.5482635721564293,
  "gripper_mae": 0.014604308642446995,
  "gripper_accuracy": 0.98625
}