{
  "ade_mean": 3.4708452876657248,
  "ade_std": 3.1147589907050133,
  "fde_mean": 5.3494214080274105,
  "fde_std": 3.9106053300201893,
  "gripper_mae": 0.006385249085724354,
  "gripper_accuracy": 0.994375
}