{
  "ade_mean": 12.836351059377193,
  "ade_std": 9.690657258033752,
  "fde_mean": 23.34933914244175,
  "fde_std": 20.293977111577988
}