{
  "ade_mean": 5.380574613809586,
  "ade_std": 7.693333551287651,
  "fde_mean": 11.708449572324753,
  "fde_std": 19.27950233221054
}