{
  "ade_mean": 10.625318624079227,
  "ade_std": 9.351975284516811,
  "fde_mean": 21.359572187066078,
  "fde_std": 21.11203782260418
}