{
  "ade_mean": 13.695955276489258,
  "ade_std": 12.521680444478989,
  "fde_mean": 25.766370818018913,
  "fde_std": 25.01584403216839
}