{
  "ade_mean": 14.515143819153309,
  "ade_std": 9.842307306826115,
  "fde_mean": 27.769887819886208,
  "fde_std": 22.374877706170082
}