{
    "fx": 616.1005249023438,
    "fy": 615.826171875,
    "ppx": 318.3880310058594,
    "ppy": 249.23504638671875,
    "width": 640,
    "height": 480,
    "depth_scale": 0.0010000000474974513
}