{
  "duration_s": 30.740000000000002,
  "cycles": 372,
  "pct_dummy_selection": 0.2688172043010753,
  "min_h": -0.013794997707009315,
  "min_h_corr": 0.00923085305839777,
  "pct_cbf_active": 24.258760107816713,
  "pct_escape": 0.0,
  "pct_cap_active": 0.0,
  "pct_recovery": 0.0,
  "pct_repair": 21.563342318059302,
  "worst_final_constraint": -0.00023353181313723326,
  "mean_total_ms": 9.350916946447024,
  "p99_total_ms": 37.62920951843265,
  "accel_rms_in_before": 1.6123779166660503,
  "accel_rms_in_after": 0.7751890823293707,
  "accel_rms_in_reduction": 2.079980166672376,
  "accel_rms_out_before": 0.7885749756924715,
  "accel_rms_out_after": 0.3328297365066559,
  "accel_rms_out_reduction": 2.3693044496842957,
  "min_h_real": -0.001936247370719688,
  "median_abs_gap_h_real_soft": 0.011767090697524338,
  "p95_abs_gap_h_real_soft": 0.015770267578399028,
  "max_abs_gap_h_real_soft": 0.14765790148267272,
  "hdot_execution_ratio": 0.25518949506586175,
  "mean_alignment_active": 0.9763897167311775,
  "mean_active_constraints": 1.0,
  "monitor_only": false,
  "contact_time_s": null
}