{
  "duration_s": 31.416000000000004,
  "cycles": 369,
  "pct_dummy_selection": 0.27100271002710025,
  "min_h": -0.01392300333827734,
  "min_h_corr": 0.009102847427129745,
  "pct_cbf_active": 29.891304347826086,
  "pct_escape": 0.0,
  "pct_cap_active": 0.0,
  "pct_recovery": 0.0,
  "pct_repair": 23.641304347826086,
  "worst_final_constraint": -1.0139774531126022e-07,
  "mean_total_ms": 9.172757692130277,
  "p99_total_ms": 29.813797607421876,
  "accel_rms_in_before": 1.2245354054832787,
  "accel_rms_in_after": 0.6238668036665171,
  "accel_rms_in_reduction": 1.9628154572203267,
  "accel_rms_out_before": 0.7074618166286462,
  "accel_rms_out_after": 0.34134064271654846,
  "accel_rms_out_reduction": 2.0725976578655687,
  "min_h_real": -0.0032705399359880625,
  "median_abs_gap_h_real_soft": 0.011864043860372063,
  "p95_abs_gap_h_real_soft": 0.015209435165914787,
  "max_abs_gap_h_real_soft": 0.018644524603845677,
  "hdot_execution_ratio": 0.007301234746655616,
  "mean_alignment_active": 0.9484725098718296,
  "mean_active_constraints": 1.0,
  "monitor_only": false,
  "contact_time_s": null
}